[
    {
        "mid": "4526260120229508",
        "has_multimedia": 1,
        "comments_count": 512,
        "reposts_count": 487,
        "attitudes_count": 3476,
        "t": "1594627969000",
        "text": "【#美国公共卫生局长遭灵魂拷问#：之前不让戴口罩，现在又让戴，后悔说过以前那些话吗？】美国新冠肺炎确诊病例数已突破330万例，但关于“戴不戴口罩”的争论仍在继续。继特朗普首次在镜头前佩戴口罩后，当地时间7月12日，此前曾力劝人们“别戴口罩”的美国公共卫生局局长亚当斯接受CBS新闻采访时，敦促人们戴上口罩，并称政府“正试图纠正”此前不要佩戴口罩的建议。针对这一转变，主持人直接质问亚当斯是否对此前的言行“感到后悔”。亚当斯强行解释，“我们学的越好，做得就越好”，发生这一转变是因为我们对新冠有了更多的了解。 2月29日，亚当斯曾在推特上称，佩戴口罩并不能阻止大众感染新冠肺炎，“请停止佩戴口罩！它们并不能有效防范感染新冠肺炎，况且如果医护人员无法给病患提供口罩，我们的都将陷入危险之中！”3月8日，亚当斯依旧在媒体上表示，不建议民众佩戴口罩，口罩不能阻止新冠传播。对于亚当斯的言行，有网友表示，已经太晚了，本该在4月份就采取这些措施。还有网友说，这一政策的转变，是以多少美国人的生命为代价啊！据美国约翰斯•霍普金斯大学数据统计，截至北京时间13日9时34分，美国累计新冠确诊病例3302665例，累计死亡135176例。@环视频 L环视频的秒拍视频",
        "uid": "1686546714/",
        "followers_count": "20706374",
        "statuses_count": "98408",
        "verified": 1,
        "has_description": 1,
        "parent": "0",
        "user_created_at": "2010-01-26"
    },
    {
        "mid": "4527622048452048",
        "has_multimedia": 1,
        "comments_count": 0,
        "reposts_count": 0,
        "attitudes_count": 0,
        "t": "1594952678000",
        "text": "问题是现在带不带都没用了",
        "uid": "2906995952/",
        "followers_count": "157",
        "statuses_count": "220",
        "verified": 0,
        "user_created_at": "2012-08-07",
        "has_description": 1,
        "parent": "4526260120229508"
    }
]