[
    {
        "mid": "4526276868908688",
        "has_multimedia": 1,
        "comments_count": 777,
        "reposts_count": 1515,
        "attitudes_count": 12127,
        "t": "1594631962000",
        "text": "看到别人评论发表了不同观点，就克制不住暴怒非要喷对方一脸？！……日本教授介绍了关于“正义中毒”的概念，喜欢上网骂人大概是大脑“生病”了… ​​​​",
        "uid": "2549228714/",
        "followers_count": "12775973",
        "statuses_count": "34472",
        "verified": 1,
        "user_created_at": "2011-11-21",
        "has_description": 1,
        "parent": "0"
    },
    {
        "mid": "4526277309213694",
        "has_multimedia": 1,
        "comments_count": 0,
        "reposts_count": 229,
        "attitudes_count": 15,
        "t": "1594632067000",
        "text": "转发微博",
        "uid": "1965628823/",
        "followers_count": "1812739",
        "statuses_count": "59497",
        "verified": 1,
        "user_created_at": "2011-02-12",
        "has_description": 1,
        "parent": "4526276868908688"
    },
    {
        "mid": "4526281133831112",
        "has_multimedia": 1,
        "comments_count": 3,
        "reposts_count": 173,
        "attitudes_count": 88,
        "t": "1594632979000",
        "text": "不喜欢就别看，觉得不爽就拉黑，喜欢没事就当妈一样说服别人可不就是有病吗？你的观点对别人不重要，别把自己太当回事了。//@简木生--撰稿者:转发微博",
        "uid": "1813359803/",
        "followers_count": "764332",
        "statuses_count": "23644",
        "verified": 1,
        "user_created_at": "2010-09-07",
        "has_description": 1,
        "parent": "4526277309213694"
    },
    {
        "mid": "4526290483736897",
        "has_multimedia": 1,
        "comments_count": 0,
        "reposts_count": 97,
        "attitudes_count": 21,
        "t": "1594635208000",
        "text": "真的就是病//@JoannaBlue :不喜欢就别看，觉得不爽就拉黑，喜欢没事就当妈一样说服别人可不就是有病吗？你的观点对别人不重要，别把自己太当回事了。//@简木生--撰稿者 :转发微博",
        "uid": "2097767661/",
        "followers_count": "194066",
        "statuses_count": "35138",
        "verified": 0,
        "user_created_at": "2011-04-20",
        "has_description": 1,
        "parent": "4526281133831112"
    },
    {
        "mid": "4526304106338656",
        "has_multimedia": 1,
        "comments_count": 1,
        "reposts_count": 24,
        "attitudes_count": 9,
        "t": "1594638456000",
        "text": "//@神猫罗尼休:真的就是病//@JoannaBlue :不喜欢就别看，觉得不爽就拉黑，喜欢没事就当妈一样说服别人可不就是有病吗？你的观点对别人不重要，别把自己太当回事了。//@简木生--撰稿者 :转发微博",
        "uid": "1062623637/",
        "followers_count": "131899",
        "statuses_count": "66404",
        "verified": 1,
        "user_created_at": "2010-03-07",
        "has_description": 0,
        "parent": "4526290483736897"
    },
    {
        "mid": "4526527859284710",
        "has_multimedia": 1,
        "comments_count": 0,
        "reposts_count": 1,
        "attitudes_count": 1,
        "t": "1594658640000",
        "text": "//@有机西兰花nyanya子://@子隐-巨大菜型选手: //@咎都九泉://@神猫罗尼休:真的就是病//@JoannaBlue :不喜欢就别看，觉得不爽就拉黑，喜欢没事就当妈一样说服别人可不就是有病吗？你的观点对别人不重要，别把自己太当回事了。//@简木生--撰稿者 :转发微博",
        "uid": "1474152781/",
        "followers_count": "464",
        "statuses_count": "6926",
        "verified": 0,
        "user_created_at": "2010-12-15",
        "has_description": 1,
        "parent": "4526290483736897"
    },
    {
        "mid": "4526524155423258",
        "has_multimedia": 1,
        "comments_count": 0,
        "reposts_count": 0,
        "attitudes_count": 0,
        "t": "1594690920000",
        "text": "//@腐格格://@椰子A姬E子两手抓://@苦逼刺客叶子酱: 二极管太多了//@一个柑:而且日本人还特别喜欢喷中国人的集体主义……他们自己才是最从众的//@咩想再见到大家://@JoannaBlue :不喜欢就别看，觉得不爽就拉黑，喜欢没事就当妈一样说服别人可不就是有病吗？你的观点对别人不重要，别把自己太当回事了",
        "uid": "2341423737/",
        "followers_count": "367",
        "statuses_count": "16779",
        "verified": 0,
        "user_created_at": "2011-09-03",
        "has_description": 0,
        "parent": "4526290483736897"
    },
    {
        "mid": "4526569492995856",
        "has_multimedia": 1,
        "comments_count": 0,
        "reposts_count": 0,
        "attitudes_count": 0,
        "t": "1594701728000",
        "text": "//@一个柑: 而且日本人还特别喜欢喷中国人的集体主义……他们自己才是最从众的//@咩想再见到大家:#科普# //@世羅蓮涧 ://@JoannaBlue :不喜欢就别看，觉得不爽就拉黑，喜欢没事就当妈一样说服别人可不就是有病吗？你的观点对别人不重要，别把自己太当回事了。//@简木生--撰稿者 :转发微博",
        "uid": "7078128209/",
        "followers_count": "156",
        "statuses_count": "850",
        "verified": 0,
        "user_created_at": "2019-04-14",
        "has_description": 1,
        "parent": "4526281133831112"
    },
    {
        "mid": "4526552408622069",
        "has_multimedia": 1,
        "comments_count": 0,
        "reposts_count": 0,
        "attitudes_count": 0,
        "t": "1594697656000",
        "text": "//@有机西兰花nyanya子://@子隐-巨大菜型选手: //@咎都九泉://@神猫罗尼休:真的就是病//@JoannaBlue :不喜欢就别看，觉得不爽就拉黑，喜欢没事就当妈一样说服别人可不就是有病吗？你的观点对别人不重要，别把自己太当回事了。//@简木生--撰稿者 :转发微博",
        "uid": "2899828321/",
        "followers_count": "114",
        "statuses_count": "8009",
        "verified": 0,
        "user_created_at": "2012-09-29",
        "has_description": 1,
        "parent": "4526281133831112"
    },
    {
        "mid": "4526987554953966",
        "has_multimedia": 1,
        "comments_count": 0,
        "reposts_count": 0,
        "attitudes_count": 0,
        "t": "1594801403000",
        "text": "//@简木生--撰稿者:转发微博",
        "uid": "2956369950/",
        "followers_count": "478",
        "statuses_count": "9620",
        "verified": 0,
        "user_created_at": "2012-08-18",
        "has_description": 1,
        "parent": "4526277309213694"
    },
    {
        "mid": "4526606448631010",
        "has_multimedia": 1,
        "comments_count": 0,
        "reposts_count": 0,
        "attitudes_count": 0,
        "t": "1594710540000",
        "text": "//@JoannaBlue:不喜欢就别看，觉得不爽就拉黑，喜欢没事就当妈一样说服别人可不就是有病吗？你的观点对别人不重要，别把自己太当回事了。//@简木生--撰稿者:转发微博",
        "uid": "5073653841/",
        "followers_count": "85",
        "statuses_count": "1553",
        "verified": 0,
        "user_created_at": "2014-03-16",
        "has_description": 0,
        "parent": "4526277309213694"
    },
    {
        "mid": "4526371605672176",
        "has_multimedia": 1,
        "comments_count": 30,
        "reposts_count": 79,
        "attitudes_count": 295,
        "t": "1594654549000",
        "text": "评论真实佐证",
        "uid": "6574919524/",
        "followers_count": "42929",
        "statuses_count": "49651",
        "verified": 0,
        "user_created_at": "2018-06-14",
        "has_description": 1,
        "parent": "4526276868908688"
    },
    {
        "mid": "4526372548097246",
        "has_multimedia": 1,
        "comments_count": 0,
        "reposts_count": 18,
        "attitudes_count": 6,
        "t": "1594654774000",
        "text": "评论太真实了hhhhh//@安提戈涅_WhiteBlade:评论真实佐证",
        "uid": "1883796921/",
        "followers_count": "4390",
        "statuses_count": "10151",
        "verified": 1,
        "user_created_at": "2010-12-06",
        "has_description": 1,
        "parent": "4526371605672176"
    },
    {
        "mid": "4526583307653806",
        "has_multimedia": 1,
        "comments_count": 0,
        "reposts_count": 1,
        "attitudes_count": 0,
        "t": "1594704720000",
        "text": "//@小橘花只想暴富:评论哈哈哈//@僖仔Polarbear:评论太真实了hhhhh//@安提戈涅_WhiteBlade:评论真实佐证",
        "uid": "1915587237/",
        "followers_count": "975",
        "statuses_count": "32518",
        "verified": 0,
        "user_created_at": "2011-01-08",
        "has_description": 1,
        "parent": "4526372548097246"
    },
    {
        "mid": "4526582063102499",
        "has_multimedia": 1,
        "comments_count": 0,
        "reposts_count": 1,
        "attitudes_count": 0,
        "t": "1594704725000",
        "text": "//@小橘花只想暴富:评论哈哈哈//@僖仔Polarbear:评论太真实了hhhhh//@安提戈涅_WhiteBlade:评论真实佐证",
        "uid": "2034864991/",
        "followers_count": "6",
        "statuses_count": "2649",
        "verified": 0,
        "user_created_at": "2011-03-19",
        "has_description": 1,
        "parent": "4526372548097246"
    },
    {
        "mid": "4526507244363792",
        "has_multimedia": 1,
        "comments_count": 0,
        "reposts_count": 0,
        "attitudes_count": 0,
        "t": "1594686888000",
        "text": "评论真的太真实了//@小橘花只想暴富:评论哈哈哈//@僖仔Polarbear:评论太真实了hhhhh//@安提戈涅_WhiteBlade:评论真实佐证",
        "uid": "1772954183/",
        "followers_count": "369",
        "statuses_count": "103478",
        "verified": 1,
        "user_created_at": "2010-07-11",
        "has_description": 1,
        "parent": "4526372548097246"
    },
    {
        "mid": "4527324466513948",
        "has_multimedia": 1,
        "comments_count": 0,
        "reposts_count": 0,
        "attitudes_count": 0,
        "t": "1594881728000",
        "text": "原来每个国家都有//@安提戈涅_WhiteBlade:评论真实佐证",
        "uid": "6642569033/",
        "followers_count": "157",
        "statuses_count": "2031",
        "verified": 0,
        "user_created_at": "2018-08-17",
        "has_description": 1,
        "parent": "4526371605672176"
    },
    {
        "mid": "4526602614205639",
        "has_multimedia": 1,
        "comments_count": 0,
        "reposts_count": 0,
        "attitudes_count": 0,
        "t": "1594709626000",
        "text": "哈哈哈哈//@宇的瑶:图片评论 ¡评论配图",
        "uid": "6288832208/",
        "followers_count": "15",
        "statuses_count": "1197",
        "verified": 0,
        "user_created_at": "2017-06-24",
        "has_description": 1,
        "parent": "4526371605672176"
    },
    {
        "mid": "4526277888020565",
        "has_multimedia": 1,
        "comments_count": 13,
        "reposts_count": 46,
        "attitudes_count": 65,
        "t": "1594632205000",
        "text": "原来真的是脑子“有病”...",
        "uid": "1913685234/",
        "followers_count": "20334",
        "statuses_count": "3896",
        "verified": 1,
        "user_created_at": "2011-01-03",
        "has_description": 1,
        "parent": "4526276868908688"
    },
    {
        "mid": "4526717337799407",
        "has_multimedia": 1,
        "comments_count": 0,
        "reposts_count": 0,
        "attitudes_count": 0,
        "t": "1594736978000",
        "text": "现实疫情很严重，网络疫情也很严重，希望大家都平和点吧//@半糖小兔:原来真的是脑子“有病”...",
        "uid": "5834079289/",
        "followers_count": "49",
        "statuses_count": "1466",
        "verified": 0,
        "user_created_at": "2016-01-19",
        "has_description": 1,
        "parent": "4526277888020565"
    },
    {
        "mid": "4526489301220585",
        "has_multimedia": 1,
        "comments_count": 0,
        "reposts_count": 0,
        "attitudes_count": 0,
        "t": "1594682610000",
        "text": "//@半糖小兔:原来真的是脑子“有病”...",
        "uid": "6201553215/",
        "followers_count": "53",
        "statuses_count": "1039",
        "verified": 0,
        "user_created_at": "2017-04-10",
        "has_description": 1,
        "parent": "4526277888020565"
    },
    {
        "mid": "4526386289239868",
        "has_multimedia": 1,
        "comments_count": 0,
        "reposts_count": 0,
        "attitudes_count": 1,
        "t": "1594658049000",
        "text": "//@半糖小兔:原来真的是脑子“有病”...",
        "uid": "5665793088/",
        "followers_count": "75",
        "statuses_count": "7517",
        "verified": 0,
        "user_created_at": "2015-08-01",
        "has_description": 1,
        "parent": "4526277888020565"
    }
]