[
    {
        "mid": "4526277060910400",
        "has_multimedia": 1,
        "comments_count": 1255,
        "reposts_count": 1143,
        "attitudes_count": 1355,
        "t": "1594632007000",
        "text": "#互联网# 【#网曝国家储备粮出现质量问题# 中储粮：已派出调查组开展调查】近日，网络上流传一则视频称，黑龙江某直属库的存粮中，有水泡粮，还掺杂着大量的筛下物。视频中，一名女子自称以接近2000元一吨买到的储备玉米有严重的质量问题。7月12日，中储粮集团 回应称已注意到视频反映的问题，已于12日派 出调查组赶赴当地开展调查。燃新闻L燃新闻的秒拍视频",
        "uid": "2557173891/",
        "followers_count": "8209598",
        "statuses_count": "10288",
        "verified": 0,
        "user_created_at": "2011-12-27",
        "has_description": 1,
        "parent": "0"
    },
    {
        "mid": "4526540446961573",
        "has_multimedia": 1,
        "comments_count": 0,
        "reposts_count": 0,
        "attitudes_count": 0,
        "t": "1594694803000",
        "text": "这不是筛底子么,我们这粮库也卖,不过价格比好粮食便宜多了,都是农村喂鸡的",
        "uid": "3625040897/",
        "followers_count": "12",
        "statuses_count": "623",
        "verified": 0,
        "user_created_at": "2013-07-29",
        "has_description": 0,
        "parent": "4526277060910400"
    },
    {
        "mid": "4526508125088725",
        "has_multimedia": 1,
        "comments_count": 0,
        "reposts_count": 0,
        "attitudes_count": 0,
        "t": "1594687098000",
        "text": "转发微博",
        "uid": "5977297118/",
        "followers_count": "1156",
        "statuses_count": "3946",
        "verified": 1,
        "user_created_at": "2016-07-06",
        "has_description": 0,
        "parent": "4526277060910400"
    }
]