[
    {
        "mid": "4526261098092156",
        "has_multimedia": 1,
        "comments_count": 660,
        "reposts_count": 586,
        "attitudes_count": 4926,
        "t": "1594628202000",
        "text": "中科院院士曾毅去世，他曾分离中国首株艾滋病病毒，建立了HIV的快速诊断方法。送别！ L共青团中央的微博视频 ​​​ ​​​​",
        "uid": "3937348351/",
        "followers_count": "14641483",
        "statuses_count": "38740",
        "verified": 1,
        "has_description": 1,
        "parent": "0",
        "user_created_at": "2013-12-20"
    },
    {
        "mid": "4526276264722256",
        "has_multimedia": 1,
        "comments_count": 6,
        "reposts_count": 24,
        "attitudes_count": 96,
        "t": "1594631818000",
        "text": "",
        "uid": "2197138592/",
        "followers_count": "1387495",
        "statuses_count": "7973",
        "verified": 1,
        "user_created_at": "2011-06-27",
        "has_description": 1,
        "parent": "4526261098092156"
    },
    {
        "mid": "4526923453936411",
        "has_multimedia": 1,
        "comments_count": 0,
        "reposts_count": 0,
        "attitudes_count": 0,
        "t": "1594786120000",
        "text": "//@张宏圣:",
        "uid": "2130277463/",
        "followers_count": "304",
        "statuses_count": "6080",
        "verified": 1,
        "user_created_at": "2011-05-12",
        "has_description": 1,
        "parent": "4526276264722256"
    },
    {
        "mid": "4526389350745443",
        "has_multimedia": 1,
        "comments_count": 6,
        "reposts_count": 24,
        "attitudes_count": 96,
        "t": "1594631760000",
        "text": "",
        "uid": "1502650422/",
        "followers_count": "342",
        "statuses_count": "2492",
        "verified": 0,
        "user_created_at": "2011-01-26",
        "has_description": 1,
        "parent": "4526276264722256"
    },
    {
        "mid": "4526368202817791",
        "has_multimedia": 1,
        "comments_count": 0,
        "reposts_count": 0,
        "attitudes_count": 0,
        "t": "1594653737000",
        "text": "//@张宏圣:",
        "uid": "2995594112/",
        "followers_count": "44",
        "statuses_count": "429",
        "verified": 0,
        "user_created_at": "2012-09-09",
        "has_description": 0,
        "parent": "4526276264722256"
    }
]