[
    {
        "mid": "4526261610193299",
        "has_multimedia": 1,
        "comments_count": 1427,
        "reposts_count": 731,
        "attitudes_count": 21312,
        "t": "1594628324000",
        "text": "【农业农村部：#广东雷州发生一起猪口蹄疫疫情#】 据农业农村部畜牧兽医局今日（7月13日）消息，7月11日，经广东省动物疫病预防控制中心确诊，广东省湛江市雷州市发生一起猪口蹄疫疫情。疫情发生后，当地正在按照防治技术规范要求和有关预案做好疫情处置工作。 ​​​​",
        "uid": "1885454921/",
        "followers_count": "3010019",
        "statuses_count": "146964",
        "verified": 1,
        "has_description": 1,
        "parent": "0",
        "user_created_at": "2012-01-01"
    },
    {
        "mid": "4527328824407358",
        "has_multimedia": 1,
        "comments_count": 0,
        "reposts_count": 0,
        "attitudes_count": 0,
        "t": "1594882768000",
        "text": "吃牛羊肉多好啊，也是三四十",
        "uid": "2193626682/",
        "followers_count": "171",
        "statuses_count": "1499",
        "verified": 0,
        "user_created_at": "2012-08-07",
        "has_description": 1,
        "parent": "4526261610193299"
    },
    {
        "mid": "4527034686084498",
        "has_multimedia": 1,
        "comments_count": 0,
        "reposts_count": 0,
        "attitudes_count": 0,
        "t": "1594812640000",
        "text": "猪不能吃了？",
        "uid": "1964155163/",
        "followers_count": "123",
        "statuses_count": "7680",
        "verified": 0,
        "user_created_at": "2011-02-12",
        "has_description": 0,
        "parent": "4526261610193299"
    },
    {
        "mid": "4526954366214159",
        "has_multimedia": 1,
        "comments_count": 0,
        "reposts_count": 0,
        "attitudes_count": 1,
        "t": "1594793490000",
        "text": "想起那天海滩上无数的猪蹄",
        "uid": "3009203911/",
        "followers_count": "45",
        "statuses_count": "63",
        "verified": 0,
        "user_created_at": "2012-12-04",
        "has_description": 1,
        "parent": "4526261610193299"
    }
]