[
    {
        "mid": "4526278885680255",
        "has_multimedia": 1,
        "comments_count": 357,
        "reposts_count": 108,
        "attitudes_count": 3245,
        "t": "1594632443000",
        "text": "【#6万粉丝大V医闹遇438万粉丝大夫# 民警：再闹赠送银手镯！】近日，浙江两名自称“大V”的患者好友大闹医院护士台，反复表示医护人员态度不好并全程直播。据悉，闹事的其中一位主播是演员姜涛，曾在2015年出演了尔冬升导演的《我是路人甲》，拥有6万粉丝。随后，护士请出了医院粉丝440万的大V大夫一起直播，并报警。民警赶到现场后对闹事男子等人进行了法制教育。LJSTV荔枝视频的秒拍视频 via.@荔枝新闻",
        "uid": "2011075080/",
        "followers_count": "10463169",
        "statuses_count": "124759",
        "verified": 1,
        "has_description": 1,
        "parent": "0",
        "user_created_at": "2011-03-15"
    },
    {
        "mid": "4526705601749777",
        "has_multimedia": 1,
        "comments_count": 0,
        "reposts_count": 0,
        "attitudes_count": 0,
        "t": "1594734179000",
        "text": "//@王妃叫表妹叫文文 :不应该🐎的啊//@林逗逗2333 :现在某些大V，看似比肩马云，还自夸认识哪个名人，少拿这些东西往脸上贴金，就算认识这些人，他标点符号依然错漏百出，实际上屁都不是，是个屁吧。",
        "uid": "1881956595/",
        "followers_count": "777",
        "statuses_count": "8144",
        "verified": 1,
        "user_created_at": "2010-12-04",
        "has_description": 1,
        "parent": "4526278885680255"
    },
    {
        "mid": "4526698823690769",
        "has_multimedia": 1,
        "comments_count": 0,
        "reposts_count": 0,
        "attitudes_count": 0,
        "t": "1594732563000",
        "text": "渣人！",
        "uid": "6094656183/",
        "followers_count": "76",
        "statuses_count": "82",
        "verified": 0,
        "user_created_at": "2017-01-05",
        "has_description": 1,
        "parent": "4526278885680255"
    },
    {
        "mid": "4526584776569627",
        "has_multimedia": 1,
        "comments_count": 0,
        "reposts_count": 0,
        "attitudes_count": 0,
        "t": "1594705373000",
        "text": "6w也大v啊？",
        "uid": "2035425100/",
        "followers_count": "72",
        "statuses_count": "139",
        "verified": 0,
        "user_created_at": "2011-03-24",
        "has_description": 0,
        "parent": "4526278885680255"
    }
]