[
    {
        "mid": "4526279624417845",
        "has_multimedia": 1,
        "comments_count": 457,
        "reposts_count": 137,
        "attitudes_count": 3693,
        "t": "1594632618000",
        "text": "港人带子女返内地避疫 、深圳湾出境人数两日间增近3成。近日经深圳湾口岸离境居民急升，有香港市民因为本港疫情恶化，因而选择到内地「避疫」。试想一下，换个位置，能允许内地人到港吗？ #神评论# ​​​​",
        "uid": "5393135816/",
        "followers_count": "1210978",
        "statuses_count": "27180",
        "verified": 1,
        "user_created_at": "2015-02-09",
        "has_description": 1,
        "parent": "0"
    },
    {
        "mid": "4527360257037934",
        "has_multimedia": 1,
        "comments_count": 0,
        "reposts_count": 0,
        "attitudes_count": 0,
        "t": "1594890262000",
        "text": "有事钟无艳，无事夏迎春，精致的利己主义者。",
        "uid": "6523840220/",
        "followers_count": "168",
        "statuses_count": "440",
        "verified": 0,
        "user_created_at": "2018-04-09",
        "has_description": 1,
        "parent": "4526279624417845"
    },
    {
        "mid": "4527257484002207",
        "has_multimedia": 1,
        "comments_count": 1,
        "reposts_count": 0,
        "attitudes_count": 1,
        "t": "1594865758000",
        "text": "深圳市民都打市长热线反映吧。 放任过来深圳9月开学得凉。",
        "uid": "5127475350/",
        "followers_count": "182",
        "statuses_count": "444",
        "verified": 0,
        "user_created_at": "2014-10-10",
        "has_description": 0,
        "parent": "4526279624417845"
    },
    {
        "mid": "4526961249331442",
        "has_multimedia": 1,
        "comments_count": 0,
        "reposts_count": 0,
        "attitudes_count": 0,
        "t": "1594795131000",
        "text": "回头还得说大陆不好，还是洋爹香//@所有好吃的都过来:香港都是一群精致利己主义者，对大陆禁得比谁都早不相信大陆的测试剂从德国买，现在又拼命往大陆奔。",
        "uid": "2445592837/",
        "followers_count": "34",
        "statuses_count": "476",
        "verified": 0,
        "user_created_at": "2014-03-08",
        "has_description": 0,
        "parent": "4526279624417845"
    }
]