[
    {
        "mid": "4526280327868951",
        "has_multimedia": 1,
        "comments_count": 483,
        "reposts_count": 447,
        "attitudes_count": 2169,
        "t": "1594632787000",
        "text": "【最新：#全球新冠肺炎超1290万例#】截至北京时间7月13日16时，全球累计确诊新冠肺炎12906241例，累计死亡569050例。其中，#美国新冠确诊超330万例#。转发关注↓↓ ​​​​",
        "uid": "2803301701/",
        "followers_count": "119827020",
        "statuses_count": "120599",
        "verified": 1,
        "has_description": 1,
        "parent": "0",
        "user_created_at": "2012-07-22"
    },
    {
        "mid": "4526343247146169",
        "has_multimedia": 1,
        "comments_count": 14,
        "reposts_count": 33,
        "attitudes_count": 3,
        "t": "1594647788000",
        "text": "",
        "uid": "2096558565/",
        "followers_count": "931585",
        "statuses_count": "43815",
        "verified": 1,
        "has_description": 1,
        "parent": "4526280327868951",
        "user_created_at": "2011-04-20"
    },
    {
        "mid": "4527339751081224",
        "has_multimedia": 1,
        "comments_count": 0,
        "reposts_count": 0,
        "attitudes_count": 0,
        "t": "1594885372000",
        "text": "//@秦淮发布:",
        "uid": "5682015689/",
        "followers_count": "63",
        "statuses_count": "24212",
        "verified": 1,
        "has_description": 1,
        "parent": "4526343247146169",
        "user_created_at": "2015-08-21"
    },
    {
        "mid": "4527023915633385",
        "has_multimedia": 1,
        "comments_count": 0,
        "reposts_count": 0,
        "attitudes_count": 0,
        "t": "1594810071000",
        "text": "//@大光微讯://@秦淮发布:",
        "uid": "5500632818/",
        "followers_count": "102",
        "statuses_count": "20874",
        "verified": 0,
        "user_created_at": "2015-01-29",
        "has_description": 1,
        "parent": "4526343247146169"
    },
    {
        "mid": "4527001643619375",
        "has_multimedia": 1,
        "comments_count": 0,
        "reposts_count": 0,
        "attitudes_count": 0,
        "t": "1594804761000",
        "text": "//@秦淮发布:",
        "uid": "2208105245/",
        "followers_count": "759",
        "statuses_count": "170963",
        "verified": 1,
        "has_description": 1,
        "parent": "4526343247146169",
        "user_created_at": "2011-06-29"
    },
    {
        "mid": "4527621511318167",
        "has_multimedia": 1,
        "comments_count": 0,
        "reposts_count": 0,
        "attitudes_count": 0,
        "t": "1594952550000",
        "text": "转发微博",
        "uid": "1954298904/",
        "followers_count": "440",
        "statuses_count": "58559",
        "verified": 0,
        "user_created_at": "2011-05-21",
        "has_description": 1,
        "parent": "4526280327868951"
    },
    {
        "mid": "4527600276604915",
        "has_multimedia": 1,
        "comments_count": 0,
        "reposts_count": 0,
        "attitudes_count": 0,
        "t": "1594947486000",
        "text": "//@秦淮发布:",
        "uid": "2208105245/",
        "followers_count": "759",
        "statuses_count": "170963",
        "verified": 1,
        "has_description": 1,
        "parent": "4526280327868951",
        "user_created_at": "2011-06-29"
    }
]