[
    {
        "mid": "4526280828306405",
        "has_multimedia": 1,
        "comments_count": 482,
        "reposts_count": 321,
        "attitudes_count": 7754,
        "t": "1594632906000",
        "text": "一直在说一件事，在我国，一定要知道党妈的底线在哪，党妈的底线就是担心你把社会主义巨婴们给带坏了，迟早弄你。 ​​​​",
        "uid": "1782961197/",
        "followers_count": "1155385",
        "statuses_count": "9149",
        "verified": 1,
        "user_created_at": "2013-06-11",
        "has_description": 1,
        "parent": "0"
    },
    {
        "mid": "4527449151116563",
        "has_multimedia": 1,
        "comments_count": 0,
        "reposts_count": 0,
        "attitudes_count": 0,
        "t": "1594911455000",
        "text": "同意//@黑橙丶:个人觉得目前最大的隐患应该是年轻一代所崇拜的偶像或者说喜欢的偶像并不能引领他们树立起一个相对正确的三观…每次劣迹艺人或者偶像出事的新闻下面简直跟邪教没啥差别了…前段时间甚至看到韩国那个夜店门的某明星都有粉丝在洗，哪怕她们所谓的偶像伤害的正是她们的同性…",
        "uid": "5997424208/",
        "followers_count": "28",
        "statuses_count": "695",
        "verified": 0,
        "user_created_at": "2016-08-07",
        "has_description": 0,
        "parent": "4526280828306405"
    },
    {
        "mid": "4527000779333327",
        "has_multimedia": 1,
        "comments_count": 0,
        "reposts_count": 0,
        "attitudes_count": 0,
        "t": "1594804556000",
        "text": "一时分不清你在骂谁",
        "uid": "6015603317/",
        "followers_count": "129",
        "statuses_count": "5534",
        "verified": 0,
        "user_created_at": "2016-09-04",
        "has_description": 0,
        "parent": "4526280828306405"
    }
]