[
    {
        "mid": "4526265211857267",
        "has_multimedia": 1,
        "comments_count": 537,
        "reposts_count": 132,
        "attitudes_count": 6633,
        "t": "1594629183000",
        "text": "【悉尼将向入境者征收数千澳元隔离费】悉尼所属新南威尔士州的州长格拉迪丝·贝雷吉克利安7月12日说，自18日零时起，入境悉尼的个人需缴纳3000澳大利亚元（约合1.46万元人民币），用作14天隔离期间滞留酒店的费用；一对伴侣需缴纳4000澳元（1.95万元人民币）；一家四口共需支付5000澳元（2.43万元人民币）。新州要求入境旅客在酒店隔离14天。18日以前，入境旅客隔离费用一直由州政府财政负担。@新华国际",
        "uid": "1644489953/",
        "followers_count": "18153325",
        "statuses_count": "28734",
        "verified": 1,
        "has_description": 1,
        "parent": "0",
        "user_created_at": "2020-01-01"
    },
    {
        "mid": "4526318585350903",
        "has_multimedia": 1,
        "comments_count": 62,
        "reposts_count": 21,
        "attitudes_count": 324,
        "t": "1594641907000",
        "text": "每人一万五的隔离费，这个比外交部的提醒管用多了#外交部提醒近期谨慎前往澳大利亚#",
        "uid": "2621678411/",
        "followers_count": "4042654",
        "statuses_count": "12963",
        "verified": 1,
        "user_created_at": "2012-02-18",
        "has_description": 1,
        "parent": "4526265211857267"
    },
    {
        "mid": "4526909670837789",
        "has_multimedia": 1,
        "comments_count": 62,
        "reposts_count": 21,
        "attitudes_count": 324,
        "t": "1594641900000",
        "text": "每人一万五的隔离费，这个比外交部的提醒管用多了#外交部提醒近期谨慎前往澳大利亚#",
        "uid": "5629410310/",
        "followers_count": "204",
        "statuses_count": "1005",
        "verified": 0,
        "user_created_at": "2015-06-13",
        "has_description": 1,
        "parent": "4526318585350903"
    },
    {
        "mid": "4526842209813158",
        "has_multimedia": 1,
        "comments_count": 0,
        "reposts_count": 0,
        "attitudes_count": 0,
        "t": "1594766749000",
        "text": "//@钢小侠:每人一万五的隔离费，这个比外交部的提醒管用多了#外交部提醒近期谨慎前往澳大利亚#",
        "uid": "5234586361/",
        "followers_count": "423",
        "statuses_count": "9495",
        "verified": 0,
        "user_created_at": "2014-07-28",
        "has_description": 1,
        "parent": "4526318585350903"
    },
    {
        "mid": "4526680574399802",
        "has_multimedia": 1,
        "comments_count": 0,
        "reposts_count": 0,
        "attitudes_count": 0,
        "t": "1594728213000",
        "text": "//@钢小侠:每人一万五的隔离费，这个比外交部的提醒管用多了#外交部提醒近期谨慎前往澳大利亚#",
        "uid": "5234586361/",
        "followers_count": "423",
        "statuses_count": "9495",
        "verified": 0,
        "user_created_at": "2014-07-28",
        "has_description": 1,
        "parent": "4526318585350903"
    },
    {
        "mid": "4526956836130322",
        "has_multimedia": 1,
        "comments_count": 62,
        "reposts_count": 21,
        "attitudes_count": 324,
        "t": "1594641900000",
        "text": "每人一万五的隔离费，这个比外交部的提醒管用多了#外交部提醒近期谨慎前往澳大利亚#",
        "uid": "7247179462/",
        "followers_count": "55",
        "statuses_count": "2139",
        "verified": 0,
        "user_created_at": "2019-07-21",
        "has_description": 1,
        "parent": "4526265211857267"
    }
]