[
    {
        "mid": "4526281717133709",
        "has_multimedia": 1,
        "comments_count": 619,
        "reposts_count": 1659,
        "attitudes_count": 8760,
        "t": "1594633118000",
        "text": "【#李易峰名誉权案被告道歉# #李易峰：愿给对方机会改正#】7月13日，北京星权律师事务所发布李易峰名誉权案的案件简讯与被告人的手写道歉信。据悉，被告潘某某在微博账号中多次发布侮辱、诽谤李易峰的不当言论。目前，被告愿意诚恳地向李易峰公开道歉。@李易峰 方愿意给被告改正机会。@北京青年报 L青流视频的秒拍视频",
        "uid": "1896650227/",
        "followers_count": "2941698",
        "statuses_count": "78029",
        "verified": 1,
        "has_description": 1,
        "parent": "0",
        "user_created_at": "2020-01-01"
    },
    {
        "mid": "4526318626213240",
        "has_multimedia": 1,
        "comments_count": 38,
        "reposts_count": 428,
        "attitudes_count": 178,
        "t": "1594641918000",
        "text": "支持@李易峰 依法维权！ 法律从来不是法外之地，每个人都要为自己的一言一行负责！#李易峰名誉权案被告道歉# 李易峰超话",
        "uid": "5335743089/",
        "followers_count": "744186",
        "statuses_count": "23514",
        "verified": 1,
        "has_description": 1,
        "parent": "4526281717133709",
        "user_created_at": "2014-10-17"
    },
    {
        "mid": "4526282827785860",
        "has_multimedia": 1,
        "comments_count": 0,
        "reposts_count": 201,
        "attitudes_count": 142,
        "t": "1594633382000",
        "text": "【#李易峰名誉权案被告道歉# #李易峰：愿给对方机会改正#】",
        "uid": "5910209026/",
        "followers_count": "7086",
        "statuses_count": "35739",
        "verified": 1,
        "has_description": 1,
        "parent": "4526281717133709",
        "user_created_at": "2016-04-28"
    },
    {
        "mid": "4526320904548152",
        "has_multimedia": 1,
        "comments_count": 0,
        "reposts_count": 17,
        "attitudes_count": 4,
        "t": "1594642461000",
        "text": "//@江津检察:【#李易峰名誉权案被告道歉# #李易峰：愿给对方机会改正#】",
        "uid": "2187698292/",
        "followers_count": "4583",
        "statuses_count": "10552",
        "verified": 1,
        "has_description": 1,
        "parent": "4526282827785860",
        "user_created_at": "2012-01-01"
    },
    {
        "mid": "4526371169287958",
        "has_multimedia": 1,
        "comments_count": 0,
        "reposts_count": 0,
        "attitudes_count": 0,
        "t": "1594654444000",
        "text": "//@文仞青://@江津检察:【#李易峰名誉权案被告道歉# #李易峰：愿给对方机会改正#】",
        "uid": "1497066467/",
        "followers_count": "1027",
        "statuses_count": "101208",
        "verified": 1,
        "user_created_at": "2010-05-03",
        "has_description": 1,
        "parent": "4526320904548152"
    },
    {
        "mid": "4526370824871404",
        "has_multimedia": 1,
        "comments_count": 0,
        "reposts_count": 0,
        "attitudes_count": 0,
        "t": "1594654362000",
        "text": "//@Leegans://@文仞青://@江津检察:【#李易峰名誉权案被告道歉# #李易峰：愿给对方机会改正#】",
        "uid": "1497066467/",
        "followers_count": "1027",
        "statuses_count": "101208",
        "verified": 1,
        "user_created_at": "2010-05-03",
        "has_description": 1,
        "parent": "4526320904548152"
    },
    {
        "mid": "4526368467440716",
        "has_multimedia": 1,
        "comments_count": 0,
        "reposts_count": 0,
        "attitudes_count": 0,
        "t": "1594653801000",
        "text": "//@文仞青://@江津检察:【#李易峰名誉权案被告道歉# #李易峰：愿给对方机会改正#】",
        "uid": "5265115969/",
        "followers_count": "168",
        "statuses_count": "35481",
        "verified": 0,
        "user_created_at": "2014-08-23",
        "has_description": 1,
        "parent": "4526320904548152"
    },
    {
        "mid": "4526327518125069",
        "has_multimedia": 1,
        "comments_count": 0,
        "reposts_count": 14,
        "attitudes_count": 1,
        "t": "1594644038000",
        "text": "//@江津检察:【#李易峰名誉权案被告道歉# #李易峰：愿给对方机会改正#】",
        "uid": "5980290902/",
        "followers_count": "15482",
        "statuses_count": "51054",
        "verified": 1,
        "user_created_at": "2016-07-13",
        "has_description": 1,
        "parent": "4526282827785860"
    },
    {
        "mid": "4526469151785429",
        "has_multimedia": 1,
        "comments_count": 0,
        "reposts_count": 0,
        "attitudes_count": 0,
        "t": "1594677806000",
        "text": "//@徐天粉丝后援会://@Evan清欢渡://@江津检察:【#李易峰名誉权案被告道歉# #李易峰：愿给对方机会改正#】",
        "uid": "5138509935/",
        "followers_count": "358",
        "statuses_count": "12666",
        "verified": 0,
        "user_created_at": "2014-05-10",
        "has_description": 1,
        "parent": "4526327518125069"
    },
    {
        "mid": "4526362309911954",
        "has_multimedia": 1,
        "comments_count": 0,
        "reposts_count": 2,
        "attitudes_count": 1,
        "t": "1594652332000",
        "text": "//@Evan清欢渡://@江津检察:【#李易峰名誉权案被告道歉# #李易峰：愿给对方机会改正#】",
        "uid": "3699141367/",
        "followers_count": "14955",
        "statuses_count": "77553",
        "verified": 0,
        "user_created_at": "2013-08-05",
        "has_description": 1,
        "parent": "4526327518125069"
    },
    {
        "mid": "4526344732435904",
        "has_multimedia": 1,
        "comments_count": 0,
        "reposts_count": 1,
        "attitudes_count": 0,
        "t": "1594646100000",
        "text": "//@Evan清欢渡://@江津检察:【#李易峰名誉权案被告道歉# #李易峰：愿给对方机会改正#】",
        "uid": "5495263602/",
        "followers_count": "286",
        "statuses_count": "36104",
        "verified": 0,
        "user_created_at": "2015-01-25",
        "has_description": 1,
        "parent": "4526327518125069"
    },
    {
        "mid": "4526715777038543",
        "has_multimedia": 1,
        "comments_count": 0,
        "reposts_count": 2,
        "attitudes_count": 1,
        "t": "1594652280000",
        "text": "//@Evan清欢渡://@江津检察:【#李易峰名誉权案被告道歉# #李易峰：愿给对方机会改正#】",
        "uid": "5656533629/",
        "followers_count": "191",
        "statuses_count": "16511",
        "verified": 1,
        "user_created_at": "2015-07-19",
        "has_description": 0,
        "parent": "4526282827785860"
    },
    {
        "mid": "4526325295295994",
        "has_multimedia": 1,
        "comments_count": 2,
        "reposts_count": 43,
        "attitudes_count": 31,
        "t": "1594643507000",
        "text": "网络不是法外之地，应对自己的一言一行负责。这次是原告李先生的宽容大度，才使你免去了金钱赔偿，希望你不要辜负他的善良，在社会中做一个好人！不要追星追到忘我，凡事应当适度而为！",
        "uid": "1785821063/",
        "followers_count": "133153",
        "statuses_count": "72543",
        "verified": 1,
        "user_created_at": "2010-08-03",
        "has_description": 1,
        "parent": "4526281717133709"
    },
    {
        "mid": "4526897323769679",
        "has_multimedia": 1,
        "comments_count": 0,
        "reposts_count": 0,
        "attitudes_count": 0,
        "t": "1594779889000",
        "text": "辜负了李易峰先生的善良//@颜兮的喵三岁丶:网络不是法外之地，应对自己的一言一行负责。这次是原告李先生的宽容大度，才使你免去了金钱赔偿，希望你不要辜负他的善良，在社会中做一个好人！不要追星追到忘我，凡事应当适度而为！",
        "uid": "5515618122/",
        "followers_count": "34",
        "statuses_count": "19",
        "verified": 0,
        "user_created_at": "2015-02-10",
        "has_description": 1,
        "parent": "4526325295295994"
    },
    {
        "mid": "4526667072373677",
        "has_multimedia": 1,
        "comments_count": 0,
        "reposts_count": 0,
        "attitudes_count": 0,
        "t": "1594724994000",
        "text": "//@颜兮的喵三岁丶:网络不是法外之地，应对自己的一言一行负责。这次是原告李先生的宽容大度，才使你免去了金钱赔偿，希望你不要辜负他的善良，在社会中做一个好人！不要追星追到忘我，凡事应当适度而为！",
        "uid": "5054564785/",
        "followers_count": "75",
        "statuses_count": "44267",
        "verified": 0,
        "user_created_at": "2014-03-01",
        "has_description": 1,
        "parent": "4526325295295994"
    },
    {
        "mid": "4526534684398801",
        "has_multimedia": 1,
        "comments_count": 0,
        "reposts_count": 0,
        "attitudes_count": 0,
        "t": "1594693429000",
        "text": "//@颜兮的喵三岁丶:网络不是法外之地，应对自己的一言一行负责。这次是原告李先生的宽容大度，才使你免去了金钱赔偿，希望你不要辜负他的善良，在社会中做一个好人！不要追星追到忘我，凡事应当适度而为！",
        "uid": "6083192764/",
        "followers_count": "140",
        "statuses_count": "622",
        "verified": 0,
        "user_created_at": "2016-12-06",
        "has_description": 1,
        "parent": "4526325295295994"
    }
]