[
    {
        "mid": "4526282563772208",
        "has_multimedia": 1,
        "comments_count": 1002,
        "reposts_count": 818,
        "attitudes_count": 14964,
        "t": "1594633320000",
        "text": "【有爱！#抗洪现场消防员变身奶爸#】鄱阳抗洪救援现场，一名妈妈有事暂时离开，将3个月大的宝宝交给消防员胡昕照顾。胡昕小心翼翼抱着小宝宝，小宝宝则把胡昕救生衣上的照明灯当成了奶嘴……网友：宝宝饿了吧看得出来在他怀里很有安全感了！L江西消防的微博视频 @江西消防 ​​​​",
        "uid": "2656274875/",
        "followers_count": "111908281",
        "statuses_count": "130395",
        "verified": 1,
        "has_description": 1,
        "parent": "0",
        "user_created_at": "2012-03-07"
    },
    {
        "mid": "4526283171759660",
        "has_multimedia": 1,
        "comments_count": 1,
        "reposts_count": 12,
        "attitudes_count": 0,
        "t": "1594633465000",
        "text": "开始我也以为是安慰奶嘴",
        "uid": "1300145304/",
        "followers_count": "2784",
        "statuses_count": "86350",
        "verified": 1,
        "user_created_at": "2010-08-14",
        "has_description": 1,
        "parent": "4526282563772208"
    },
    {
        "mid": "4526346136822040",
        "has_multimedia": 1,
        "comments_count": 0,
        "reposts_count": 0,
        "attitudes_count": 0,
        "t": "1594648477000",
        "text": "//@陌悠悠MOYOUYOU:好小的宝宝~//@朝辞夏: //@盛善心儿711:开始我也以为是安慰奶嘴",
        "uid": "2169086183/",
        "followers_count": "57",
        "statuses_count": "38318",
        "verified": 1,
        "has_description": 1,
        "parent": "4526283171759660",
        "user_created_at": "2011-06-08"
    }
]