[
    {
        "mid": "4526267708725119",
        "has_multimedia": 1,
        "comments_count": 476,
        "reposts_count": 1020,
        "attitudes_count": 5241,
        "t": "1594629777000",
        "text": "新华网点名“祖安文化”：满口脏话却引以为傲。 ​​​​",
        "uid": "5762457113/",
        "followers_count": "4581651",
        "statuses_count": "8277",
        "verified": 1,
        "user_created_at": "2015-11-16",
        "has_description": 1,
        "parent": "0"
    },
    {
        "mid": "4526267988926792",
        "has_multimedia": 1,
        "comments_count": 0,
        "reposts_count": 289,
        "attitudes_count": 4,
        "t": "1594629844000",
        "text": "转发微博",
        "uid": "2136848625/",
        "followers_count": "8438",
        "statuses_count": "8866",
        "verified": 0,
        "user_created_at": "2011-05-15",
        "has_description": 1,
        "parent": "4526267708725119"
    },
    {
        "mid": "4526268223400197",
        "has_multimedia": 1,
        "comments_count": 0,
        "reposts_count": 244,
        "attitudes_count": 0,
        "t": "1594629901000",
        "text": "//@人鱼今天也很开心:转发微博",
        "uid": "2281897485/",
        "followers_count": "6909",
        "statuses_count": "569",
        "verified": 0,
        "user_created_at": "2011-08-03",
        "has_description": 1,
        "parent": "4526267988926792"
    },
    {
        "mid": "4526268370711499",
        "has_multimedia": 1,
        "comments_count": 0,
        "reposts_count": 180,
        "attitudes_count": 1,
        "t": "1594629936000",
        "text": "//@小川菊花花: //@人鱼今天也很开心:转发微博",
        "uid": "2078236567/",
        "followers_count": "5279",
        "statuses_count": "11836",
        "verified": 1,
        "user_created_at": "2011-04-09",
        "has_description": 1,
        "parent": "4526268223400197"
    },
    {
        "mid": "4526269049977338",
        "has_multimedia": 1,
        "comments_count": 8,
        "reposts_count": 178,
        "attitudes_count": 70,
        "t": "1594630098000",
        "text": "确实//@zbw-老满满满://@小川菊花花: //@人鱼今天也很开心:转发微博",
        "uid": "5357699078/",
        "followers_count": "26351",
        "statuses_count": "13077",
        "verified": 1,
        "user_created_at": "2014-11-03",
        "has_description": 1,
        "parent": "4526268370711499"
    },
    {
        "mid": "4526371215766772",
        "has_multimedia": 1,
        "comments_count": 0,
        "reposts_count": 54,
        "attitudes_count": 1,
        "t": "1594654455000",
        "text": "确实//@贞劳斯 :确实//@zbw-老满满满 ://@小川菊花花 : //@人鱼今天也很开心 :转发微博",
        "uid": "2885311295/",
        "followers_count": "9187",
        "statuses_count": "109113",
        "verified": 1,
        "user_created_at": "2012-07-13",
        "has_description": 1,
        "parent": "4526269049977338"
    },
    {
        "mid": "4526386032750647",
        "has_multimedia": 1,
        "comments_count": 0,
        "reposts_count": 27,
        "attitudes_count": 1,
        "t": "1594657988000",
        "text": "真的，不知道傲个啥//@桜塚名月_: 确实//@贞劳斯 :确实//@zbw-老满满满 ://@小川菊花花 : //@人鱼今天也很开心 :转发微博",
        "uid": "3097710873/",
        "followers_count": "689",
        "statuses_count": "22994",
        "verified": 1,
        "user_created_at": "2012-11-07",
        "has_description": 1,
        "parent": "4526371215766772"
    },
    {
        "mid": "4527052420026781",
        "has_multimedia": 1,
        "comments_count": 0,
        "reposts_count": 0,
        "attitudes_count": 0,
        "t": "1594816868000",
        "text": "//@西街男孩叫囧鑫://@里菊 :是这样的//@有生之年想见到醉月玄晶的酋长 ://@Audrey-淇奥 :确实//@贵族兔纸饲养员 :确实//@安澄茉姬 :确实//@艾洛洛洛洛-紅騎士 :真的，不知道傲个啥//@桜塚名月_ : 确实//@贞劳斯 :确实//@zbw-老满满满 ://@小川菊花花 : //@人鱼今天也很开心 :转发微博",
        "uid": "2369328525/",
        "followers_count": "519",
        "statuses_count": "8731",
        "verified": 0,
        "user_created_at": "2011-09-19",
        "has_description": 1,
        "parent": "4526386032750647"
    },
    {
        "mid": "4526936725234437",
        "has_multimedia": 1,
        "comments_count": 0,
        "reposts_count": 0,
        "attitudes_count": 0,
        "t": "1594789284000",
        "text": "//@有生之年想见到醉月玄晶的酋长://@Audrey-淇奥:确实//@贵族兔纸饲养员:确实//@安澄茉姬:确实//@艾洛洛洛洛-紅騎士:真的，不知道傲个啥//@桜塚名月_: 确实//@贞劳斯 :确实//@zbw-老满满满 ://@小川菊花花 : //@人鱼今天也很开心 :转发微博",
        "uid": "1965071832/",
        "followers_count": "92",
        "statuses_count": "15926",
        "verified": 1,
        "user_created_at": "2011-02-27",
        "has_description": 1,
        "parent": "4526386032750647"
    },
    {
        "mid": "4526925580445117",
        "has_multimedia": 1,
        "comments_count": 0,
        "reposts_count": 0,
        "attitudes_count": 0,
        "t": "1594786626000",
        "text": "很难不同意//@神树宇星:网络上，确实不太懂//@·一颗酸橘胖墩墩 ://@有生之年想见到醉月玄晶的酋长 ://@Audrey-淇奥 :确实//@贵族兔纸饲养员 :确实//@安澄茉姬 :确实//@艾洛洛洛洛-紅騎士 :真的不知道傲个啥//@桜塚名月_ : 确实//@贞劳斯 :确实//@zbw-老满满满 ://@小川菊花花 : //@人鱼今天也很开心 :",
        "uid": "2578590147/",
        "followers_count": "14",
        "statuses_count": "8971",
        "verified": 0,
        "user_created_at": "2012-01-14",
        "has_description": 1,
        "parent": "4526386032750647"
    },
    {
        "mid": "4527116169510984",
        "has_multimedia": 1,
        "comments_count": 0,
        "reposts_count": 0,
        "attitudes_count": 0,
        "t": "1594832066000",
        "text": "这种傻逼祖安人在社会被毒打几遍之后嘴巴比新买的马桶还干净//@伊布萃香: 确实//@桜塚名月_:确实//@贞劳斯 :确实//@zbw-老满满满 ://@小川菊花花 : //@人鱼今天也很开心 :转发微博",
        "uid": "2275515091/",
        "followers_count": "5703",
        "statuses_count": "17913",
        "verified": 0,
        "user_created_at": "2011-07-29",
        "has_description": 1,
        "parent": "4526371215766772"
    },
    {
        "mid": "4527058014701211",
        "has_multimedia": 1,
        "comments_count": 0,
        "reposts_count": 0,
        "attitudes_count": 0,
        "t": "1594818201000",
        "text": "确实//@学姐不死于无头: //@翼之分身: 嘴臭真的恶心 搞不懂有这么多人喜欢学着说//@伊布萃香:确实//@桜塚名月_:确实//@贞劳斯 :确实//@zbw-老满满满 ://@小川菊花花 : //@人鱼今天也很开心 :转发微博",
        "uid": "2041855361/",
        "followers_count": "174",
        "statuses_count": "9068",
        "verified": 0,
        "user_created_at": "2011-03-23",
        "has_description": 1,
        "parent": "4526371215766772"
    },
    {
        "mid": "4526273441997051",
        "has_multimedia": 1,
        "comments_count": 0,
        "reposts_count": 15,
        "attitudes_count": 0,
        "t": "1594631145000",
        "text": "确实//@贞劳斯: 确实//@zbw-老满满满://@小川菊花花: //@人鱼今天也很开心:转发微博",
        "uid": "2424520257/",
        "followers_count": "367",
        "statuses_count": "13687",
        "verified": 1,
        "user_created_at": "2011-10-23",
        "has_description": 1,
        "parent": "4526269049977338"
    },
    {
        "mid": "4526570788441767",
        "has_multimedia": 1,
        "comments_count": 0,
        "reposts_count": 0,
        "attitudes_count": 0,
        "t": "1594702038000",
        "text": "//@-妖痕-://@Helix_T:…没了祖安就会有别的词…未成年人还是家长多管管//@少读书多打音游狗:喷小佛太狠了…//@beatmania_IIDX:还得看沈阳小伙狂喷三十分钟//@DJMrskey:说个题外话，祖安只是图一乐，玩狠的还得以前老聊喷房语音五项//@椎名唄子: 真不喜欢这个 早该管了/@Sandwichii :确实",
        "uid": "1398656887/",
        "followers_count": "6450",
        "statuses_count": "541",
        "verified": 1,
        "user_created_at": "2010-01-22",
        "has_description": 1,
        "parent": "4526273441997051"
    },
    {
        "mid": "4526570394422867",
        "has_multimedia": 1,
        "comments_count": 0,
        "reposts_count": 0,
        "attitudes_count": 1,
        "t": "1594701943000",
        "text": "这不早该监管了吗……//@-妖痕-://@Helix_T:…没了祖安就会有别的词…未成年人还是家长多管管//@少读书多打音游狗:喷小佛太狠了…//@beatmania_IIDX:还得看沈阳小伙狂喷三十分钟//@DJMrskey:说个题外话，祖安只是图一乐，玩狠的还得以前老聊喷房语音五项//@椎名唄子: 真不喜欢这个 早该管了",
        "uid": "1665680140/",
        "followers_count": "2261",
        "statuses_count": "37571",
        "verified": 1,
        "user_created_at": "2010-11-15",
        "has_description": 1,
        "parent": "4526273441997051"
    },
    {
        "mid": "4526567021786642",
        "has_multimedia": 1,
        "comments_count": 0,
        "reposts_count": 2,
        "attitudes_count": 0,
        "t": "1594701139000",
        "text": "//@Helix_T:…没了祖安就会有别的词…未成年人还是家长多管管//@少读书多打音游狗:喷小佛太狠了…//@beatmania_IIDX:还得看沈阳小伙狂喷三十分钟//@DJMrskey:说个题外话，祖安只是图一乐，玩狠的还得以前老聊喷房语音五项//@椎名唄子: 真不喜欢这个 早该管了/@Sandwichii :确实",
        "uid": "1924571650/",
        "followers_count": "887",
        "statuses_count": "23447",
        "verified": 0,
        "user_created_at": "2011-01-25",
        "has_description": 1,
        "parent": "4526273441997051"
    },
    {
        "mid": "4527412459077875",
        "has_multimedia": 1,
        "comments_count": 0,
        "reposts_count": 0,
        "attitudes_count": 0,
        "t": "1594902707000",
        "text": "确实//@学长姬:确实//@贞劳斯:确实//@zbw-老满满满://@小川菊花花: //@人鱼今天也很开心:转发微博",
        "uid": "3547829942/",
        "followers_count": "135",
        "statuses_count": "105",
        "verified": 0,
        "user_created_at": "2013-06-19",
        "has_description": 1,
        "parent": "4526269049977338"
    },
    {
        "mid": "4527590038311477",
        "has_multimedia": 1,
        "comments_count": 0,
        "reposts_count": 2,
        "attitudes_count": 0,
        "t": "1594945046000",
        "text": "//@·一颗酸橘胖墩墩://@有生之年想见到醉月玄晶的酋长://@Audrey-淇奥:确实//@贵族兔纸饲养员:确实//@安澄茉姬:确实//@艾洛洛洛洛-紅騎士:真的，不知道傲个啥//@桜塚名月_: 确实//@贞劳斯 :确实//@zbw-老满满满 ://@小川菊花花 : //@人鱼今天也很开心 :转发微博",
        "uid": "3149406932/",
        "followers_count": "753",
        "statuses_count": "22938",
        "verified": 1,
        "user_created_at": "2013-01-30",
        "has_description": 1,
        "parent": "4526268370711499"
    },
    {
        "mid": "4527497470018135",
        "has_multimedia": 1,
        "comments_count": 0,
        "reposts_count": 0,
        "attitudes_count": 0,
        "t": "1594922975000",
        "text": "确实 拿嘴臭当骄傲？//@Audrey-淇奥:确实//@贵族兔纸饲养员:确实//@安澄茉姬:确实//@艾洛洛洛洛-紅騎士:真的，不知道傲个啥//@桜塚名月_: 确实//@贞劳斯 :确实//@zbw-老满满满 ://@小川菊花花 : //@人鱼今天也很开心 :转发微博",
        "uid": "5501315214/",
        "followers_count": "226",
        "statuses_count": "483",
        "verified": 0,
        "user_created_at": "2015-01-30",
        "has_description": 1,
        "parent": "4526268370711499"
    },
    {
        "mid": "4526268480030982",
        "has_multimedia": 1,
        "comments_count": 1,
        "reposts_count": 60,
        "attitudes_count": 1,
        "t": "1594629961000",
        "text": "//@小川菊花花: //@人鱼今天也很开心:转发微博",
        "uid": "1885552727/",
        "followers_count": "94329",
        "statuses_count": "81978",
        "verified": 1,
        "user_created_at": "2010-12-07",
        "has_description": 1,
        "parent": "4526268223400197"
    },
    {
        "mid": "4526269691542333",
        "has_multimedia": 1,
        "comments_count": 0,
        "reposts_count": 34,
        "attitudes_count": 1,
        "t": "1594630251000",
        "text": "//@种崎敦美://@小川菊花花: //@人鱼今天也很开心:转发微博",
        "uid": "2907410591/",
        "followers_count": "5934",
        "statuses_count": "22496",
        "verified": 1,
        "user_created_at": "2012-08-01",
        "has_description": 1,
        "parent": "4526268480030982"
    },
    {
        "mid": "4527416821157279",
        "has_multimedia": 1,
        "comments_count": 0,
        "reposts_count": 0,
        "attitudes_count": 0,
        "t": "1594903747000",
        "text": "//@叶空是否知晓一切://@Wavechaser://@CARmerA-Beetle: //@种崎敦美://@小川菊花花: //@人鱼今天也很开心:转发微博",
        "uid": "5812362037/",
        "followers_count": "134",
        "statuses_count": "4887",
        "verified": 0,
        "user_created_at": "2015-12-28",
        "has_description": 1,
        "parent": "4526269691542333"
    },
    {
        "mid": "4527413700338574",
        "has_multimedia": 1,
        "comments_count": 0,
        "reposts_count": 1,
        "attitudes_count": 0,
        "t": "1594903004000",
        "text": "让我猜猜祖安男孩女孩有几个打过英雄联盟//@叶空是否知晓一切://@Wavechaser://@CARmerA-Beetle: //@种崎敦美://@小川菊花花: //@人鱼今天也很开心:转发微博",
        "uid": "7367860696/",
        "followers_count": "43",
        "statuses_count": "702",
        "verified": 0,
        "user_created_at": "2020-01-06",
        "has_description": 1,
        "parent": "4526269691542333"
    },
    {
        "mid": "4527412840252467",
        "has_multimedia": 1,
        "comments_count": 0,
        "reposts_count": 0,
        "attitudes_count": 0,
        "t": "1594902799000",
        "text": "//@叶空是否知晓一切://@Wavechaser://@CARmerA-Beetle: //@种崎敦美://@小川菊花花: //@人鱼今天也很开心:转发微博",
        "uid": "3191299064/",
        "followers_count": "361",
        "statuses_count": "13867",
        "verified": 0,
        "user_created_at": "2013-02-15",
        "has_description": 1,
        "parent": "4526269691542333"
    },
    {
        "mid": "4527451324298236",
        "has_multimedia": 1,
        "comments_count": 1,
        "reposts_count": 6,
        "attitudes_count": 2,
        "t": "1594902240000",
        "text": "//@Wavechaser://@CARmerA-Beetle: //@种崎敦美://@小川菊花花: //@人鱼今天也很开心:转发微博",
        "uid": "6543150142/",
        "followers_count": "729",
        "statuses_count": "525",
        "verified": 0,
        "user_created_at": "2018-05-06",
        "has_description": 1,
        "parent": "4526268480030982"
    },
    {
        "mid": "4527422466960550",
        "has_multimedia": 1,
        "comments_count": 0,
        "reposts_count": 0,
        "attitudes_count": 0,
        "t": "1594905094000",
        "text": "//@叶空是否知晓一切://@Wavechaser://@CARmerA-Beetle: //@种崎敦美://@小川菊花花: //@人鱼今天也很开心:转发微博",
        "uid": "2169563945/",
        "followers_count": "166",
        "statuses_count": "14996",
        "verified": 0,
        "user_created_at": "2011-08-29",
        "has_description": 1,
        "parent": "4526268480030982"
    },
    {
        "mid": "4527597558435373",
        "has_multimedia": 1,
        "comments_count": 0,
        "reposts_count": 2,
        "attitudes_count": 0,
        "t": "1594945020000",
        "text": "//@·一颗酸橘胖墩墩://@有生之年想见到醉月玄晶的酋长://@Audrey-淇奥:确实//@贵族兔纸饲养员:确实//@安澄茉姬:确实//@艾洛洛洛洛-紅騎士:真的，不知道傲个啥//@桜塚名月_: 确实//@贞劳斯 :确实//@zbw-老满满满 ://@小川菊花花 : //@人鱼今天也很开心 :转发微博",
        "uid": "5646493081/",
        "followers_count": "211",
        "statuses_count": "4027",
        "verified": 0,
        "user_created_at": "2015-07-05",
        "has_description": 1,
        "parent": "4526268223400197"
    },
    {
        "mid": "4526268471198912",
        "has_multimedia": 1,
        "comments_count": 0,
        "reposts_count": 42,
        "attitudes_count": 3,
        "t": "1594629960000",
        "text": "很烦 一个个会那么几句一直刷//@人鱼今天也很开心:转发微博",
        "uid": "5586747824/",
        "followers_count": "3804",
        "statuses_count": "30103",
        "verified": 0,
        "user_created_at": "2015-04-13",
        "has_description": 1,
        "parent": "4526267988926792"
    },
    {
        "mid": "4526579541715344",
        "has_multimedia": 1,
        "comments_count": 0,
        "reposts_count": 0,
        "attitudes_count": 0,
        "t": "1594704124000",
        "text": "…//@乃木园子:我也理解不了//@鹿九Alter:很烦 一个个会那么几句一直刷//@人鱼今天也很开心:转发微博",
        "uid": "5488190844/",
        "followers_count": "317",
        "statuses_count": "4103",
        "verified": 0,
        "user_created_at": "2015-01-20",
        "has_description": 1,
        "parent": "4526268471198912"
    },
    {
        "mid": "4526494149549827",
        "has_multimedia": 1,
        "comments_count": 0,
        "reposts_count": 6,
        "attitudes_count": 2,
        "t": "1594645560000",
        "text": "//@东风谷早苗_: 别祖安抽象了，好吗//@乃木园子:我也理解不了//@鹿九Alter:很烦 一个个会那么几句一直刷//@人鱼今天也很开心:转发微博",
        "uid": "2712567241/",
        "followers_count": "206",
        "statuses_count": "15099",
        "verified": 0,
        "user_created_at": "2012-04-19",
        "has_description": 1,
        "parent": "4526268471198912"
    },
    {
        "mid": "4526473715489835",
        "has_multimedia": 1,
        "comments_count": 0,
        "reposts_count": 0,
        "attitudes_count": 0,
        "t": "1594678894000",
        "text": "//@gcc_自觉無色:我都受不了，别说其他人了//@东风谷早苗_:别祖安抽象了，好吗//@乃木园子:我也理解不了//@鹿九Alter:很烦 一个个会那么几句一直刷//@人鱼今天也很开心:转发微博",
        "uid": "2730045361/",
        "followers_count": "86",
        "statuses_count": "6149",
        "verified": 0,
        "user_created_at": "2012-04-20",
        "has_description": 1,
        "parent": "4526268471198912"
    },
    {
        "mid": "4527619389526837",
        "has_multimedia": 1,
        "comments_count": 0,
        "reposts_count": 0,
        "attitudes_count": 0,
        "t": "1594952043000",
        "text": "确实，我真的讨厌祖安//@栗久u: //@·一颗酸橘胖墩墩://@有生之年想见到醉月玄晶的酋长://@Audrey-淇奥:确实//@贵族兔纸饲养员:确实//@安澄茉姬:确实//@艾洛洛洛洛-紅騎士:真的，不知道傲个啥//@桜塚名月_: 确实//@贞劳斯 :确实//@zbw-老满满满 ://@小川菊花花 : //@人鱼今天也很开心 :转发微博",
        "uid": "1672599832/",
        "followers_count": "270",
        "statuses_count": "3883",
        "verified": 0,
        "user_created_at": "2013-08-19",
        "has_description": 1,
        "parent": "4526267988926792"
    },
    {
        "mid": "4526290646441582",
        "has_multimedia": 1,
        "comments_count": 39,
        "reposts_count": 152,
        "attitudes_count": 256,
        "t": "1594635247000",
        "text": "转发微博",
        "uid": "7295620105/",
        "followers_count": "86116",
        "statuses_count": "7848",
        "verified": 1,
        "user_created_at": "2019-08-29",
        "has_description": 1,
        "parent": "4526267708725119"
    },
    {
        "mid": "4526296124086039",
        "has_multimedia": 1,
        "comments_count": 0,
        "reposts_count": 20,
        "attitudes_count": 3,
        "t": "1594636553000",
        "text": "开始了开始了",
        "uid": "1748463072/",
        "followers_count": "70104",
        "statuses_count": "64116",
        "verified": 1,
        "user_created_at": "2010-05-30",
        "has_description": 1,
        "parent": "4526290646441582"
    },
    {
        "mid": "4526399077705819",
        "has_multimedia": 1,
        "comments_count": 0,
        "reposts_count": 0,
        "attitudes_count": 0,
        "t": "1594661099000",
        "text": "//@岚陵萧萧声EX://@大夫_Photography:开始了开始了",
        "uid": "1362691123/",
        "followers_count": "757",
        "statuses_count": "25548",
        "verified": 1,
        "user_created_at": "2010-04-06",
        "has_description": 1,
        "parent": "4526296124086039"
    },
    {
        "mid": "4526351288414210",
        "has_multimedia": 1,
        "comments_count": 0,
        "reposts_count": 0,
        "attitudes_count": 0,
        "t": "1594649704000",
        "text": "//@岚陵萧萧声EX: //@大夫_Photography:开始了开始了",
        "uid": "2756461512/",
        "followers_count": "614",
        "statuses_count": "3664",
        "verified": 0,
        "user_created_at": "2012-04-12",
        "has_description": 1,
        "parent": "4526296124086039"
    },
    {
        "mid": "4526338076498357",
        "has_multimedia": 1,
        "comments_count": 0,
        "reposts_count": 0,
        "attitudes_count": 0,
        "t": "1594646555000",
        "text": "//@岚陵萧萧声EX://@大夫_Photography:开始了开始了",
        "uid": "6306572652/",
        "followers_count": "116",
        "statuses_count": "6182",
        "verified": 0,
        "user_created_at": "2017-07-04",
        "has_description": 1,
        "parent": "4526296124086039"
    },
    {
        "mid": "4527977078988094",
        "has_multimedia": 1,
        "comments_count": 0,
        "reposts_count": 0,
        "attitudes_count": 0,
        "t": "1595037324000",
        "text": "骂人不奇葩，出口成脏才奇葩吧//@岚陵萧萧声EX://@大夫_Photography:开始了开始了",
        "uid": "3163894273/",
        "followers_count": "267",
        "statuses_count": "7349",
        "verified": 0,
        "user_created_at": "2012-12-04",
        "has_description": 1,
        "parent": "4526290646441582"
    },
    {
        "mid": "4527852437113472",
        "has_multimedia": 1,
        "comments_count": 0,
        "reposts_count": 0,
        "attitudes_count": 0,
        "t": "1595007606000",
        "text": "该//@二次元语录啵特:转发微博",
        "uid": "2679740660/",
        "followers_count": "121",
        "statuses_count": "7850",
        "verified": 0,
        "user_created_at": "2012-01-22",
        "has_description": 1,
        "parent": "4526290646441582"
    },
    {
        "mid": "4526595605792004",
        "has_multimedia": 1,
        "comments_count": 19,
        "reposts_count": 40,
        "attitudes_count": 85,
        "t": "1594707955000",
        "text": "早就该管了，就和封杀卢本伟原因一样，实际上以骂人为荣的文化在十多年前就有了，当时漫友那边就有一堆舔狗对满嘴喷脏的编辑崇拜的不得了“编辑大人骂人的样子好帅哦”~~当时还没有LOL，但这种文化已经有了。",
        "uid": "1080474995/",
        "followers_count": "145803",
        "statuses_count": "7034",
        "verified": 1,
        "user_created_at": "2010-01-20",
        "has_description": 1,
        "parent": "4526267708725119"
    },
    {
        "mid": "4527415998550064",
        "has_multimedia": 1,
        "comments_count": 0,
        "reposts_count": 0,
        "attitudes_count": 0,
        "t": "1594903552000",
        "text": "//@面具子-破碎面具:早就该管了，就和封杀卢本伟原因一样，实际上以骂人为荣的文化在十多年前就有了，当时漫友那边就有一堆舔狗对满嘴喷脏的编辑崇拜的不得了“编辑大人骂人的样子好帅哦”~~当时还没有LOL，但这种文化已经有了。",
        "uid": "6335130346/",
        "followers_count": "50",
        "statuses_count": "3880",
        "verified": 0,
        "user_created_at": "2017-08-02",
        "has_description": 1,
        "parent": "4526595605792004"
    },
    {
        "mid": "4526893142258124",
        "has_multimedia": 1,
        "comments_count": 0,
        "reposts_count": 0,
        "attitudes_count": 0,
        "t": "1594778892000",
        "text": "该管，真的是垃圾文化//@段雀鳝:完了，祖安卡卡西王雷得转型//@面具子-破碎面具:早就该管了，就和封杀卢本伟原因一样，实际上以骂人为荣的文化在十多年前就有了，当时漫友那边就有一堆舔狗对满嘴喷脏的编辑崇拜的不得了“编辑大人骂人的样子好帅哦”~~当时还没有LOL，但这种文化已经有了。",
        "uid": "5474605369/",
        "followers_count": "227",
        "statuses_count": "2011",
        "verified": 0,
        "user_created_at": "2015-01-12",
        "has_description": 1,
        "parent": "4526595605792004"
    },
    {
        "mid": "4526725050370150",
        "has_multimedia": 1,
        "comments_count": 21,
        "reposts_count": 15,
        "attitudes_count": 110,
        "t": "1594708140000",
        "text": "完了，祖安卡卡西王雷得转型//@面具子-破碎面具:早就该管了，就和封杀卢本伟原因一样，实际上以骂人为荣的文化在十多年前就有了，当时漫友那边就有一堆舔狗对满嘴喷脏的编辑崇拜的不得了“编辑大人骂人的样子好帅哦”~~当时还没有LOL，但这种文化已经有了。",
        "uid": "2767189115/",
        "followers_count": "243",
        "statuses_count": "4636",
        "verified": 0,
        "user_created_at": "2012-05-15",
        "has_description": 0,
        "parent": "4526595605792004"
    }
]