[
    {
        "mid": "4526284116596244",
        "has_multimedia": 1,
        "comments_count": 597,
        "reposts_count": 518,
        "attitudes_count": 5764,
        "t": "1594633690000",
        "text": "@THE9-许佳琪 应援会公益站默默援助南方洪灾昨天许佳琪的站姐默默捐了物资，今天许佳琪公益站默默开了捐款链。原来饭随爱豆是真的，温柔的人都在低调做好事。洪水无情人间有爱，感谢每一份善意之举~#和许佳琪一起做公益# ​​​​",
        "uid": "5327988911/",
        "followers_count": "3993122",
        "statuses_count": "5130",
        "verified": 1,
        "user_created_at": "2014-10-13",
        "has_description": 1,
        "parent": "0"
    },
    {
        "mid": "4527457090419092",
        "has_multimedia": 1,
        "comments_count": 0,
        "reposts_count": 0,
        "attitudes_count": 0,
        "t": "1594913349000",
        "text": "许佳琪啊",
        "uid": "5679552014/",
        "followers_count": "68",
        "statuses_count": "565",
        "verified": 0,
        "user_created_at": "2015-08-18",
        "has_description": 1,
        "parent": "4526284116596244"
    },
    {
        "mid": "4526588069674096",
        "has_multimedia": 1,
        "comments_count": 0,
        "reposts_count": 0,
        "attitudes_count": 0,
        "t": "1594706157000",
        "text": "许佳琪正能量",
        "uid": "5269839840/",
        "followers_count": "74",
        "statuses_count": "932",
        "verified": 0,
        "user_created_at": "2014-08-28",
        "has_description": 1,
        "parent": "4526284116596244"
    },
    {
        "mid": "4526583685746455",
        "has_multimedia": 1,
        "comments_count": 0,
        "reposts_count": 0,
        "attitudes_count": 0,
        "t": "1594705113000",
        "text": "#和许佳琪一起为公益助力#",
        "uid": "7110187465/",
        "followers_count": "14",
        "statuses_count": "3084",
        "verified": 0,
        "user_created_at": "2019-05-01",
        "has_description": 1,
        "parent": "4526284116596244"
    }
]