[
    {
        "mid": "4526268231801564",
        "has_multimedia": 1,
        "comments_count": 501,
        "reposts_count": 940,
        "attitudes_count": 1010,
        "t": "1594629902000",
        "text": "#外卖小哥唱哭毕业生#“但这一次你有了我，你爱什么来什么”这是外卖小哥的真情告白。《蓝色骑士》一句歌词一种感动，以后再在大马路上看到蓝色身影，会对他们肃然起敬 #饿了么云毕业聚会# ​​​​",
        "uid": "3250954391/",
        "followers_count": "8616722",
        "statuses_count": "4080",
        "verified": 1,
        "user_created_at": "2013-03-25",
        "has_description": 1,
        "parent": "0"
    },
    {
        "mid": "4527383892460007",
        "has_multimedia": 1,
        "comments_count": 0,
        "reposts_count": 0,
        "attitudes_count": 0,
        "t": "1594895896000",
        "text": "这首歌的歌词写得真太真实了，外卖小哥人都很不容易的。",
        "uid": "3936555892/",
        "followers_count": "39",
        "statuses_count": "206",
        "verified": 0,
        "user_created_at": "2013-12-08",
        "has_description": 0,
        "parent": "4526268231801564"
    },
    {
        "mid": "4527293831331858",
        "has_multimedia": 1,
        "comments_count": 0,
        "reposts_count": 0,
        "attitudes_count": 0,
        "t": "1594874425000",
        "text": "转发微博",
        "uid": "5223206879/",
        "followers_count": "80",
        "statuses_count": "238",
        "verified": 0,
        "user_created_at": "2014-07-18",
        "has_description": 1,
        "parent": "4526268231801564"
    },
    {
        "mid": "4526958781767264",
        "has_multimedia": 1,
        "comments_count": 0,
        "reposts_count": 0,
        "attitudes_count": 0,
        "t": "1594794543000",
        "text": "这首歌的歌词写得真太真实了，外卖小哥人都很不容易的。",
        "uid": "1820612370/",
        "followers_count": "80",
        "statuses_count": "431",
        "verified": 0,
        "user_created_at": "2010-09-17",
        "has_description": 1,
        "parent": "4526268231801564"
    }
]