[
    {
        "mid": "4526269239034922",
        "has_multimedia": 1,
        "comments_count": 1210,
        "reposts_count": 1474,
        "attitudes_count": 17370,
        "t": "1594630142000",
        "text": "#网络信息内容生态治理# 13日，国家网信办发布关于开展2020“清朗”未成年人暑期网络环境专项整治的通知，提出重点整治诱导未成年人无底线追星、饭圈互撕等价值导向不良的信息和行为。饭圈互撕是如何吞噬了青少年群体的精力、危害青少年身心健康的？《半月谈》在今年年初推出了一篇深度调查文章，对亟待监管的“撕与黑”现象进行深入剖析，推荐一读。°撕与黑：起底“饭圈”职业黑粉产业",
        "uid": "2318265821/",
        "followers_count": "10849936",
        "statuses_count": "57178",
        "verified": 1,
        "has_description": 1,
        "parent": "0",
        "user_created_at": "2011-08-23"
    },
    {
        "mid": "4526276125349047",
        "has_multimedia": 1,
        "comments_count": 11,
        "reposts_count": 144,
        "attitudes_count": 193,
        "t": "1594631784000",
        "text": "#网络信息内容生态治理# 请加强监管力度，将措施执行到位。重拳出击打击网络职黑产业链问题，打击黑营销批皮引战问题，教唆未成年攻击国家机关，中央媒体，骚扰合法企业经营秩序等问题。共同维护网络清朗有序",
        "uid": "5707752353/",
        "followers_count": "17057",
        "statuses_count": "24379",
        "verified": 0,
        "user_created_at": "2015-09-21",
        "has_description": 1,
        "parent": "4526269239034922"
    },
    {
        "mid": "4526916747640296",
        "has_multimedia": 1,
        "comments_count": 0,
        "reposts_count": 0,
        "attitudes_count": 0,
        "t": "1594784521000",
        "text": "#网络信息内容生态治理# 请务必连根拔除网络黑色产业链！扼杀网络犯罪//@当挽雕弓射天狼:#网络信息内容生态治理# 请加强监管力度，将措施执行到位。重拳出击打击网络职黑产业链问题，打击黑营销批皮引战问题，教唆未成年攻击国家机关，中央媒体，骚扰合法企业经营秩序等问题。共同维护网络清朗有序",
        "uid": "1783564957/",
        "followers_count": "588",
        "statuses_count": "24005",
        "verified": 0,
        "user_created_at": "2010-07-24",
        "has_description": 1,
        "parent": "4526276125349047"
    },
    {
        "mid": "4526654909583788",
        "has_multimedia": 1,
        "comments_count": 0,
        "reposts_count": 0,
        "attitudes_count": 0,
        "t": "1594722093000",
        "text": "//@当挽雕弓射天狼:#网络信息内容生态治理# 请加强监管力度，将措施执行到位。重拳出击打击网络职黑产业链问题，打击黑营销批皮引战问题，教唆未成年攻击国家机关，中央媒体，骚扰合法企业经营秩序等问题。共同维护网络清朗有序",
        "uid": "5557117964/",
        "followers_count": "55",
        "statuses_count": "1808",
        "verified": 0,
        "user_created_at": "2015-03-14",
        "has_description": 1,
        "parent": "4526276125349047"
    },
    {
        "mid": "4526567978924919",
        "has_multimedia": 1,
        "comments_count": 0,
        "reposts_count": 0,
        "attitudes_count": 0,
        "t": "1594701368000",
        "text": "//@当挽雕弓射天狼:#网络信息内容生态治理# 请加强监管力度，将措施执行到位。重拳出击打击网络职黑产业链问题，打击黑营销批皮引战问题，教唆未成年攻击国家机关，中央媒体，骚扰合法企业经营秩序等问题。共同维护网络清朗有序",
        "uid": "6177400079/",
        "followers_count": "76",
        "statuses_count": "2647",
        "verified": 0,
        "user_created_at": "2017-03-15",
        "has_description": 0,
        "parent": "4526276125349047"
    },
    {
        "mid": "4527348319795336",
        "has_multimedia": 1,
        "comments_count": 0,
        "reposts_count": 0,
        "attitudes_count": 0,
        "t": "1594887416000",
        "text": "职黑和营销号清理一下吧。令人窒息的两大原因",
        "uid": "5393610259/",
        "followers_count": "144",
        "statuses_count": "999",
        "verified": 0,
        "user_created_at": "2014-12-25",
        "has_description": 1,
        "parent": "4526269239034922"
    }
]