[
    {
        "mid": "4526269684153995",
        "has_multimedia": 1,
        "comments_count": 544,
        "reposts_count": 87,
        "attitudes_count": 4699,
        "t": "1594630249000",
        "text": "下图都没有代言也没有授权纯属盗图侵权（好崩溃…真的不想每天都在为各种盗图侵权、假装冒充的事烦…还有很多没发出来，大家以后看到不要轻易相信。） ​​​​",
        "uid": "6224836870/",
        "followers_count": "1932697",
        "statuses_count": "3684",
        "verified": 1,
        "user_created_at": "2017-04-27",
        "has_description": 1,
        "parent": "0"
    },
    {
        "mid": "4526939542492473",
        "has_multimedia": 1,
        "comments_count": 0,
        "reposts_count": 0,
        "attitudes_count": 0,
        "t": "1594789956000",
        "text": "哈哈哈 快出圈了",
        "uid": "2350974043/",
        "followers_count": "49",
        "statuses_count": "54",
        "verified": 0,
        "user_created_at": "2011-09-09",
        "has_description": 1,
        "parent": "4526269684153995"
    },
    {
        "mid": "4526931897592307",
        "has_multimedia": 1,
        "comments_count": 0,
        "reposts_count": 0,
        "attitudes_count": 0,
        "t": "1594788133000",
        "text": "还是贱不贱啊这些人 主要还是沙梨太红惹！！！//@她向48122:对的 全网都有 但是好多人连沙梨和佳佳叫啥都不知道 甚至有的都不知道篱笆有两只猫//@deily彤:沙梨真的很红很红，我超多同学都用她做头像，但是知道名字的却很少",
        "uid": "6234994417/",
        "followers_count": "5",
        "statuses_count": "43",
        "verified": 0,
        "user_created_at": "2017-05-06",
        "has_description": 0,
        "parent": "4526269684153995"
    },
    {
        "mid": "4526918651190105",
        "has_multimedia": 1,
        "comments_count": 0,
        "reposts_count": 0,
        "attitudes_count": 0,
        "t": "1594784975000",
        "text": "现在不要脸的人真的太多了",
        "uid": "1214603247/",
        "followers_count": "828",
        "statuses_count": "12987",
        "verified": 1,
        "user_created_at": "2010-01-23",
        "has_description": 1,
        "parent": "4526269684153995"
    }
]