[
    {
        "mid": "4526269679950866",
        "has_multimedia": 1,
        "comments_count": 1931,
        "reposts_count": 2369,
        "attitudes_count": 29427,
        "t": "1594630248000",
        "text": "网信办重点整治未成年人无底线追星，饭圈互撕等价值导向不良的信息和行为 #网信办将整治饭圈不良行为# ​​​​",
        "uid": "2337348632/",
        "followers_count": "4472752",
        "statuses_count": "23199",
        "verified": 1,
        "user_created_at": "2011-08-24",
        "has_description": 1,
        "parent": "0"
    },
    {
        "mid": "4526270651784254",
        "has_multimedia": 1,
        "comments_count": 0,
        "reposts_count": 25,
        "attitudes_count": 6,
        "t": "1594630479000",
        "text": "gkdgkd先把db整改了吧",
        "uid": "6881911304/",
        "followers_count": "15826",
        "statuses_count": "8857",
        "verified": 0,
        "user_created_at": "2018-12-11",
        "has_description": 1,
        "parent": "4526269679950866"
    },
    {
        "mid": "4526697976349099",
        "has_multimedia": 1,
        "comments_count": 0,
        "reposts_count": 0,
        "attitudes_count": 0,
        "t": "1594732361000",
        "text": "//@神佑幺宝:gkdgkd先把db整改了吧",
        "uid": "5581404194/",
        "followers_count": "842",
        "statuses_count": "2444",
        "verified": 0,
        "user_created_at": "2015-04-07",
        "has_description": 1,
        "parent": "4526270651784254"
    },
    {
        "mid": "4526340717997773",
        "has_multimedia": 1,
        "comments_count": 0,
        "reposts_count": 0,
        "attitudes_count": 0,
        "t": "1594647184000",
        "text": "整完db再把引战yxh和黑站也给端了吧//@神佑幺宝:gkdgkd先把db整改了吧",
        "uid": "7346718226/",
        "followers_count": "108",
        "statuses_count": "1364",
        "verified": 0,
        "user_created_at": "2019-12-01",
        "has_description": 1,
        "parent": "4526270651784254"
    },
    {
        "mid": "4526320958460675",
        "has_multimedia": 1,
        "comments_count": 0,
        "reposts_count": 0,
        "attitudes_count": 0,
        "t": "1594642473000",
        "text": "//@神佑幺宝:gkdgkd先把db整改了吧",
        "uid": "6508850009/",
        "followers_count": "33",
        "statuses_count": "3163",
        "verified": 0,
        "user_created_at": "2018-03-17",
        "has_description": 1,
        "parent": "4526270651784254"
    },
    {
        "mid": "4527292824949503",
        "has_multimedia": 1,
        "comments_count": 0,
        "reposts_count": 0,
        "attitudes_count": 0,
        "t": "1594874185000",
        "text": "gkd//@仁俊的火锅:gkd",
        "uid": "6872005512/",
        "followers_count": "144",
        "statuses_count": "6205",
        "verified": 0,
        "user_created_at": "2018-12-02",
        "has_description": 1,
        "parent": "4526269679950866"
    },
    {
        "mid": "4527270180421673",
        "has_multimedia": 1,
        "comments_count": 0,
        "reposts_count": 0,
        "attitudes_count": 0,
        "t": "1594868785000",
        "text": "求求了！！赶紧管好未成年人吧…严重影响成年人的合法权益了！！",
        "uid": "1264908557/",
        "followers_count": "380",
        "statuses_count": "8721",
        "verified": 0,
        "user_created_at": "2010-06-28",
        "has_description": 0,
        "parent": "4526269679950866"
    }
]