[
    {
        "mid": "4526270827846378",
        "has_multimedia": 1,
        "comments_count": 537,
        "reposts_count": 186,
        "attitudes_count": 3915,
        "t": "1594630522000",
        "text": "我不认为拍视频的人有权利把视频发到网上来，我完全赞成蓝衣女孩捍卫自己的隐私权和肖像权。翻天台危险，你可以口头劝告，或者给物业打电话，让物业管理人员来处理，但没有权利拍视频还发到网上来，还指控蓝衣女孩有心机想要搞谋杀。说实话，这事儿首先是物业管理的问题，这种具有潜在危险性的地方，本就不该让孩子们有机会上来。",
        "uid": "1781866371/",
        "followers_count": "2246488",
        "statuses_count": "25445",
        "verified": 1,
        "user_created_at": "2010-07-22",
        "has_description": 1,
        "parent": "0"
    },
    {
        "mid": "4526281704059759",
        "has_multimedia": 1,
        "comments_count": 10,
        "reposts_count": 47,
        "attitudes_count": 120,
        "t": "1594633114000",
        "text": "//@单侧的轨道: 有时候网上的风向真的令我迷惑。一个四十岁男人因为房子被拆迁弄死二十多个人大家说你没经历他的痛苦没资格评论他，一个十来岁小姑娘因为站位问题网民分析她一定是杀人未遂说她是杀人犯（那两个小孩为什么不能是自己想站的靠边一点抢相机为啥不能是怕家长骂自己而一定是销毁证据？",
        "uid": "1230020301/",
        "followers_count": "118764",
        "statuses_count": "52925",
        "verified": 1,
        "user_created_at": "2010-05-04",
        "has_description": 1,
        "parent": "4526270827846378"
    },
    {
        "mid": "4526564765780839",
        "has_multimedia": 1,
        "comments_count": 10,
        "reposts_count": 47,
        "attitudes_count": 120,
        "t": "1594633080000",
        "text": "//@单侧的轨道: 有时候网上的风向真的令我迷惑。一个四十岁男人因为房子被拆迁弄死二十多个人大家说你没经历他的痛苦没资格评论他，一个十来岁小姑娘因为站位问题网民分析她一定是杀人未遂说她是杀人犯（那两个小孩为什么不能是自己想站的靠边一点抢相机为啥不能是怕家长骂自己而一定是销毁证据？",
        "uid": "2093504531/",
        "followers_count": "248",
        "statuses_count": "4852",
        "verified": 0,
        "user_created_at": "2011-04-18",
        "has_description": 0,
        "parent": "4526281704059759"
    },
    {
        "mid": "4526523518664320",
        "has_multimedia": 1,
        "comments_count": 10,
        "reposts_count": 47,
        "attitudes_count": 120,
        "t": "1594633080000",
        "text": "//@单侧的轨道: 有时候网上的风向真的令我迷惑。一个四十岁男人因为房子被拆迁弄死二十多个人大家说你没经历他的痛苦没资格评论他，一个十来岁小姑娘因为站位问题网民分析她一定是杀人未遂说她是杀人犯（那两个小孩为什么不能是自己想站的靠边一点抢相机为啥不能是怕家长骂自己而一定是销毁证据？",
        "uid": "5413598734/",
        "followers_count": "1868",
        "statuses_count": "9514",
        "verified": 1,
        "user_created_at": "2014-12-12",
        "has_description": 1,
        "parent": "4526281704059759"
    },
    {
        "mid": "4526484306354871",
        "has_multimedia": 1,
        "comments_count": 0,
        "reposts_count": 0,
        "attitudes_count": 0,
        "t": "1594681419000",
        "text": "//@罗赛迩://@单侧的轨道: 有时候网上的风向真的令我迷惑。一个四十岁男人因为房子被拆迁弄死二十多个人大家说你没经历他的痛苦没资格评论他，一个十来岁小姑娘因为站位问题网民分析她一定是杀人未遂说她是杀人犯（那两个小孩为什么不能是自己想站的靠边一点抢相机为啥不能是怕家长骂自己而一定是销毁",
        "uid": "6624063321/",
        "followers_count": "23",
        "statuses_count": "425",
        "verified": 0,
        "user_created_at": "2018-08-06",
        "has_description": 1,
        "parent": "4526281704059759"
    },
    {
        "mid": "4526275753329129",
        "has_multimedia": 1,
        "comments_count": 34,
        "reposts_count": 13,
        "attitudes_count": 90,
        "t": "1594631696000",
        "text": "十岁以上的孩子如果想去危险的地方耍酷，就和成年人想自杀一样，不是物业可以阻止的。",
        "uid": "1762645362/",
        "followers_count": "539637",
        "statuses_count": "36173",
        "verified": 1,
        "user_created_at": "2010-06-16",
        "has_description": 1,
        "parent": "4526270827846378"
    },
    {
        "mid": "4526372544564566",
        "has_multimedia": 1,
        "comments_count": 0,
        "reposts_count": 0,
        "attitudes_count": 0,
        "t": "1594654772000",
        "text": "这事儿应该找监护人吧，推到物业头上相当于碰瓷啊。//@宝树:十岁以上的孩子如果想去危险的地方耍酷，就和成年人想自杀一样，不是物业可以阻止的。",
        "uid": "1485033654/",
        "followers_count": "383",
        "statuses_count": "10791",
        "verified": 1,
        "user_created_at": "2010-12-05",
        "has_description": 1,
        "parent": "4526275753329129"
    },
    {
        "mid": "4526369142909850",
        "has_multimedia": 1,
        "comments_count": 0,
        "reposts_count": 0,
        "attitudes_count": 0,
        "t": "1594653961000",
        "text": "//@山山来吃00:公共环境，没有商用，没有打码的义务。",
        "uid": "3964717133/",
        "followers_count": "238",
        "statuses_count": "3392",
        "verified": 0,
        "user_created_at": "2014-01-03",
        "has_description": 0,
        "parent": "4526275753329129"
    },
    {
        "mid": "4526337745181906",
        "has_multimedia": 1,
        "comments_count": 3,
        "reposts_count": 0,
        "attitudes_count": 0,
        "t": "1594646476000",
        "text": "关键从头从尾，拍摄者就在臆测蓝衣服孩子的动机。比莫须有的罪名还可怕。随便拍个没前没后的视频，加一段曾电视剧热度的评论，就把一个孩子打为了杀人凶手。一堆人去谩骂。//@宝树:十岁以上的孩子如果想去危险的地方耍酷，就和成年人想自杀一样，不是物业可以阻止的。",
        "uid": "1929571812/",
        "followers_count": "1262",
        "statuses_count": "10376",
        "verified": 0,
        "user_created_at": "2011-02-13",
        "has_description": 0,
        "parent": "4526275753329129"
    },
    {
        "mid": "4527774029063584",
        "has_multimedia": 1,
        "comments_count": 0,
        "reposts_count": 0,
        "attitudes_count": 0,
        "t": "1594988913000",
        "text": "@单侧的轨道:有时候网上的风向真的令我迷惑。一个四十岁男人因为不属于自己房子被拆迁弄死二十多个人大家说你没经历他的痛苦没资格评论他，一个十来岁小姑娘因为站位问题网民分析她一定是杀人未遂说她是杀人犯（那两个小孩为什么不能是自己想站的靠边一点抢相机为啥不能是怕家长骂自己而是销毁证据",
        "uid": "1851970984/",
        "followers_count": "498",
        "statuses_count": "8835",
        "verified": 0,
        "user_created_at": "2010-10-13",
        "has_description": 1,
        "parent": "4526270827846378"
    }
]