[
    {
        "mid": "4526271230477732",
        "has_multimedia": 1,
        "comments_count": 486,
        "reposts_count": 1023,
        "attitudes_count": 6701,
        "t": "1594630618000",
        "text": "【雨过天晴！#浙江新安江水库泄洪现彩虹#持续近3小时】13日7时许，浙江省建德市紫金一桥附近的江面上，新安江水库泄洪激起的水雾，与久违的阳光一道勾画出美丽的彩虹，持续时长近3小时。因近日上游安徽黄山的连续暴雨，导致千岛湖水位上涨较快，7日10时，该水库开启3孔泄洪，并于8日9时逐步增至9孔，为建成以来首度正式开启全部9孔泄洪。（钱晨菲 胡徐峰）@中新视频 L中新视频的秒拍视频",
        "uid": "1784473157/",
        "followers_count": "67412842",
        "statuses_count": "145803",
        "verified": 1,
        "has_description": 1,
        "parent": "0",
        "user_created_at": "2010-07-26"
    },
    {
        "mid": "4527594311778773",
        "has_multimedia": 1,
        "comments_count": 0,
        "reposts_count": 0,
        "attitudes_count": 0,
        "t": "1594946064000",
        "text": "好漂亮啊！//@小小更回来了:",
        "uid": "6215656156/",
        "followers_count": "129",
        "statuses_count": "467",
        "verified": 0,
        "user_created_at": "2017-04-21",
        "has_description": 1,
        "parent": "4526271230477732"
    },
    {
        "mid": "4527437118183833",
        "has_multimedia": 1,
        "comments_count": 0,
        "reposts_count": 0,
        "attitudes_count": 0,
        "t": "1594908587000",
        "text": "祝我科二过过过",
        "uid": "7067627428/",
        "followers_count": "2",
        "statuses_count": "49",
        "verified": 0,
        "user_created_at": "2019-04-06",
        "has_description": 0,
        "parent": "4526271230477732"
    },
    {
        "mid": "4527431664800767",
        "has_multimedia": 1,
        "comments_count": 0,
        "reposts_count": 0,
        "attitudes_count": 0,
        "t": "1594907287000",
        "text": "繼身為國人，何其有幸又ㄧ力作",
        "uid": "7431489346/",
        "followers_count": "2",
        "statuses_count": "96",
        "verified": 0,
        "user_created_at": "2020-04-06",
        "has_description": 0,
        "parent": "4526271230477732"
    }
]