[
    {
        "mid": "4526288419161915",
        "has_multimedia": 1,
        "comments_count": 968,
        "reposts_count": 332,
        "attitudes_count": 8029,
        "t": "1594634715000",
        "text": "#许可馨# 东京大学声明一出，许可馨立即为梁艳萍站台 ​​​​",
        "uid": "1647486362/",
        "followers_count": "2274917",
        "statuses_count": "31852",
        "verified": 1,
        "user_created_at": "2009-09-15",
        "has_description": 1,
        "parent": "0"
    },
    {
        "mid": "4526307083562384",
        "has_multimedia": 1,
        "comments_count": 7,
        "reposts_count": 36,
        "attitudes_count": 33,
        "t": "1594639165000",
        "text": "许州就这么放任一个辣鸡败坏自己的名声？",
        "uid": "5119844827/",
        "followers_count": "145998",
        "statuses_count": "39629",
        "verified": 1,
        "user_created_at": "2014-04-23",
        "has_description": 1,
        "parent": "4526288419161915"
    },
    {
        "mid": "4527012201205382",
        "has_multimedia": 1,
        "comments_count": 1,
        "reposts_count": 1,
        "attitudes_count": 2,
        "t": "1594807279000",
        "text": "许家的淫威//@一个院长的思考:许州的事情，咋没下文了？//@枪-和玫瑰:许州就这么放任一个辣鸡败坏自己的名声？",
        "uid": "2850814387/",
        "followers_count": "9560",
        "statuses_count": "53678",
        "verified": 1,
        "user_created_at": "2012-08-26",
        "has_description": 1,
        "parent": "4526307083562384"
    },
    {
        "mid": "4526568540170160",
        "has_multimedia": 1,
        "comments_count": 8,
        "reposts_count": 16,
        "attitudes_count": 45,
        "t": "1594648860000",
        "text": "许州的事情，咋没下文了？//@枪-和玫瑰:许州就这么放任一个辣鸡败坏自己的名声？",
        "uid": "1958208725/",
        "followers_count": "564",
        "statuses_count": "21771",
        "verified": 0,
        "user_created_at": "2011-02-09",
        "has_description": 1,
        "parent": "4526307083562384"
    },
    {
        "mid": "4526524483557288",
        "has_multimedia": 1,
        "comments_count": 0,
        "reposts_count": 1,
        "attitudes_count": 1,
        "t": "1594690998000",
        "text": "怪了，居然还没处理//@枪-和玫瑰:许州就这么放任一个辣鸡败坏自己的名声？",
        "uid": "2318599142/",
        "followers_count": "3134",
        "statuses_count": "15884",
        "verified": 1,
        "user_created_at": "2011-08-18",
        "has_description": 1,
        "parent": "4526307083562384"
    },
    {
        "mid": "4527223187704320",
        "has_multimedia": 1,
        "comments_count": 0,
        "reposts_count": 0,
        "attitudes_count": 0,
        "t": "1594857582000",
        "text": "使命是？",
        "uid": "2301289712/",
        "followers_count": "9",
        "statuses_count": "131",
        "verified": 0,
        "user_created_at": "2011-08-11",
        "has_description": 1,
        "parent": "4526288419161915"
    },
    {
        "mid": "4527086373709455",
        "has_multimedia": 1,
        "comments_count": 0,
        "reposts_count": 0,
        "attitudes_count": 0,
        "t": "1594824962000",
        "text": "//@千年河东: 许家的淫威//@一个院长的思考:许州的事情，咋没下文了？//@枪-和玫瑰:许州就这么放任一个辣鸡败坏自己的名声？",
        "uid": "3313324673/",
        "followers_count": "1214",
        "statuses_count": "3008",
        "verified": 0,
        "user_created_at": "2013-06-20",
        "has_description": 0,
        "parent": "4526288419161915"
    }
]