[
    {
        "mid": "4526288876387234",
        "has_multimedia": 1,
        "comments_count": 884,
        "reposts_count": 93,
        "attitudes_count": 3700,
        "t": "1594634825000",
        "text": "置顶\n                                                                                                                        今天坐重庆6号线，2个年轻人本来坐得好好的，但是女生突然的一个举动，让坐在旁边的阿姨立马躲得远远的，而那2人却浑然不在意。在地铁上，一对好像是情侣的在玩着手机，但接下来，女孩一个举动吸引到了大家的目光，女孩把腿放到了男生的腿上，丝毫不在意旁人的目光，依然在那里有说有笑。旁边一个阿姨本来是挨着他们坐得，这时她选择了离得远远的。公共场合并不是私密空间，不能肆无忌惮想做什么就做什么，可能在她们来看，这就是一件很平凡的事情了，甚至压根不叫事情，但公共场所的一举一动，不但体现出一个人的文明程度，也代表着一个城市的文明形象。因而，我们应学会换位思考，在公共场合注意自己的一言一行，做为城市一员，我们有责任维护好城市的文明形象。如果有外地来旅游的，或者国外友人，看到这一幕会是什么想法。可能有很多年轻人会反驳，说人家怎么做是人家的自由，我们没有权利去管。纵然，现在的年轻人开放了很多的，但是公共场合还是需要注意一下的。不知道大家对这种行为有什么看法？#乐居重庆# 2重庆",
        "uid": "5795213192/",
        "followers_count": "2023992",
        "statuses_count": "15658",
        "verified": 1,
        "user_created_at": "2015-12-15",
        "has_description": 1,
        "parent": "0"
    },
    {
        "mid": "4527617053303517",
        "has_multimedia": 1,
        "comments_count": 0,
        "reposts_count": 0,
        "attitudes_count": 0,
        "t": "1594951487000",
        "text": "转发微博",
        "uid": "7479124786/",
        "followers_count": "1",
        "statuses_count": "3",
        "verified": 0,
        "user_created_at": "2020-07-10",
        "has_description": 0,
        "parent": "4526288876387234"
    }
]