[
    {
        "mid": "4526290205435999",
        "has_multimedia": 1,
        "comments_count": 2086,
        "reposts_count": 5374,
        "attitudes_count": 7359,
        "t": "1594635142000",
        "text": "王俊凯超话#跟着王俊凯益起来##安徽歙县洪水退去居民上街清淤# 【防汛抗洪物资捐赠进度反馈3-安徽歙县】灾难面前伸援手，大爱捐赠暖人心。目前部分善款购买的一百箱@蒙牛早餐奶 （16瓶*100） 、一百箱@纯悦CHUNYUE 纯净水（24瓶*100）已经发往安徽省黄山市歙县，由当地文明办接收，将分发给当地参加灾后清淤重建的工作人员，感谢大家为防汛救灾贡献的每一份力量，饭随爱豆，我们与正能量榜样@TFBOYS-王俊凯 益起来！@歙县发布 @歙县文明传播 K流星 (Live)-TFBOYS-王俊凯",
        "uid": "5936621965/",
        "followers_count": "594864",
        "statuses_count": "6196",
        "verified": 1,
        "user_created_at": "2016-05-20",
        "has_description": 1,
        "parent": "0"
    },
    {
        "mid": "4526296896662160",
        "has_multimedia": 1,
        "comments_count": 228,
        "reposts_count": 788,
        "attitudes_count": 1589,
        "t": "1594636736000",
        "text": "#跟着王俊凯益起来#  王俊凯超话众志成城，共抗灾难，相信一切都会好起来，跟随正能量偶像@TFBOYS-王俊凯 的脚步，让爱心之火生生不息！",
        "uid": "3083672802/",
        "followers_count": "2671784",
        "statuses_count": "42530",
        "verified": 1,
        "has_description": 1,
        "parent": "4526290205435999",
        "user_created_at": "2012-12-14"
    },
    {
        "mid": "4527262278621112",
        "has_multimedia": 1,
        "comments_count": 0,
        "reposts_count": 0,
        "attitudes_count": 0,
        "t": "1594866902000",
        "text": "//@王俊凯微吧:#跟着王俊凯益起来#  王俊凯超话众志成城，共抗灾难，相信一切都会好起来，跟随正能量偶像@TFBOYS-王俊凯 的脚步，让爱心之火生生不息！",
        "uid": "1786381322/",
        "followers_count": "160",
        "statuses_count": "21498",
        "verified": 0,
        "user_created_at": "2010-11-05",
        "has_description": 1,
        "parent": "4526296896662160"
    },
    {
        "mid": "4527257340878439",
        "has_multimedia": 1,
        "comments_count": 0,
        "reposts_count": 1,
        "attitudes_count": 0,
        "t": "1594863420000",
        "text": "//@王俊凯微吧:#跟着王俊凯益起来#  #王俊凯[超话]#众志成城，共抗灾难，相信一切都会好起来，跟随正能量偶像@TFBOYS-王俊凯 的脚步，让爱心之火生生不息！",
        "uid": "6887623248/",
        "followers_count": "336",
        "statuses_count": "14222",
        "verified": 0,
        "user_created_at": "2018-12-16",
        "has_description": 1,
        "parent": "4526296896662160"
    },
    {
        "mid": "4527256145756611",
        "has_multimedia": 1,
        "comments_count": 0,
        "reposts_count": 0,
        "attitudes_count": 0,
        "t": "1594865439000",
        "text": "//@王俊凯微吧:#跟着王俊凯益起来#  王俊凯超话众志成城，共抗灾难，相信一切都会好起来，跟随正能量偶像@TFBOYS-王俊凯 的脚步，让爱心之火生生不息！",
        "uid": "5017124703/",
        "followers_count": "494",
        "statuses_count": "42209",
        "verified": 0,
        "user_created_at": "2014-01-30",
        "has_description": 1,
        "parent": "4526296896662160"
    },
    {
        "mid": "4526301996678089",
        "has_multimedia": 1,
        "comments_count": 67,
        "reposts_count": 522,
        "attitudes_count": 246,
        "t": "1594637953000",
        "text": "#跟着王俊凯益起来# 王俊凯超话为抗洪救灾贡献自己的一份力量 跟着正能量偶像@TFBOYS-王俊凯 益起来",
        "uid": "2627995813/",
        "followers_count": "946885",
        "statuses_count": "122159",
        "verified": 1,
        "user_created_at": "2012-02-23",
        "has_description": 1,
        "parent": "4526290205435999"
    },
    {
        "mid": "4526377455961328",
        "has_multimedia": 1,
        "comments_count": 2,
        "reposts_count": 38,
        "attitudes_count": 39,
        "t": "1594655943000",
        "text": "真的好感动昂 联盟超棒👍//@凯撒蓝护卫队:#跟着王俊凯益起来# 王俊凯超话为抗洪救灾贡献自己的一份力量 跟着正能量偶像@TFBOYS-王俊凯 益起来",
        "uid": "2004588404/",
        "followers_count": "177894",
        "statuses_count": "62750",
        "verified": 1,
        "user_created_at": "2011-05-18",
        "has_description": 1,
        "parent": "4526301996678089"
    },
    {
        "mid": "4526777257026247",
        "has_multimedia": 1,
        "comments_count": 0,
        "reposts_count": 0,
        "attitudes_count": 0,
        "t": "1594751264000",
        "text": "偶像的力量//@奶酷小夏天:真的好感动昂 联盟超棒👍//@凯撒蓝护卫队:#跟着王俊凯益起来# 王俊凯超话为抗洪救灾贡献自己的一份力量 跟着正能量偶像@TFBOYS-王俊凯 益起来",
        "uid": "5977881249/",
        "followers_count": "22",
        "statuses_count": "172",
        "verified": 0,
        "user_created_at": "2016-07-08",
        "has_description": 1,
        "parent": "4526377455961328"
    },
    {
        "mid": "4526700300830796",
        "has_multimedia": 1,
        "comments_count": 0,
        "reposts_count": 0,
        "attitudes_count": 0,
        "t": "1594732915000",
        "text": "好棒好棒//@奶酷小夏天:真的好感动昂 联盟超棒👍//@凯撒蓝护卫队:#跟着王俊凯益起来# 王俊凯超话为抗洪救灾贡献自己的一份力量 跟着正能量偶像@TFBOYS-王俊凯 益起来",
        "uid": "6587793683/",
        "followers_count": "173",
        "statuses_count": "8846",
        "verified": 0,
        "user_created_at": "2018-06-30",
        "has_description": 1,
        "parent": "4526377455961328"
    },
    {
        "mid": "4526643403670245",
        "has_multimedia": 1,
        "comments_count": 2,
        "reposts_count": 38,
        "attitudes_count": 39,
        "t": "1594655940000",
        "text": "真的好感动昂 联盟超棒👍//@凯撒蓝护卫队:#跟着王俊凯益起来# #王俊凯[超话]#为抗洪救灾贡献自己的一份力量 跟着正能量偶像@TFBOYS-王俊凯 益起来",
        "uid": "5073078978/",
        "followers_count": "319",
        "statuses_count": "20843",
        "verified": 0,
        "user_created_at": "2014-03-16",
        "has_description": 1,
        "parent": "4526377455961328"
    },
    {
        "mid": "4527247753748678",
        "has_multimedia": 1,
        "comments_count": 0,
        "reposts_count": 0,
        "attitudes_count": 0,
        "t": "1594863439000",
        "text": "//@凯撒蓝护卫队:#跟着王俊凯益起来# 王俊凯超话为抗洪救灾贡献自己的一份力量 跟着正能量偶像@TFBOYS-王俊凯 益起来",
        "uid": "6373594053/",
        "followers_count": "1051",
        "statuses_count": "16658",
        "verified": 1,
        "user_created_at": "2017-09-28",
        "has_description": 1,
        "parent": "4526301996678089"
    },
    {
        "mid": "4526997810024083",
        "has_multimedia": 1,
        "comments_count": 67,
        "reposts_count": 522,
        "attitudes_count": 246,
        "t": "1594637940000",
        "text": "#跟着王俊凯益起来# #王俊凯[超话]#为抗洪救灾贡献自己的一份力量 跟着正能量偶像@TFBOYS-王俊凯 益起来",
        "uid": "6906754186/",
        "followers_count": "73",
        "statuses_count": "12008",
        "verified": 0,
        "user_created_at": "2018-12-30",
        "has_description": 1,
        "parent": "4526301996678089"
    },
    {
        "mid": "4526293611442572",
        "has_multimedia": 1,
        "comments_count": 82,
        "reposts_count": 225,
        "attitudes_count": 282,
        "t": "1594635953000",
        "text": "感谢！",
        "uid": "2853020690/",
        "followers_count": "229",
        "statuses_count": "1013",
        "verified": 1,
        "has_description": 1,
        "parent": "4526290205435999",
        "user_created_at": "2012-06-27"
    },
    {
        "mid": "4526295528439030",
        "has_multimedia": 1,
        "comments_count": 20,
        "reposts_count": 101,
        "attitudes_count": 106,
        "t": "1594636411000",
        "text": "王俊凯超话 #跟着王俊凯益起来# #25x王俊凯#  洪水无情人有义，一方有难八方支援，此刻我们心连心，共渡难关～//@歙县文明传播:感谢！",
        "uid": "5936621965/",
        "followers_count": "594865",
        "statuses_count": "6196",
        "verified": 1,
        "user_created_at": "2016-05-20",
        "has_description": 1,
        "parent": "4526293611442572"
    },
    {
        "mid": "4527063640050613",
        "has_multimedia": 1,
        "comments_count": 0,
        "reposts_count": 0,
        "attitudes_count": 0,
        "t": "1594819543000",
        "text": "//@王俊凯全国地方站联盟:王俊凯超话 #跟着王俊凯益起来# #25x王俊凯#  洪水无情人有义，一方有难八方支援，此刻我们心连心，共渡难关～//@歙县文明传播:感谢！",
        "uid": "6195799314/",
        "followers_count": "36",
        "statuses_count": "5848",
        "verified": 0,
        "user_created_at": "2017-09-28",
        "has_description": 1,
        "parent": "4526295528439030"
    },
    {
        "mid": "4527060158777460",
        "has_multimedia": 1,
        "comments_count": 0,
        "reposts_count": 0,
        "attitudes_count": 0,
        "t": "1594818712000",
        "text": "//@王俊凯全国地方站联盟:王俊凯超话 #跟着王俊凯益起来# #25x王俊凯#  洪水无情人有义，一方有难八方支援，此刻我们心连心，共渡难关～//@歙县文明传播:感谢！",
        "uid": "5045509341/",
        "followers_count": "129",
        "statuses_count": "12852",
        "verified": 1,
        "user_created_at": "2014-02-21",
        "has_description": 1,
        "parent": "4526295528439030"
    },
    {
        "mid": "4526872307972879",
        "has_multimedia": 1,
        "comments_count": 20,
        "reposts_count": 101,
        "attitudes_count": 106,
        "t": "1594636380000",
        "text": "#王俊凯[超话]# #跟着王俊凯益起来# #25x王俊凯#  洪水无情人有义，一方有难八方支援，此刻我们心连心，共渡难关～//@歙县文明传播:感谢！",
        "uid": "7256836632/",
        "followers_count": "5",
        "statuses_count": "99",
        "verified": 0,
        "user_created_at": "2019-07-24",
        "has_description": 1,
        "parent": "4526295528439030"
    },
    {
        "mid": "4527227436532743",
        "has_multimedia": 1,
        "comments_count": 0,
        "reposts_count": 0,
        "attitudes_count": 0,
        "t": "1594858594000",
        "text": "//@王俊凯全国地方站联盟:王俊凯超话 #跟着王俊凯益起来# #25x王俊凯#  洪水无情人有义，一方有难八方支援，此刻我们心连心，共渡难关～//@歙县文明传播:感谢！",
        "uid": "3079790592/",
        "followers_count": "930",
        "statuses_count": "23793",
        "verified": 1,
        "user_created_at": "2013-01-04",
        "has_description": 1,
        "parent": "4526293611442572"
    },
    {
        "mid": "4527068941914302",
        "has_multimedia": 1,
        "comments_count": 0,
        "reposts_count": 0,
        "attitudes_count": 0,
        "t": "1594820807000",
        "text": "//@歙县文明传播:感谢！",
        "uid": "6218317246/",
        "followers_count": "149",
        "statuses_count": "5193",
        "verified": 0,
        "user_created_at": "2017-04-25",
        "has_description": 1,
        "parent": "4526293611442572"
    }
]