[
    {
        "mid": "4526275106583413",
        "has_multimedia": 1,
        "comments_count": 418,
        "reposts_count": 89,
        "attitudes_count": 3647,
        "t": "1594631542000",
        "text": "#网信办约谈学而思网校APP负责人#【#学而思网校APP存在低俗视频被约谈#】据中国网信网消息，近日，根据网民举报，国家网信办针对“学而思网校”APP存在低俗视频、教唆早恋内容等突出问题，指导北京市网信办会同属地教育主管部门，依法约谈网站负责人，责令限期整改，完善信息安全制度，加强内容审核，切实落实主体责任。“学而思网校”APP存低俗视频等，被约谈并责令整改。L中新经纬的微博视频",
        "uid": "1323527941/",
        "followers_count": "21268045",
        "statuses_count": "83921",
        "verified": 1,
        "has_description": 1,
        "parent": "0",
        "user_created_at": "2009-10-15"
    },
    {
        "mid": "4527451336085577",
        "has_multimedia": 1,
        "comments_count": 0,
        "reposts_count": 0,
        "attitudes_count": 1,
        "t": "1594911977000",
        "text": "上这么久的课我咋就没发现呢？？",
        "uid": "1002580672/",
        "followers_count": "246",
        "statuses_count": "4664",
        "verified": 1,
        "user_created_at": "2014-02-27",
        "has_description": 1,
        "parent": "4526275106583413"
    },
    {
        "mid": "4527374379001825",
        "has_multimedia": 1,
        "comments_count": 0,
        "reposts_count": 0,
        "attitudes_count": 0,
        "t": "1594893629000",
        "text": "转发微博",
        "uid": "2923160393/",
        "followers_count": "30",
        "statuses_count": "7",
        "verified": 0,
        "user_created_at": "2012-08-17",
        "has_description": 1,
        "parent": "4526275106583413"
    },
    {
        "mid": "4527302648269220",
        "has_multimedia": 1,
        "comments_count": 0,
        "reposts_count": 0,
        "attitudes_count": 0,
        "t": "1594876526000",
        "text": "转发微博",
        "uid": "1942064614/",
        "followers_count": "5038",
        "statuses_count": "2502",
        "verified": 1,
        "has_description": 1,
        "parent": "4526275106583413",
        "user_created_at": "2011-06-14"
    }
]