[
    {
        "mid": "4526292899513087",
        "has_multimedia": 1,
        "comments_count": 2838,
        "reposts_count": 2945,
        "attitudes_count": 12332,
        "t": "1594635784000",
        "text": "【#姜涛# 演员姜涛直播医闹，一个6w粉大V与438w粉大V的故事】7月12日，浙江金华。演员姜涛因家属入院治疗问题在医院与医护人员起冲突，该病人对是否要缝合伤口反复改变主意，姜涛便在护士台直播称医院服务不好，并且大声喧哗扰乱医院正常秩序。据悉，10日晚，一脚部受伤的病人入院，脚上小伤口，病人拒绝自缝，值班医生同意了。11日晚上，这位病人又变卦了，必须缝。可正值周末休息，病人却态度坚决，在家休息的医生只好赶到医院，可等急忙赶到医院时，病人又不缝了......病人的家属中有两个主播，其中一位是“大v”姜涛-我是路人甲 粉丝6w。这两位一再称自己是很大很大的某地名大V。他们“也说不出什么道理，也不说什么要求，只反复说医院服务不好。”然后大闹护士台还直播过程。护士长忍无可忍使出了杀手锏——把医院里的438万粉丝的大V@白衣山猫 老师请出山来一起直播！民警赶到后对姜涛等人进行了法制教育，姜大Ｖ马上认怂，并向护士们道了歉。（沸点视频） #我倡导分餐制# L范炜的微博视频",
        "uid": "1029374230/",
        "followers_count": "1994900",
        "statuses_count": "24517",
        "verified": 1,
        "user_created_at": "2010-05-21",
        "has_description": 1,
        "parent": "0"
    },
    {
        "mid": "4526556796467916",
        "has_multimedia": 1,
        "comments_count": 0,
        "reposts_count": 13,
        "attitudes_count": 0,
        "t": "1594698701000",
        "text": "//@曾曾鼓起泡腮:什么垃圾人啊！",
        "uid": "5607965071/",
        "followers_count": "76",
        "statuses_count": "2070",
        "verified": 0,
        "user_created_at": "2015-05-15",
        "has_description": 1,
        "parent": "4526292899513087"
    },
    {
        "mid": "4526610167936920",
        "has_multimedia": 1,
        "comments_count": 0,
        "reposts_count": 0,
        "attitudes_count": 0,
        "t": "1594711426000",
        "text": "//@月刊勇者KuMa君:有点草//@庄黛淳华:笑死我 //@ZeroTinaOxcv://@曾曾鼓起泡腮:什么垃圾人啊！",
        "uid": "2991694394/",
        "followers_count": "964",
        "statuses_count": "91399",
        "verified": 0,
        "user_created_at": "2012-09-06",
        "has_description": 1,
        "parent": "4526556796467916"
    },
    {
        "mid": "4526600837114645",
        "has_multimedia": 1,
        "comments_count": 0,
        "reposts_count": 0,
        "attitudes_count": 0,
        "t": "1594709201000",
        "text": "这俩憨批//@月刊勇者KuMa君: 有点草//@庄黛淳华:笑死我 //@ZeroTinaOxcv://@曾曾鼓起泡腮:什么垃圾人啊！",
        "uid": "5614055149/",
        "followers_count": "58",
        "statuses_count": "1260",
        "verified": 0,
        "user_created_at": "2015-05-22",
        "has_description": 1,
        "parent": "4526556796467916"
    },
    {
        "mid": "4526590257549833",
        "has_multimedia": 1,
        "comments_count": 0,
        "reposts_count": 0,
        "attitudes_count": 0,
        "t": "1594706680000",
        "text": "？？？？//@月刊勇者KuMa君:有点草//@庄黛淳华:笑死我 //@ZeroTinaOxcv://@曾曾鼓起泡腮:什么垃圾人啊！",
        "uid": "1915181697/",
        "followers_count": "268",
        "statuses_count": "7601",
        "verified": 0,
        "user_created_at": "2011-01-08",
        "has_description": 1,
        "parent": "4526556796467916"
    },
    {
        "mid": "4527234905542457",
        "has_multimedia": 1,
        "comments_count": 0,
        "reposts_count": 0,
        "attitudes_count": 0,
        "t": "1594860376000",
        "text": "小丑",
        "uid": "6446310250/",
        "followers_count": "480",
        "statuses_count": "746",
        "verified": 0,
        "user_created_at": "2017-12-29",
        "has_description": 1,
        "parent": "4526292899513087"
    },
    {
        "mid": "4527194070319718",
        "has_multimedia": 1,
        "comments_count": 0,
        "reposts_count": 0,
        "attitudes_count": 0,
        "t": "1594850640000",
        "text": "转发微博",
        "uid": "2059699633/",
        "followers_count": "32",
        "statuses_count": "2413",
        "verified": 0,
        "user_created_at": "2011-04-01",
        "has_description": 0,
        "parent": "4526292899513087"
    }
]