[
    {
        "mid": "4526294676697150",
        "has_multimedia": 1,
        "comments_count": 887,
        "reposts_count": 392,
        "attitudes_count": 3138,
        "t": "1594636208000",
        "text": "【蓄意报复社会者，一个都不能宽恕】有网友认为，安顺公交车司机报复社会不说“情有可原”，也是“事出有因”。但我们必须要说，对于司机生前境遇，我们可以讨论同类事件弥补和改进的空间；至于他“挥刀向更弱者”的行为，绝无哪怕亿万分之一的辩驳空间。无论存活于世是何等艰难、生活如何失意，都不构成向完全无关、无辜的弱势群体施暴的理由，否则这个社会将会崩塌。 人已非人，又何异于兽？ °【岛叔说】蓄意报复社会者，一个都不能宽恕",
        "uid": "5476386628/",
        "followers_count": "7880986",
        "statuses_count": "6130",
        "verified": 1,
        "has_description": 1,
        "parent": "0",
        "user_created_at": "2015-01-13"
    },
    {
        "mid": "4526314650694239",
        "has_multimedia": 1,
        "comments_count": 4,
        "reposts_count": 11,
        "attitudes_count": 14,
        "t": "1594640969000",
        "text": "他命都不要了还管什么人不人兽不兽的呀，大家平时小心点就是了。。。//@樊建川:转发微博",
        "uid": "1322308864/",
        "followers_count": "253789",
        "statuses_count": "93274",
        "verified": 1,
        "user_created_at": "2009-11-17",
        "has_description": 1,
        "parent": "4526294676697150"
    },
    {
        "mid": "4526377154707694",
        "has_multimedia": 1,
        "comments_count": 4,
        "reposts_count": 11,
        "attitudes_count": 14,
        "t": "1594640940000",
        "text": "他命都不要了还管什么人不人兽不兽的呀，大家平时小心点就是了。。。//@樊建川:转发微博",
        "uid": "2643236880/",
        "followers_count": "116",
        "statuses_count": "29223",
        "verified": 0,
        "user_created_at": "2012-02-28",
        "has_description": 1,
        "parent": "4526314650694239"
    },
    {
        "mid": "4526354114853932",
        "has_multimedia": 1,
        "comments_count": 0,
        "reposts_count": 0,
        "attitudes_count": 0,
        "t": "1594650379000",
        "text": "黑猫白猫，私心为大，尔虞我诈，弱肉强食，道德沦丧，禽兽不如，一条不归路//@李正曦Sissi: 他命都不要了还管什么人不人兽不兽的呀，大家平时小心点就是了。。。//@樊建川:转发微博",
        "uid": "1349267944/",
        "followers_count": "1114",
        "statuses_count": "5243",
        "verified": 0,
        "user_created_at": "2010-05-03",
        "has_description": 1,
        "parent": "4526314650694239"
    },
    {
        "mid": "4526352261464216",
        "has_multimedia": 1,
        "comments_count": 0,
        "reposts_count": 0,
        "attitudes_count": 0,
        "t": "1594649937000",
        "text": "//@aduing://@李正曦Sissi:他命都不要了还管什么人不人兽不兽的呀，大家平时小心点就是了。。。//@樊建川:转发微博",
        "uid": "1595949275/",
        "followers_count": "182",
        "statuses_count": "1206",
        "verified": 0,
        "user_created_at": "2012-01-15",
        "has_description": 1,
        "parent": "4526314650694239"
    },
    {
        "mid": "4527344846377287",
        "has_multimedia": 1,
        "comments_count": 0,
        "reposts_count": 0,
        "attitudes_count": 0,
        "t": "1594886588000",
        "text": "有谁问过他本人吗？",
        "uid": "5770390074/",
        "followers_count": "15",
        "statuses_count": "57",
        "verified": 0,
        "user_created_at": "2015-11-24",
        "has_description": 0,
        "parent": "4526294676697150"
    },
    {
        "mid": "4527330020041985",
        "has_multimedia": 1,
        "comments_count": 0,
        "reposts_count": 0,
        "attitudes_count": 0,
        "t": "1594883053000",
        "text": "评论精彩",
        "uid": "3029969603/",
        "followers_count": "79",
        "statuses_count": "222",
        "verified": 0,
        "user_created_at": "2012-12-27",
        "has_description": 0,
        "parent": "4526294676697150"
    }
]