[
    {
        "mid": "4526294928733606",
        "has_multimedia": 1,
        "comments_count": 641,
        "reposts_count": 221,
        "attitudes_count": 9064,
        "t": "1594636268000",
        "text": "【国家网信办：#严厉打击诱导未成年应援打榜#】13日，国信办发布关于开展2020“清朗”#未成年人暑期网络环境专项整治# 的通知，重点整治7方面问题：包括重点整治诱导未成年人无底线追星、饭圈互撕等价值导向不良的信息和行为；清理包含淫秽色情图片、文字的“腐文化”“二次元”动漫作品；排查处置渲染校园恋情、校园霸凌、拜金主义、封建迷信等导向不良的自制剧、网剧产品和用户上传内容。O国家网信办：严厉打击诱导未成年应援打榜",
        "uid": "2615417307/",
        "followers_count": "18878160",
        "statuses_count": "33062",
        "verified": 1,
        "has_description": 1,
        "parent": "0",
        "user_created_at": "2012-02-13"
    },
    {
        "mid": "4526345206124178",
        "has_multimedia": 1,
        "comments_count": 41,
        "reposts_count": 29,
        "attitudes_count": 420,
        "t": "1594648254000",
        "text": "国家网信办：#严厉打击诱导未成年应援打榜#",
        "uid": "1806128454/",
        "followers_count": "13086643",
        "statuses_count": "66993",
        "verified": 1,
        "has_description": 1,
        "parent": "4526294928733606",
        "user_created_at": "2010-09-03"
    },
    {
        "mid": "4526554137221735",
        "has_multimedia": 1,
        "comments_count": 0,
        "reposts_count": 0,
        "attitudes_count": 0,
        "t": "1594698068000",
        "text": "快管管吧，一看品牌或活动官微下的“统一”评论就烦//@凤凰网视频 :国家网信办：#严厉打击诱导未成年应援打榜#",
        "uid": "1929623380/",
        "followers_count": "41",
        "statuses_count": "8958",
        "verified": 0,
        "user_created_at": "2011-01-30",
        "has_description": 0,
        "parent": "4526345206124178"
    },
    {
        "mid": "4526533954246917",
        "has_multimedia": 1,
        "comments_count": 0,
        "reposts_count": 0,
        "attitudes_count": 0,
        "t": "1594693256000",
        "text": "#重点整治诱导未成年人无底线追星及饭圈互撕# 早就该整治了，艺人靠的就应该是自己的作品，而不是粉丝打榜，刷数据，应援，买代言冲销量，哦，还有粉丝捐款！那艺人干什么呢？演员就该好好演戏，靠作品磨练演技，歌手就该好好唱歌，靠作品磨练唱功！一切靠作品说话，而不是靠粉丝疯狂追星！",
        "uid": "7478052929/",
        "followers_count": "4",
        "statuses_count": "26",
        "verified": 0,
        "user_created_at": "2020-07-09",
        "has_description": 0,
        "parent": "4526345206124178"
    },
    {
        "mid": "4526527586852119",
        "has_multimedia": 1,
        "comments_count": 41,
        "reposts_count": 29,
        "attitudes_count": 420,
        "t": "1594648200000",
        "text": "国家网信办：#严厉打击诱导未成年应援打榜#",
        "uid": "2235167887/",
        "followers_count": "81",
        "statuses_count": "583",
        "verified": 0,
        "user_created_at": "2011-07-09",
        "has_description": 0,
        "parent": "4526345206124178"
    },
    {
        "mid": "4527534445692037",
        "has_multimedia": 1,
        "comments_count": 41,
        "reposts_count": 29,
        "attitudes_count": 420,
        "t": "1594648200000",
        "text": "国家网信办：#严厉打击诱导未成年应援打榜#",
        "uid": "5657832136/",
        "followers_count": "51",
        "statuses_count": "1442",
        "verified": 0,
        "user_created_at": "2015-07-21",
        "has_description": 0,
        "parent": "4526294928733606"
    },
    {
        "mid": "4527266518538594",
        "has_multimedia": 1,
        "comments_count": 0,
        "reposts_count": 0,
        "attitudes_count": 0,
        "t": "1594867913000",
        "text": "转发微博",
        "uid": "6135302563/",
        "followers_count": "30",
        "statuses_count": "56",
        "verified": 0,
        "user_created_at": "2017-02-15",
        "has_description": 1,
        "parent": "4526294928733606"
    }
]