[
    {
        "mid": "4526295704913863",
        "has_multimedia": 1,
        "comments_count": 807,
        "reposts_count": 423,
        "attitudes_count": 5942,
        "t": "1594636452000",
        "text": "【#西安地铁回应外国人乘车不戴口罩#：将加大巡查力度】近日有网友爆料称，有两名外国男子从西安地铁一号线乘车到北大街转乘二号线，全程不戴口罩，地铁上的巡逻人员也没有做任何提示。对比前两天国人不扫健康码被喷辣椒水，不少网友怀疑区别对待。12日，西安地铁官博作出回复：曾进行过多次提示，以后将加大巡查力度。L搜狐千里眼的微博视频",
        "uid": "2028810631/",
        "followers_count": "31359024",
        "statuses_count": "65996",
        "verified": 1,
        "has_description": 1,
        "parent": "0",
        "user_created_at": "2012-01-01"
    },
    {
        "mid": "4526296070416385",
        "has_multimedia": 1,
        "comments_count": 46,
        "reposts_count": 15,
        "attitudes_count": 183,
        "t": "1594636540000",
        "text": "",
        "uid": "1548674942/",
        "followers_count": "1229863",
        "statuses_count": "34870",
        "verified": 1,
        "user_created_at": "2010-07-13",
        "has_description": 1,
        "parent": "4526295704913863"
    },
    {
        "mid": "4527039031292011",
        "has_multimedia": 1,
        "comments_count": 0,
        "reposts_count": 0,
        "attitudes_count": 0,
        "t": "1594813676000",
        "text": "呵//@逃离绿星策划部 ://@嘟嘟卡的狗哨 ://@無意气也 : //@越努力越自闭 :以后将加强巡查力度，不允许国人拍摄外国人不戴口罩画面",
        "uid": "2176459673/",
        "followers_count": "751",
        "statuses_count": "94411",
        "verified": 0,
        "user_created_at": "2011-06-13",
        "has_description": 1,
        "parent": "4526296070416385"
    },
    {
        "mid": "4527026712972030",
        "has_multimedia": 1,
        "comments_count": 0,
        "reposts_count": 1,
        "attitudes_count": 0,
        "t": "1594810738000",
        "text": "//@嘟嘟卡的狗哨://@無意气也: //@越努力越自闭:以后将加强巡查力度，不允许国人拍摄外国人不戴口罩画面",
        "uid": "5566940649/",
        "followers_count": "600",
        "statuses_count": "5581",
        "verified": 0,
        "user_created_at": "2015-03-22",
        "has_description": 1,
        "parent": "4526296070416385"
    },
    {
        "mid": "4527020635852167",
        "has_multimedia": 1,
        "comments_count": 1,
        "reposts_count": 2,
        "attitudes_count": 0,
        "t": "1594809290000",
        "text": "//@無意气也: //@越努力越自闭:以后将加强巡查力度，不允许国人拍摄外国人不戴口罩画面",
        "uid": "2737477131/",
        "followers_count": "963",
        "statuses_count": "19015",
        "verified": 0,
        "user_created_at": "2012-05-26",
        "has_description": 1,
        "parent": "4526296070416385"
    },
    {
        "mid": "4527371921657199",
        "has_multimedia": 1,
        "comments_count": 0,
        "reposts_count": 0,
        "attitudes_count": 0,
        "t": "1594893042000",
        "text": "转发微博",
        "uid": "2809369207/",
        "followers_count": "27",
        "statuses_count": "86",
        "verified": 0,
        "user_created_at": "2012-07-26",
        "has_description": 0,
        "parent": "4526295704913863"
    },
    {
        "mid": "4527347414336591",
        "has_multimedia": 1,
        "comments_count": 0,
        "reposts_count": 0,
        "attitudes_count": 0,
        "t": "1594887199000",
        "text": "老跪族了",
        "uid": "1837468393/",
        "followers_count": "365",
        "statuses_count": "11642",
        "verified": 0,
        "user_created_at": "2010-10-24",
        "has_description": 0,
        "parent": "4526295704913863"
    }
]