[
    {
        "mid": "4526295872014510",
        "has_multimedia": 1,
        "comments_count": 450,
        "reposts_count": 111,
        "attitudes_count": 4253,
        "t": "1594636493000",
        "text": "【“滚出超市！”澳大利亚华人夫妇遭白人女子追骂，无奈离开超市】在澳大利亚阿德莱德的一家超市内，一名白人女子无故辱骂华人夫妇，要求华人立刻滚出超市。超市工作人员闻讯赶来，华人称该女子非常咄咄逼人，所以使用录像来保护自己。工作人员了解情况后，对被骂华人道歉。与此同时，白人女子依然辱骂不停，华人女子劝男子别录了，离开现场。#外交部提醒近期谨慎前往澳大利亚# L暖夕酱的微博视频",
        "uid": "1442246695/",
        "followers_count": "2497062",
        "statuses_count": "33655",
        "verified": 1,
        "user_created_at": "2010-07-04",
        "has_description": 1,
        "parent": "0"
    },
    {
        "mid": "4526909466257352",
        "has_multimedia": 1,
        "comments_count": 0,
        "reposts_count": 0,
        "attitudes_count": 1,
        "t": "1594782784000",
        "text": "自已申请去哪里做下等人，不值得同情",
        "uid": "1821827352/",
        "followers_count": "97",
        "statuses_count": "156",
        "verified": 0,
        "user_created_at": "2010-09-18",
        "has_description": 1,
        "parent": "4526295872014510"
    },
    {
        "mid": "4526714896204447",
        "has_multimedia": 1,
        "comments_count": 0,
        "reposts_count": 0,
        "attitudes_count": 0,
        "t": "1594736395000",
        "text": "被绅士们说了。 哎。我觉得是华裔的错。你们自己啥地位不清楚吗",
        "uid": "1490050264/",
        "followers_count": "219",
        "statuses_count": "670",
        "verified": 0,
        "user_created_at": "2011-04-24",
        "has_description": 1,
        "parent": "4526295872014510"
    },
    {
        "mid": "4526711142251945",
        "has_multimedia": 1,
        "comments_count": 0,
        "reposts_count": 0,
        "attitudes_count": 1,
        "t": "1594735500000",
        "text": "为什么不游行呢 其实黄种人",
        "uid": "2683513680/",
        "followers_count": "1",
        "statuses_count": "78",
        "verified": 0,
        "user_created_at": "2012-01-24",
        "has_description": 0,
        "parent": "4526295872014510"
    }
]