[
    {
        "mid": "4526297759374357",
        "has_multimedia": 1,
        "comments_count": 893,
        "reposts_count": 795,
        "attitudes_count": 8503,
        "t": "1594636943000",
        "text": "【暖心！#爷爷撑伞陪奶奶雨中锻炼#】近日，有网友分享了一段暖心视频。一位奶奶在健身器上锻炼身体，身旁的爷爷默默为奶奶撑着伞。爷爷站得笔直，手里的伞也拿得很稳，守护在奶奶身边，为她遮风挡雨。网友：简单的陪伴，却幸福美满！L未来网的微博视频 ​​​​",
        "uid": "2803301701/",
        "followers_count": "119804679",
        "statuses_count": "120563",
        "verified": 1,
        "has_description": 1,
        "parent": "0",
        "user_created_at": "2012-07-22"
    },
    {
        "mid": "4526322184057997",
        "has_multimedia": 1,
        "comments_count": 102,
        "reposts_count": 102,
        "attitudes_count": 0,
        "t": "1594642766000",
        "text": "暖心！",
        "uid": "3863881648/",
        "followers_count": "120114",
        "statuses_count": "357",
        "verified": 1,
        "user_created_at": "2013-10-19",
        "has_description": 1,
        "parent": "4526297759374357"
    },
    {
        "mid": "4526354421169389",
        "has_multimedia": 1,
        "comments_count": 0,
        "reposts_count": 0,
        "attitudes_count": 0,
        "t": "1594650452000",
        "text": "",
        "uid": "6851699658/",
        "followers_count": "5",
        "statuses_count": "121",
        "verified": 0,
        "user_created_at": "2018-11-14",
        "has_description": 1,
        "parent": "4526322184057997"
    },
    {
        "mid": "4527341474944611",
        "has_multimedia": 1,
        "comments_count": 0,
        "reposts_count": 0,
        "attitudes_count": 0,
        "t": "1594885784000",
        "text": "简单的陪伴，却幸福美满",
        "uid": "2126873533/",
        "followers_count": "1865",
        "statuses_count": "6371",
        "verified": 0,
        "user_created_at": "2011-05-10",
        "has_description": 1,
        "parent": "4526297759374357"
    },
    {
        "mid": "4527331366145834",
        "has_multimedia": 1,
        "comments_count": 0,
        "reposts_count": 0,
        "attitudes_count": 0,
        "t": "1594883373000",
        "text": "年轻的我更希望有人陪我一起淋雨☔️",
        "uid": "6280317986/",
        "followers_count": "62",
        "statuses_count": "17",
        "verified": 0,
        "user_created_at": "2017-06-13",
        "has_description": 1,
        "parent": "4526297759374357"
    }
]