[
    {
        "mid": "4526316281727098",
        "has_multimedia": 1,
        "comments_count": 17968,
        "reposts_count": 9971,
        "attitudes_count": 875144,
        "t": "1594641359000",
        "text": "【#遭熟人下药女顾客拒绝接受道歉#：回忆这段经历很后怕】7月13日，广东深圳，一女子发帖称水杯遭熟人下药后被好心店员所救。女子称，店员注意到男子在杯中放入粉末后，以帮忙续杯为由将水杯收走，作为证据保留。随后女子被店员私下告知，同时在其掩护下离开后报警。事后，该男子道歉并交代了“下药”的经过，希望能够得到原谅，但她表示不接受。此前#店长回应保护遭熟人下药女顾客#称，“这是我们应该做的”。°在餐厅吃饭遭男伴暗中“下药” 女子回应：这段... L封面新闻的微博视频",
        "uid": "1496814565/",
        "followers_count": "20658068",
        "statuses_count": "147103",
        "verified": 1,
        "has_description": 1,
        "parent": "0",
        "user_created_at": "2012-01-01"
    },
    {
        "mid": "4526520670519516",
        "has_multimedia": 1,
        "comments_count": 192,
        "reposts_count": 387,
        "attitudes_count": 4695,
        "t": "1594690089000",
        "text": "这男子辩称是给女友买的药，用来试效果，恶作剧，没别的想法。这是个研究透了强奸罪的人渣！",
        "uid": "1863735295/",
        "followers_count": "1977277",
        "statuses_count": "4398",
        "verified": 1,
        "user_created_at": "2010-11-18",
        "has_description": 1,
        "parent": "4526316281727098"
    },
    {
        "mid": "4526521216375233",
        "has_multimedia": 1,
        "comments_count": 0,
        "reposts_count": 32,
        "attitudes_count": 1,
        "t": "1594690219000",
        "text": "男人至死都是傻白甜，请女友注意了，你的贱男人要给下药强 奸你//@遇见吴杰臻: 这男子辩称是给女友买的迷药，用来试效果，恶作剧，没别的想法。这是个研究透了强奸罪的人渣！",
        "uid": "1628389152/",
        "followers_count": "33067",
        "statuses_count": "32990",
        "verified": 0,
        "user_created_at": "2009-09-22",
        "has_description": 1,
        "parent": "4526520670519516"
    },
    {
        "mid": "4526611372610812",
        "has_multimedia": 1,
        "comments_count": 0,
        "reposts_count": 16,
        "attitudes_count": 3,
        "t": "1594691100000",
        "text": "//@微宇初歇:男人至死都是傻白甜，请女友注意了，你的贱男人要给下药强 奸你//@遇见吴杰臻: 这男子辩称是给女友买的迷药，用来试效果，恶作剧，没别的想法。这是个研究透了强奸罪的人渣！",
        "uid": "1946879755/",
        "followers_count": "67",
        "statuses_count": "14378",
        "verified": 0,
        "user_created_at": "2011-02-02",
        "has_description": 1,
        "parent": "4526521216375233"
    },
    {
        "mid": "4526593097643075",
        "has_multimedia": 1,
        "comments_count": 0,
        "reposts_count": 0,
        "attitudes_count": 0,
        "t": "1594707357000",
        "text": "//@眼儿媚滴春://@微宇初歇:男人至死都是傻白甜，请女友注意了，你的贱男人要给下药强 奸你//@遇见吴杰臻: 这男子辩称是给女友买的迷药，用来试效果，恶作剧，没别的想法。这是个研究透了强奸罪的人渣！",
        "uid": "2703583460/",
        "followers_count": "135",
        "statuses_count": "9346",
        "verified": 0,
        "user_created_at": "2012-02-04",
        "has_description": 1,
        "parent": "4526521216375233"
    },
    {
        "mid": "4526563313369112",
        "has_multimedia": 1,
        "comments_count": 0,
        "reposts_count": 0,
        "attitudes_count": 0,
        "t": "1594700256000",
        "text": "//@眼儿媚滴春://@微宇初歇:男人至死都是傻白甜，请女友注意了，你的贱男人要给下药强 奸你//@遇见吴杰臻: 这男子辩称是给女友买的迷药，用来试效果，恶作剧，没别的想法。这是个研究透了强奸罪的人渣！",
        "uid": "3104656994/",
        "followers_count": "218",
        "statuses_count": "17386",
        "verified": 0,
        "user_created_at": "2013-01-03",
        "has_description": 0,
        "parent": "4526521216375233"
    },
    {
        "mid": "4526557727421794",
        "has_multimedia": 1,
        "comments_count": 0,
        "reposts_count": 0,
        "attitudes_count": 0,
        "t": "1594698924000",
        "text": "既然这么饥渴，就不能行行好，把他阉割了帮他解脱吗//@乔小袂:给女友买的迷药？？？//@微宇初歇 :男人至死都是傻白甜，请女友注意了，你的贱男人要给下药强 奸你//@遇见吴杰臻 : 这男子辩称是给女友买的迷药，用来试效果，恶作剧，没别的想法。这是个研究透了强奸罪的人渣！",
        "uid": "3011783537/",
        "followers_count": "831",
        "statuses_count": "18907",
        "verified": 0,
        "user_created_at": "2012-10-16",
        "has_description": 1,
        "parent": "4526521216375233"
    },
    {
        "mid": "4526552005978543",
        "has_multimedia": 1,
        "comments_count": 0,
        "reposts_count": 16,
        "attitudes_count": 3,
        "t": "1594691100000",
        "text": "//@微宇初歇:男人至死都是傻白甜，请女友注意了，你的贱男人要给下药强 奸你//@遇见吴杰臻: 这男子辩称是给女友买的迷药，用来试效果，恶作剧，没别的想法。这是个研究透了强奸罪的人渣！",
        "uid": "2080796585/",
        "followers_count": "257",
        "statuses_count": "5789",
        "verified": 0,
        "user_created_at": "2011-04-10",
        "has_description": 1,
        "parent": "4526521216375233"
    },
    {
        "mid": "4526547565066771",
        "has_multimedia": 1,
        "comments_count": 0,
        "reposts_count": 0,
        "attitudes_count": 0,
        "t": "1594696500000",
        "text": "//@眼儿媚滴春://@微宇初歇:男人至死都是傻白甜，请女友注意了，你的贱男人要给下药强 奸你//@遇见吴杰臻: 这男子辩称是给女友买的迷药，用来试效果，恶作剧，没别的想法。这是个研究透了强奸罪的人渣！",
        "uid": "2994538157/",
        "followers_count": "17",
        "statuses_count": "2742",
        "verified": 0,
        "user_created_at": "2012-10-11",
        "has_description": 1,
        "parent": "4526521216375233"
    },
    {
        "mid": "4526546376881098",
        "has_multimedia": 1,
        "comments_count": 0,
        "reposts_count": 0,
        "attitudes_count": 0,
        "t": "1594696218000",
        "text": "//@微宇初歇:男人至死都是傻白甜，请女友注意了，你的贱男人要给下药强 奸你//@遇见吴杰臻: 这男子辩称是给女友买的迷药，用来试效果，恶作剧，没别的想法。这是个研究透了强奸罪的人渣！",
        "uid": "1252060820/",
        "followers_count": "1054",
        "statuses_count": "33560",
        "verified": 0,
        "user_created_at": "2009-09-10",
        "has_description": 1,
        "parent": "4526521216375233"
    },
    {
        "mid": "4526543407470543",
        "has_multimedia": 1,
        "comments_count": 0,
        "reposts_count": 0,
        "attitudes_count": 0,
        "t": "1594695510000",
        "text": "//@眼儿媚滴春://@微宇初歇:男人至死都是傻白甜，请女友注意了，你的贱男人要给下药强 奸你//@遇见吴杰臻: 这男子辩称是给女友买的迷药，用来试效果，恶作剧，没别的想法。这是个研究透了强奸罪的人渣！",
        "uid": "3735405163/",
        "followers_count": "311",
        "statuses_count": "3369",
        "verified": 1,
        "user_created_at": "2013-08-21",
        "has_description": 1,
        "parent": "4526521216375233"
    },
    {
        "mid": "4526540073656152",
        "has_multimedia": 1,
        "comments_count": 2,
        "reposts_count": 0,
        "attitudes_count": 0,
        "t": "1594694715000",
        "text": "这tm都不抓起来？？？//@白粥唱晚://@眼儿媚滴春: //@微宇初歇:男人至死都是傻白甜，请女友注意了，你的贱男人要给下药强 奸你//@遇见吴杰臻: 这男子辩称是给女友买的迷药，用来试效果，恶作剧，没别的想法。这是个研究透了强奸罪的人渣！",
        "uid": "1725010007/",
        "followers_count": "1594",
        "statuses_count": "14497",
        "verified": 0,
        "user_created_at": "2010-04-04",
        "has_description": 1,
        "parent": "4526521216375233"
    },
    {
        "mid": "4526657186933417",
        "has_multimedia": 1,
        "comments_count": 0,
        "reposts_count": 0,
        "attitudes_count": 0,
        "t": "1594722636000",
        "text": "人渣//@遇见吴杰臻:这男子辩称是给女友买的药，用来试效果，恶作剧，没别的想法。这是个研究透了强奸罪的人渣！",
        "uid": "1813920003/",
        "followers_count": "81",
        "statuses_count": "3210",
        "verified": 0,
        "user_created_at": "2010-09-07",
        "has_description": 0,
        "parent": "4526520670519516"
    },
    {
        "mid": "4526656696718103",
        "has_multimedia": 1,
        "comments_count": 192,
        "reposts_count": 387,
        "attitudes_count": 4712,
        "t": "1594690080000",
        "text": "这男子辩称是给女友买的药，用来试效果，恶作剧，没别的想法。这是个研究透了强奸罪的人渣！",
        "uid": "3231952622/",
        "followers_count": "118",
        "statuses_count": "1584",
        "verified": 0,
        "user_created_at": "2013-04-11",
        "has_description": 1,
        "parent": "4526520670519516"
    },
    {
        "mid": "4526655735090517",
        "has_multimedia": 1,
        "comments_count": 0,
        "reposts_count": 0,
        "attitudes_count": 0,
        "t": "1594722291000",
        "text": "道歉有用，要警察干嘛真要道歉，先把自己阉掉以示诚意//@遇见吴杰臻:这男子辩称是给女友买的药，用来试效果，恶作剧，没别的想法。这是个研究透了强奸罪的人渣！",
        "uid": "5332087347/",
        "followers_count": "163",
        "statuses_count": "4198",
        "verified": 0,
        "user_created_at": "2014-10-15",
        "has_description": 1,
        "parent": "4526520670519516"
    },
    {
        "mid": "4526654968729460",
        "has_multimedia": 1,
        "comments_count": 0,
        "reposts_count": 0,
        "attitudes_count": 0,
        "t": "1594722108000",
        "text": "//@遇见吴杰臻:这男子辩称是给女友买的药，用来试效果，恶作剧，没别的想法。这是个研究透了强奸罪的人渣！",
        "uid": "2769984061/",
        "followers_count": "204",
        "statuses_count": "2164",
        "verified": 0,
        "user_created_at": "2012-07-05",
        "has_description": 1,
        "parent": "4526520670519516"
    },
    {
        "mid": "4526653663977816",
        "has_multimedia": 1,
        "comments_count": 0,
        "reposts_count": 0,
        "attitudes_count": 0,
        "t": "1594721797000",
        "text": "所以在蝈蝻眼里女友和老婆是个什么身份还有人看不明白吗//@那生如书:给女友用就不算强奸//@遇见吴杰臻:这男子辩称是给女友买的药，用来试效果，恶作剧，没别的想法。这是个研究透了强奸罪的人渣！",
        "uid": "5072213901/",
        "followers_count": "631",
        "statuses_count": "22734",
        "verified": 0,
        "user_created_at": "2014-03-16",
        "has_description": 1,
        "parent": "4526520670519516"
    },
    {
        "mid": "4526653461964613",
        "has_multimedia": 1,
        "comments_count": 192,
        "reposts_count": 387,
        "attitudes_count": 4712,
        "t": "1594690080000",
        "text": "这男子辩称是给女友买的药，用来试效果，恶作剧，没别的想法。这是个研究透了强奸罪的人渣！",
        "uid": "2207052203/",
        "followers_count": "83",
        "statuses_count": "5122",
        "verified": 0,
        "user_created_at": "2011-06-29",
        "has_description": 1,
        "parent": "4526520670519516"
    },
    {
        "mid": "4526648358043703",
        "has_multimedia": 1,
        "comments_count": 0,
        "reposts_count": 0,
        "attitudes_count": 0,
        "t": "1594720531000",
        "text": "#中华男性魅力时间# //@那生如书:给女友用就不算强奸//@遇见吴杰臻:这男子辩称是给女友买的药，用来试效果，恶作剧，没别的想法。这是个研究透了强奸罪的人渣！",
        "uid": "5234522876/",
        "followers_count": "20",
        "statuses_count": "4760",
        "verified": 0,
        "user_created_at": "2014-07-27",
        "has_description": 1,
        "parent": "4526520670519516"
    },
    {
        "mid": "4526648052173939",
        "has_multimedia": 1,
        "comments_count": 0,
        "reposts_count": 0,
        "attitudes_count": 0,
        "t": "1594720459000",
        "text": "//@遇见吴杰臻:这男子辩称是给女友买的药，用来试效果，恶作剧，没别的想法。这是个研究透了强奸罪的人渣！",
        "uid": "1762097380/",
        "followers_count": "411",
        "statuses_count": "9557",
        "verified": 0,
        "user_created_at": "2010-06-14",
        "has_description": 1,
        "parent": "4526520670519516"
    },
    {
        "mid": "4526646356585101",
        "has_multimedia": 1,
        "comments_count": 0,
        "reposts_count": 0,
        "attitudes_count": 0,
        "t": "1594720055000",
        "text": "//@梁凉凉凉快://@遇见吴杰臻:这男子辩称是给女友买的药，用来试效果，恶作剧，没别的想法。这是个研究透了强奸罪的人渣！",
        "uid": "2917767727/",
        "followers_count": "268",
        "statuses_count": "2210",
        "verified": 0,
        "user_created_at": "2012-08-12",
        "has_description": 1,
        "parent": "4526520670519516"
    },
    {
        "mid": "4526645506054601",
        "has_multimedia": 1,
        "comments_count": 0,
        "reposts_count": 0,
        "attitudes_count": 0,
        "t": "1594719851000",
        "text": "艹//@那生如书:给女友用就不算强奸//@遇见吴杰臻:这男子辩称是给女友买的药，用来试效果，恶作剧，没别的想法。这是个研究透了强奸罪的人渣！",
        "uid": "3240149222/",
        "followers_count": "109",
        "statuses_count": "4103",
        "verified": 0,
        "user_created_at": "2013-04-02",
        "has_description": 1,
        "parent": "4526520670519516"
    },
    {
        "mid": "4526411815754984",
        "has_multimedia": 1,
        "comments_count": 14,
        "reposts_count": 128,
        "attitudes_count": 22,
        "t": "1594664136000",
        "text": "这个太恶劣了，但似乎不好定罪。#遭熟人下药女顾客拒绝接受道歉# #店长回应保护遭熟人下药女顾客#",
        "uid": "1149665262/",
        "followers_count": "2048571",
        "statuses_count": "48853",
        "verified": 1,
        "user_created_at": "2009-08-28",
        "has_description": 1,
        "parent": "4526316281727098"
    },
    {
        "mid": "4526655173162470",
        "has_multimedia": 1,
        "comments_count": 1,
        "reposts_count": 16,
        "attitudes_count": 1,
        "t": "1594716540000",
        "text": "//@于建嵘:可以定罪的。法律上“未遂”之规定。//@萧含12882:决不能接受道歉。必须严惩！//@鹅洲股虫:@人大代表 多关注一下，下次会议提议罪名。//@董藩:这个太恶劣了，但似乎不好定罪。",
        "uid": "7398368863/",
        "followers_count": "33",
        "statuses_count": "1862",
        "verified": 0,
        "user_created_at": "2020-02-24",
        "has_description": 0,
        "parent": "4526411815754984"
    },
    {
        "mid": "4526648349630007",
        "has_multimedia": 1,
        "comments_count": 0,
        "reposts_count": 0,
        "attitudes_count": 0,
        "t": "1594720529000",
        "text": "//@于建嵘:可以定罪的。法律上“未遂”之规定。//@萧含12882:决不能接受道歉。必须严惩！//@鹅洲股虫:@人大代表 多关注一下，下次会议提议罪名。//@董藩:这个太恶劣了，但似乎不好定罪。",
        "uid": "1885517572/",
        "followers_count": "833",
        "statuses_count": "33199",
        "verified": 0,
        "user_created_at": "2010-11-30",
        "has_description": 1,
        "parent": "4526411815754984"
    },
    {
        "mid": "4526642099462875",
        "has_multimedia": 1,
        "comments_count": 1,
        "reposts_count": 5,
        "attitudes_count": 0,
        "t": "1594717080000",
        "text": "//@潘金莲日记: //@张欧亚://@于建嵘:可以定罪的。法律上“未遂”之规定。//@萧含12882:决不能接受道歉。必须严惩！//@鹅洲股虫:@人大代表 多关注一下，下次会议提议罪名。//@董藩:这个太恶劣了，但似乎不好定罪。",
        "uid": "3145460113/",
        "followers_count": "286",
        "statuses_count": "15469",
        "verified": 0,
        "user_created_at": "2012-11-27",
        "has_description": 1,
        "parent": "4526411815754984"
    },
    {
        "mid": "4526639947555467",
        "has_multimedia": 1,
        "comments_count": 0,
        "reposts_count": 0,
        "attitudes_count": 0,
        "t": "1594718527000",
        "text": "//@张欧亚://@于建嵘:可以定罪的。法律上“未遂”之规定。//@萧含12882:决不能接受道歉。必须严惩！//@鹅洲股虫:@人大代表 多关注一下，下次会议提议罪名。//@董藩:这个太恶劣了，但似乎不好定罪。",
        "uid": "5602477682/",
        "followers_count": "69",
        "statuses_count": "327",
        "verified": 0,
        "user_created_at": "2015-05-26",
        "has_description": 1,
        "parent": "4526411815754984"
    },
    {
        "mid": "4526639368643090",
        "has_multimedia": 1,
        "comments_count": 1,
        "reposts_count": 5,
        "attitudes_count": 0,
        "t": "1594717080000",
        "text": "//@潘金莲日记: //@张欧亚://@于建嵘:可以定罪的。法律上“未遂”之规定。//@萧含12882:决不能接受道歉。必须严惩！//@鹅洲股虫:@人大代表 多关注一下，下次会议提议罪名。//@董藩:这个太恶劣了，但似乎不好定罪。",
        "uid": "1687128707/",
        "followers_count": "285",
        "statuses_count": "2695",
        "verified": 1,
        "has_description": 1,
        "parent": "4526411815754984",
        "user_created_at": "2010-02-26"
    },
    {
        "mid": "4526639335998281",
        "has_multimedia": 1,
        "comments_count": 2,
        "reposts_count": 11,
        "attitudes_count": 4,
        "t": "1594716960000",
        "text": "//@张欧亚://@于建嵘:可以定罪的。法律上“未遂”之规定。//@萧含12882:决不能接受道歉。必须严惩！//@鹅洲股虫:@人大代表 多关注一下，下次会议提议罪名。//@董藩:这个太恶劣了，但似乎不好定罪。",
        "uid": "1095219501/",
        "followers_count": "118",
        "statuses_count": "10287",
        "verified": 0,
        "user_created_at": "2012-05-25",
        "has_description": 1,
        "parent": "4526411815754984"
    },
    {
        "mid": "4526638849157092",
        "has_multimedia": 1,
        "comments_count": 0,
        "reposts_count": 0,
        "attitudes_count": 0,
        "t": "1594718264000",
        "text": "谁允许他道歉的，还没关起来？！危害公共安全//@潘金莲日记://@张欧亚://@于建嵘:可以定罪的。法律上“未遂”之规定。//@萧含12882:决不能接受道歉。必须严惩！//@鹅洲股虫:@人大代表 多关注一下，下次会议提议罪名。//@董藩:这个太恶劣了，但似乎不好定罪。",
        "uid": "1647730515/",
        "followers_count": "28",
        "statuses_count": "6673",
        "verified": 0,
        "user_created_at": "2009-09-16",
        "has_description": 0,
        "parent": "4526411815754984"
    },
    {
        "mid": "4526637078570842",
        "has_multimedia": 1,
        "comments_count": 2,
        "reposts_count": 0,
        "attitudes_count": 0,
        "t": "1594717842000",
        "text": "昨天剧本就写到一个情节，跟迷奸这个类似。我当时就让当事人的朋友说了：证据呢？你说他强奸未遂，主观故意呢？客观方面呢？就算立案，八成还是放了！/@于建嵘:可以定罪的。法律上“未遂”之规定。//@鹅洲股虫:@人大代表 多关注一下，下次会议提议罪名。//@董藩:这个太恶劣了，但似乎不好定罪。",
        "uid": "1597241372/",
        "followers_count": "100917",
        "statuses_count": "11120",
        "verified": 1,
        "user_created_at": "2009-09-14",
        "has_description": 1,
        "parent": "4526411815754984"
    },
    {
        "mid": "4526636827613087",
        "has_multimedia": 1,
        "comments_count": 0,
        "reposts_count": 0,
        "attitudes_count": 0,
        "t": "1594717783000",
        "text": "//@洛兵://@潘金莲日记: //@张欧亚://@于建嵘:可以定罪的。法律上“未遂”之规定。//@萧含12882:决不能接受道歉。必须严惩！//@鹅洲股虫:@人大代表 多关注一下，下次会议提议罪名。//@董藩:这个太恶劣了，但似乎不好定罪。",
        "uid": "5362493746/",
        "followers_count": "14557",
        "statuses_count": "37973",
        "verified": 0,
        "user_created_at": "2014-11-07",
        "has_description": 1,
        "parent": "4526411815754984"
    },
    {
        "mid": "4526356203017315",
        "has_multimedia": 1,
        "comments_count": 14,
        "reposts_count": 36,
        "attitudes_count": 137,
        "t": "1594650877000",
        "text": "划重点，熟人作案",
        "uid": "5338087183/",
        "followers_count": "279382",
        "statuses_count": "53195",
        "verified": 0,
        "user_created_at": "2014-10-21",
        "has_description": 1,
        "parent": "4526316281727098"
    },
    {
        "mid": "4526608407206327",
        "has_multimedia": 1,
        "comments_count": 0,
        "reposts_count": 0,
        "attitudes_count": 0,
        "t": "1594711007000",
        "text": "熟人//@百合小说推广:划重点，熟人作案",
        "uid": "6362797625/",
        "followers_count": "64",
        "statuses_count": "3751",
        "verified": 0,
        "user_created_at": "2017-09-10",
        "has_description": 1,
        "parent": "4526356203017315"
    },
    {
        "mid": "4526530015680435",
        "has_multimedia": 1,
        "comments_count": 0,
        "reposts_count": 0,
        "attitudes_count": 0,
        "t": "1594692317000",
        "text": "//@百合小说推广:划重点，熟人作案",
        "uid": "5683673031/",
        "followers_count": "34",
        "statuses_count": "1341",
        "verified": 0,
        "user_created_at": "2015-08-22",
        "has_description": 1,
        "parent": "4526356203017315"
    },
    {
        "mid": "4526523098496425",
        "has_multimedia": 1,
        "comments_count": 14,
        "reposts_count": 36,
        "attitudes_count": 137,
        "t": "1594650840000",
        "text": "划重点，熟人作案",
        "uid": "1934174641/",
        "followers_count": "208",
        "statuses_count": "5303",
        "verified": 0,
        "user_created_at": "2011-01-25",
        "has_description": 1,
        "parent": "4526356203017315"
    },
    {
        "mid": "4526512168459139",
        "has_multimedia": 1,
        "comments_count": 0,
        "reposts_count": 0,
        "attitudes_count": 0,
        "t": "1594688062000",
        "text": "//@百合小说推广: 划重点，熟人作案",
        "uid": "1739455251/",
        "followers_count": "172",
        "statuses_count": "2371",
        "verified": 0,
        "user_created_at": "2010-05-09",
        "has_description": 1,
        "parent": "4526356203017315"
    },
    {
        "mid": "4526507823029660",
        "has_multimedia": 1,
        "comments_count": 14,
        "reposts_count": 36,
        "attitudes_count": 137,
        "t": "1594650840000",
        "text": "划重点，熟人作案",
        "uid": "5336313782/",
        "followers_count": "39",
        "statuses_count": "3458",
        "verified": 0,
        "user_created_at": "2014-10-18",
        "has_description": 0,
        "parent": "4526356203017315"
    },
    {
        "mid": "4526505243747430",
        "has_multimedia": 1,
        "comments_count": 14,
        "reposts_count": 36,
        "attitudes_count": 137,
        "t": "1594650840000",
        "text": "划重点，熟人作案",
        "uid": "2067019597/",
        "followers_count": "210",
        "statuses_count": "2335",
        "verified": 0,
        "user_created_at": "2011-04-04",
        "has_description": 1,
        "parent": "4526356203017315"
    },
    {
        "mid": "4526503314686852",
        "has_multimedia": 1,
        "comments_count": 0,
        "reposts_count": 0,
        "attitudes_count": 0,
        "t": "1594685950000",
        "text": "//@百合小说推广: 划重点，熟人作案",
        "uid": "2236502432/",
        "followers_count": "318",
        "statuses_count": "45241",
        "verified": 0,
        "user_created_at": "2011-09-08",
        "has_description": 1,
        "parent": "4526356203017315"
    },
    {
        "mid": "4526501661326370",
        "has_multimedia": 1,
        "comments_count": 0,
        "reposts_count": 0,
        "attitudes_count": 0,
        "t": "1594685557000",
        "text": "//@百合小说推广:划重点，熟人作案",
        "uid": "6140257773/",
        "followers_count": "86",
        "statuses_count": "11280",
        "verified": 0,
        "user_created_at": "2017-02-12",
        "has_description": 1,
        "parent": "4526356203017315"
    },
    {
        "mid": "4526497400444876",
        "has_multimedia": 1,
        "comments_count": 0,
        "reposts_count": 0,
        "attitudes_count": 0,
        "t": "1594684541000",
        "text": "//@百合小说推广:划重点，熟人作案",
        "uid": "1492440881/",
        "followers_count": "99",
        "statuses_count": "865",
        "verified": 0,
        "user_created_at": "2010-07-26",
        "has_description": 1,
        "parent": "4526356203017315"
    },
    {
        "mid": "4526657803787043",
        "has_multimedia": 1,
        "comments_count": 0,
        "reposts_count": 0,
        "attitudes_count": 0,
        "t": "1594722784000",
        "text": "这种处理方式真的很棒，出门在外留个心眼",
        "uid": "7480629907/",
        "followers_count": "1",
        "statuses_count": "6",
        "verified": 0,
        "user_created_at": "2020-07-14",
        "has_description": 0,
        "parent": "4526316281727098"
    },
    {
        "mid": "4526657564375174",
        "has_multimedia": 1,
        "comments_count": 0,
        "reposts_count": 0,
        "attitudes_count": 0,
        "t": "1594722727000",
        "text": "性侵害本来就更常出现在熟人之间。当年我给一个猪讲这个的时候，猪不当回事，还诋毁👴🏻 的好心。",
        "uid": "5491821593/",
        "followers_count": "74",
        "statuses_count": "522",
        "verified": 0,
        "user_created_at": "2015-01-24",
        "has_description": 1,
        "parent": "4526316281727098"
    },
    {
        "mid": "4526657367088960",
        "has_multimedia": 1,
        "comments_count": 0,
        "reposts_count": 0,
        "attitudes_count": 0,
        "t": "1594722680000",
        "text": "幸亏碰到好人了",
        "uid": "2096127854/",
        "followers_count": "45",
        "statuses_count": "3830",
        "verified": 0,
        "user_created_at": "2011-05-01",
        "has_description": 1,
        "parent": "4526316281727098"
    },
    {
        "mid": "4526657208307049",
        "has_multimedia": 1,
        "comments_count": 0,
        "reposts_count": 0,
        "attitudes_count": 0,
        "t": "1594722642000",
        "text": "//@拓跋逸逸__:多亏了好心店员同样都是人，差距真大。",
        "uid": "1764564411/",
        "followers_count": "1135",
        "statuses_count": "26865",
        "verified": 1,
        "user_created_at": "2010-10-24",
        "has_description": 1,
        "parent": "4526316281727098"
    },
    {
        "mid": "4526656196768877",
        "has_multimedia": 1,
        "comments_count": 0,
        "reposts_count": 0,
        "attitudes_count": 0,
        "t": "1594722400000",
        "text": "再高的学历不会做人一样白搭",
        "uid": "3231584410/",
        "followers_count": "212",
        "statuses_count": "350",
        "verified": 0,
        "user_created_at": "2013-03-22",
        "has_description": 1,
        "parent": "4526316281727098"
    }
]