[
    {
        "mid": "4526299982942965",
        "has_multimedia": 1,
        "comments_count": 477,
        "reposts_count": 673,
        "attitudes_count": 5624,
        "t": "1594637473000",
        "text": "“项目特别新颖刺激”“从头到脚每寸肌肤都能做到的”“这期间也可以调情”“晚上还可以留宿”，通过发小卡片、发送美女性感图片和视频招揽顾客，但最终体验的却是正规按摩服务。杭州这家SPA店已套路1452人，获利1500多万，最终法院判定为“套路嫖”，相关人员获刑14年。 ​​​​",
        "uid": "5690608944/",
        "followers_count": "496891",
        "statuses_count": "3371",
        "verified": 1,
        "has_description": 1,
        "parent": "0",
        "user_created_at": "2015-08-31"
    },
    {
        "mid": "4526304785273670",
        "has_multimedia": 1,
        "comments_count": 5,
        "reposts_count": 120,
        "attitudes_count": 20,
        "t": "1594638618000",
        "text": "笑死，嫖客肉",
        "uid": "3331305424/",
        "followers_count": "52133",
        "statuses_count": "127522",
        "verified": 1,
        "user_created_at": "2013-04-16",
        "has_description": 1,
        "parent": "4526299982942965"
    },
    {
        "mid": "4526324007323976",
        "has_multimedia": 1,
        "comments_count": 0,
        "reposts_count": 76,
        "attitudes_count": 0,
        "t": "1594643200000",
        "text": "嫖客肉哈哈哈//@佛心蛊:笑死，嫖客肉",
        "uid": "1746985202/",
        "followers_count": "1671",
        "statuses_count": "71610",
        "verified": 1,
        "user_created_at": "2010-05-26",
        "has_description": 1,
        "parent": "4526304785273670"
    },
    {
        "mid": "4526328479811118",
        "has_multimedia": 1,
        "comments_count": 1,
        "reposts_count": 75,
        "attitudes_count": 0,
        "t": "1594644267000",
        "text": "信息量太大...//@水水nagisarei:嫖客肉哈哈哈//@佛心蛊:笑死，嫖客肉",
        "uid": "1416306607/",
        "followers_count": "4648",
        "statuses_count": "1122",
        "verified": 0,
        "user_created_at": "2010-02-03",
        "has_description": 1,
        "parent": "4526324007323976"
    },
    {
        "mid": "4526652987597062",
        "has_multimedia": 1,
        "comments_count": 0,
        "reposts_count": 0,
        "attitudes_count": 0,
        "t": "1594721635000",
        "text": "//@画画的那个九歌 :啊？这才是个”收钱不办事，体现了相关人员的道德底线，值得表扬“嘛。既然嫖娼不下14岁都能当成某企业家自豪的资本了，不给嫖当然得带大红花呀，何况这事上来一波受害人羞辱我是没意见的，瓢虫上当就是因为自己不守男德，一个巴掌拍不响嘛。//@水水nagisarei :嫖客肉哈哈哈",
        "uid": "5462410164/",
        "followers_count": "103",
        "statuses_count": "3223",
        "verified": 0,
        "user_created_at": "2015-02-12",
        "has_description": 1,
        "parent": "4526328479811118"
    },
    {
        "mid": "4526614304556798",
        "has_multimedia": 1,
        "comments_count": 0,
        "reposts_count": 1,
        "attitudes_count": 0,
        "t": "1594712413000",
        "text": "//@画画的那个九歌:啊？这才是个”收钱不办事，体现了相关人员的道德底线，值得表扬“嘛。既然嫖娼不下14岁都能当成某企业家自豪的资本了，不给嫖当然得带大红花呀，何况这事上来一波受害人羞辱我是没意见的，瓢虫上当就是因为自己不守男德，一个巴掌拍不响嘛。//@水水nagisarei:嫖客肉哈哈哈",
        "uid": "7159387002/",
        "followers_count": "190",
        "statuses_count": "1576",
        "verified": 0,
        "user_created_at": "2019-05-25",
        "has_description": 1,
        "parent": "4526328479811118"
    },
    {
        "mid": "4526610852450019",
        "has_multimedia": 1,
        "comments_count": 0,
        "reposts_count": 0,
        "attitudes_count": 0,
        "t": "1594711590000",
        "text": "//@画画的那个九歌: 啊？这才是个”收钱不办事，体现了相关人员的道德底线，值得表扬“嘛。既然嫖娼不下14岁都能当成某企业家自豪的资本了，不给嫖当然得带大红花呀，何况这事上来一波受害人羞辱我是没意见的，瓢虫上当就是因为自己不守男德，一个巴掌拍不响嘛。//@水水nagisarei:嫖客肉哈哈哈",
        "uid": "5225818410/",
        "followers_count": "88",
        "statuses_count": "4698",
        "verified": 0,
        "user_created_at": "2014-07-21",
        "has_description": 1,
        "parent": "4526328479811118"
    },
    {
        "mid": "4526893678077466",
        "has_multimedia": 1,
        "comments_count": 0,
        "reposts_count": 0,
        "attitudes_count": 0,
        "t": "1594779021000",
        "text": "…//@画画的那个九歌:啊？这才是个”收钱不办事，体现了相关人员的道德底线，值得表扬“嘛。既然嫖娼不下14岁都能当成某企业家自豪的资本了，不给嫖当然得带大红花呀，何况这事上来一波受害人羞辱我是没意见的，瓢虫上当就是因为自己不守男德，一个巴掌拍不响嘛。//@漫漫漫漫漫:信息量太大...",
        "uid": "1738429740/",
        "followers_count": "316",
        "statuses_count": "17428",
        "verified": 0,
        "user_created_at": "2010-05-06",
        "has_description": 0,
        "parent": "4526324007323976"
    },
    {
        "mid": "4526843204478817",
        "has_multimedia": 1,
        "comments_count": 0,
        "reposts_count": 1,
        "attitudes_count": 0,
        "t": "1594691280000",
        "text": "哈哈哈哈哈哈哈哈//@十里_祈愿永远不加班: 我第一次听说这罪名。。。想起以前还有个卖茶叶假装那啥的//@纯洁白果酱:哈哈哈哈哈//@漫漫漫漫漫:信息量太大...//@水水nagisarei:嫖客肉哈哈哈//@佛心蛊:笑死，嫖客肉",
        "uid": "3049739252/",
        "followers_count": "164",
        "statuses_count": "11060",
        "verified": 0,
        "user_created_at": "2012-12-31",
        "has_description": 1,
        "parent": "4526324007323976"
    },
    {
        "mid": "4526981121155077",
        "has_multimedia": 1,
        "comments_count": 0,
        "reposts_count": 0,
        "attitudes_count": 0,
        "t": "1594799869000",
        "text": "//@桃夭momoko:Xs//@佛心蛊:笑死，嫖客肉",
        "uid": "2196616184/",
        "followers_count": "905",
        "statuses_count": "7597",
        "verified": 0,
        "user_created_at": "2011-06-26",
        "has_description": 1,
        "parent": "4526304785273670"
    },
    {
        "mid": "4526964859843357",
        "has_multimedia": 1,
        "comments_count": 0,
        "reposts_count": 0,
        "attitudes_count": 0,
        "t": "1594795992000",
        "text": "套路嫖………//@桃夭momoko:Xs//@佛心蛊:笑死，嫖客肉",
        "uid": "1527860623/",
        "followers_count": "951",
        "statuses_count": "12183",
        "verified": 0,
        "user_created_at": "2011-08-17",
        "has_description": 1,
        "parent": "4526304785273670"
    },
    {
        "mid": "4526327358889540",
        "has_multimedia": 1,
        "comments_count": 2,
        "reposts_count": 18,
        "attitudes_count": 28,
        "t": "1594644000000",
        "text": "认真看下截图就知道也不是什么正经按摩了，色情服务没跑，色情服务加诈骗，没直接卖罢了……说什么“不卖也受罚”简直放屁，也不知道有些人在给谁打抱不平……",
        "uid": "1644700745/",
        "followers_count": "310938",
        "statuses_count": "43815",
        "verified": 1,
        "user_created_at": "2013-08-02",
        "has_description": 1,
        "parent": "4526299982942965"
    },
    {
        "mid": "4527024485700742",
        "has_multimedia": 1,
        "comments_count": 0,
        "reposts_count": 0,
        "attitudes_count": 0,
        "t": "1594810208000",
        "text": "//@冰蛇陛下:认真看下截图就知道也不是什么正经按摩了，色情服务没跑，色情服务加诈骗，没直接卖罢了……说什么“不卖也受罚”简直放屁，也不知道有些人在给谁打抱不平……",
        "uid": "5738401076/",
        "followers_count": "56",
        "statuses_count": "9257",
        "verified": 0,
        "user_created_at": "2015-10-26",
        "has_description": 0,
        "parent": "4526327358889540"
    },
    {
        "mid": "4526726716318109",
        "has_multimedia": 1,
        "comments_count": 0,
        "reposts_count": 0,
        "attitudes_count": 0,
        "t": "1594739213000",
        "text": "//@冰蛇陛下:认真看下截图就知道也不是什么正经按摩了，色情服务没跑，色情服务加诈骗，没直接卖罢了……说什么“不卖也受罚”简直放屁，也不知道有些人在给谁打抱不平……",
        "uid": "6020283536/",
        "followers_count": "82",
        "statuses_count": "7568",
        "verified": 0,
        "user_created_at": "2016-09-09",
        "has_description": 1,
        "parent": "4526327358889540"
    },
    {
        "mid": "4526671930126724",
        "has_multimedia": 1,
        "comments_count": 0,
        "reposts_count": 0,
        "attitudes_count": 0,
        "t": "1594726151000",
        "text": "//@冰蛇陛下: 认真看下截图就知道也不是什么正经按摩了，色情服务没跑，色情服务加诈骗，没直接卖罢了……说什么“不卖也受罚”简直放屁，也不知道有些人在给谁打抱不平……",
        "uid": "2198519965/",
        "followers_count": "796",
        "statuses_count": "51111",
        "verified": 0,
        "user_created_at": "2011-06-25",
        "has_description": 1,
        "parent": "4526327358889540"
    },
    {
        "mid": "4526307717715459",
        "has_multimedia": 1,
        "comments_count": 1,
        "reposts_count": 17,
        "attitudes_count": 7,
        "t": "1594639317000",
        "text": "这还能骗到一千四百多人...平均一人一万多",
        "uid": "2648325582/",
        "followers_count": "28653",
        "statuses_count": "62999",
        "verified": 1,
        "user_created_at": "2012-01-02",
        "has_description": 1,
        "parent": "4526299982942965"
    },
    {
        "mid": "4526574458508904",
        "has_multimedia": 1,
        "comments_count": 0,
        "reposts_count": 0,
        "attitudes_count": 0,
        "t": "1594702912000",
        "text": "这不是……挺好的吗，就当是贵点的精油按摩？//@轻羽晴空酱 :……//@秋唧唧Garuru :这还能骗到一千四百多人...平均一人一万多",
        "uid": "1553199565/",
        "followers_count": "446",
        "statuses_count": "10859",
        "verified": 0,
        "user_created_at": "2010-09-12",
        "has_description": 0,
        "parent": "4526307717715459"
    },
    {
        "mid": "4526573824995960",
        "has_multimedia": 1,
        "comments_count": 0,
        "reposts_count": 1,
        "attitudes_count": 0,
        "t": "1594702761000",
        "text": "……//@秋唧唧Garuru:这还能骗到一千四百多人...平均一人一万多",
        "uid": "1281743732/",
        "followers_count": "587",
        "statuses_count": "17972",
        "verified": 1,
        "user_created_at": "2010-06-30",
        "has_description": 1,
        "parent": "4526307717715459"
    },
    {
        "mid": "4526573401408567",
        "has_multimedia": 1,
        "comments_count": 0,
        "reposts_count": 0,
        "attitudes_count": 0,
        "t": "1594702660000",
        "text": "//@神楽遙:这人均也太贵了吧//@kivien_戒微博考虑中:草//@小田卷沙菲雅: 草死//@秋唧唧Garuru: 这还能骗到一千四百多人...平均一人一万多",
        "uid": "1857961610/",
        "followers_count": "503",
        "statuses_count": "9209",
        "verified": 0,
        "user_created_at": "2010-10-18",
        "has_description": 1,
        "parent": "4526307717715459"
    }
]