[
    {
        "mid": "4526321227971137",
        "has_multimedia": 1,
        "comments_count": 1271,
        "reposts_count": 213,
        "attitudes_count": 8490,
        "t": "1594642537000",
        "text": "【广东一男孩校门口被狗扑咬 #咬伤男孩的阿拉斯加犬曾多次被砖砸#】7月10日，广东湛江吴川市沿江小学附近，一名男孩被一只阿拉斯加犬咬伤。监控视频中，这只大型犬没有拴绳，对蓝衣男孩持续扑咬。后又有疑似狗主人家门口的监控视频放出，显示在事发前多个孩子往院子里扔石头。沿江小学一名老师告诉荔枝新闻，被咬伤男孩已出院回到课堂，狗主人负责了发生的费用并答应了男孩家长的其它诉求。他同时证实，这只狗此前一直拴着，是在被“弄”到后挣脱链子，跑出来咬到小孩。LJSTV荔枝视频的秒拍视频",
        "uid": "6344061797/",
        "followers_count": "654841",
        "statuses_count": "8968",
        "verified": 1,
        "has_description": 1,
        "parent": "0",
        "user_created_at": "2017-08-19"
    },
    {
        "mid": "4527270167583819",
        "has_multimedia": 1,
        "comments_count": 0,
        "reposts_count": 2,
        "attitudes_count": 1,
        "t": "1594868520000",
        "text": "//@凉城美美景:因果皆有报！这是教育的缺失！不要甩锅给不会说话的毛孩！",
        "uid": "6452171187/",
        "followers_count": "268",
        "statuses_count": "2611",
        "verified": 0,
        "user_created_at": "2018-01-15",
        "has_description": 1,
        "parent": "4526321227971137"
    },
    {
        "mid": "4527269769382348",
        "has_multimedia": 1,
        "comments_count": 0,
        "reposts_count": 2,
        "attitudes_count": 1,
        "t": "1594868520000",
        "text": "//@凉城美美景:因果皆有报！这是教育的缺失！不要甩锅给不会说话的毛孩！",
        "uid": "6462811696/",
        "followers_count": "389",
        "statuses_count": "4132",
        "verified": 0,
        "user_created_at": "2018-01-16",
        "has_description": 1,
        "parent": "4526321227971137"
    },
    {
        "mid": "4527269207351613",
        "has_multimedia": 1,
        "comments_count": 0,
        "reposts_count": 2,
        "attitudes_count": 1,
        "t": "1594868553000",
        "text": "//@凉城美美景:因果皆有报！这是教育的缺失！不要甩锅给不会说话的毛孩！",
        "uid": "6461530905/",
        "followers_count": "318",
        "statuses_count": "9747",
        "verified": 0,
        "user_created_at": "2018-01-15",
        "has_description": 1,
        "parent": "4526321227971137"
    }
]