[
    {
        "mid": "4526305545192306",
        "has_multimedia": 1,
        "comments_count": 336,
        "reposts_count": 468,
        "attitudes_count": 2102,
        "t": "1594638799000",
        "text": "【19年前的今天，北京申奥成功 】2001年7月13日，北京申奥成功。那一夜，中国不眠，神州大地一片沸腾。还记得那天你的喜悦吗？L中新视频的秒拍视频 ​​​​",
        "uid": "5467852665/",
        "followers_count": "11357953",
        "statuses_count": "23846",
        "verified": 1,
        "has_description": 1,
        "parent": "0",
        "user_created_at": "2015-01-09"
    },
    {
        "mid": "4526329360150204",
        "has_multimedia": 1,
        "comments_count": 17,
        "reposts_count": 52,
        "attitudes_count": 36,
        "t": "1594644476000",
        "text": "可参考，一晃已经十九年前了。",
        "uid": "1194868525/",
        "followers_count": "9245204",
        "statuses_count": "21416",
        "verified": 1,
        "user_created_at": "2009-08-28",
        "has_description": 1,
        "parent": "4526305545192306"
    },
    {
        "mid": "4526555491536672",
        "has_multimedia": 1,
        "comments_count": 0,
        "reposts_count": 0,
        "attitudes_count": 0,
        "t": "1594698390000",
        "text": "//@胥荣东主任医师:当时正在巴黎旅游。//@侯宁: 我那天晚上干了几听啤酒！//@张国庆看天下: 2001年发生的三件事，难忘啊。//@张颐武: 可参考，一晃已经十九年前了。",
        "uid": "5792759542/",
        "followers_count": "296",
        "statuses_count": "2024",
        "verified": 0,
        "user_created_at": "2015-12-14",
        "has_description": 1,
        "parent": "4526329360150204"
    },
    {
        "mid": "4526553885507039",
        "has_multimedia": 1,
        "comments_count": 17,
        "reposts_count": 14,
        "attitudes_count": 75,
        "t": "1594650180000",
        "text": "我那天晚上干了几听啤酒！//@张国庆看天下: 2001年发生的三件事，难忘啊。//@张颐武: 可参考，一晃已经十九年前了。",
        "uid": "5802493510/",
        "followers_count": "131",
        "statuses_count": "1007",
        "verified": 0,
        "user_created_at": "2015-12-22",
        "has_description": 0,
        "parent": "4526329360150204"
    },
    {
        "mid": "4526509714342093",
        "has_multimedia": 1,
        "comments_count": 0,
        "reposts_count": 0,
        "attitudes_count": 0,
        "t": "1594687477000",
        "text": "1993年哪次申辦2000年奧運會時，正在常州出差，賓館裏看直播，可惜功敗垂成，有點失望。//@张颐武: 可参考，一晃已经十九年前了。",
        "uid": "3896200107/",
        "followers_count": "312",
        "statuses_count": "6367",
        "verified": 0,
        "user_created_at": "2013-11-07",
        "has_description": 0,
        "parent": "4526329360150204"
    },
    {
        "mid": "4526306227996026",
        "has_multimedia": 1,
        "comments_count": 24,
        "reposts_count": 35,
        "attitudes_count": 97,
        "t": "1594638962000",
        "text": "记得那天雷雨天 一个超大的雷过去，家里电线都短路了。不等重新打开电视，楼里全是欢呼的声音。",
        "uid": "1790942835/",
        "followers_count": "5442370",
        "statuses_count": "281756",
        "verified": 1,
        "user_created_at": "2010-08-09",
        "has_description": 1,
        "parent": "4526305545192306"
    },
    {
        "mid": "4526576404416207",
        "has_multimedia": 1,
        "comments_count": 0,
        "reposts_count": 0,
        "attitudes_count": 0,
        "t": "1594703376000",
        "text": "//@錦衣夜行焱十一:记得那天雷雨天 一个超大的雷过去，家里电线都短路了。不等重新打开电视，楼里全是欢呼的声音。",
        "uid": "5541483430/",
        "followers_count": "176",
        "statuses_count": "3134",
        "verified": 0,
        "user_created_at": "2015-03-04",
        "has_description": 1,
        "parent": "4526306227996026"
    },
    {
        "mid": "4526523430623831",
        "has_multimedia": 1,
        "comments_count": 0,
        "reposts_count": 2,
        "attitudes_count": 0,
        "t": "1594639200000",
        "text": "印象超级深！外面全是欢呼声！！！//@錦衣夜行焱十一:记得那天雷雨天 一个超大的雷过去，家里电线都短路了。不等重新打开电视，楼里全是欢呼的声音。",
        "uid": "2261620921/",
        "followers_count": "186",
        "statuses_count": "6086",
        "verified": 0,
        "user_created_at": "2011-07-21",
        "has_description": 1,
        "parent": "4526306227996026"
    },
    {
        "mid": "4526376114329738",
        "has_multimedia": 1,
        "comments_count": 0,
        "reposts_count": 0,
        "attitudes_count": 0,
        "t": "1594655624000",
        "text": "我妈说外面放花放炮我坐起来了，其实我睡得死死的第二天才知道。那会儿根本不理解申奥成功的意义呢//@錦衣夜行焱十一:记得那天雷雨天 一个超大的雷过去，家里电线都短路了。不等重新打开电视，楼里全是欢呼的声音。",
        "uid": "1276901957/",
        "followers_count": "297",
        "statuses_count": "22774",
        "verified": 0,
        "user_created_at": "2011-04-23",
        "has_description": 1,
        "parent": "4526306227996026"
    },
    {
        "mid": "4527329713852757",
        "has_multimedia": 1,
        "comments_count": 96,
        "reposts_count": 21,
        "attitudes_count": 414,
        "t": "1594642800000",
        "text": "发展体育运动，增强人民体质。文明其精神，野蛮其体魄。",
        "uid": "7283010576/",
        "followers_count": "6",
        "statuses_count": "513",
        "verified": 0,
        "user_created_at": "2019-08-15",
        "has_description": 0,
        "parent": "4526305545192306"
    }
]