[
    {
        "mid": "4526322333839857",
        "has_multimedia": 1,
        "comments_count": 585,
        "reposts_count": 422,
        "attitudes_count": 2357,
        "t": "1594642802000",
        "text": "【网曝南昌#鸿海万科天空之城柱体开裂# 业主：这样的房子谁敢住？】日前，多名微博网友反映称，南昌鸿海万科天空之城多根承重柱爆裂，同时部分墙体开裂问题明显，地基下沉，顶板开裂...网友表示，现场车库立柱出现大片裂缝，直呼这样的房子不敢住。另据@爱房网 消息称，据不完全统计，目前鸿海万科天空之城地下室约四十多根柱子爆裂。2南昌·鸿海万科天空之城",
        "uid": "2599892125/",
        "followers_count": "892685",
        "statuses_count": "45912",
        "verified": 1,
        "has_description": 1,
        "parent": "0",
        "user_created_at": "2012-02-03"
    },
    {
        "mid": "4527626503328426",
        "has_multimedia": 1,
        "comments_count": 0,
        "reposts_count": 0,
        "attitudes_count": 0,
        "t": "1594953739000",
        "text": "转发微博",
        "uid": "6618445166/",
        "followers_count": "11",
        "statuses_count": "730",
        "verified": 0,
        "user_created_at": "2018-07-31",
        "has_description": 0,
        "parent": "4526322333839857"
    },
    {
        "mid": "4527624128829371",
        "has_multimedia": 1,
        "comments_count": 0,
        "reposts_count": 0,
        "attitudes_count": 0,
        "t": "1594953174000",
        "text": "吓人 支持合理维权",
        "uid": "3391953300/",
        "followers_count": "223",
        "statuses_count": "320",
        "verified": 0,
        "user_created_at": "2013-04-30",
        "has_description": 1,
        "parent": "4526322333839857"
    }
]