[
    {
        "mid": "4526307801302263",
        "has_multimedia": 1,
        "comments_count": 4227,
        "reposts_count": 3127,
        "attitudes_count": 75242,
        "t": "1594639337000",
        "text": "【国家网信办：重点清理饭圈互撕等7大问题】13日，国家网信办发布关于开展2020“清朗”未成年人暑期网络环境专项整治的通知。此次专项行动围绕未成年人上网的重点环节，清理整治七方面突出问题，包括重点整治诱导未成年人无底线追星、饭圈互撕等价值导向不良的信息和行为。 ​​​​",
        "uid": "3937348351/",
        "followers_count": "14631413",
        "statuses_count": "38682",
        "verified": 1,
        "has_description": 1,
        "parent": "0",
        "user_created_at": "2013-12-20"
    },
    {
        "mid": "4526308015527128",
        "has_multimedia": 1,
        "comments_count": 3,
        "reposts_count": 13,
        "attitudes_count": 19,
        "t": "1594639388000",
        "text": "只要不是雷声大，雨点小就行",
        "uid": "1897923205/",
        "followers_count": "381185",
        "statuses_count": "9944",
        "verified": 0,
        "user_created_at": "2010-12-20",
        "has_description": 1,
        "parent": "4526307801302263"
    },
    {
        "mid": "4526398473211214",
        "has_multimedia": 1,
        "comments_count": 0,
        "reposts_count": 0,
        "attitudes_count": 0,
        "t": "1594660955000",
        "text": "同右//@青冥_如风:只要不是雷声大，雨点小就行",
        "uid": "2762128773/",
        "followers_count": "58",
        "statuses_count": "746",
        "verified": 0,
        "user_created_at": "2012-09-12",
        "has_description": 1,
        "parent": "4526308015527128"
    },
    {
        "mid": "4526364797495135",
        "has_multimedia": 1,
        "comments_count": 0,
        "reposts_count": 0,
        "attitudes_count": 0,
        "t": "1594652925000",
        "text": "微博能出个饭圈专业版吗//@青冥_如风:只要不是雷声大，雨点小就行",
        "uid": "1967243823/",
        "followers_count": "1353",
        "statuses_count": "21837",
        "verified": 1,
        "user_created_at": "2011-02-13",
        "has_description": 1,
        "parent": "4526308015527128"
    },
    {
        "mid": "4526334238276411",
        "has_multimedia": 1,
        "comments_count": 0,
        "reposts_count": 0,
        "attitudes_count": 0,
        "t": "1594645640000",
        "text": "//@青冥_如风:只要不是雷声大，雨点小就行",
        "uid": "1742756822/",
        "followers_count": "335",
        "statuses_count": "9594",
        "verified": 1,
        "user_created_at": "2010-12-10",
        "has_description": 1,
        "parent": "4526308015527128"
    },
    {
        "mid": "4526327358564424",
        "has_multimedia": 1,
        "comments_count": 0,
        "reposts_count": 0,
        "attitudes_count": 0,
        "t": "1594644000000",
        "text": "//@美丽寨贱鹅鹅鹅://@今天抽到UR海了吗:重点整治肖战粉谢谢，网信办那条下面全是肖战粉控评，吐了//@青冥_如风:只要不是雷声大，雨点小就行",
        "uid": "1744070521/",
        "followers_count": "274",
        "statuses_count": "9735",
        "verified": 0,
        "user_created_at": "2010-05-19",
        "has_description": 0,
        "parent": "4526308015527128"
    },
    {
        "mid": "4526324784229810",
        "has_multimedia": 1,
        "comments_count": 0,
        "reposts_count": 2,
        "attitudes_count": 0,
        "t": "1594643386000",
        "text": "重点整治肖战粉谢谢，网信办那条下面全是肖战粉控评，吐了//@青冥_如风:只要不是雷声大，雨点小就行",
        "uid": "1822727644/",
        "followers_count": "243",
        "statuses_count": "5005",
        "verified": 0,
        "user_created_at": "2010-09-19",
        "has_description": 1,
        "parent": "4526308015527128"
    },
    {
        "mid": "4526323936088771",
        "has_multimedia": 1,
        "comments_count": 0,
        "reposts_count": 0,
        "attitudes_count": 0,
        "t": "1594643184000",
        "text": "赶紧的吧，还互联网一片祥和之地//@青冥_如风:只要不是雷声大，雨点小就行",
        "uid": "5603141786/",
        "followers_count": "96",
        "statuses_count": "2974",
        "verified": 0,
        "user_created_at": "2015-05-07",
        "has_description": 0,
        "parent": "4526308015527128"
    },
    {
        "mid": "4526312641432071",
        "has_multimedia": 1,
        "comments_count": 0,
        "reposts_count": 0,
        "attitudes_count": 0,
        "t": "1594640490000",
        "text": "//@青冥_如风:只要不是雷声大，雨点小就行",
        "uid": "1877554311/",
        "followers_count": "338",
        "statuses_count": "27194",
        "verified": 0,
        "user_created_at": "2010-11-29",
        "has_description": 1,
        "parent": "4526308015527128"
    },
    {
        "mid": "4526311949285009",
        "has_multimedia": 1,
        "comments_count": 0,
        "reposts_count": 0,
        "attitudes_count": 0,
        "t": "1594640326000",
        "text": "很难不支持//@青冥_如风 :只要不是雷声大，雨点小就行",
        "uid": "5751684002/",
        "followers_count": "49",
        "statuses_count": "1116",
        "verified": 0,
        "user_created_at": "2015-11-07",
        "has_description": 0,
        "parent": "4526308015527128"
    },
    {
        "mid": "4526311354284175",
        "has_multimedia": 1,
        "comments_count": 3,
        "reposts_count": 13,
        "attitudes_count": 19,
        "t": "1594639380000",
        "text": "只要不是雷声大，雨点小就行",
        "uid": "5409969576/",
        "followers_count": "31",
        "statuses_count": "5906",
        "verified": 0,
        "user_created_at": "2015-01-10",
        "has_description": 1,
        "parent": "4526308015527128"
    },
    {
        "mid": "4527005829535442",
        "has_multimedia": 1,
        "comments_count": 0,
        "reposts_count": 0,
        "attitudes_count": 0,
        "t": "1594805760000",
        "text": "建议杀鸡儆猴，先拿个典型例子开刀，我看肖战和他的粉丝就挺合适的",
        "uid": "6714822243/",
        "followers_count": "7",
        "statuses_count": "13",
        "verified": 0,
        "user_created_at": "2018-09-20",
        "has_description": 1,
        "parent": "4526307801302263"
    },
    {
        "mid": "4526996023779331",
        "has_multimedia": 1,
        "comments_count": 0,
        "reposts_count": 0,
        "attitudes_count": 0,
        "t": "1594803422000",
        "text": "关键不是生理年龄，是心理年龄好吧//@杰杰杰杰fourth04081220:很难不支持",
        "uid": "5647272159/",
        "followers_count": "81",
        "statuses_count": "1510",
        "verified": 0,
        "user_created_at": "2015-07-06",
        "has_description": 1,
        "parent": "4526307801302263"
    },
    {
        "mid": "4526992454420972",
        "has_multimedia": 1,
        "comments_count": 0,
        "reposts_count": 0,
        "attitudes_count": 0,
        "t": "1594802571000",
        "text": "转发微博",
        "uid": "2341445272/",
        "followers_count": "1988",
        "statuses_count": "5731",
        "verified": 1,
        "has_description": 1,
        "parent": "4526307801302263",
        "user_created_at": "2011-08-25"
    },
    {
        "mid": "4526985969507115",
        "has_multimedia": 1,
        "comments_count": 0,
        "reposts_count": 0,
        "attitudes_count": 0,
        "t": "1594801025000",
        "text": "看看都把咱国家逼成什么样了 我就不追星 没精力 没闲钱",
        "uid": "2988610203/",
        "followers_count": "334",
        "statuses_count": "813",
        "verified": 0,
        "user_created_at": "2012-10-09",
        "has_description": 0,
        "parent": "4526307801302263"
    },
    {
        "mid": "4526982869653139",
        "has_multimedia": 1,
        "comments_count": 0,
        "reposts_count": 0,
        "attitudes_count": 0,
        "t": "1594800286000",
        "text": "我们的故事从忠山开始超话",
        "uid": "7307775928/",
        "followers_count": "15",
        "statuses_count": "272",
        "verified": 0,
        "user_created_at": "2019-09-18",
        "has_description": 1,
        "parent": "4526307801302263"
    },
    {
        "mid": "4526974213131746",
        "has_multimedia": 1,
        "comments_count": 0,
        "reposts_count": 0,
        "attitudes_count": 0,
        "t": "1594798221000",
        "text": "净化网络环境，从我做起",
        "uid": "5835884160/",
        "followers_count": "32",
        "statuses_count": "606",
        "verified": 0,
        "user_created_at": "2016-01-21",
        "has_description": 1,
        "parent": "4526307801302263"
    },
    {
        "mid": "4526960846679855",
        "has_multimedia": 1,
        "comments_count": 0,
        "reposts_count": 0,
        "attitudes_count": 0,
        "t": "1594795035000",
        "text": "做得好！支持！",
        "uid": "7462133363/",
        "followers_count": "7",
        "statuses_count": "276",
        "verified": 0,
        "user_created_at": "2020-06-09",
        "has_description": 1,
        "parent": "4526307801302263"
    },
    {
        "mid": "4526958795137066",
        "has_multimedia": 1,
        "comments_count": 0,
        "reposts_count": 0,
        "attitudes_count": 0,
        "t": "1594794546000",
        "text": "转发微博",
        "uid": "2173320460/",
        "followers_count": "8152",
        "statuses_count": "5026",
        "verified": 1,
        "has_description": 1,
        "parent": "4526307801302263",
        "user_created_at": "2011-06-14"
    }
]