[
    {
        "mid": "4526308329050133",
        "has_multimedia": 1,
        "comments_count": 11736,
        "reposts_count": 5638,
        "attitudes_count": 328868,
        "t": "1594639463000",
        "text": "【#美国男子故意参加新冠聚会染病丧命#】据美媒报道，美国得州一名30岁男性认为新冠病毒没有那么可怕，故意参加“新冠聚会”，因此感染，最终丧命。他临死前看着护士说：“我想我犯错了……”按照美媒说法，#美国多地出现新冠聚会#，即聚会者故意近距离接触，看是否有人会感染。看视频↓ L央视新闻的微博视频",
        "uid": "2656274875/",
        "followers_count": "111880076",
        "statuses_count": "130324",
        "verified": 1,
        "has_description": 1,
        "parent": "0",
        "user_created_at": "2012-03-07"
    },
    {
        "mid": "4526320380059872",
        "has_multimedia": 1,
        "comments_count": 116,
        "reposts_count": 157,
        "attitudes_count": 2355,
        "t": "1594642336000",
        "text": "#分享迷惑# //@TKCDLYM:@迷惑行為大賞",
        "uid": "5594559637/",
        "followers_count": "2088804",
        "statuses_count": "13858",
        "verified": 1,
        "user_created_at": "2015-04-23",
        "has_description": 1,
        "parent": "4526308329050133"
    },
    {
        "mid": "4526741639187234",
        "has_multimedia": 1,
        "comments_count": 0,
        "reposts_count": 0,
        "attitudes_count": 0,
        "t": "1594742771000",
        "text": "无语子？？//@迷惑行為大賞:#分享迷惑# //@TKCDLYM:@迷惑行為大賞",
        "uid": "5747128056/",
        "followers_count": "130",
        "statuses_count": "6048",
        "verified": 0,
        "user_created_at": "2015-10-27",
        "has_description": 1,
        "parent": "4526320380059872"
    },
    {
        "mid": "4526609875079890",
        "has_multimedia": 1,
        "comments_count": 0,
        "reposts_count": 0,
        "attitudes_count": 0,
        "t": "1594711357000",
        "text": "心想事成？//@迷惑行為大賞:#分享迷惑# //@TKCDLYM:@迷惑行為大賞",
        "uid": "1617516820/",
        "followers_count": "197",
        "statuses_count": "7393",
        "verified": 0,
        "user_created_at": "2012-02-23",
        "has_description": 1,
        "parent": "4526320380059872"
    },
    {
        "mid": "4526579156181521",
        "has_multimedia": 1,
        "comments_count": 0,
        "reposts_count": 0,
        "attitudes_count": 0,
        "t": "1594704032000",
        "text": "疑惑//@夙雪玄霜:哈哈哈哈哈哈哈哈哈哈哈哈哈哈，对不起，我笑出了声//@迷惑行為大賞:#分享迷惑# //@TKCDLYM:@迷惑行為大賞",
        "uid": "7243581263/",
        "followers_count": "35",
        "statuses_count": "1231",
        "verified": 0,
        "user_created_at": "2019-07-19",
        "has_description": 1,
        "parent": "4526320380059872"
    },
    {
        "mid": "4526548940875527",
        "has_multimedia": 1,
        "comments_count": 0,
        "reposts_count": 0,
        "attitudes_count": 0,
        "t": "1594696828000",
        "text": "这是活腻了//@迷惑行為大賞:#分享迷惑# //@TKCDLYM:@迷惑行為大賞",
        "uid": "6901802806/",
        "followers_count": "85",
        "statuses_count": "3251",
        "verified": 0,
        "user_created_at": "2018-12-27",
        "has_description": 1,
        "parent": "4526320380059872"
    },
    {
        "mid": "4526546487343258",
        "has_multimedia": 1,
        "comments_count": 0,
        "reposts_count": 0,
        "attitudes_count": 0,
        "t": "1594696244000",
        "text": "还是不信的欢迎继续去试//@劣质大鹅: 求仁得仁//@迷惑行為大賞:#分享迷惑# //@TKCDLYM:@迷惑行為大賞",
        "uid": "1835704764/",
        "followers_count": "812",
        "statuses_count": "9320",
        "verified": 1,
        "user_created_at": "2010-09-29",
        "has_description": 1,
        "parent": "4526320380059872"
    },
    {
        "mid": "4526545475166199",
        "has_multimedia": 1,
        "comments_count": 0,
        "reposts_count": 0,
        "attitudes_count": 0,
        "t": "1594696002000",
        "text": "//@迷惑行為大賞:#分享迷惑# //@TKCDLYM:@迷惑行為大賞",
        "uid": "6098676103/",
        "followers_count": "100",
        "statuses_count": "4379",
        "verified": 0,
        "user_created_at": "2017-01-11",
        "has_description": 1,
        "parent": "4526320380059872"
    },
    {
        "mid": "4526543826739690",
        "has_multimedia": 1,
        "comments_count": 0,
        "reposts_count": 0,
        "attitudes_count": 0,
        "t": "1594695610000",
        "text": "迷惑//@迷惑行為大賞 :#分享迷惑# //@TKCDLYM :@迷惑行為大賞",
        "uid": "5228615909/",
        "followers_count": "1049",
        "statuses_count": "7531",
        "verified": 0,
        "user_created_at": "2014-07-22",
        "has_description": 1,
        "parent": "4526320380059872"
    },
    {
        "mid": "4526537188493410",
        "has_multimedia": 1,
        "comments_count": 0,
        "reposts_count": 0,
        "attitudes_count": 0,
        "t": "1594694027000",
        "text": "//@迷惑行為大賞:#分享迷惑# //@TKCDLYM:@迷惑行為大賞",
        "uid": "2137428413/",
        "followers_count": "690",
        "statuses_count": "80681",
        "verified": 0,
        "user_created_at": "2011-05-16",
        "has_description": 1,
        "parent": "4526320380059872"
    },
    {
        "mid": "4526535346723292",
        "has_multimedia": 1,
        "comments_count": 0,
        "reposts_count": 1,
        "attitudes_count": 0,
        "t": "1594693587000",
        "text": "哈哈哈哈哈哈哈哈哈哈哈哈哈哈，对不起，我笑出了声//@迷惑行為大賞:#分享迷惑# //@TKCDLYM:@迷惑行為大賞",
        "uid": "6864851839/",
        "followers_count": "1276",
        "statuses_count": "4778",
        "verified": 0,
        "user_created_at": "2018-11-25",
        "has_description": 1,
        "parent": "4526320380059872"
    },
    {
        "mid": "4526362943577617",
        "has_multimedia": 1,
        "comments_count": 30,
        "reposts_count": 209,
        "attitudes_count": 205,
        "t": "1594652483000",
        "text": "迷惑…也算心想事成了…",
        "uid": "2645996150/",
        "followers_count": "3278440",
        "statuses_count": "2998",
        "verified": 1,
        "user_created_at": "2012-01-01",
        "has_description": 0,
        "parent": "4526308329050133"
    },
    {
        "mid": "4526621207333046",
        "has_multimedia": 1,
        "comments_count": 30,
        "reposts_count": 209,
        "attitudes_count": 205,
        "t": "1594652460000",
        "text": "迷惑…也算心想事成了…",
        "uid": "6627969332/",
        "followers_count": "183",
        "statuses_count": "5049",
        "verified": 0,
        "user_created_at": "2018-08-09",
        "has_description": 1,
        "parent": "4526362943577617"
    },
    {
        "mid": "4526554405074167",
        "has_multimedia": 1,
        "comments_count": 0,
        "reposts_count": 0,
        "attitudes_count": 0,
        "t": "1594698131000",
        "text": "//@江上渡:迷惑…也算心想事成了…",
        "uid": "1771397690/",
        "followers_count": "1390",
        "statuses_count": "30661",
        "verified": 1,
        "user_created_at": "2010-07-24",
        "has_description": 1,
        "parent": "4526362943577617"
    },
    {
        "mid": "4526456782912030",
        "has_multimedia": 1,
        "comments_count": 0,
        "reposts_count": 0,
        "attitudes_count": 0,
        "t": "1594674857000",
        "text": "//@江上渡:迷惑…也算心想事成了…",
        "uid": "5589042029/",
        "followers_count": "9",
        "statuses_count": "1733",
        "verified": 0,
        "user_created_at": "2015-05-31",
        "has_description": 1,
        "parent": "4526362943577617"
    },
    {
        "mid": "4526450500546090",
        "has_multimedia": 1,
        "comments_count": 0,
        "reposts_count": 0,
        "attitudes_count": 0,
        "t": "1594673359000",
        "text": "转发微博",
        "uid": "6539311852/",
        "followers_count": "29",
        "statuses_count": "137",
        "verified": 0,
        "user_created_at": "2018-05-02",
        "has_description": 0,
        "parent": "4526362943577617"
    },
    {
        "mid": "4526496020880717",
        "has_multimedia": 1,
        "comments_count": 1,
        "reposts_count": 18,
        "attitudes_count": 0,
        "t": "1594684211000",
        "text": "【#美国男子故意参加新冠聚会染病丧命#】#美国多地出现新冠聚会#  特朗普开始戴口罩，就意味着知道错了",
        "uid": "1400157820/",
        "followers_count": "213806",
        "statuses_count": "14953",
        "verified": 1,
        "user_created_at": "2010-02-06",
        "has_description": 1,
        "parent": "4526308329050133"
    },
    {
        "mid": "4526629282794434",
        "has_multimedia": 1,
        "comments_count": 1,
        "reposts_count": 0,
        "attitudes_count": 2,
        "t": "1594715983000",
        "text": "【#美国男子故意参加新冠聚会染病丧命#】#美国多地出现新冠聚会#  特朗普开始戴口罩，就意味着知道错了，特朗普戴的不是口罩，是一块遮羞布",
        "uid": "1400157820/",
        "followers_count": "213806",
        "statuses_count": "14953",
        "verified": 1,
        "user_created_at": "2010-02-06",
        "has_description": 1,
        "parent": "4526496020880717"
    },
    {
        "mid": "4526570566156905",
        "has_multimedia": 1,
        "comments_count": 1,
        "reposts_count": 1,
        "attitudes_count": 1,
        "t": "1594701985000",
        "text": "【#美国男子故意参加新冠聚会染病丧命#】#美国多地出现新冠聚会#  特朗普开始戴口罩，就意味着知道错了，特朗普戴的不是口罩，是一块遮羞布",
        "uid": "1400157820/",
        "followers_count": "213806",
        "statuses_count": "14953",
        "verified": 1,
        "user_created_at": "2010-02-06",
        "has_description": 1,
        "parent": "4526496020880717"
    },
    {
        "mid": "4526559388273080",
        "has_multimedia": 1,
        "comments_count": 1,
        "reposts_count": 2,
        "attitudes_count": 0,
        "t": "1594699320000",
        "text": "【#美国男子故意参加新冠聚会染病丧命#】#美国多地出现新冠聚会#  特朗普开始戴口罩，就意味着知道错了，特朗普戴的不是口罩，是一块遮羞布",
        "uid": "1400157820/",
        "followers_count": "213806",
        "statuses_count": "14953",
        "verified": 1,
        "user_created_at": "2010-02-06",
        "has_description": 1,
        "parent": "4526496020880717"
    },
    {
        "mid": "4526554967371085",
        "has_multimedia": 1,
        "comments_count": 1,
        "reposts_count": 3,
        "attitudes_count": 0,
        "t": "1594698266000",
        "text": "【#美国男子故意参加新冠聚会染病丧命#】#美国多地出现新冠聚会#  特朗普开始戴口罩，就意味着知道错了，特朗普戴的不是口罩，是一块遮羞布",
        "uid": "1400157820/",
        "followers_count": "213806",
        "statuses_count": "14953",
        "verified": 1,
        "user_created_at": "2010-02-06",
        "has_description": 1,
        "parent": "4526496020880717"
    },
    {
        "mid": "4526543089498424",
        "has_multimedia": 1,
        "comments_count": 0,
        "reposts_count": 0,
        "attitudes_count": 0,
        "t": "1594695434000",
        "text": "【#美国男子故意参加新冠聚会染病丧命#】#美国多地出现新冠聚会#  特朗普开始戴口罩，就意味着知道错了，特朗普戴的不是口罩，是一块遮羞布",
        "uid": "1400157820/",
        "followers_count": "213806",
        "statuses_count": "14953",
        "verified": 1,
        "user_created_at": "2010-02-06",
        "has_description": 1,
        "parent": "4526496020880717"
    },
    {
        "mid": "4526529306091268",
        "has_multimedia": 1,
        "comments_count": 2,
        "reposts_count": 5,
        "attitudes_count": 0,
        "t": "1594692147000",
        "text": "【#美国男子故意参加新冠聚会染病丧命#】#美国多地出现新冠聚会#  特朗普开始戴口罩，就意味着知道错了，特朗普戴的不是口罩，是一块遮羞布",
        "uid": "1400157820/",
        "followers_count": "213806",
        "statuses_count": "14953",
        "verified": 1,
        "user_created_at": "2010-02-06",
        "has_description": 1,
        "parent": "4526496020880717"
    },
    {
        "mid": "4526522763619524",
        "has_multimedia": 1,
        "comments_count": 1,
        "reposts_count": 6,
        "attitudes_count": 0,
        "t": "1594690587000",
        "text": "【#美国男子故意参加新冠聚会染病丧命#】#美国多地出现新冠聚会#  特朗普开始戴口罩，就意味着知道错了，特朗普戴的不是口罩，是一块遮羞布",
        "uid": "1400157820/",
        "followers_count": "213806",
        "statuses_count": "14953",
        "verified": 1,
        "user_created_at": "2010-02-06",
        "has_description": 1,
        "parent": "4526496020880717"
    },
    {
        "mid": "4526513360432591",
        "has_multimedia": 1,
        "comments_count": 1,
        "reposts_count": 7,
        "attitudes_count": 0,
        "t": "1594688345000",
        "text": "【#美国男子故意参加新冠聚会染病丧命#】#美国多地出现新冠聚会#  特朗普开始戴口罩，就意味着知道错了，特朗普戴的不是口罩，是一块遮羞布",
        "uid": "1400157820/",
        "followers_count": "213806",
        "statuses_count": "14953",
        "verified": 1,
        "user_created_at": "2010-02-06",
        "has_description": 1,
        "parent": "4526496020880717"
    },
    {
        "mid": "4526510310367891",
        "has_multimedia": 1,
        "comments_count": 1,
        "reposts_count": 8,
        "attitudes_count": 0,
        "t": "1594687618000",
        "text": "【#美国男子故意参加新冠聚会染病丧命#】#美国多地出现新冠聚会#  特朗普开始戴口罩，就意味着知道错了，特朗普戴的不是口罩，是一块遮羞布",
        "uid": "1400157820/",
        "followers_count": "213806",
        "statuses_count": "14953",
        "verified": 1,
        "user_created_at": "2010-02-06",
        "has_description": 1,
        "parent": "4526496020880717"
    },
    {
        "mid": "4526509015061540",
        "has_multimedia": 1,
        "comments_count": 1,
        "reposts_count": 9,
        "attitudes_count": 1,
        "t": "1594687310000",
        "text": "【#美国男子故意参加新冠聚会染病丧命#】#美国多地出现新冠聚会#  特朗普开始戴口罩，就意味着知道错了，特朗普戴的不是口罩，是一块遮羞布",
        "uid": "1400157820/",
        "followers_count": "213806",
        "statuses_count": "14953",
        "verified": 1,
        "user_created_at": "2010-02-06",
        "has_description": 1,
        "parent": "4526496020880717"
    },
    {
        "mid": "4526904265340477",
        "has_multimedia": 1,
        "comments_count": 0,
        "reposts_count": 0,
        "attitudes_count": 0,
        "t": "1594781545000",
        "text": "//@秋宇妹妹_:没有什么不能用马克思主义原理解释，如果有，那就是没有结合中国特色社会主义//@非法昵称0110:实践是检验真理的唯一标准",
        "uid": "3692316144/",
        "followers_count": "433",
        "statuses_count": "1443",
        "verified": 0,
        "user_created_at": "2013-08-03",
        "has_description": 1,
        "parent": "4526308329050133"
    },
    {
        "mid": "4526894794102094",
        "has_multimedia": 1,
        "comments_count": 0,
        "reposts_count": 0,
        "attitudes_count": 0,
        "t": "1594779287000",
        "text": "这种心理很正常，但太可怕。试问当事人都没有经受过足够教育的吗？",
        "uid": "7478882010/",
        "followers_count": "2",
        "statuses_count": "10",
        "verified": 0,
        "user_created_at": "2020-07-08",
        "has_description": 0,
        "parent": "4526308329050133"
    },
    {
        "mid": "4526887085372698",
        "has_multimedia": 1,
        "comments_count": 0,
        "reposts_count": 0,
        "attitudes_count": 0,
        "t": "1594777449000",
        "text": "实力证明了什么叫不作死就不会死#美国男子故意参加新冠聚会染病丧命#  #蜂场联盟#",
        "uid": "5286759033/",
        "followers_count": "2",
        "statuses_count": "2",
        "verified": 0,
        "user_created_at": "2014-09-10",
        "has_description": 1,
        "parent": "4526308329050133"
    },
    {
        "mid": "4526886908131441",
        "has_multimedia": 1,
        "comments_count": 12,
        "reposts_count": 10,
        "attitudes_count": 17,
        "t": "1594653900000",
        "text": "【#美国男子故意参加新冠聚会染病丧命#】 #美国多地出现新冠聚会#",
        "uid": "5791037520/",
        "followers_count": "22",
        "statuses_count": "2068",
        "verified": 0,
        "user_created_at": "2017-02-09",
        "has_description": 0,
        "parent": "4526308329050133"
    },
    {
        "mid": "4526874850513070",
        "has_multimedia": 1,
        "comments_count": 0,
        "reposts_count": 0,
        "attitudes_count": 0,
        "t": "1594774531000",
        "text": "转发微博",
        "uid": "2247815087/",
        "followers_count": "655",
        "statuses_count": "20421",
        "verified": 0,
        "user_created_at": "2011-07-15",
        "has_description": 0,
        "parent": "4526308329050133"
    },
    {
        "mid": "4526873889427522",
        "has_multimedia": 1,
        "comments_count": 0,
        "reposts_count": 0,
        "attitudes_count": 0,
        "t": "1594774303000",
        "text": "新冠专治各种不服",
        "uid": "1236621620/",
        "followers_count": "397",
        "statuses_count": "1642",
        "verified": 1,
        "user_created_at": "2010-02-03",
        "has_description": 1,
        "parent": "4526308329050133"
    },
    {
        "mid": "4526873176232939",
        "has_multimedia": 1,
        "comments_count": 0,
        "reposts_count": 0,
        "attitudes_count": 0,
        "t": "1594774133000",
        "text": "//@和谐双塘:转发微博",
        "uid": "2208105245/",
        "followers_count": "759",
        "statuses_count": "170562",
        "verified": 1,
        "has_description": 1,
        "parent": "4526308329050133",
        "user_created_at": "2011-06-29"
    }
]