[
    {
        "mid": "4526326389938456",
        "has_multimedia": 1,
        "comments_count": 545,
        "reposts_count": 1208,
        "attitudes_count": 5092,
        "t": "1594643769000",
        "text": "#谈谈有话说# 【“祖安文化”出圈入侵校园，该制止了！】#祖安文化入侵校园# 最近，一种挖空心思骂人、动辄问候对方祖上“安康”，美其名曰“祖安文化”的互联网语言浊流，在很多游戏社区、社交媒体走红。 “祖安文化”以对方母亲为圆心、直系亲戚为半径、生殖器为主武器、意淫为主技能，配以伦理、两性等领域的特有动词及名词……如“山体滑坡”将互联网语言的水准推入谷底。粗鄙下流的语言，何以被称为“文化”？说到底，这无疑是侵害社会和谐的病毒！要警惕 “祖安文化”恶性诱导青少年的思想和行为，形成畸形的价值观。治理网络生态，打造清朗的网络空间，决不能让“祖安文化”大行其道！ L半月谈的微博视频",
        "uid": "2318265821/",
        "followers_count": "10850747",
        "statuses_count": "57235",
        "verified": 1,
        "has_description": 1,
        "parent": "0",
        "user_created_at": "2011-08-23"
    },
    {
        "mid": "4527417382677631",
        "has_multimedia": 1,
        "comments_count": 0,
        "reposts_count": 0,
        "attitudes_count": 0,
        "t": "1594903882000",
        "text": "at不，",
        "uid": "5237468639/",
        "followers_count": "803",
        "statuses_count": "374",
        "verified": 0,
        "user_created_at": "2014-07-30",
        "has_description": 1,
        "parent": "4526326389938456"
    },
    {
        "mid": "4527340031320960",
        "has_multimedia": 1,
        "comments_count": 0,
        "reposts_count": 0,
        "attitudes_count": 0,
        "t": "1594885440000",
        "text": "转发微博",
        "uid": "6794538474/",
        "followers_count": "1",
        "statuses_count": "34",
        "verified": 0,
        "user_created_at": "2020-06-17",
        "has_description": 0,
        "parent": "4526326389938456"
    }
]