[
    {
        "mid": "4526327128297903",
        "has_multimedia": 1,
        "comments_count": 1622,
        "reposts_count": 491,
        "attitudes_count": 18535,
        "t": "1594643945000",
        "text": "【#山东宣布4大省属国企重组方案#】今天上午，山东省政府召开了有关省属企业改革工作推进暨干部大会。会上，宣布了山东能源与兖矿集团联合重组方案、山东高速与齐鲁交通集团联合重组方案；宣布了联合重组后的企业领导班子。重组后的兖矿集团与山东能源集团营业收入总额将达到6438亿元，或成中国第二大煤企；而新山东高速集团则将成为山东主业突出、核心竞争力强的交通基础设施投资建设运营服务商和行业龙头企业。这是继去年山东港口集团和山东机场集团组建后，山东再次对国有资产的大手笔整合。#山东4大省属国企官宣重组#（齐鲁网）",
        "uid": "1885454921/",
        "followers_count": "3009142",
        "statuses_count": "146947",
        "verified": 1,
        "has_description": 1,
        "parent": "0",
        "user_created_at": "2012-01-01"
    },
    {
        "mid": "4527064826524104",
        "has_multimedia": 1,
        "comments_count": 5,
        "reposts_count": 1,
        "attitudes_count": 1,
        "t": "1594646940000",
        "text": "【#山东宣布4大省属国企重组方案#】",
        "uid": "7308782085/",
        "followers_count": "1520",
        "statuses_count": "52381",
        "verified": 0,
        "user_created_at": "2019-09-21",
        "has_description": 0,
        "parent": "4526327128297903"
    },
    {
        "mid": "4526894454742861",
        "has_multimedia": 1,
        "comments_count": 0,
        "reposts_count": 0,
        "attitudes_count": 0,
        "t": "1594779206000",
        "text": "愿一切越来越好。",
        "uid": "6274776130/",
        "followers_count": "64",
        "statuses_count": "520",
        "verified": 0,
        "user_created_at": "2017-06-10",
        "has_description": 1,
        "parent": "4526327128297903"
    }
]