[
    {
        "mid": "4526328689424114",
        "has_multimedia": 1,
        "comments_count": 762,
        "reposts_count": 425,
        "attitudes_count": 14647,
        "t": "1594644317000",
        "text": "【#驾校教练称唾液能止痒亲女学员#？ 姑娘怒斥：说法搞笑纯属开脱！】今天，杭州一驾校教练骚扰女学员被刑拘，并称唾液能给蚊子包止痒借机用嘴亲的新闻引来热议。当事女学员告诉记者，教练的说法就是在给自己的不轨行为开脱，蚊子在手上，不会用手打吗？她还反问，不觉得这个说法很搞笑吗？记者也问了皮肤科医生，口水止不了痒，只有很轻微的杀菌作用。  L1818黄金眼的微博视频",
        "uid": "2334162530/",
        "followers_count": "6443038",
        "statuses_count": "54162",
        "verified": 1,
        "has_description": 1,
        "parent": "0",
        "user_created_at": "2011-08-23"
    },
    {
        "mid": "4526369641668120",
        "has_multimedia": 1,
        "comments_count": 128,
        "reposts_count": 140,
        "attitudes_count": 1897,
        "t": "1594654080000",
        "text": "#分享迷惑# //@鸣虫不叫:@迷惑行為大賞",
        "uid": "5594559637/",
        "followers_count": "2089395",
        "statuses_count": "13881",
        "verified": 1,
        "user_created_at": "2015-04-23",
        "has_description": 1,
        "parent": "4526328689424114"
    },
    {
        "mid": "4526737494383180",
        "has_multimedia": 1,
        "comments_count": 0,
        "reposts_count": 0,
        "attitudes_count": 0,
        "t": "1594741784000",
        "text": "傻逼//@迷惑行為大賞:#分享迷惑# //@鸣虫不叫:@迷惑行為大賞",
        "uid": "3927253237/",
        "followers_count": "37",
        "statuses_count": "3557",
        "verified": 0,
        "user_created_at": "2014-04-05",
        "has_description": 1,
        "parent": "4526369641668120"
    },
    {
        "mid": "4526710089355062",
        "has_multimedia": 1,
        "comments_count": 0,
        "reposts_count": 0,
        "attitudes_count": 0,
        "t": "1594735250000",
        "text": "教练我手痒//@迷惑行為大賞:#分享迷惑# //@鸣虫不叫:@迷惑行為大賞",
        "uid": "3216524640/",
        "followers_count": "198",
        "statuses_count": "3566",
        "verified": 0,
        "user_created_at": "2013-03-07",
        "has_description": 1,
        "parent": "4526369641668120"
    },
    {
        "mid": "4526704796401109",
        "has_multimedia": 1,
        "comments_count": 0,
        "reposts_count": 0,
        "attitudes_count": 0,
        "t": "1594733988000",
        "text": "皮痒了吧我看是//@迷惑行為大賞:#分享迷惑# //@鸣虫不叫:@迷惑行為大賞",
        "uid": "2053374030/",
        "followers_count": "154",
        "statuses_count": "80",
        "verified": 0,
        "user_created_at": "2013-05-22",
        "has_description": 1,
        "parent": "4526369641668120"
    },
    {
        "mid": "4527347459428966",
        "has_multimedia": 1,
        "comments_count": 0,
        "reposts_count": 0,
        "attitudes_count": 0,
        "t": "1594887211000",
        "text": "教练你脸上有蚊子 可别等它咬出包 我给你两巴掌也能止痒",
        "uid": "5711417380/",
        "followers_count": "44",
        "statuses_count": "411",
        "verified": 0,
        "user_created_at": "2015-09-28",
        "has_description": 0,
        "parent": "4526328689424114"
    },
    {
        "mid": "4527310147426170",
        "has_multimedia": 1,
        "comments_count": 0,
        "reposts_count": 0,
        "attitudes_count": 0,
        "t": "1594878315000",
        "text": "大锤敲头能解暑，要不给教练您试一下？//@迷惑行為大賞:#分享迷惑# //@鸣虫不叫:@迷惑行為大賞",
        "uid": "5604385428/",
        "followers_count": "42",
        "statuses_count": "40",
        "verified": 0,
        "user_created_at": "2015-05-08",
        "has_description": 1,
        "parent": "4526328689424114"
    }
]