[
    {
        "mid": "4526329406441710",
        "has_multimedia": 1,
        "comments_count": 1794,
        "reposts_count": 17406,
        "attitudes_count": 58715,
        "t": "1594644488000",
        "text": "给大家讲个好消息。大家是否还记得去年7月网传的“衡阳所长夫妻打人”一案，当时酒后猥亵小女孩又殴打小孩母亲的贺国伟，被赶来救妻女的张鹏制止。事后，贺国伟剪辑视频，栽赃陷害，其舅舅胡文电，在当地的工作群中发出剪辑后的视频，发动舆论污蔑“所长夫妇打人”（图2-4），并且在多个网络平台大肆宣传。后来我收到完整视频，整理出来龙去脉图5，舆论反转。几天后，当地经过调查，发布通告，贺国伟酒后亲小女孩脸、殴打小孩母亲属实，但由于张鹏制止后没有及时停手，取消了张鹏的副科提拔资格，停职30天。这就是当时的结论。一年后，告诉大家最新情况：1.贺国伟在19年因寻衅滋事被刑拘并起诉。2.今年6月，胡文电因为滥用职权、寻衅滋事，贪污、挪用公款等罪名被检察院提起公诉。3.因为抗疫立功，张鹏已被提拔为城区中心所教导员。人都会走向属于自己的方向。",
        "uid": "1740006833/",
        "followers_count": "1485536",
        "statuses_count": "6023",
        "verified": 1,
        "user_created_at": "2010-05-10",
        "has_description": 1,
        "parent": "0"
    },
    {
        "mid": "4526332388049586",
        "has_multimedia": 1,
        "comments_count": 43,
        "reposts_count": 4885,
        "attitudes_count": 194,
        "t": "1594645199000",
        "text": "真好。善恶有报。",
        "uid": "1820578701/",
        "followers_count": "1188218",
        "statuses_count": "22497",
        "verified": 1,
        "user_created_at": "2010-09-17",
        "has_description": 1,
        "parent": "4526329406441710"
    },
    {
        "mid": "4526335912248375",
        "has_multimedia": 1,
        "comments_count": 2,
        "reposts_count": 2730,
        "attitudes_count": 12,
        "t": "1594646039000",
        "text": "真的开心//@斯库里 :真好。善恶有报。",
        "uid": "1760041341/",
        "followers_count": "92754",
        "statuses_count": "36996",
        "verified": 1,
        "user_created_at": "2010-06-20",
        "has_description": 1,
        "parent": "4526332388049586"
    },
    {
        "mid": "4526356647560649",
        "has_multimedia": 1,
        "comments_count": 10,
        "reposts_count": 325,
        "attitudes_count": 102,
        "t": "1594650983000",
        "text": "//@魏岳:真的开心//@斯库里 :真好。善恶有报。",
        "uid": "1686777210/",
        "followers_count": "475643",
        "statuses_count": "4773",
        "verified": 1,
        "user_created_at": "2010-06-12",
        "has_description": 1,
        "parent": "4526335912248375"
    },
    {
        "mid": "4526364319415514",
        "has_multimedia": 1,
        "comments_count": 0,
        "reposts_count": 12,
        "attitudes_count": 0,
        "t": "1594652811000",
        "text": "//@恩顾://@魏岳:真的开心//@斯库里 :真好。善恶有报。",
        "uid": "1611085045/",
        "followers_count": "350",
        "statuses_count": "5046",
        "verified": 1,
        "user_created_at": "2010-09-13",
        "has_description": 1,
        "parent": "4526356647560649"
    },
    {
        "mid": "4526555835589099",
        "has_multimedia": 1,
        "comments_count": 0,
        "reposts_count": 1,
        "attitudes_count": 0,
        "t": "1594697280000",
        "text": "善恶有报//@叶扬-独眼://@欧阳杼://@我的青春撞了腰://@恩顾://@魏岳:真的开心//@斯库里 :真好。善恶有报。",
        "uid": "1490883690/",
        "verified": 0,
        "user_created_at": "2010-04-07",
        "has_description": 1,
        "parent": "4526364319415514",
        "followers_count": "544",
        "statuses_count": "5070"
    },
    {
        "mid": "4526551070809738",
        "has_multimedia": 1,
        "comments_count": 0,
        "reposts_count": 1,
        "attitudes_count": 0,
        "t": "1594697336000",
        "text": "善恶有报//@叶扬-独眼://@欧阳杼://@我的青春撞了腰://@恩顾://@魏岳:真的开心//@斯库里 :真好。善恶有报。",
        "uid": "1647841893/",
        "followers_count": "403",
        "statuses_count": "8343",
        "verified": 1,
        "user_created_at": "2009-09-17",
        "has_description": 1,
        "parent": "4526364319415514"
    },
    {
        "mid": "4526530859255878",
        "has_multimedia": 1,
        "comments_count": 0,
        "reposts_count": 0,
        "attitudes_count": 0,
        "t": "1594692517000",
        "text": "真不容易//@叶扬-独眼://@欧阳杼://@我的青春撞了腰://@恩顾://@魏岳:真的开心//@斯库里 :真好。善恶有报。",
        "uid": "1658912267/",
        "followers_count": "1628",
        "statuses_count": "200590",
        "verified": 0,
        "user_created_at": "2009-11-06",
        "has_description": 1,
        "parent": "4526364319415514"
    },
    {
        "mid": "4527254983935877",
        "has_multimedia": 1,
        "comments_count": 0,
        "reposts_count": 0,
        "attitudes_count": 0,
        "t": "1594865163000",
        "text": "",
        "uid": "2002575991/",
        "followers_count": "451",
        "statuses_count": "9528",
        "verified": 0,
        "user_created_at": "2011-03-02",
        "has_description": 1,
        "parent": "4526356647560649"
    },
    {
        "mid": "4527209405220460",
        "has_multimedia": 1,
        "comments_count": 10,
        "reposts_count": 325,
        "attitudes_count": 102,
        "t": "1594650960000",
        "text": "//@魏岳:真的开心//@斯库里 :真好。善恶有报。",
        "uid": "2004408913/",
        "followers_count": "171",
        "statuses_count": "4680",
        "verified": 0,
        "user_created_at": "2011-03-03",
        "has_description": 1,
        "parent": "4526356647560649"
    },
    {
        "mid": "4526341028573235",
        "has_multimedia": 1,
        "comments_count": 1,
        "reposts_count": 25,
        "attitudes_count": 6,
        "t": "1594647258000",
        "text": "//@魏岳:真的开心//@斯库里 :真好。善恶有报。",
        "uid": "2019277855/",
        "followers_count": "461342",
        "statuses_count": "82522",
        "verified": 0,
        "user_created_at": "2011-03-11",
        "has_description": 1,
        "parent": "4526335912248375"
    },
    {
        "mid": "4526528141063210",
        "has_multimedia": 1,
        "comments_count": 0,
        "reposts_count": 0,
        "attitudes_count": 0,
        "t": "1594691870000",
        "text": "太好了！现实生活中终于有了善恶有报的例子！//@aj2327:真好//@无角獬豸://@Exorcista_Arcanarum:善恶有报//@在下黄昏鸟: //@魏岳:真的开心//@斯库里 :真好。善恶有报。",
        "uid": "3093418107/",
        "followers_count": "135",
        "statuses_count": "12297",
        "verified": 0,
        "user_created_at": "2012-11-04",
        "has_description": 1,
        "parent": "4526341028573235"
    },
    {
        "mid": "4526464118058887",
        "has_multimedia": 1,
        "comments_count": 0,
        "reposts_count": 7,
        "attitudes_count": 12,
        "t": "1594650780000",
        "text": "//@在下黄昏鸟: //@魏岳:真的开心//@斯库里 :真好。善恶有报。",
        "uid": "1738490031/",
        "followers_count": "334",
        "statuses_count": "14576",
        "verified": 0,
        "user_created_at": "2010-05-06",
        "has_description": 1,
        "parent": "4526341028573235"
    },
    {
        "mid": "4526400051296668",
        "has_multimedia": 1,
        "comments_count": 0,
        "reposts_count": 0,
        "attitudes_count": 1,
        "t": "1594661330000",
        "text": "特别开心，再转一次。天道好轮回！//@在下黄昏鸟://@魏岳:真的开心//@斯库里 :真好。善恶有报。",
        "uid": "1887546427/",
        "followers_count": "698",
        "statuses_count": "22890",
        "verified": 1,
        "user_created_at": "2010-12-09",
        "has_description": 0,
        "parent": "4526341028573235"
    },
    {
        "mid": "4527283152892659",
        "has_multimedia": 1,
        "comments_count": 0,
        "reposts_count": 0,
        "attitudes_count": 0,
        "t": "1594871879000",
        "text": "善恶终有报//@风息神泪: 这新闻记得。这走向，很好。//@魏岳: 真的开心//@斯库里 :真好。善恶有报。",
        "uid": "1774141703/",
        "followers_count": "475",
        "statuses_count": "20637",
        "verified": 0,
        "user_created_at": "2010-07-13",
        "has_description": 0,
        "parent": "4526335912248375"
    },
    {
        "mid": "4526366076845563",
        "has_multimedia": 1,
        "comments_count": 0,
        "reposts_count": 768,
        "attitudes_count": 0,
        "t": "1594653230000",
        "text": "//@斯库里:真好。善恶有报。",
        "uid": "1749566687/",
        "followers_count": "153944",
        "statuses_count": "6624",
        "verified": 1,
        "user_created_at": "2010-06-01",
        "has_description": 1,
        "parent": "4526332388049586"
    },
    {
        "mid": "4526375912844571",
        "has_multimedia": 1,
        "comments_count": 0,
        "reposts_count": 764,
        "attitudes_count": 1,
        "t": "1594655576000",
        "text": "善恶终有定论//@LilLian_喵M://@斯库里:真好。善恶有报。",
        "uid": "1253633815/",
        "followers_count": "3249",
        "statuses_count": "8841",
        "verified": 0,
        "user_created_at": "2010-05-06",
        "has_description": 1,
        "parent": "4526366076845563"
    },
    {
        "mid": "4526481978143037",
        "has_multimedia": 1,
        "comments_count": 1,
        "reposts_count": 763,
        "attitudes_count": 1,
        "t": "1594680864000",
        "text": "善有善报，恶有恶报。//@彩婆婆_:善恶终有定论//@LilLian_喵M://@斯库里:真好。善恶有报。",
        "uid": "1765285525/",
        "followers_count": "28519",
        "statuses_count": "88799",
        "verified": 0,
        "user_created_at": "2010-06-30",
        "has_description": 1,
        "parent": "4526375912844571"
    },
    {
        "mid": "4526484405938888",
        "has_multimedia": 1,
        "comments_count": 1,
        "reposts_count": 749,
        "attitudes_count": 11,
        "t": "1594681442000",
        "text": "好//@刺客棉条:善有善报，恶有恶报。//@彩婆婆_:善恶终有定论//@LilLian_喵M://@斯库里:真好。善恶有报。",
        "uid": "5639358253/",
        "followers_count": "466873",
        "statuses_count": "12813",
        "verified": 1,
        "user_created_at": "2015-06-23",
        "has_description": 1,
        "parent": "4526481978143037"
    },
    {
        "mid": "4526512511972508",
        "has_multimedia": 1,
        "comments_count": 3,
        "reposts_count": 552,
        "attitudes_count": 61,
        "t": "1594688143000",
        "text": "最后一句说得好啊//@纯良大叔:今日正能量//@荷尔萌:好//@刺客棉条:善有善报，恶有恶报。//@彩婆婆_:善恶终有定论//@LilLian_喵M://@斯库里:真好。善恶有报。",
        "uid": "1652869815/",
        "followers_count": "1009533",
        "statuses_count": "2343",
        "verified": 1,
        "user_created_at": "2009-10-11",
        "has_description": 1,
        "parent": "4526484405938888"
    },
    {
        "mid": "4526514764976142",
        "has_multimedia": 1,
        "comments_count": 2,
        "reposts_count": 493,
        "attitudes_count": 75,
        "t": "1594688681000",
        "text": "人都会走向属于自己的方向//@终月冥:最后一句说得好啊//@纯良大叔:今日正能量//@荷尔萌:好//@刺客棉条:善有善报，恶有恶报。//@彩婆婆_:善恶终有定论//@LilLian_喵M://@斯库里:真好。善恶有报。",
        "uid": "1680078915/",
        "followers_count": "3336118",
        "statuses_count": "3777",
        "verified": 1,
        "user_created_at": "2010-08-08",
        "has_description": 1,
        "parent": "4526512511972508"
    },
    {
        "mid": "4526747369276051",
        "has_multimedia": 1,
        "comments_count": 21,
        "reposts_count": 433,
        "attitudes_count": 455,
        "t": "1594689300000",
        "text": "善恶有报//@沈三废:人都会走向属于自己的方向//@终月冥:最后一句说得好啊//@纯良大叔:今日正能量//@荷尔萌:好//@刺客棉条:善有善报，恶有恶报。//@彩婆婆_:善恶终有定论",
        "uid": "3943170475/",
        "followers_count": "116",
        "statuses_count": "3819",
        "verified": 0,
        "user_created_at": "2013-12-28",
        "has_description": 1,
        "parent": "4526514764976142"
    },
    {
        "mid": "4526742779555774",
        "has_multimedia": 1,
        "comments_count": 2,
        "reposts_count": 493,
        "attitudes_count": 75,
        "t": "1594688640000",
        "text": "人都会走向属于自己的方向//@终月冥:最后一句说得好啊//@纯良大叔:今日正能量//@荷尔萌:好//@刺客棉条:善有善报，恶有恶报。//@彩婆婆_:善恶终有定论//@LilLian_喵M://@斯库里:真好。善恶有报。",
        "uid": "2461323842/",
        "followers_count": "112",
        "statuses_count": "1425",
        "verified": 0,
        "user_created_at": "2011-10-11",
        "has_description": 1,
        "parent": "4526514764976142"
    },
    {
        "mid": "4526740847118173",
        "has_multimedia": 1,
        "comments_count": 0,
        "reposts_count": 0,
        "attitudes_count": 0,
        "t": "1594742582000",
        "text": "//@雅琰_: //@五行属二:善恶有报//@沈三废:人都会走向属于自己的方向//@终月冥:最后一句说得好啊//@纯良大叔:今日正能量//@荷尔萌:好//@刺客棉条:善有善报，恶有恶报。//@彩婆婆_:善恶终有定论",
        "uid": "1729996055/",
        "followers_count": "131",
        "statuses_count": "3502",
        "verified": 0,
        "user_created_at": "2010-06-07",
        "has_description": 1,
        "parent": "4526514764976142"
    },
    {
        "mid": "4526782545760446",
        "has_multimedia": 1,
        "comments_count": 2,
        "reposts_count": 493,
        "attitudes_count": 75,
        "t": "1594688640000",
        "text": "人都会走向属于自己的方向//@终月冥:最后一句说得好啊//@纯良大叔:今日正能量//@荷尔萌:好//@刺客棉条:善有善报，恶有恶报。//@彩婆婆_:善恶终有定论//@LilLian_喵M://@斯库里:真好。善恶有报。",
        "uid": "2460775785/",
        "followers_count": "195",
        "statuses_count": "3520",
        "verified": 0,
        "user_created_at": "2011-11-12",
        "has_description": 1,
        "parent": "4526512511972508"
    },
    {
        "mid": "4526777596326736",
        "has_multimedia": 1,
        "comments_count": 0,
        "reposts_count": 0,
        "attitudes_count": 1,
        "t": "1594751344000",
        "text": "//@沈三废:人都会走向属于自己的方向//@终月冥:最后一句说得好啊//@纯良大叔:今日正能量//@荷尔萌:好//@刺客棉条:善有善报，恶有恶报。//@彩婆婆_:善恶终有定论//@LilLian_喵M://@斯库里:真好。善恶有报。",
        "uid": "6155837973/",
        "followers_count": "23",
        "statuses_count": "721",
        "verified": 0,
        "user_created_at": "2017-03-11",
        "has_description": 1,
        "parent": "4526512511972508"
    },
    {
        "mid": "4526495056473259",
        "has_multimedia": 1,
        "comments_count": 1,
        "reposts_count": 132,
        "attitudes_count": 42,
        "t": "1594683981000",
        "text": "我还记得这事//@荷尔萌:好//@刺客棉条:善有善报，恶有恶报。//@彩婆婆_:善恶终有定论//@LilLian_喵M://@斯库里:真好。善恶有报。",
        "uid": "1645438592/",
        "followers_count": "271619",
        "statuses_count": "19614",
        "verified": 1,
        "user_created_at": "2010-06-09",
        "has_description": 1,
        "parent": "4526484405938888"
    },
    {
        "mid": "4526577629787351",
        "has_multimedia": 1,
        "comments_count": 0,
        "reposts_count": 66,
        "attitudes_count": 24,
        "t": "1594703669000",
        "text": "//@angel安淇儿:我还记得这事//@荷尔萌:好//@刺客棉条:善有善报，恶有恶报。//@彩婆婆_:善恶终有定论//@LilLian_喵M://@斯库里:真好。善恶有报。",
        "uid": "5128345773/",
        "followers_count": "192625",
        "statuses_count": "20469",
        "verified": 1,
        "user_created_at": "2014-10-19",
        "has_description": 1,
        "parent": "4526495056473259"
    },
    {
        "mid": "4526652993214488",
        "has_multimedia": 1,
        "comments_count": 0,
        "reposts_count": 0,
        "attitudes_count": 0,
        "t": "1594721636000",
        "text": "//@甜家一颗大白菜://@angel安淇儿:我还记得这事//@荷尔萌:好//@刺客棉条:善有善报，恶有恶报。//@彩婆婆_:善恶终有定论//@LilLian_喵M://@斯库里:真好。善恶有报。",
        "uid": "3212772540/",
        "followers_count": "16",
        "statuses_count": "37299",
        "verified": 1,
        "has_description": 1,
        "parent": "4526577629787351",
        "user_created_at": "2020-01-01"
    },
    {
        "mid": "4526642762821146",
        "has_multimedia": 1,
        "comments_count": 0,
        "reposts_count": 0,
        "attitudes_count": 0,
        "t": "1594719197000",
        "text": "善恶终有报//@甜家一颗大白菜://@angel安淇儿:我还记得这事//@荷尔萌:好//@刺客棉条:善有善报，恶有恶报。//@彩婆婆_:善恶终有定论//@LilLian_喵M://@斯库里:真好。善恶有报。",
        "uid": "7464376672/",
        "followers_count": "1",
        "statuses_count": "8",
        "verified": 0,
        "user_created_at": "2020-07-01",
        "has_description": 1,
        "parent": "4526577629787351"
    },
    {
        "mid": "4526639398071010",
        "has_multimedia": 1,
        "comments_count": 0,
        "reposts_count": 0,
        "attitudes_count": 0,
        "t": "1594718395000",
        "text": "//@甜家一颗大白菜://@angel安淇儿:我还记得这事//@荷尔萌:好//@刺客棉条:善有善报，恶有恶报。//@彩婆婆_:善恶终有定论//@LilLian_喵M://@斯库里:真好。善恶有报。",
        "uid": "1804324822/",
        "followers_count": "203",
        "statuses_count": "2208",
        "verified": 0,
        "user_created_at": "2010-11-06",
        "has_description": 1,
        "parent": "4526577629787351"
    },
    {
        "mid": "4526743707172505",
        "has_multimedia": 1,
        "comments_count": 0,
        "reposts_count": 66,
        "attitudes_count": 24,
        "t": "1594703640000",
        "text": "//@angel安淇儿:我还记得这事//@荷尔萌:好//@刺客棉条:善有善报，恶有恶报。//@彩婆婆_:善恶终有定论//@LilLian_喵M://@斯库里:真好。善恶有报。",
        "uid": "5326891522/",
        "followers_count": "265",
        "statuses_count": "1255",
        "verified": 0,
        "user_created_at": "2014-10-24",
        "has_description": 1,
        "parent": "4526495056473259"
    },
    {
        "mid": "4526696772093211",
        "has_multimedia": 1,
        "comments_count": 1,
        "reposts_count": 132,
        "attitudes_count": 42,
        "t": "1594683960000",
        "text": "我还记得这事//@荷尔萌:好//@刺客棉条:善有善报，恶有恶报。//@彩婆婆_:善恶终有定论//@LilLian_喵M://@斯库里:真好。善恶有报。",
        "uid": "2198819627/",
        "followers_count": "158",
        "statuses_count": "10063",
        "verified": 0,
        "user_created_at": "2011-06-25",
        "has_description": 1,
        "parent": "4526495056473259"
    },
    {
        "mid": "4526867958523576",
        "has_multimedia": 1,
        "comments_count": 0,
        "reposts_count": 0,
        "attitudes_count": 0,
        "t": "1594772889000",
        "text": "人都会走向属于自己的方向，希望所有事情都能有好的结果🙏//@甜家一颗大白菜://@angel安淇儿:我还记得这事//@荷尔萌:好//@刺客棉条:善有善报，恶有恶报。//@彩婆婆_:善恶终有定论//@LilLian_喵M://@斯库里:真好。善恶有报。",
        "uid": "6989571449/",
        "followers_count": "333",
        "statuses_count": "236",
        "verified": 0,
        "user_created_at": "2019-02-08",
        "has_description": 1,
        "parent": "4526484405938888"
    },
    {
        "mid": "4526873621737833",
        "has_multimedia": 1,
        "comments_count": 2,
        "reposts_count": 493,
        "attitudes_count": 75,
        "t": "1594688640000",
        "text": "人都会走向属于自己的方向//@终月冥:最后一句说得好啊//@纯良大叔:今日正能量//@荷尔萌:好//@刺客棉条:善有善报，恶有恶报。//@彩婆婆_:善恶终有定论//@LilLian_喵M://@斯库里:真好。善恶有报。",
        "uid": "1838722524/",
        "followers_count": "378",
        "statuses_count": "33600",
        "verified": 0,
        "user_created_at": "2010-10-02",
        "has_description": 1,
        "parent": "4526481978143037"
    },
    {
        "mid": "4526869075310628",
        "has_multimedia": 1,
        "comments_count": 0,
        "reposts_count": 0,
        "attitudes_count": 0,
        "t": "1594773154000",
        "text": "//@五行属二:善恶有报//@沈三废:人都会走向属于自己的方向//@终月冥:最后一句说得好啊//@纯良大叔:今日正能量//@荷尔萌:好//@刺客棉条:善有善报，恶有恶报。//@彩婆婆_:善恶终有定论",
        "uid": "1877873615/",
        "followers_count": "833",
        "statuses_count": "21961",
        "verified": 0,
        "user_created_at": "2010-11-29",
        "has_description": 0,
        "parent": "4526481978143037"
    },
    {
        "mid": "4526900728408558",
        "has_multimedia": 1,
        "comments_count": 0,
        "reposts_count": 0,
        "attitudes_count": 0,
        "t": "1594780702000",
        "text": "//@沈三废:人都会走向属于自己的方向//@终月冥:最后一句说得好啊//@纯良大叔:今日正能量//@荷尔萌:好//@刺客棉条:善有善报，恶有恶报。//@彩婆婆_:善恶终有定论//@LilLian_喵M://@斯库里:真好。善恶有报。",
        "uid": "1808519600/",
        "followers_count": "570",
        "statuses_count": "2189",
        "verified": 1,
        "user_created_at": "2010-09-08",
        "has_description": 1,
        "parent": "4526375912844571"
    },
    {
        "mid": "4526899055690998",
        "has_multimedia": 1,
        "comments_count": 3,
        "reposts_count": 552,
        "attitudes_count": 61,
        "t": "1594688100000",
        "text": "最后一句说得好啊//@纯良大叔:今日正能量//@荷尔萌:好//@刺客棉条:善有善报，恶有恶报。//@彩婆婆_:善恶终有定论//@LilLian_喵M://@斯库里:真好。善恶有报。",
        "uid": "3785642237/",
        "followers_count": "5572",
        "statuses_count": "4967",
        "verified": 0,
        "user_created_at": "2013-09-10",
        "has_description": 1,
        "parent": "4526375912844571"
    },
    {
        "mid": "4526933436897839",
        "has_multimedia": 1,
        "comments_count": 0,
        "reposts_count": 0,
        "attitudes_count": 0,
        "t": "1594788500000",
        "text": "好事//@D4Ceng://@诚实可爱汪汪汪://@小唐小唐天天磕糖://@甜家一颗大白菜://@angel安淇儿:我还记得这事//@荷尔萌:好//@刺客棉条:善有善报，恶有恶报。//@彩婆婆_:善恶终有定论//@LilLian_喵M://@斯库里:真好。善恶有报。",
        "uid": "5484276887/",
        "followers_count": "126",
        "statuses_count": "3532",
        "verified": 0,
        "user_created_at": "2015-01-17",
        "has_description": 1,
        "parent": "4526366076845563"
    },
    {
        "mid": "4526933041844286",
        "has_multimedia": 1,
        "comments_count": 0,
        "reposts_count": 2,
        "attitudes_count": 0,
        "t": "1594781940000",
        "text": "//@小唐小唐天天磕糖://@甜家一颗大白菜://@angel安淇儿:我还记得这事//@荷尔萌:好//@刺客棉条:善有善报，恶有恶报。//@彩婆婆_:善恶终有定论//@LilLian_喵M://@斯库里:真好。善恶有报。",
        "uid": "1802650420/",
        "followers_count": "321",
        "statuses_count": "8090",
        "verified": 1,
        "user_created_at": "2010-08-29",
        "has_description": 1,
        "parent": "4526366076845563"
    },
    {
        "mid": "4526334930097863",
        "has_multimedia": 1,
        "comments_count": 6,
        "reposts_count": 167,
        "attitudes_count": 13,
        "t": "1594645804000",
        "text": "大快人心！//@斯库里:真好。善恶有报。",
        "uid": "1950491472/",
        "followers_count": "36808",
        "statuses_count": "3060",
        "verified": 1,
        "user_created_at": "2011-02-21",
        "has_description": 1,
        "parent": "4526332388049586"
    },
    {
        "mid": "4526357923801691",
        "has_multimedia": 1,
        "comments_count": 3,
        "reposts_count": 18,
        "attitudes_count": 19,
        "t": "1594651286000",
        "text": "好人好报//@绯翠鱼:大快人心！//@斯库里:真好。善恶有报。",
        "uid": "1584255432/",
        "followers_count": "688649",
        "statuses_count": "57612",
        "verified": 1,
        "user_created_at": "2009-08-28",
        "has_description": 1,
        "parent": "4526334930097863"
    },
    {
        "mid": "4526505818610348",
        "has_multimedia": 1,
        "comments_count": 0,
        "reposts_count": 0,
        "attitudes_count": 0,
        "t": "1594686547000",
        "text": "//@点子正:好人好报//@绯翠鱼:大快人心！//@斯库里:真好。善恶有报。",
        "uid": "1418015820/",
        "followers_count": "836",
        "statuses_count": "54507",
        "verified": 1,
        "user_created_at": "2009-12-09",
        "has_description": 1,
        "parent": "4526357923801691"
    },
    {
        "mid": "4526493676111242",
        "has_multimedia": 1,
        "comments_count": 0,
        "reposts_count": 0,
        "attitudes_count": 0,
        "t": "1594683652000",
        "text": "//@你看我头像萌么://@点子正: 好人好报//@绯翠鱼:大快人心！//@斯库里:真好。善恶有报。",
        "uid": "1863345807/",
        "followers_count": "74",
        "statuses_count": "3886",
        "verified": 0,
        "user_created_at": "2010-11-15",
        "has_description": 0,
        "parent": "4526357923801691"
    },
    {
        "mid": "4526492287174814",
        "has_multimedia": 1,
        "comments_count": 0,
        "reposts_count": 1,
        "attitudes_count": 0,
        "t": "1594683322000",
        "text": "//@点子正: 好人好报//@绯翠鱼:大快人心！//@斯库里:真好。善恶有报。",
        "uid": "2665009663/",
        "followers_count": "188",
        "statuses_count": "6547",
        "verified": 0,
        "user_created_at": "2012-03-15",
        "has_description": 0,
        "parent": "4526357923801691"
    },
    {
        "mid": "4526874115967361",
        "has_multimedia": 1,
        "comments_count": 0,
        "reposts_count": 1,
        "attitudes_count": 7,
        "t": "1594773960000",
        "text": "//@從北極來的熊02: //@Mobscene_ ://@咕犬拔刀宅 :爽//@没什么就是想换个昵称试试 : //@绯翠鱼 :大快人心！//@斯库里 :真好。善恶有报。",
        "uid": "5174212818/",
        "followers_count": "540",
        "statuses_count": "4538",
        "verified": 0,
        "user_created_at": "2014-06-09",
        "has_description": 0,
        "parent": "4526334930097863"
    },
    {
        "mid": "4526872462979593",
        "has_multimedia": 1,
        "comments_count": 0,
        "reposts_count": 1,
        "attitudes_count": 7,
        "t": "1594773963000",
        "text": "//@從北極來的熊02: //@Mobscene_ ://@咕犬拔刀宅 :爽//@没什么就是想换个昵称试试 : //@绯翠鱼 :大快人心！//@斯库里 :真好。善恶有报。",
        "uid": "2126246222/",
        "followers_count": "13341",
        "statuses_count": "3118",
        "verified": 0,
        "user_created_at": "2012-08-03",
        "has_description": 1,
        "parent": "4526334930097863"
    },
    {
        "mid": "4526343410188966",
        "has_multimedia": 1,
        "comments_count": 92,
        "reposts_count": 1677,
        "attitudes_count": 695,
        "t": "1594647826000",
        "text": "真好",
        "uid": "5040955225/",
        "followers_count": "1961583",
        "statuses_count": "4776",
        "verified": 1,
        "user_created_at": "2014-02-16",
        "has_description": 1,
        "parent": "4526329406441710"
    },
    {
        "mid": "4526360553521310",
        "has_multimedia": 1,
        "comments_count": 79,
        "reposts_count": 862,
        "attitudes_count": 1053,
        "t": "1594651914000",
        "text": "善恶到头终有报！今日的好消息。//@天涯历知幸: 真好",
        "uid": "1645255202/",
        "followers_count": "747880",
        "statuses_count": "11676",
        "verified": 1,
        "user_created_at": "2010-04-30",
        "has_description": 1,
        "parent": "4526343410188966"
    },
    {
        "mid": "4526371903558924",
        "has_multimedia": 1,
        "comments_count": 0,
        "reposts_count": 130,
        "attitudes_count": 0,
        "t": "1594654620000",
        "text": "//@浪里赤条小粗林:善恶到头终有报！今日的好消息。//@天涯历知幸: 真好",
        "uid": "1752958051/",
        "followers_count": "1357",
        "statuses_count": "10975",
        "verified": 1,
        "user_created_at": "2011-06-22",
        "has_description": 1,
        "parent": "4526360553521310"
    },
    {
        "mid": "4526519231781993",
        "has_multimedia": 1,
        "comments_count": 0,
        "reposts_count": 129,
        "attitudes_count": 0,
        "t": "1594689745000",
        "text": "人都会走向属于自己的方向。//@阿银现在还没shi://@浪里赤条小粗林:善恶到头终有报！今日的好消息。//@天涯历知幸: 真好",
        "uid": "1170347695/",
        "followers_count": "2163",
        "statuses_count": "16352",
        "verified": 1,
        "user_created_at": "2010-01-28",
        "has_description": 1,
        "parent": "4526371903558924"
    },
    {
        "mid": "4526526445964638",
        "has_multimedia": 1,
        "comments_count": 6,
        "reposts_count": 128,
        "attitudes_count": 103,
        "t": "1594691466000",
        "text": "挺好//@力木宀:人都会走向属于自己的方向。//@阿银现在还没shi://@浪里赤条小粗林:善恶到头终有报！今日的好消息。//@天涯历知幸: 真好",
        "uid": "6094940062/",
        "followers_count": "538735",
        "statuses_count": "1116",
        "verified": 1,
        "user_created_at": "2017-01-05",
        "has_description": 1,
        "parent": "4526519231781993"
    },
    {
        "mid": "4526701286403711",
        "has_multimedia": 1,
        "comments_count": 0,
        "reposts_count": 0,
        "attitudes_count": 0,
        "t": "1594733150000",
        "text": "//@都市怪诞录: 挺好//@力木宀:人都会走向属于自己的方向。//@阿银现在还没shi://@浪里赤条小粗林:善恶到头终有报！今日的好消息。//@天涯历知幸: 真好",
        "uid": "2534978532/",
        "followers_count": "451",
        "statuses_count": "15442",
        "verified": 0,
        "user_created_at": "2011-11-14",
        "has_description": 1,
        "parent": "4526526445964638"
    },
    {
        "mid": "4526680314253561",
        "has_multimedia": 1,
        "comments_count": 6,
        "reposts_count": 128,
        "attitudes_count": 103,
        "t": "1594691460000",
        "text": "挺好//@力木宀:人都会走向属于自己的方向。//@阿银现在还没shi://@浪里赤条小粗林:善恶到头终有报！今日的好消息。//@天涯历知幸: 真好",
        "uid": "7100374485/",
        "followers_count": "36",
        "statuses_count": "2134",
        "verified": 0,
        "user_created_at": "2019-04-27",
        "has_description": 1,
        "parent": "4526526445964638"
    },
    {
        "mid": "4526640276003344",
        "has_multimedia": 1,
        "comments_count": 6,
        "reposts_count": 128,
        "attitudes_count": 103,
        "t": "1594691460000",
        "text": "挺好//@力木宀:人都会走向属于自己的方向。//@阿银现在还没shi://@浪里赤条小粗林:善恶到头终有报！今日的好消息。//@天涯历知幸: 真好",
        "uid": "6507696652/",
        "followers_count": "44",
        "statuses_count": "1111",
        "verified": 0,
        "user_created_at": "2018-03-15",
        "has_description": 1,
        "parent": "4526526445964638"
    },
    {
        "mid": "4526755245664342",
        "has_multimedia": 1,
        "comments_count": 0,
        "reposts_count": 0,
        "attitudes_count": 0,
        "t": "1594746016000",
        "text": "//@都市怪诞录:挺好//@力木宀:人都会走向属于自己的方向。//@阿银现在还没shi://@浪里赤条小粗林:善恶到头终有报！今日的好消息。//@天涯历知幸: 真好",
        "uid": "3537115380/",
        "followers_count": "54",
        "statuses_count": "3850",
        "verified": 0,
        "user_created_at": "2013-06-14",
        "has_description": 0,
        "parent": "4526519231781993"
    },
    {
        "mid": "4526744788688230",
        "has_multimedia": 1,
        "comments_count": 6,
        "reposts_count": 128,
        "attitudes_count": 103,
        "t": "1594691460000",
        "text": "挺好//@力木宀:人都会走向属于自己的方向。//@阿银现在还没shi://@浪里赤条小粗林:善恶到头终有报！今日的好消息。//@天涯历知幸: 真好",
        "uid": "5804723052/",
        "followers_count": "27",
        "statuses_count": "1540",
        "verified": 0,
        "user_created_at": "2015-12-24",
        "has_description": 1,
        "parent": "4526519231781993"
    },
    {
        "mid": "4526927622284219",
        "has_multimedia": 1,
        "comments_count": 0,
        "reposts_count": 1,
        "attitudes_count": 0,
        "t": "1594694280000",
        "text": "挺好//@都市怪诞录: 挺好//@力木宀:人都会走向属于自己的方向。//@阿银现在还没shi://@浪里赤条小粗林:善恶到头终有报！今日的好消息。//@天涯历知幸: 真好",
        "uid": "2110323232/",
        "followers_count": "36204",
        "statuses_count": "25642",
        "verified": 1,
        "user_created_at": "2011-04-23",
        "has_description": 1,
        "parent": "4526371903558924"
    },
    {
        "mid": "4526823662578738",
        "has_multimedia": 1,
        "comments_count": 0,
        "reposts_count": 0,
        "attitudes_count": 0,
        "t": "1594762327000",
        "text": "//@都市怪诞录:挺好//@力木宀:人都会走向属于自己的方向。//@阿银现在还没shi://@浪里赤条小粗林:善恶到头终有报！今日的好消息。//@天涯历知幸: 真好",
        "uid": "1881804804/",
        "followers_count": "138",
        "statuses_count": "1795",
        "verified": 0,
        "user_created_at": "2010-11-21",
        "has_description": 1,
        "parent": "4526371903558924"
    },
    {
        "mid": "4526546616056768",
        "has_multimedia": 1,
        "comments_count": 20,
        "reposts_count": 112,
        "attitudes_count": 164,
        "t": "1594696274000",
        "text": "真好！//@浪里赤条小粗林: 善恶到头终有报！今日的好消息。//@天涯历知幸: 真好",
        "uid": "6508016609/",
        "followers_count": "1278936",
        "statuses_count": "14429",
        "verified": 1,
        "has_description": 1,
        "parent": "4526360553521310",
        "user_created_at": "2018-03-15"
    },
    {
        "mid": "4527101652238587",
        "has_multimedia": 1,
        "comments_count": 0,
        "reposts_count": 0,
        "attitudes_count": 0,
        "t": "1594828605000",
        "text": "好消息//@风闻社区:真好！//@浪里赤条小粗林: 善恶到头终有报！今日的好消息。//@天涯历知幸: 真好",
        "uid": "3306914771/",
        "followers_count": "234",
        "statuses_count": "398",
        "verified": 0,
        "user_created_at": "2013-03-13",
        "has_description": 0,
        "parent": "4526546616056768"
    },
    {
        "mid": "4526939249415947",
        "has_multimedia": 1,
        "comments_count": 0,
        "reposts_count": 1,
        "attitudes_count": 1,
        "t": "1594788180000",
        "text": "//@风闻社区:真好！//@浪里赤条小粗林: 善恶到头终有报！今日的好消息。//@天涯历知幸: 真好",
        "uid": "1807661877/",
        "followers_count": "623",
        "statuses_count": "13331",
        "verified": 1,
        "user_created_at": "2010-09-01",
        "has_description": 1,
        "parent": "4526546616056768"
    },
    {
        "mid": "4526932236278475",
        "has_multimedia": 1,
        "comments_count": 0,
        "reposts_count": 1,
        "attitudes_count": 1,
        "t": "1594788214000",
        "text": "//@风闻社区:真好！//@浪里赤条小粗林: 善恶到头终有报！今日的好消息。//@天涯历知幸: 真好",
        "uid": "1883931351/",
        "followers_count": "698",
        "statuses_count": "3934",
        "verified": 0,
        "user_created_at": "2010-12-06",
        "has_description": 1,
        "parent": "4526546616056768"
    },
    {
        "mid": "4526393730573615",
        "has_multimedia": 1,
        "comments_count": 79,
        "reposts_count": 862,
        "attitudes_count": 1053,
        "t": "1594651860000",
        "text": "善恶到头终有报！今日的好消息。//@天涯历知幸: 真好",
        "uid": "1650471333/",
        "followers_count": "2597",
        "statuses_count": "3612",
        "verified": 1,
        "user_created_at": "2009-09-29",
        "has_description": 1,
        "parent": "4526360553521310"
    },
    {
        "mid": "4526398965240319",
        "has_multimedia": 1,
        "comments_count": 4,
        "reposts_count": 50,
        "attitudes_count": 160,
        "t": "1594661072000",
        "text": "//@罗不羽://@浪里赤条小粗林:善恶到头终有报！今日的好消息。//@天涯历知幸: 真好",
        "uid": "1811139254/",
        "followers_count": "414882",
        "statuses_count": "15488",
        "verified": 0,
        "user_created_at": "2010-09-11",
        "has_description": 1,
        "parent": "4526393730573615"
    },
    {
        "mid": "4526595077881266",
        "has_multimedia": 1,
        "comments_count": 0,
        "reposts_count": 0,
        "attitudes_count": 0,
        "t": "1594707828000",
        "text": "//@七宝酥废话特别多://@罗不羽://@浪里赤条小粗林:善恶到头终有报！今日的好消息。//@天涯历知幸: 真好",
        "uid": "5047370334/",
        "followers_count": "201",
        "statuses_count": "6890",
        "verified": 0,
        "user_created_at": "2014-02-24",
        "has_description": 1,
        "parent": "4526398965240319"
    },
    {
        "mid": "4526586441627349",
        "has_multimedia": 1,
        "comments_count": 0,
        "reposts_count": 0,
        "attitudes_count": 0,
        "t": "1594705770000",
        "text": "//@七宝酥废话特别多://@罗不羽://@浪里赤条小粗林:善恶到头终有报！今日的好消息。//@天涯历知幸: 真好",
        "uid": "5340968109/",
        "followers_count": "24",
        "statuses_count": "419",
        "verified": 0,
        "user_created_at": "2014-10-21",
        "has_description": 0,
        "parent": "4526398965240319"
    },
    {
        "mid": "4526548760626449",
        "has_multimedia": 1,
        "comments_count": 0,
        "reposts_count": 0,
        "attitudes_count": 0,
        "t": "1594696785000",
        "text": "//@七宝酥废话特别多 ://@罗不羽 ://@浪里赤条小粗林 :善恶到头终有报！今日的好消息。//@天涯历知幸 : 真好",
        "uid": "2237463902/",
        "followers_count": "111",
        "statuses_count": "1597",
        "verified": 0,
        "user_created_at": "2011-07-10",
        "has_description": 1,
        "parent": "4526398965240319"
    },
    {
        "mid": "4526672919439424",
        "has_multimedia": 1,
        "comments_count": 4,
        "reposts_count": 50,
        "attitudes_count": 160,
        "t": "1594661040000",
        "text": "//@罗不羽://@浪里赤条小粗林:善恶到头终有报！今日的好消息。//@天涯历知幸: 真好",
        "uid": "5301364160/",
        "followers_count": "160",
        "statuses_count": "15621",
        "verified": 0,
        "user_created_at": "2014-09-21",
        "has_description": 1,
        "parent": "4526393730573615"
    },
    {
        "mid": "4526597527562773",
        "has_multimedia": 1,
        "comments_count": 4,
        "reposts_count": 50,
        "attitudes_count": 160,
        "t": "1594661040000",
        "text": "//@罗不羽://@浪里赤条小粗林:善恶到头终有报！今日的好消息。//@天涯历知幸: 真好",
        "uid": "6297251862/",
        "followers_count": "24",
        "statuses_count": "234",
        "verified": 0,
        "user_created_at": "2017-07-02",
        "has_description": 1,
        "parent": "4526393730573615"
    },
    {
        "mid": "4526352474297989",
        "has_multimedia": 1,
        "comments_count": 92,
        "reposts_count": 1677,
        "attitudes_count": 695,
        "t": "1594647780000",
        "text": "真好",
        "uid": "5330446960/",
        "followers_count": "200",
        "statuses_count": "23145",
        "verified": 0,
        "user_created_at": "2014-11-22",
        "has_description": 1,
        "parent": "4526343410188966"
    },
    {
        "mid": "4526709200644788",
        "has_multimedia": 1,
        "comments_count": 0,
        "reposts_count": 0,
        "attitudes_count": 0,
        "t": "1594735038000",
        "text": "每个人都有责任，让善良得到回报，让为恶得到惩罚，让好人不吃亏，让坏人遭报应。如果这个世界不再有公平可言，不再有正义可期待，那我们每个人都难辞其咎。//@一个猫饼kkw://@木木_kkw:挺好//@LumiereNoire:哇不错！//@阿喀琉斯之囧:好人有好报，恶人总有恶报。//@励未扬:",
        "uid": "2965361401/",
        "followers_count": "299",
        "statuses_count": "11402",
        "verified": 0,
        "user_created_at": "2012-09-19",
        "has_description": 1,
        "parent": "4526352474297989"
    },
    {
        "mid": "4526676120434496",
        "has_multimedia": 1,
        "comments_count": 0,
        "reposts_count": 0,
        "attitudes_count": 0,
        "t": "1594727151000",
        "text": "//@拖拉机的小王子 :真是好消息//@木木_kkw :挺好//@LumiereNoire :哇不错！//@阿喀琉斯之囧 :好人有好报，恶人总有恶报。//@励未扬 ://@天涯历知幸 :真好",
        "uid": "7411489959/",
        "followers_count": "13",
        "statuses_count": "3110",
        "verified": 0,
        "user_created_at": "2020-03-12",
        "has_description": 0,
        "parent": "4526352474297989"
    },
    {
        "mid": "4526648319443227",
        "has_multimedia": 1,
        "comments_count": 0,
        "reposts_count": 0,
        "attitudes_count": 0,
        "t": "1594720523000",
        "text": "真好！还记得这个事！//@木木_kkw: 挺好//@LumiereNoire:哇不错！//@阿喀琉斯之囧:好人有好报，恶人总有恶报。//@励未扬://@天涯历知幸:真好",
        "uid": "2656103204/",
        "followers_count": "576",
        "statuses_count": "51363",
        "verified": 1,
        "user_created_at": "2012-01-07",
        "has_description": 0,
        "parent": "4526352474297989"
    },
    {
        "mid": "4526356878788310",
        "has_multimedia": 1,
        "comments_count": 0,
        "reposts_count": 18,
        "attitudes_count": 10,
        "t": "1594651038000",
        "text": "太好了//@天涯历知幸:真好",
        "uid": "3227910883/",
        "followers_count": "792812",
        "statuses_count": "24189",
        "verified": 1,
        "user_created_at": "2013-01-22",
        "has_description": 1,
        "parent": "4526343410188966"
    },
    {
        "mid": "4526582511994576",
        "has_multimedia": 1,
        "comments_count": 0,
        "reposts_count": 0,
        "attitudes_count": 0,
        "t": "1594704832000",
        "text": "//@石言呓语:这一年对这警察两口子来说不容易。//@盐都小警察:太好了//@天涯历知幸:真好",
        "uid": "2593768491/",
        "followers_count": "116",
        "statuses_count": "3096",
        "verified": 0,
        "user_created_at": "2012-01-16",
        "has_description": 1,
        "parent": "4526356878788310"
    },
    {
        "mid": "4526489854931099",
        "has_multimedia": 1,
        "comments_count": 0,
        "reposts_count": 0,
        "attitudes_count": 0,
        "t": "1594682742000",
        "text": "真好//@石言呓语:这一年对这警察两口子来说不容易。//@盐都小警察:太好了//@天涯历知幸:真好",
        "uid": "1803455997/",
        "followers_count": "551",
        "statuses_count": "3656",
        "verified": 0,
        "user_created_at": "2011-02-12",
        "has_description": 1,
        "parent": "4526356878788310"
    },
    {
        "mid": "4526385073141022",
        "has_multimedia": 1,
        "comments_count": 0,
        "reposts_count": 0,
        "attitudes_count": 0,
        "t": "1594657760000",
        "text": "//@石言呓语:这一年对这警察两口子来说不容易。//@盐都小警察:太好了//@天涯历知幸:真好",
        "uid": "1891792850/",
        "followers_count": "210",
        "statuses_count": "4957",
        "verified": 1,
        "user_created_at": "2010-12-11",
        "has_description": 1,
        "parent": "4526356878788310"
    },
    {
        "mid": "4526359642236160",
        "has_multimedia": 1,
        "comments_count": 19,
        "reposts_count": 672,
        "attitudes_count": 179,
        "t": "1594651696000",
        "text": "真好真好👏",
        "uid": "5648980807/",
        "followers_count": "163016",
        "statuses_count": "3128",
        "verified": 1,
        "user_created_at": "2015-07-08",
        "has_description": 1,
        "parent": "4526329406441710"
    },
    {
        "mid": "4526361215632527",
        "has_multimedia": 1,
        "comments_count": 76,
        "reposts_count": 543,
        "attitudes_count": 617,
        "t": "1594652072000",
        "text": "算是今年份的好消息//@卖萌的零食工: 真好真好👏",
        "uid": "1471143571/",
        "followers_count": "2272510",
        "statuses_count": "31968",
        "verified": 1,
        "user_created_at": "2010-03-02",
        "has_description": 1,
        "parent": "4526359642236160"
    },
    {
        "mid": "4526491063090428",
        "has_multimedia": 1,
        "comments_count": 0,
        "reposts_count": 40,
        "attitudes_count": 0,
        "t": "1594683030000",
        "text": "//@专业戳轮胎熊律师 :算是今年份的好消息//@卖萌的零食工 : 真好真好👏",
        "uid": "1408834642/",
        "followers_count": "93",
        "statuses_count": "16660",
        "verified": 0,
        "user_created_at": "2010-12-16",
        "has_description": 1,
        "parent": "4526361215632527"
    },
    {
        "mid": "4526620889221909",
        "has_multimedia": 1,
        "comments_count": 0,
        "reposts_count": 0,
        "attitudes_count": 0,
        "t": "1594713983000",
        "text": "//@道下一三: //@牯壮壮://@目标是八块腹肌://@专业戳轮胎熊律师 :算是今年份的好消息//@卖萌的零食工 : 真好真好👏",
        "uid": "1887399390/",
        "followers_count": "400",
        "statuses_count": "1505",
        "verified": 0,
        "user_created_at": "2010-12-03",
        "has_description": 1,
        "parent": "4526491063090428"
    },
    {
        "mid": "4526562923551061",
        "has_multimedia": 1,
        "comments_count": 0,
        "reposts_count": 0,
        "attitudes_count": 0,
        "t": "1594700162000",
        "text": "//@牯壮壮://@目标是八块腹肌://@专业戳轮胎熊律师 :算是今年份的好消息//@卖萌的零食工 : 真好真好👏",
        "uid": "5492464633/",
        "followers_count": "396",
        "statuses_count": "3387",
        "verified": 0,
        "user_created_at": "2015-01-23",
        "has_description": 1,
        "parent": "4526491063090428"
    },
    {
        "mid": "4526556464453716",
        "has_multimedia": 1,
        "comments_count": 0,
        "reposts_count": 0,
        "attitudes_count": 0,
        "t": "1594698623000",
        "text": "👏👏👏//@牯壮壮://@目标是八块腹肌://@专业戳轮胎熊律师 :算是今年份的好消息//@卖萌的零食工 : 真好真好👏",
        "uid": "3209934745/",
        "followers_count": "19",
        "statuses_count": "2353",
        "verified": 0,
        "user_created_at": "2013-01-01",
        "has_description": 1,
        "parent": "4526491063090428"
    },
    {
        "mid": "4526502995237166",
        "has_multimedia": 1,
        "comments_count": 0,
        "reposts_count": 29,
        "attitudes_count": 0,
        "t": "1594685875000",
        "text": "//@专业戳轮胎熊律师:算是今年份的好消息//@卖萌的零食工: 真好真好👏",
        "uid": "1278818100/",
        "followers_count": "302",
        "statuses_count": "17409",
        "verified": 0,
        "user_created_at": "2011-06-04",
        "has_description": 1,
        "parent": "4526361215632527"
    },
    {
        "mid": "4526917283326089",
        "has_multimedia": 1,
        "comments_count": 0,
        "reposts_count": 0,
        "attitudes_count": 0,
        "t": "1594784649000",
        "text": "//@朝仓音心建造者事件基金会://@萬世箴言___://@富冈义勇大侠 :啊，喜欢这个后续//@教导的伪典米德拉什 ://@莉昂厨-Wadee大谷 ://@黑土是屑 ://@专业戳轮胎熊律师 :算是今年份的好消息//@卖萌的零食工 : 真好真好👏",
        "uid": "2784674344/",
        "followers_count": "241",
        "statuses_count": "16641",
        "verified": 0,
        "user_created_at": "2012-04-26",
        "has_description": 1,
        "parent": "4526502995237166"
    },
    {
        "mid": "4526897248339002",
        "has_multimedia": 1,
        "comments_count": 0,
        "reposts_count": 0,
        "attitudes_count": 0,
        "t": "1594779871000",
        "text": "真好…//@蜜蜂蝴蝶初遇厨://@朝仓音心建造者事件基金会 ://@萬世箴言___ ://@富冈义勇大侠 :啊，喜欢这个后续//@教导的伪典米德拉什 ://@莉昂厨-Wadee大谷 ://@黑土是屑 ://@专业戳轮胎熊律师 :算是今年份的好消息//@卖萌的零食工 : 真好真好👏",
        "uid": "7415962828/",
        "followers_count": "276",
        "statuses_count": "4590",
        "verified": 0,
        "user_created_at": "2020-03-19",
        "has_description": 1,
        "parent": "4526502995237166"
    },
    {
        "mid": "4526897025126270",
        "has_multimedia": 1,
        "comments_count": 0,
        "reposts_count": 1,
        "attitudes_count": 0,
        "t": "1594779818000",
        "text": "//@朝仓音心建造者事件基金会 ://@萬世箴言___ ://@富冈义勇大侠 :啊，喜欢这个后续//@教导的伪典米德拉什 ://@莉昂厨-Wadee大谷 ://@黑土是屑 ://@专业戳轮胎熊律师 :算是今年份的好消息//@卖萌的零食工 : 真好真好👏",
        "uid": "6078024206/",
        "followers_count": "741",
        "statuses_count": "23123",
        "verified": 0,
        "user_created_at": "2016-12-06",
        "has_description": 1,
        "parent": "4526502995237166"
    },
    {
        "mid": "4526362289763673",
        "has_multimedia": 1,
        "comments_count": 0,
        "reposts_count": 21,
        "attitudes_count": 1,
        "t": "1594652327000",
        "text": "//@专业戳轮胎熊律师 :算是今年份的好消息//@卖萌的零食工 : 真好真好👏",
        "uid": "2594855721/",
        "followers_count": "6699",
        "statuses_count": "8390",
        "verified": 0,
        "user_created_at": "2012-01-29",
        "has_description": 1,
        "parent": "4526361215632527"
    },
    {
        "mid": "4526626803901392",
        "has_multimedia": 1,
        "comments_count": 0,
        "reposts_count": 0,
        "attitudes_count": 0,
        "t": "1594715393000",
        "text": "//@枫太太: 宽慰//@机车CLUB的八卦://@专业戳轮胎熊律师 :算是今年份的好消息//@卖萌的零食工 : 真好真好👏",
        "uid": "1738483055/",
        "followers_count": "650",
        "statuses_count": "4783",
        "verified": 1,
        "user_created_at": "2010-05-06",
        "has_description": 0,
        "parent": "4526362289763673"
    },
    {
        "mid": "4526515784572750",
        "has_multimedia": 1,
        "comments_count": 1,
        "reposts_count": 8,
        "attitudes_count": 0,
        "t": "1594685640000",
        "text": "《关于原衡阳市纪委派驻衡山科学城投资开发有限公司纪检组长胡文电严重违纪违法案件情况的通报》//@迷糊的熊猫: //@虫生虫I://@枫太太:宽慰//@机车CLUB的八卦://@专业戳轮胎熊律师 :算是今年份的好消息//@卖萌的零食工 : 真好真好👏",
        "uid": "1997665057/",
        "followers_count": "387",
        "statuses_count": "37178",
        "verified": 0,
        "user_created_at": "2011-04-01",
        "has_description": 1,
        "parent": "4526362289763673"
    },
    {
        "mid": "4526514034934692",
        "has_multimedia": 1,
        "comments_count": 0,
        "reposts_count": 0,
        "attitudes_count": 0,
        "t": "1594688507000",
        "text": "喜大普奔//@多摩的狸子: 《关于原衡阳市纪委派驻衡山科学城投资开发有限公司纪检组长胡文电严重违纪违法案件情况的通报》//@迷糊的熊猫: //@虫生虫I://@枫太太:宽慰//@机车CLUB的八卦://@专业戳轮胎熊律师 :算是今年份的好消息//@卖萌的零食工 : 真好真好👏",
        "uid": "7153174338/",
        "followers_count": "208",
        "statuses_count": "2364",
        "verified": 0,
        "user_created_at": "2019-05-21",
        "has_description": 1,
        "parent": "4526362289763673"
    },
    {
        "mid": "4526363615122571",
        "has_multimedia": 1,
        "comments_count": 2,
        "reposts_count": 26,
        "attitudes_count": 6,
        "t": "1594652643000",
        "text": "//@卖萌的零食工:真好真好👏",
        "uid": "1400582340/",
        "followers_count": "194618",
        "statuses_count": "40268",
        "verified": 1,
        "user_created_at": "2009-08-28",
        "has_description": 1,
        "parent": "4526359642236160"
    },
    {
        "mid": "4526687511554351",
        "has_multimedia": 1,
        "comments_count": 2,
        "reposts_count": 26,
        "attitudes_count": 6,
        "t": "1594652640000",
        "text": "//@卖萌的零食工:真好真好👏",
        "uid": "6037207367/",
        "followers_count": "174",
        "statuses_count": "2223",
        "verified": 0,
        "user_created_at": "2016-10-04",
        "has_description": 0,
        "parent": "4526363615122571"
    },
    {
        "mid": "4526630050418958",
        "has_multimedia": 1,
        "comments_count": 0,
        "reposts_count": 0,
        "attitudes_count": 0,
        "t": "1594716166000",
        "text": "//@泠_Lin: //@溪言君:真好。邪不胜正。//@贝勒王duki: //@卖萌的零食工:真好真好👏",
        "uid": "2884151350/",
        "followers_count": "102",
        "statuses_count": "4166",
        "verified": 0,
        "user_created_at": "2012-07-30",
        "has_description": 1,
        "parent": "4526363615122571"
    },
    {
        "mid": "4526555265862452",
        "has_multimedia": 1,
        "comments_count": 0,
        "reposts_count": 0,
        "attitudes_count": 0,
        "t": "1594698337000",
        "text": "//@溪言君: 真好。邪不胜正。//@贝勒王duki: //@卖萌的零食工:真好真好👏",
        "uid": "1190126183/",
        "followers_count": "3138",
        "statuses_count": "9430",
        "verified": 1,
        "user_created_at": "2010-05-14",
        "has_description": 0,
        "parent": "4526363615122571"
    },
    {
        "mid": "4527022003031258",
        "has_multimedia": 1,
        "comments_count": 0,
        "reposts_count": 0,
        "attitudes_count": 0,
        "t": "1594809615000",
        "text": "真好//@秦朝Marx:真好//@卖萌的零食工:真好真好👏",
        "uid": "3464734234/",
        "followers_count": "95",
        "statuses_count": "3195",
        "verified": 0,
        "user_created_at": "2013-06-12",
        "has_description": 1,
        "parent": "4526359642236160"
    }
]