[
    {
        "mid": "4526330324160257",
        "has_multimedia": 1,
        "comments_count": 797,
        "reposts_count": 963,
        "attitudes_count": 11604,
        "t": "1594644707000",
        "text": "【#骆驼被卖8个月后独行100公里回家#】去年，内蒙古巴彦淖尔一牧民将自家年迈的骆驼卖给另一位牧民，两家相距100多公里。没想到的是，近日，这只骆驼自己长途跋涉、穿越高速公路、翻过围栏，回到了原主人家，被发现时已满身伤痕。原主人将它换回，“以后再也不动它了”。网友：万物有灵！@齐鲁网 L齐鲁网的微博视频",
        "uid": "2656274875/",
        "followers_count": "111908463",
        "statuses_count": "130395",
        "verified": 1,
        "has_description": 1,
        "parent": "0",
        "user_created_at": "2012-03-07"
    },
    {
        "mid": "4527255978512762",
        "has_multimedia": 1,
        "comments_count": 0,
        "reposts_count": 0,
        "attitudes_count": 0,
        "t": "1594865400000",
        "text": "转发微博",
        "uid": "6462927425/",
        "followers_count": "14",
        "statuses_count": "400",
        "verified": 0,
        "user_created_at": "2018-01-17",
        "has_description": 1,
        "parent": "4526330324160257"
    },
    {
        "mid": "4527016029982333",
        "has_multimedia": 1,
        "comments_count": 0,
        "reposts_count": 0,
        "attitudes_count": 0,
        "t": "1594808191000",
        "text": "啊呀 感动了",
        "uid": "1590828380/",
        "followers_count": "24",
        "statuses_count": "47",
        "verified": 0,
        "user_created_at": "2012-06-18",
        "has_description": 0,
        "parent": "4526330324160257"
    }
]