[
    {
        "mid": "4526331289351823",
        "has_multimedia": 1,
        "comments_count": 2861,
        "reposts_count": 327,
        "attitudes_count": 10293,
        "t": "1594644936000",
        "text": "#三峡大坝#【清华大学教授黄万里：若三峡大坝建成，终究有一日会被迫炸掉】黄万里，他是著名的水利工程学专家，曾任清华大学的教授。当初拟建三峡大坝时，有人咨询了他的意见，他当即提出了反对意见，并做了一个长达30分钟的阐述。在他看来，建造三峡大坝，会使得长江流域的泥沙淤积，从而阻断航道，甚至还会毁坏周边地区的坝田。除此之外，他还认为三峡大坝的体型庞大且位置重要，这是一个安全隐患，容易成为一个被攻击的目标。事实证明，黄万里的理论是错误的。为什么？其一，三峡大坝在出现后的十几年内一直保持着积极的作用，先是对于长江上流流域的防洪泄洪，再是水力发电的供应，甚至还带动了周边地区的旅游产业。这些都是三峡大坝的积极作用，即使有弊端，也是利大于弊。其二，三峡大坝在建成之时，有专家对其做了抗打击测试。实验结果证明，三峡大坝足以抵抗一个小型核武的攻击。三峡大坝的建成，倾注了一个民族近百年的心血。它所做出的贡献，没有人可以质疑！#清华大学##我国最大淡水湖水位突破1998年极值#唐戈的肥唐说超话",
        "uid": "2310663307/",
        "followers_count": "42194",
        "statuses_count": "7046",
        "verified": 1,
        "user_created_at": "2011-08-19",
        "has_description": 1,
        "parent": "0"
    },
    {
        "mid": "4527070992932970",
        "has_multimedia": 1,
        "comments_count": 0,
        "reposts_count": 0,
        "attitudes_count": 0,
        "t": "1594821296000",
        "text": "回复@维基辟谣机器人:一个国家当然只能有拉大提琴的一种声音！杂音过多的话，还怎么让喝三聚氰胺长大后，冒名顶替的特招、自招生安心地去当一个称职的学伴？难道是想再炒一炒大山深处借款400亿建的一堆烂尾楼给外国敌对势力递刀子？",
        "uid": "1995683652/",
        "followers_count": "234",
        "statuses_count": "44",
        "verified": 0,
        "user_created_at": "2011-05-29",
        "has_description": 1,
        "parent": "4526331289351823"
    },
    {
        "mid": "4527055774942970",
        "has_multimedia": 1,
        "comments_count": 0,
        "reposts_count": 0,
        "attitudes_count": 0,
        "t": "1594817668000",
        "text": "转发微博",
        "uid": "5507979336/",
        "followers_count": "483",
        "statuses_count": "16624",
        "verified": 0,
        "user_created_at": "2015-03-12",
        "has_description": 0,
        "parent": "4526331289351823"
    },
    {
        "mid": "4527028336074796",
        "has_multimedia": 1,
        "comments_count": 0,
        "reposts_count": 0,
        "attitudes_count": 0,
        "t": "1594811126000",
        "text": "何必信不认识的人//@ABC阿姨妈咪你还在在噢耶耶:为什么要理几个小号，不要建，我们删微博",
        "uid": "6791738147/",
        "followers_count": "10",
        "statuses_count": "4205",
        "verified": 0,
        "user_created_at": "2018-10-23",
        "has_description": 1,
        "parent": "4526331289351823"
    }
]