[
    {
        "mid": "4526332153423814",
        "has_multimedia": 1,
        "comments_count": 2668,
        "reposts_count": 28,
        "attitudes_count": 1204,
        "t": "1594645143000",
        "text": "互帮互助贴  (问一些对自己现实生活中真正有帮助的，不要讨论网络上的问题～) ​ ​​​ ​​​​",
        "uid": "5607888700/",
        "followers_count": "324412",
        "statuses_count": "32294",
        "verified": 0,
        "user_created_at": "2015-05-15",
        "has_description": 1,
        "parent": "0"
    },
    {
        "mid": "4526415213242324",
        "has_multimedia": 1,
        "comments_count": 0,
        "reposts_count": 0,
        "attitudes_count": 0,
        "t": "1594664945000",
        "text": "回复@我是小号富人哈哈哈:🐎了//@我是小号富人哈哈哈:大学生暑假了，想看书！有什么你觉得值得买实体书的好书吗？",
        "uid": "6588832585/",
        "followers_count": "29",
        "statuses_count": "370",
        "verified": 0,
        "user_created_at": "2018-07-02",
        "has_description": 1,
        "parent": "4526332153423814"
    },
    {
        "mid": "4526384485813973",
        "has_multimedia": 1,
        "comments_count": 0,
        "reposts_count": 0,
        "attitudes_count": 0,
        "t": "1594657620000",
        "text": "我来了",
        "uid": "6985753872/",
        "followers_count": "9",
        "statuses_count": "470",
        "verified": 0,
        "user_created_at": "2019-02-05",
        "has_description": 1,
        "parent": "4526332153423814"
    },
    {
        "mid": "4526373349154275",
        "has_multimedia": 1,
        "comments_count": 0,
        "reposts_count": 0,
        "attitudes_count": 0,
        "t": "1594654965000",
        "text": "转花",
        "uid": "7332193519/",
        "followers_count": "148",
        "statuses_count": "711",
        "verified": 1,
        "user_created_at": "2019-11-03",
        "has_description": 1,
        "parent": "4526332153423814"
    },
    {
        "mid": "4526372561135750",
        "has_multimedia": 1,
        "comments_count": 0,
        "reposts_count": 0,
        "attitudes_count": 0,
        "t": "1594654777000",
        "text": "怎么提升高中语文作文成绩啊",
        "uid": "5960915072/",
        "followers_count": "56",
        "statuses_count": "118",
        "verified": 0,
        "user_created_at": "2016-06-19",
        "has_description": 0,
        "parent": "4526332153423814"
    },
    {
        "mid": "4526366563381398",
        "has_multimedia": 1,
        "comments_count": 0,
        "reposts_count": 0,
        "attitudes_count": 0,
        "t": "1594653346000",
        "text": "马",
        "uid": "7355371441/",
        "followers_count": "14",
        "statuses_count": "13772",
        "verified": 0,
        "user_created_at": "2019-12-14",
        "has_description": 1,
        "parent": "4526332153423814"
    },
    {
        "mid": "4526364302152678",
        "has_multimedia": 1,
        "comments_count": 0,
        "reposts_count": 0,
        "attitudes_count": 0,
        "t": "1594652808000",
        "text": "马住//@吃我一记猪拳:学生水乳",
        "uid": "5251871770/",
        "followers_count": "33",
        "statuses_count": "8260",
        "verified": 0,
        "user_created_at": "2014-08-13",
        "has_description": 1,
        "parent": "4526332153423814"
    },
    {
        "mid": "4526363199687597",
        "has_multimedia": 1,
        "comments_count": 0,
        "reposts_count": 0,
        "attitudes_count": 0,
        "t": "1594652544000",
        "text": "🐎//@无人来问我:书包推荐！！！！",
        "uid": "5695268045/",
        "followers_count": "38",
        "statuses_count": "478",
        "verified": 0,
        "user_created_at": "2015-09-21",
        "has_description": 1,
        "parent": "4526332153423814"
    },
    {
        "mid": "4526362700791206",
        "has_multimedia": 1,
        "comments_count": 0,
        "reposts_count": 0,
        "attitudes_count": 0,
        "t": "1594652426000",
        "text": "转发微博",
        "uid": "5983836673/",
        "followers_count": "88",
        "statuses_count": "621",
        "verified": 0,
        "user_created_at": "2016-07-20",
        "has_description": 1,
        "parent": "4526332153423814"
    },
    {
        "mid": "4526362642262749",
        "has_multimedia": 1,
        "comments_count": 0,
        "reposts_count": 0,
        "attitudes_count": 0,
        "t": "1594652412000",
        "text": "马//@锦鲤仙只想暴富:好看的纪录片推荐有吗，类似舌尖和航拍中国这类的",
        "uid": "6556962690/",
        "followers_count": "176",
        "statuses_count": "8731",
        "verified": 0,
        "user_created_at": "2018-05-22",
        "has_description": 1,
        "parent": "4526332153423814"
    }
]