[
    {
        "mid": "4526334279876541",
        "has_multimedia": 1,
        "comments_count": 784,
        "reposts_count": 768,
        "attitudes_count": 2173,
        "t": "1594645650000",
        "text": "许佳琪个人公益站发起的驰援南方水灾公益项目目前超额完成目标！粉丝随爱豆以实际行动投身公益，为抗洪救灾贡献力所能及的力量，传递爱与善意！黑琪军真的很棒 ​​​​",
        "uid": "6511456059/",
        "followers_count": "11059768",
        "statuses_count": "8864",
        "verified": 1,
        "user_created_at": "2018-03-22",
        "has_description": 1,
        "parent": "0"
    },
    {
        "mid": "4527192023236957",
        "has_multimedia": 1,
        "comments_count": 0,
        "reposts_count": 0,
        "attitudes_count": 0,
        "t": "1594850152000",
        "text": "许佳琪",
        "uid": "5288925875/",
        "followers_count": "15",
        "statuses_count": "21",
        "verified": 0,
        "user_created_at": "2014-09-09",
        "has_description": 0,
        "parent": "4526334279876541"
    },
    {
        "mid": "4527061287047447",
        "has_multimedia": 1,
        "comments_count": 0,
        "reposts_count": 0,
        "attitudes_count": 0,
        "t": "1594818982000",
        "text": "许佳琪正能量",
        "uid": "1739144761/",
        "followers_count": "121",
        "statuses_count": "231",
        "verified": 0,
        "user_created_at": "2010-05-08",
        "has_description": 1,
        "parent": "4526334279876541"
    },
    {
        "mid": "4527000809475568",
        "has_multimedia": 1,
        "comments_count": 0,
        "reposts_count": 0,
        "attitudes_count": 0,
        "t": "1594804562000",
        "text": "许佳琪许佳琪许佳琪许佳琪许佳琪许佳琪",
        "uid": "1866214862/",
        "followers_count": "200",
        "statuses_count": "716",
        "verified": 0,
        "user_created_at": "2010-11-02",
        "has_description": 1,
        "parent": "4526334279876541"
    }
]