[
    {
        "mid": "4526335471435653",
        "has_multimedia": 1,
        "comments_count": 311,
        "reposts_count": 228,
        "attitudes_count": 4783,
        "t": "1594645934000",
        "text": "【#钧评#：筑牢网络空间的安全与文明底线】网课平台上竟有低俗视频、少儿动漫频道内出现不良产品、网络游戏诱导未成年人巨额充值......互联网上乐趣多、陷阱也多。青少年成长于互联网时代，却并非拥有与生俱来的信息甄别研判能力。鱼龙混杂的虚拟世界究竟能带给青少年什么，既关乎青少年价值观的塑造，更关系国家民族的未来。2020年暑期在即，国家网信办启动“清朗”未成年人暑期网络环境专项整治，清洁净化网络环境，呵护青少年健康成长。",
        "uid": "7377933773/",
        "followers_count": "827099",
        "statuses_count": "424",
        "verified": 1,
        "has_description": 1,
        "parent": "0",
        "user_created_at": "2020-01-25"
    },
    {
        "mid": "4527203305391266",
        "has_multimedia": 1,
        "comments_count": 0,
        "reposts_count": 0,
        "attitudes_count": 0,
        "t": "1594852842000",
        "text": "转发微博",
        "uid": "6577487509/",
        "followers_count": "115",
        "statuses_count": "1345",
        "verified": 0,
        "user_created_at": "2018-06-18",
        "has_description": 1,
        "parent": "4526335471435653"
    },
    {
        "mid": "4527129850546843",
        "has_multimedia": 1,
        "comments_count": 0,
        "reposts_count": 0,
        "attitudes_count": 0,
        "t": "1594835329000",
        "text": "支持~",
        "uid": "1843038657/",
        "verified": 0,
        "user_created_at": "2010-10-31",
        "has_description": 0,
        "parent": "4526335471435653",
        "followers_count": "1385",
        "statuses_count": "1427"
    },
    {
        "mid": "4527098272942483",
        "has_multimedia": 1,
        "comments_count": 0,
        "reposts_count": 0,
        "attitudes_count": 0,
        "t": "1594827799000",
        "text": "转发微博",
        "uid": "2043946894/",
        "followers_count": "214",
        "statuses_count": "3934",
        "verified": 0,
        "user_created_at": "2011-03-28",
        "has_description": 0,
        "parent": "4526335471435653"
    }
]