[
    {
        "mid": "4526336057938878",
        "has_multimedia": 1,
        "comments_count": 471,
        "reposts_count": 198,
        "attitudes_count": 2230,
        "t": "1594646073000",
        "text": "【#江西暴雨近百只老鼠凉亭内躲洪水# ：密密麻麻紧贴石墩】7月4日，江西九江，吴城水上公路因暴雨被洪水淹没，有一辆车在水中熄火动弹不了，一市民和她老公去现场救援时发现公路旁有个亭子，发现里面竟有七八十只老鼠在亭内躲避洪水，并表示第一次看到这么多老鼠。该市民称，每年雨季这条公路都会被淹没，在此呼吁广大市民，雨季行车注意安全。L沸点视频的微博视频",
        "uid": "1618051664/",
        "followers_count": "80669274",
        "statuses_count": "187031",
        "verified": 1,
        "has_description": 1,
        "parent": "0",
        "user_created_at": "2009-08-28"
    },
    {
        "mid": "4527094350221736",
        "has_multimedia": 1,
        "comments_count": 0,
        "reposts_count": 0,
        "attitudes_count": 0,
        "t": "1594826865000",
        "text": "转发微博",
        "uid": "3248074931/",
        "followers_count": "551",
        "statuses_count": "24083",
        "verified": 0,
        "user_created_at": "2013-03-21",
        "has_description": 0,
        "parent": "4526336057938878"
    },
    {
        "mid": "4526648479494819",
        "has_multimedia": 1,
        "comments_count": 0,
        "reposts_count": 0,
        "attitudes_count": 0,
        "t": "1594720561000",
        "text": "转发微博",
        "uid": "7453263072/",
        "followers_count": "6",
        "statuses_count": "6",
        "verified": 0,
        "user_created_at": "2020-07-06",
        "has_description": 0,
        "parent": "4526336057938878"
    }
]