[
    {
        "mid": "4526354731389083",
        "has_multimedia": 1,
        "comments_count": 490,
        "reposts_count": 197,
        "attitudes_count": 7412,
        "t": "1594650526000",
        "text": "【#江西鄱阳发现堤防险情最高奖励2000元#】7月13日，据“鄱阳发布”消息，江西鄱阳县防汛抗旱指挥部发布消息，对新发现的泡泉、渗漏、清水漏洞等新出现的险情，按照一处200元的标准予以奖励；对第一时间发现堤防重大险情的当事人奖励2000元，同时，对该重大险情责任段的巡查人员严肃追责。该通知从7月12日起执行。L新京报我们视频的秒拍视频",
        "uid": "1974576991/",
        "followers_count": "28202228",
        "statuses_count": "190548",
        "verified": 1,
        "has_description": 1,
        "parent": "0",
        "user_created_at": "2011-02-17"
    },
    {
        "mid": "4527601630585664",
        "has_multimedia": 1,
        "comments_count": 0,
        "reposts_count": 0,
        "attitudes_count": 0,
        "t": "1594947810000",
        "text": "愿平安",
        "uid": "1976576544/",
        "followers_count": "209",
        "statuses_count": "622",
        "verified": 0,
        "user_created_at": "2011-05-13",
        "has_description": 0,
        "parent": "4526354731389083"
    },
    {
        "mid": "4527162508182646",
        "has_multimedia": 1,
        "comments_count": 0,
        "reposts_count": 0,
        "attitudes_count": 0,
        "t": "1594843115000",
        "text": "愿都平安",
        "uid": "6108018670/",
        "followers_count": "25",
        "statuses_count": "21",
        "verified": 0,
        "user_created_at": "2017-01-20",
        "has_description": 0,
        "parent": "4526354731389083"
    },
    {
        "mid": "4527063191782034",
        "has_multimedia": 1,
        "comments_count": 0,
        "reposts_count": 0,
        "attitudes_count": 1,
        "t": "1594819435000",
        "text": "刚刚看湖北某市一人奖励一万然后一共奖励了三万",
        "uid": "2751392647/",
        "followers_count": "121",
        "statuses_count": "123",
        "verified": 0,
        "user_created_at": "2012-05-06",
        "has_description": 0,
        "parent": "4526354731389083"
    }
]