[
    {
        "mid": "4526338587001655",
        "has_multimedia": 0,
        "comments_count": 625,
        "reposts_count": 97,
        "attitudes_count": 1450,
        "t": "1594646677000",
        "text": "#情况通报# 2020年7月13日6时15分许,在大兴区京开高速进京方向15公里处，王某(男，25岁)驾驶普通二轮摩托车与前方邹某（男，27岁）驾驶的白色小轿车相撞，事故造成两车损坏，王某受伤，后经医院抢救无效于当日死亡。目前，事故正在进一步调查处理中。 ​​​​",
        "uid": "3427645762/",
        "followers_count": "4870737",
        "statuses_count": "66627",
        "verified": 1,
        "has_description": 1,
        "parent": "0",
        "user_created_at": "2013-05-07"
    },
    {
        "mid": "4526398855650088",
        "has_multimedia": 1,
        "comments_count": 0,
        "reposts_count": 0,
        "attitudes_count": 1,
        "t": "1594661046000",
        "text": "约等于阿里鸡用面部猛击老雾的拳头罢了。//@赵宇辰微评: 能把追尾说得如此专业，博主学历应该是硕士以上//@雾隠新峰:轮子功阿里鸡@鸡哥算了吧 经常用它的臀部，踢打、殴击@赵宇辰微评 的脚尖、脚底和大棒子…//@黄胜友:后面摩托车撞前面轿车。 是相撞？还是追尾？ 没看明白。",
        "uid": "1298327915/",
        "followers_count": "55212",
        "statuses_count": "25810",
        "verified": 1,
        "user_created_at": "2011-06-22",
        "has_description": 1,
        "parent": "4526338587001655"
    },
    {
        "mid": "4526386939025575",
        "has_multimedia": 0,
        "comments_count": 0,
        "reposts_count": 0,
        "attitudes_count": 1,
        "t": "1594658205000",
        "text": "未知全貌不予置评，评论区有的人真的恶毒什么都不了解，先咒多死几个，自私",
        "uid": "2183601991/",
        "followers_count": "811",
        "statuses_count": "2690",
        "verified": 0,
        "user_created_at": "2012-10-01",
        "has_description": 1,
        "parent": "4526338587001655"
    }
]