[
    {
        "mid": "4526356136034009",
        "has_multimedia": 1,
        "comments_count": 300,
        "reposts_count": 13,
        "attitudes_count": 45,
        "t": "1594650861000",
        "text": "聊聊天台上的恶魔少女。 O微博直播 . ​​​​",
        "uid": "5845360013/",
        "followers_count": "155040",
        "statuses_count": "7499",
        "verified": 1,
        "user_created_at": "2016-01-30",
        "has_description": 1,
        "parent": "0"
    },
    {
        "mid": "4526936138030470",
        "has_multimedia": 1,
        "comments_count": 0,
        "reposts_count": 0,
        "attitudes_count": 0,
        "t": "1594789143000",
        "text": "//@字士:开聊。",
        "uid": "5539572095/",
        "followers_count": "140",
        "statuses_count": "18930",
        "verified": 0,
        "user_created_at": "2015-03-03",
        "has_description": 1,
        "parent": "4526356136034009"
    },
    {
        "mid": "4526604857918716",
        "has_multimedia": 1,
        "comments_count": 0,
        "reposts_count": 0,
        "attitudes_count": 0,
        "t": "1594710160000",
        "text": "理智且善良，感谢❤️",
        "uid": "7273866126/",
        "followers_count": "9",
        "statuses_count": "280",
        "verified": 0,
        "user_created_at": "2019-08-05",
        "has_description": 1,
        "parent": "4526356136034009"
    },
    {
        "mid": "4526597754285263",
        "has_multimedia": 1,
        "comments_count": 0,
        "reposts_count": 0,
        "attitudes_count": 0,
        "t": "1594708467000",
        "text": "值得一看💡🔍️#人人都是志愿者#",
        "uid": "7273866126/",
        "followers_count": "9",
        "statuses_count": "280",
        "verified": 0,
        "user_created_at": "2019-08-05",
        "has_description": 1,
        "parent": "4526356136034009"
    }
]