[
    {
        "mid": "4526340487727497",
        "has_multimedia": 1,
        "comments_count": 2158,
        "reposts_count": 106,
        "attitudes_count": 17464,
        "t": "1594647130000",
        "text": "玄武湖畔的荷花开了 2南京·玄武湖 ​​​​",
        "uid": "6116038225/",
        "followers_count": "799374",
        "statuses_count": "391",
        "verified": 1,
        "user_created_at": "2017-01-22",
        "has_description": 1,
        "parent": "0"
    },
    {
        "mid": "4527095081075213",
        "has_multimedia": 1,
        "comments_count": 0,
        "reposts_count": 0,
        "attitudes_count": 0,
        "t": "1594827038000",
        "text": "啊！！//@bilibobubalabala:并蒂莲开了，徐医生也有女朋友了                           而我还是母单花",
        "uid": "5574309679/",
        "followers_count": "139",
        "statuses_count": "9795",
        "verified": 0,
        "user_created_at": "2015-03-28",
        "has_description": 1,
        "parent": "4526340487727497"
    },
    {
        "mid": "4527094598738266",
        "has_multimedia": 1,
        "comments_count": 0,
        "reposts_count": 0,
        "attitudes_count": 0,
        "t": "1594826924000",
        "text": "我不就参加了个高考么嫂子都有了，我周震南了我怕天天冲的都是2G网//@会打呼噜的小婷软糖:俺怀疑你和嫂子去的",
        "uid": "6472984593/",
        "followers_count": "70",
        "statuses_count": "77",
        "verified": 0,
        "user_created_at": "2018-02-09",
        "has_description": 1,
        "parent": "4526340487727497"
    },
    {
        "mid": "4527092215061412",
        "has_multimedia": 1,
        "comments_count": 0,
        "reposts_count": 0,
        "attitudes_count": 0,
        "t": "1594826356000",
        "text": "我哭了😭我的老徐//@bilibobubalabala:并蒂莲开了，徐医生也有女朋友了                           而我还是母单花",
        "uid": "6472984593/",
        "followers_count": "70",
        "statuses_count": "77",
        "verified": 0,
        "user_created_at": "2018-02-09",
        "has_description": 1,
        "parent": "4526340487727497"
    },
    {
        "mid": "4527013102458127",
        "has_multimedia": 1,
        "comments_count": 0,
        "reposts_count": 0,
        "attitudes_count": 0,
        "t": "1594807494000",
        "text": "开心",
        "uid": "6310450509/",
        "followers_count": "573",
        "statuses_count": "2450",
        "verified": 1,
        "has_description": 1,
        "parent": "4526340487727497",
        "user_created_at": "2017-07-16"
    }
]