[
    {
        "mid": "4526340872806080",
        "has_multimedia": 1,
        "comments_count": 415,
        "reposts_count": 386,
        "attitudes_count": 3841,
        "t": "1594647221000",
        "text": "【#华春莹说美方安全提醒搞错了对象#】美国驻华使领馆11日发布安全提醒称，在华美公民应提高警惕。外交部发言人华春莹表示，美方这个安全提醒可能是搞错了对象。美国各界都在担心历史上臭名昭彰的麦卡锡主义正在死灰复燃、正在借尸还魂。在此背景下，#外交部说美方发布安全提醒是做贼心虚#，试图为它在国内任意损害在美中国公民的正当权益寻找借口。L人民视频的微博视频",
        "uid": "2803301701/",
        "followers_count": "119826199",
        "statuses_count": "120599",
        "verified": 1,
        "has_description": 1,
        "parent": "0",
        "user_created_at": "2012-07-22"
    },
    {
        "mid": "4527033647205019",
        "has_multimedia": 1,
        "comments_count": 0,
        "reposts_count": 0,
        "attitudes_count": 0,
        "t": "1594812391000",
        "text": "转发微博",
        "uid": "6580677371/",
        "followers_count": "1292",
        "statuses_count": "3879",
        "verified": 0,
        "user_created_at": "2018-06-22",
        "has_description": 1,
        "parent": "4526340872806080"
    },
    {
        "mid": "4526717450447351",
        "has_multimedia": 1,
        "comments_count": 0,
        "reposts_count": 0,
        "attitudes_count": 0,
        "t": "1594737004000",
        "text": "？",
        "uid": "3898607525/",
        "followers_count": "17",
        "statuses_count": "1",
        "verified": 0,
        "user_created_at": "2013-11-10",
        "has_description": 1,
        "parent": "4526340872806080"
    }
]