[
    {
        "mid": "4526357000800605",
        "has_multimedia": 1,
        "comments_count": 386,
        "reposts_count": 379,
        "attitudes_count": 5032,
        "t": "1594651067000",
        "text": "害 ​​​​",
        "uid": "3200673035/",
        "followers_count": "5631074",
        "statuses_count": "21766",
        "verified": 1,
        "user_created_at": "2012-12-23",
        "has_description": 1,
        "parent": "0"
    },
    {
        "mid": "4527644596502716",
        "has_multimedia": 1,
        "comments_count": 0,
        "reposts_count": 0,
        "attitudes_count": 0,
        "t": "1594958053000",
        "text": "转发微博",
        "uid": "5261880926/",
        "followers_count": "8",
        "statuses_count": "90",
        "verified": 0,
        "user_created_at": "2014-08-20",
        "has_description": 1,
        "parent": "4526357000800605"
    },
    {
        "mid": "4527356196953900",
        "has_multimedia": 1,
        "comments_count": 0,
        "reposts_count": 0,
        "attitudes_count": 1,
        "t": "1594889294000",
        "text": "sm教会我 没有免费的帅哥//@原源源源yuan:还有无缝衔接的专辑 孩子穷了",
        "uid": "5586971546/",
        "followers_count": "339",
        "statuses_count": "565",
        "verified": 0,
        "user_created_at": "2015-04-14",
        "has_description": 1,
        "parent": "4526357000800605"
    },
    {
        "mid": "4526947596605216",
        "has_multimedia": 1,
        "comments_count": 0,
        "reposts_count": 0,
        "attitudes_count": 1,
        "t": "1594791876000",
        "text": "是我本人了！",
        "uid": "5017284229/",
        "followers_count": "186",
        "statuses_count": "3810",
        "verified": 0,
        "user_created_at": "2014-01-30",
        "has_description": 1,
        "parent": "4526357000800605"
    }
]