[
    {
        "mid": "4526358988803112",
        "has_multimedia": 1,
        "comments_count": 554,
        "reposts_count": 161,
        "attitudes_count": 3138,
        "t": "1594651541000",
        "text": "【瑞典也想在香港问题上“插一脚”】据英国路透社报道，瑞典于周一表示支持德、法针对香港国安法采取“强有力的回应”，并将与丹麦与荷兰一道，推动欧盟制定对于中国政府的所谓“反制措施”。 “我支持由德国和法国提出的一系列行动方案，因为我们需要对香港发生的事做一些反应，”瑞典外长安·林德（Ann Linde）在比利时布鲁塞尔的欧盟外长会议上表示。林德所指的“行动方案”为上周法国和德国敦促欧盟禁止向香港出口包括催泪瓦斯、橡胶子弹等警用设备。欧盟相关官员拒绝透露更多细节，但两名外交官称他们并不准备将行动上升至“对中国的制裁”O瑞典意欲插手香港问题，跟随德法鼓动欧盟采取...",
        "uid": "1887344341/",
        "followers_count": "12567228",
        "statuses_count": "110542",
        "verified": 1,
        "has_description": 1,
        "parent": "0",
        "user_created_at": "2010-12-09"
    },
    {
        "mid": "4526362288885600",
        "has_multimedia": 1,
        "comments_count": 20,
        "reposts_count": 13,
        "attitudes_count": 67,
        "t": "1594652328000",
        "text": "回复@令和中文://@令和中文:瑞典算了吧 做做肉丸子还行",
        "uid": "1483330984/",
        "followers_count": "3937198",
        "statuses_count": "255602",
        "verified": 1,
        "user_created_at": "2009-08-28",
        "has_description": 1,
        "parent": "4526358988803112"
    },
    {
        "mid": "4526635699779008",
        "has_multimedia": 1,
        "comments_count": 2,
        "reposts_count": 1,
        "attitudes_count": 3,
        "t": "1594717020000",
        "text": "//@侯宁:回复@令和中文://@令和中文:瑞典算了吧 做做肉丸子还行",
        "uid": "1892974191/",
        "followers_count": "898",
        "statuses_count": "58284",
        "verified": 0,
        "user_created_at": "2010-12-14",
        "has_description": 1,
        "parent": "4526362288885600"
    },
    {
        "mid": "4526633724184030",
        "has_multimedia": 1,
        "comments_count": 2,
        "reposts_count": 1,
        "attitudes_count": 3,
        "t": "1594717043000",
        "text": "//@侯宁:回复@令和中文://@令和中文:瑞典算了吧 做做肉丸子还行",
        "uid": "1644296264/",
        "followers_count": "1064928",
        "statuses_count": "24108",
        "verified": 1,
        "user_created_at": "2009-09-01",
        "has_description": 1,
        "parent": "4526362288885600"
    },
    {
        "mid": "4526492215961439",
        "has_multimedia": 1,
        "comments_count": 20,
        "reposts_count": 13,
        "attitudes_count": 67,
        "t": "1594652280000",
        "text": "回复@令和中文://@令和中文:瑞典算了吧 做做肉丸子还行",
        "uid": "1410317094/",
        "followers_count": "193",
        "statuses_count": "1890",
        "verified": 0,
        "user_created_at": "2011-11-15",
        "has_description": 0,
        "parent": "4526362288885600"
    },
    {
        "mid": "4526481210678503",
        "has_multimedia": 1,
        "comments_count": 17,
        "reposts_count": 12,
        "attitudes_count": 49,
        "t": "1594680680000",
        "text": "转发微博",
        "uid": "5594165638/",
        "followers_count": "491839",
        "statuses_count": "11813",
        "verified": 1,
        "has_description": 1,
        "parent": "4526358988803112",
        "user_created_at": "2015-04-24"
    },
    {
        "mid": "4526535056704193",
        "has_multimedia": 1,
        "comments_count": 0,
        "reposts_count": 0,
        "attitudes_count": 0,
        "t": "1594693519000",
        "text": "啊这？//@战略安全与军控在线:转发微博",
        "uid": "7334755117/",
        "followers_count": "81",
        "statuses_count": "6871",
        "verified": 0,
        "user_created_at": "2019-11-09",
        "has_description": 1,
        "parent": "4526481210678503"
    },
    {
        "mid": "4526500722658997",
        "has_multimedia": 1,
        "comments_count": 0,
        "reposts_count": 0,
        "attitudes_count": 0,
        "t": "1594685332000",
        "text": "这是哪根葱//@战略安全与军控在线:转发微博",
        "uid": "6533286550/",
        "followers_count": "9",
        "statuses_count": "5015",
        "verified": 0,
        "user_created_at": "2018-04-23",
        "has_description": 0,
        "parent": "4526481210678503"
    },
    {
        "mid": "4526496024760916",
        "has_multimedia": 1,
        "comments_count": 0,
        "reposts_count": 0,
        "attitudes_count": 0,
        "t": "1594684213000",
        "text": "这？//@战略安全与军控在线:转发微博",
        "uid": "2985924975/",
        "followers_count": "382",
        "statuses_count": "413",
        "verified": 1,
        "user_created_at": "2012-10-06",
        "has_description": 1,
        "parent": "4526481210678503"
    },
    {
        "mid": "4527334252613546",
        "has_multimedia": 1,
        "comments_count": 0,
        "reposts_count": 0,
        "attitudes_count": 0,
        "t": "1594884061000",
        "text": "转发微博",
        "uid": "1173017221/",
        "followers_count": "3764",
        "statuses_count": "39751",
        "verified": 0,
        "user_created_at": "2010-06-29",
        "has_description": 0,
        "parent": "4526358988803112"
    }
]