[
    {
        "mid": "4526361136826522",
        "has_multimedia": 1,
        "comments_count": 2187,
        "reposts_count": 376,
        "attitudes_count": 8681,
        "t": "1594652052000",
        "text": "#胡侃# 香港泛民周末举行的立法会候选人“初选”不符合基本法规定，违反了香港的法例。有人扬言一旦泛民获得立法会半数以上席位，就将瘫痪政府运转。老胡想说，泛民可不能这样做反对派，那是绝路，国家决不会允许。在香港通过瘫痪政治运转来对抗中央的人，决不会有政治前途。  L胡锡进的微博视频 ​​​​",
        "uid": "1989660417/",
        "followers_count": "23153143",
        "statuses_count": "8535",
        "verified": 1,
        "user_created_at": "2011-02-25",
        "has_description": 1,
        "parent": "0"
    },
    {
        "mid": "4526361705730351",
        "has_multimedia": 1,
        "comments_count": 51,
        "reposts_count": 23,
        "attitudes_count": 354,
        "t": "1594652188000",
        "text": "香港反对派不要抱可以通过“体制内方式”把香港搞乱、迫使中央做出决定性让步的幻想。国家不会允许他们做香港体制内的特洛伊木马。",
        "uid": "6060307497/",
        "followers_count": "1991667",
        "statuses_count": "4504",
        "verified": 1,
        "has_description": 1,
        "parent": "4526361136826522",
        "user_created_at": "2016-11-02"
    },
    {
        "mid": "4527091942952315",
        "has_multimedia": 1,
        "comments_count": 0,
        "reposts_count": 0,
        "attitudes_count": 0,
        "t": "1594826290000",
        "text": "//@观视频工作室:香港反对派不要抱可以通过“体制内方式”把香港搞乱、迫使中央做出决定性让步的幻想。国家不会允许他们做香港体制内的特洛伊木马。",
        "uid": "6228657463/",
        "followers_count": "166",
        "statuses_count": "853",
        "verified": 0,
        "user_created_at": "2017-05-01",
        "has_description": 1,
        "parent": "4526361705730351"
    },
    {
        "mid": "4526640019880388",
        "has_multimedia": 1,
        "comments_count": 51,
        "reposts_count": 23,
        "attitudes_count": 354,
        "t": "1594652160000",
        "text": "香港反对派不要抱可以通过“体制内方式”把香港搞乱、迫使中央做出决定性让步的幻想。国家不会允许他们做香港体制内的特洛伊木马。",
        "uid": "2144559835/",
        "followers_count": "196",
        "statuses_count": "57475",
        "verified": 0,
        "user_created_at": "2011-05-25",
        "has_description": 1,
        "parent": "4526361705730351"
    },
    {
        "mid": "4526639058742817",
        "has_multimedia": 1,
        "comments_count": 51,
        "reposts_count": 23,
        "attitudes_count": 354,
        "t": "1594652160000",
        "text": "香港反对派不要抱可以通过“体制内方式”把香港搞乱、迫使中央做出决定性让步的幻想。国家不会允许他们做香港体制内的特洛伊木马。",
        "uid": "2520581394/",
        "followers_count": "254",
        "statuses_count": "4584",
        "verified": 0,
        "user_created_at": "2011-11-08",
        "has_description": 0,
        "parent": "4526361705730351"
    },
    {
        "mid": "4526587935034642",
        "has_multimedia": 1,
        "comments_count": 0,
        "reposts_count": 0,
        "attitudes_count": 0,
        "t": "1594706125000",
        "text": "也要小心！如果立法會對方勝出，就好麻煩！//@观视频工作室:香港反对派不要抱可以通过“体制内方式”把香港搞乱、迫使中央做出决定性让步的幻想。国家不会允许他们做香港体制内的特洛伊木马。",
        "uid": "7237430320/",
        "followers_count": "44",
        "statuses_count": "2200",
        "verified": 0,
        "user_created_at": "2019-07-25",
        "has_description": 1,
        "parent": "4526361705730351"
    },
    {
        "mid": "4526461954368897",
        "has_multimedia": 1,
        "comments_count": 15,
        "reposts_count": 20,
        "attitudes_count": 106,
        "t": "1594676090000",
        "text": "这么不要脸的人，给中国政府形象在世界范围内抹黑记者第一名非他莫属！",
        "uid": "1676891703/",
        "followers_count": "25910",
        "statuses_count": "8747",
        "verified": 0,
        "user_created_at": "2010-03-22",
        "has_description": 1,
        "parent": "4526361136826522"
    },
    {
        "mid": "4526715123153672",
        "has_multimedia": 1,
        "comments_count": 0,
        "reposts_count": 0,
        "attitudes_count": 0,
        "t": "1594736450000",
        "text": "gongchandang太好了！",
        "uid": "7444820882/",
        "followers_count": "5",
        "statuses_count": "494",
        "verified": 0,
        "user_created_at": "2020-04-29",
        "has_description": 1,
        "parent": "4526461954368897"
    },
    {
        "mid": "4526680230133863",
        "has_multimedia": 1,
        "comments_count": 0,
        "reposts_count": 0,
        "attitudes_count": 0,
        "t": "1594728130000",
        "text": "只要还有信他们的人，他们的不要脸就被淡化了。//@Power_Puff: 这么不要脸的人，给中国政府形象在世界范围内抹黑记者第一名非他莫属！",
        "uid": "3059807045/",
        "followers_count": "15",
        "statuses_count": "375",
        "verified": 0,
        "user_created_at": "2012-10-23",
        "has_description": 1,
        "parent": "4526461954368897"
    },
    {
        "mid": "4526555425086146",
        "has_multimedia": 1,
        "comments_count": 0,
        "reposts_count": 0,
        "attitudes_count": 0,
        "t": "1594698375000",
        "text": "//@Power_Puff:这么不要脸的人，给中国政府形象在世界范围内抹黑记者第一名非他莫属！",
        "uid": "5991810276/",
        "followers_count": "244",
        "statuses_count": "1418",
        "verified": 0,
        "user_created_at": "2016-07-27",
        "has_description": 0,
        "parent": "4526461954368897"
    },
    {
        "mid": "4526544489727983",
        "has_multimedia": 1,
        "comments_count": 0,
        "reposts_count": 0,
        "attitudes_count": 0,
        "t": "1594695768000",
        "text": "不能名垂千古也要遗臭万年//@Power_Puff:这么不要脸的人，给中国政府形象在世界范围内抹黑记者第一名非他莫属！",
        "uid": "6509430239/",
        "followers_count": "152",
        "statuses_count": "1174",
        "verified": 0,
        "user_created_at": "2018-03-19",
        "has_description": 0,
        "parent": "4526461954368897"
    },
    {
        "mid": "4527239105090641",
        "has_multimedia": 1,
        "comments_count": 1,
        "reposts_count": 0,
        "attitudes_count": 1,
        "t": "1594861377000",
        "text": "",
        "uid": "3721500225/",
        "followers_count": "247214",
        "statuses_count": "131807",
        "verified": 1,
        "user_created_at": "2013-08-18",
        "has_description": 1,
        "parent": "4526361136826522"
    },
    {
        "mid": "4527229910126349",
        "has_multimedia": 1,
        "comments_count": 0,
        "reposts_count": 0,
        "attitudes_count": 1,
        "t": "1594859184000",
        "text": "回复@山彪575 的表态://@云天远行遥望:",
        "uid": "5024489723/",
        "followers_count": "22444",
        "statuses_count": "101939",
        "verified": 0,
        "user_created_at": "2014-02-06",
        "has_description": 1,
        "parent": "4526361136826522"
    }
]