[
    {
        "mid": "4526362595137444",
        "has_multimedia": 1,
        "comments_count": 732,
        "reposts_count": 251,
        "attitudes_count": 18318,
        "t": "1594652401000",
        "text": "【#80多位富豪联名呼吁向富人多征税#】7月13日，据彭博社报道，来自美国和其他6个国家的80多位富翁呼吁对富人多征税，他们希望政府“向我们征税”，以筹集资金抗击新冠病毒疫情。去年6月，18位美国富豪就曾呼吁对包括他们自己在内的顶级富豪征收财富税。网友：有诚意的富豪直接捐钱，没诚意的富豪一边唱高调一边避税。L大佬时间的微博视频",
        "uid": "1267454277/",
        "followers_count": "20567683",
        "statuses_count": "56861",
        "verified": 1,
        "has_description": 1,
        "parent": "0",
        "user_created_at": "2010-03-17"
    },
    {
        "mid": "4527117532143770",
        "has_multimedia": 1,
        "comments_count": 0,
        "reposts_count": 0,
        "attitudes_count": 0,
        "t": "1594832392000",
        "text": "征税？自己能去投资医疗产业 奖学金 为什么要中间过政府的手？有病",
        "uid": "1788909495/",
        "followers_count": "84",
        "statuses_count": "162",
        "verified": 0,
        "user_created_at": "2010-08-07",
        "has_description": 1,
        "parent": "4526362595137444"
    },
    {
        "mid": "4527089493223165",
        "has_multimedia": 1,
        "comments_count": 0,
        "reposts_count": 0,
        "attitudes_count": 0,
        "t": "1594825707000",
        "text": "我国的工薪阶层也应该积极向政府申请降低个人所得税起征点来支援疫情重创下的国家了",
        "uid": "6398524672/",
        "followers_count": "2",
        "statuses_count": "142",
        "verified": 0,
        "user_created_at": "2017-10-29",
        "has_description": 0,
        "parent": "4526362595137444"
    }
]