[
    {
        "mid": "4526346502579826",
        "has_multimedia": 1,
        "comments_count": 3711,
        "reposts_count": 3247,
        "attitudes_count": 4410,
        "t": "1594648564000",
        "text": "小娘惹最近很火，看了一下，主演的演技都可圈可点，尤其是#肖燕演技# 可夸的地方太多了，演菊香时独自生女的痛苦、逃难时意识到自己将死的绝望，演月娘时智退流氓的泼辣、照顾外婆的娇俏……各种状态都很有戏，那双眼睛太会说话了，观望中—— ​​​​",
        "uid": "2512591982/",
        "followers_count": "9235024",
        "statuses_count": "3952",
        "verified": 1,
        "user_created_at": "2011-11-03",
        "has_description": 1,
        "parent": "0"
    },
    {
        "mid": "4526928478178922",
        "has_multimedia": 1,
        "comments_count": 0,
        "reposts_count": 0,
        "attitudes_count": 0,
        "t": "1594787317000",
        "text": "看过原版的就知道，这味道是不对的",
        "uid": "1450469682/",
        "followers_count": "90",
        "statuses_count": "111",
        "verified": 0,
        "user_created_at": "2010-08-16",
        "has_description": 0,
        "parent": "4526346502579826"
    },
    {
        "mid": "4526840147162302",
        "has_multimedia": 1,
        "comments_count": 0,
        "reposts_count": 0,
        "attitudes_count": 0,
        "t": "1594766258000",
        "text": "我还是喜欢原版的",
        "uid": "1843976671/",
        "followers_count": "199",
        "statuses_count": "862",
        "verified": 0,
        "user_created_at": "2010-11-01",
        "has_description": 1,
        "parent": "4526346502579826"
    },
    {
        "mid": "4526644239344718",
        "has_multimedia": 1,
        "comments_count": 0,
        "reposts_count": 0,
        "attitudes_count": 1,
        "t": "1594719550000",
        "text": "我妈天天都看",
        "uid": "5181252243/",
        "followers_count": "148",
        "statuses_count": "35",
        "verified": 0,
        "user_created_at": "2014-06-15",
        "has_description": 1,
        "parent": "4526346502579826"
    },
    {
        "mid": "4526626505767492",
        "has_multimedia": 1,
        "comments_count": 0,
        "reposts_count": 0,
        "attitudes_count": 0,
        "t": "1594715322000",
        "text": "我妈妈说她眼睛好漂亮好有故事",
        "uid": "5987492937/",
        "followers_count": "126",
        "statuses_count": "3059",
        "verified": 0,
        "user_created_at": "2016-07-24",
        "has_description": 1,
        "parent": "4526346502579826"
    }
]