[
    {
        "mid": "4526346912807121",
        "has_multimedia": 1,
        "comments_count": 617,
        "reposts_count": 1019,
        "attitudes_count": 1537,
        "t": "1594648661000",
        "text": "#怎样辨别是不是正品# 仔细一想，还真是那么回事。 L假书苼的微博视频 ​​​​",
        "uid": "5932563850/",
        "followers_count": "6731823",
        "statuses_count": "3946",
        "verified": 1,
        "user_created_at": "2016-05-14",
        "has_description": 1,
        "parent": "0"
    },
    {
        "mid": "4526587036743729",
        "has_multimedia": 1,
        "comments_count": 0,
        "reposts_count": 0,
        "attitudes_count": 0,
        "t": "1594705912000",
        "text": "哈哈哈哈哈哈哈笑死了",
        "uid": "7418187708/",
        "followers_count": "5",
        "statuses_count": "273",
        "verified": 0,
        "user_created_at": "2020-03-23",
        "has_description": 1,
        "parent": "4526346912807121"
    },
    {
        "mid": "4526349011010478",
        "has_multimedia": 1,
        "comments_count": 0,
        "reposts_count": 0,
        "attitudes_count": 0,
        "t": "1594649162000",
        "text": "#怎样辨别是不是正品#",
        "uid": "5632851167/",
        "verified": 0,
        "user_created_at": "2015-06-16",
        "has_description": 1,
        "parent": "4526346912807121",
        "followers_count": "6158",
        "statuses_count": "103175"
    },
    {
        "mid": "4526348951026435",
        "has_multimedia": 1,
        "comments_count": 0,
        "reposts_count": 0,
        "attitudes_count": 0,
        "t": "1594649148000",
        "text": "#怎样辨别是不是正品#从说话就能看到",
        "uid": "7107239604/",
        "followers_count": "167",
        "statuses_count": "2913",
        "verified": 0,
        "user_created_at": "2019-04-29",
        "has_description": 0,
        "parent": "4526346912807121"
    }
]