[
    {
        "mid": "4526363699514973",
        "has_multimedia": 1,
        "comments_count": 791,
        "reposts_count": 2219,
        "attitudes_count": 14254,
        "t": "1594652664000",
        "text": "一个六年级小学生竟然发论文研究基因与癌症！而且水平吊打研究生？！知道现在小孩子竞争压力大，但没想到大到这种程度 ​​​​",
        "uid": "3099016097/",
        "followers_count": "17301396",
        "statuses_count": "31157",
        "verified": 1,
        "user_created_at": "2012-11-10",
        "has_description": 1,
        "parent": "0"
    },
    {
        "mid": "4526549565385242",
        "has_multimedia": 1,
        "comments_count": 22,
        "reposts_count": 107,
        "attitudes_count": 132,
        "t": "1594696978000",
        "text": "翻下去居然看到了自己……",
        "uid": "1248046661/",
        "followers_count": "83716",
        "statuses_count": "4172",
        "verified": 0,
        "user_created_at": "2010-04-21",
        "has_description": 1,
        "parent": "4526363699514973"
    },
    {
        "mid": "4526575922036793",
        "has_multimedia": 1,
        "comments_count": 0,
        "reposts_count": 78,
        "attitudes_count": 10,
        "t": "1594703262000",
        "text": "这种作假其实就是幼儿园开始的手工课作业升级版//@海怪子:翻下去居然看到了自己……",
        "uid": "5661765703/",
        "followers_count": "68230",
        "statuses_count": "34327",
        "verified": 1,
        "user_created_at": "2015-07-26",
        "has_description": 1,
        "parent": "4526549565385242"
    },
    {
        "mid": "4526945678767379",
        "has_multimedia": 1,
        "comments_count": 0,
        "reposts_count": 0,
        "attitudes_count": 0,
        "t": "1594791419000",
        "text": "//@铁幕重临丘吉尔:暴发户的底蕴非要搞门阀的做派//@狄箐:家里堆资源不能否定，但吃相还是太暴发户了。//@布鲁凯特://@文韬武略辛弃疾 ://@某些人中的某些人 : 头几名都是自古英雄出少年 ¡查看图片",
        "uid": "7317899209/",
        "followers_count": "45",
        "statuses_count": "3786",
        "verified": 0,
        "user_created_at": "2019-10-12",
        "has_description": 0,
        "parent": "4526575922036793"
    },
    {
        "mid": "4526868743614156",
        "has_multimedia": 1,
        "comments_count": 0,
        "reposts_count": 0,
        "attitudes_count": 0,
        "t": "1594773075000",
        "text": "//@雪清晨:家里有钱堆资源没问题，但是这孩子研究明显用的是国家的资源//@王座法庭鏟屎官://@铁幕重临丘吉尔:暴发户的底蕴非要搞门阀的做派//@狄箐:家里堆资源不能否定，但吃相还是太暴发户了。//@布鲁凯特://@文韬武略辛弃疾 :",
        "uid": "7412732639/",
        "followers_count": "34",
        "statuses_count": "3161",
        "verified": 0,
        "user_created_at": "2020-03-14",
        "has_description": 1,
        "parent": "4526575922036793"
    },
    {
        "mid": "4526838342263666",
        "has_multimedia": 1,
        "comments_count": 0,
        "reposts_count": 0,
        "attitudes_count": 0,
        "t": "1594765828000",
        "text": "//@王座法庭鏟屎官://@铁幕重临丘吉尔:暴发户的底蕴非要搞门阀的做派//@狄箐:家里堆资源不能否定，但吃相还是太暴发户了。//@布鲁凯特://@文韬武略辛弃疾 ://@某些人中的某些人 : 头几名都是自古英雄出少年 ¡查看图片",
        "uid": "3796300293/",
        "followers_count": "769",
        "statuses_count": "6487",
        "verified": 0,
        "user_created_at": "2013-09-13",
        "has_description": 1,
        "parent": "4526575922036793"
    },
    {
        "mid": "4526981955817122",
        "has_multimedia": 1,
        "comments_count": 6,
        "reposts_count": 38,
        "attitudes_count": 21,
        "t": "1594714800000",
        "text": "暴发户的底蕴非要搞门阀的做派//@狄箐:家里堆资源不能否定，但吃相还是太暴发户了。//@布鲁凯特://@文韬武略辛弃疾 ://@某些人中的某些人 : 头几名都是自古英雄出少年 O网页链接",
        "uid": "5089701823/",
        "followers_count": "971",
        "statuses_count": "35235",
        "verified": 0,
        "user_created_at": "2014-03-28",
        "has_description": 1,
        "parent": "4526549565385242"
    },
    {
        "mid": "4526981608476879",
        "has_multimedia": 1,
        "comments_count": 6,
        "reposts_count": 38,
        "attitudes_count": 21,
        "t": "1594714800000",
        "text": "暴发户的底蕴非要搞门阀的做派//@狄箐:家里堆资源不能否定，但吃相还是太暴发户了。//@布鲁凯特://@文韬武略辛弃疾 ://@某些人中的某些人 : 头几名都是自古英雄出少年 O网页链接",
        "uid": "5089701823/",
        "followers_count": "971",
        "statuses_count": "35235",
        "verified": 0,
        "user_created_at": "2014-03-28",
        "has_description": 1,
        "parent": "4526549565385242"
    },
    {
        "mid": "4527304842414468",
        "has_multimedia": 1,
        "comments_count": 0,
        "reposts_count": 0,
        "attitudes_count": 0,
        "t": "1594877049000",
        "text": "//@循迹指南:请问怎么硕升小，急//@总想做个傻白甜:毕导：博士啥的都是闹着玩，真研究还是得去小学",
        "uid": "5190116620/",
        "followers_count": "53",
        "statuses_count": "7752",
        "verified": 0,
        "user_created_at": "2014-06-22",
        "has_description": 1,
        "parent": "4526363699514973"
    },
    {
        "mid": "4527206069963877",
        "has_multimedia": 1,
        "comments_count": 0,
        "reposts_count": 0,
        "attitudes_count": 0,
        "t": "1594853501000",
        "text": "转发微博",
        "uid": "3059825655/",
        "followers_count": "159",
        "statuses_count": "14",
        "verified": 0,
        "user_created_at": "2012-10-20",
        "has_description": 1,
        "parent": "4526363699514973"
    }
]