[
    {
        "mid": "4526347534226381",
        "has_multimedia": 1,
        "comments_count": 668,
        "reposts_count": 6,
        "attitudes_count": 220,
        "t": "1594648809000",
        "text": "#宁波深夜话题# 问答时间 2宁波 ​​​​",
        "uid": "2182537064/",
        "followers_count": "2264249",
        "statuses_count": "445096",
        "verified": 1,
        "user_created_at": "2011-06-19",
        "has_description": 1,
        "parent": "0"
    },
    {
        "mid": "4527337385761804",
        "has_multimedia": 1,
        "comments_count": 0,
        "reposts_count": 0,
        "attitudes_count": 0,
        "t": "1594884809000",
        "text": "转发微博",
        "uid": "5900748897/",
        "followers_count": "63",
        "statuses_count": "178",
        "verified": 0,
        "user_created_at": "2016-04-17",
        "has_description": 0,
        "parent": "4526347534226381"
    },
    {
        "mid": "4526654133827049",
        "has_multimedia": 1,
        "comments_count": 25,
        "reposts_count": 0,
        "attitudes_count": 8,
        "t": "1594721908000",
        "text": "25岁以下的提一个问题，25岁以上的来回答！​ ​​​",
        "uid": "2182537064/",
        "followers_count": "2264248",
        "statuses_count": "445096",
        "verified": 1,
        "user_created_at": "2011-06-19",
        "has_description": 1,
        "parent": "4526347534226381"
    },
    {
        "mid": "4526561708257613",
        "has_multimedia": 1,
        "comments_count": 48,
        "reposts_count": 1,
        "attitudes_count": 14,
        "t": "1594699872000",
        "text": "25岁以下的提一个问题，25岁以上的来回答！​ ​​​",
        "uid": "2182537064/",
        "followers_count": "2264247",
        "statuses_count": "445096",
        "verified": 1,
        "user_created_at": "2011-06-19",
        "has_description": 1,
        "parent": "4526347534226381"
    }
]