[
    {
        "mid": "4526364772741582",
        "has_multimedia": 1,
        "comments_count": 387,
        "reposts_count": 139,
        "attitudes_count": 2169,
        "t": "1594652919000",
        "text": "【外交部：#美政客挑拨中国共产党和人民的联系是痴心妄想#】有美国政客恶意攻击中国共产党，华春莹在13日援引了哈佛大学的一份报告回击对方。华春莹表示，根据报告，中国民众对于中央政府的满意度超过了93%，这样高的支持率可能是美国政客无比羡慕和无法企及的，这就是最有力的回应。奉劝美国那些没有底线恶意攻击中国共产党的美国政客们，停止挑拨中国人民和中国共产党的血肉联系，这么做只是痴心妄想、白日做梦、不可能得逞，也没有任何意义。（记者 王韦翰）L中报视频的秒拍视频",
        "uid": "1663072851/",
        "followers_count": "56118939",
        "statuses_count": "128757",
        "verified": 1,
        "has_description": 1,
        "parent": "0",
        "user_created_at": "2009-11-23"
    },
    {
        "mid": "4527578101320832",
        "has_multimedia": 1,
        "comments_count": 0,
        "reposts_count": 0,
        "attitudes_count": 0,
        "t": "1594942200000",
        "text": "转发微博",
        "uid": "3542792202/",
        "followers_count": "242",
        "statuses_count": "6636",
        "verified": 0,
        "user_created_at": "2013-06-17",
        "has_description": 1,
        "parent": "4526364772741582"
    },
    {
        "mid": "4527465148714823",
        "has_multimedia": 1,
        "comments_count": 2,
        "reposts_count": 0,
        "attitudes_count": 0,
        "t": "1594915269000",
        "text": "请问这份报告全文在哪里可以看到？",
        "uid": "2204032473/",
        "followers_count": "720",
        "statuses_count": "5549",
        "verified": 0,
        "user_created_at": "2011-06-28",
        "has_description": 1,
        "parent": "4526364772741582"
    },
    {
        "mid": "4527360177345767",
        "has_multimedia": 1,
        "comments_count": 0,
        "reposts_count": 0,
        "attitudes_count": 0,
        "t": "1594890243000",
        "text": "转发微博",
        "uid": "3768662854/",
        "followers_count": "102",
        "statuses_count": "1741",
        "verified": 0,
        "user_created_at": "2013-09-03",
        "has_description": 1,
        "parent": "4526364772741582"
    }
]