[
    {
        "mid": "4526364810765936",
        "has_multimedia": 1,
        "comments_count": 463,
        "reposts_count": 426,
        "attitudes_count": 565,
        "t": "1594652929000",
        "text": "#上海迪士尼小镇开夜市#上海夜市享誉了整个夏天，最近迪士尼小镇夜市也要开啦！7月10日至8月30日每周末晚18:00-21:00，想去玩的小伙伴提前规划行程啊！L021视频的微博视频 ​ ​​​​",
        "uid": "6132838208/",
        "followers_count": "6006726",
        "statuses_count": "2265",
        "verified": 1,
        "user_created_at": "2017-02-14",
        "has_description": 1,
        "parent": "0"
    },
    {
        "mid": "4526973311097183",
        "has_multimedia": 1,
        "comments_count": 1,
        "reposts_count": 0,
        "attitudes_count": 0,
        "t": "1594798007000",
        "text": "转发微博",
        "uid": "2694342442/",
        "followers_count": "248",
        "statuses_count": "1605",
        "verified": 0,
        "user_created_at": "2012-03-11",
        "has_description": 1,
        "parent": "4526364810765936"
    },
    {
        "mid": "4526714850385061",
        "has_multimedia": 1,
        "comments_count": 0,
        "reposts_count": 0,
        "attitudes_count": 0,
        "t": "1594736385000",
        "text": "太好了太好了＼(^▽^)／！//@多肉田螺小猪猪:转发微博",
        "uid": "5688834192/",
        "followers_count": "73",
        "statuses_count": "3049",
        "verified": 0,
        "user_created_at": "2015-08-28",
        "has_description": 1,
        "parent": "4526364810765936"
    },
    {
        "mid": "4526659107198408",
        "has_multimedia": 1,
        "comments_count": 0,
        "reposts_count": 1,
        "attitudes_count": 1,
        "t": "1594723095000",
        "text": "转发微博",
        "uid": "1784464954/",
        "followers_count": "209",
        "statuses_count": "6120",
        "verified": 0,
        "user_created_at": "2010-08-02",
        "has_description": 1,
        "parent": "4526364810765936"
    }
]