[
    {
        "mid": "4526365435426725",
        "has_multimedia": 1,
        "comments_count": 1369,
        "reposts_count": 1512,
        "attitudes_count": 33670,
        "t": "1594653078000",
        "text": "【#老人被泥石掩埋消防员徒手刨出生命通道#】7月10日上午，湖南浏阳市荷花街道涂家冲发生一起山体滑坡困人事故。消防员与民警赶到现场时，老人整个人只剩头部露在泥潭外，动弹不得。救援过程中，水位也在不断升高，消防员加快处置，为避免二次伤害徒手开挖。经过奋力抢救，老人终被顺利救出。L湖南消防的微博视频",
        "uid": "2803301701/",
        "followers_count": "119787880",
        "statuses_count": "120549",
        "verified": 1,
        "has_description": 1,
        "parent": "0",
        "user_created_at": "2012-07-22"
    },
    {
        "mid": "4526500931579551",
        "has_multimedia": 1,
        "comments_count": 13,
        "reposts_count": 18,
        "attitudes_count": 15,
        "t": "1594685382000",
        "text": "【#老人被泥石掩埋消防员徒手刨出生命通道#】",
        "uid": "5065571660/",
        "followers_count": "25023",
        "statuses_count": "39912",
        "verified": 1,
        "has_description": 1,
        "parent": "4526365435426725",
        "user_created_at": "2014-03-10"
    },
    {
        "mid": "4526905933680431",
        "has_multimedia": 1,
        "comments_count": 0,
        "reposts_count": 0,
        "attitudes_count": 0,
        "t": "1594781943000",
        "text": "@保定检察 转发微博gy'//@保定检察: 【#老人被泥石掩埋消防员徒手刨出生命通道#】",
        "uid": "5864244379/",
        "followers_count": "1",
        "statuses_count": "1602",
        "verified": 0,
        "user_created_at": "2016-02-21",
        "has_description": 1,
        "parent": "4526500931579551"
    },
    {
        "mid": "4526892546296707",
        "has_multimedia": 1,
        "comments_count": 0,
        "reposts_count": 0,
        "attitudes_count": 0,
        "t": "1594778750000",
        "text": "//@保定检察: 【#老人被泥石掩埋消防员徒手刨出生命通道#】",
        "uid": "5094032089/",
        "followers_count": "2872",
        "statuses_count": "23617",
        "verified": 1,
        "has_description": 1,
        "parent": "4526500931579551",
        "user_created_at": "2014-04-24"
    },
    {
        "mid": "4526890017495075",
        "has_multimedia": 1,
        "comments_count": 0,
        "reposts_count": 0,
        "attitudes_count": 0,
        "t": "1594778148000",
        "text": "@保定检察 转发微博//@保定检察: 【#老人被泥石掩埋消防员徒手刨出生命通道#】",
        "uid": "3919371610/",
        "followers_count": "204",
        "statuses_count": "27086",
        "verified": 1,
        "has_description": 1,
        "parent": "4526500931579551",
        "user_created_at": "2013-11-28"
    },
    {
        "mid": "4527126319470481",
        "has_multimedia": 1,
        "comments_count": 0,
        "reposts_count": 0,
        "attitudes_count": 0,
        "t": "1594834487000",
        "text": "消防员真的是辛苦！致敬！！！",
        "uid": "5710383341/",
        "followers_count": "19",
        "statuses_count": "316",
        "verified": 0,
        "user_created_at": "2015-09-26",
        "has_description": 0,
        "parent": "4526365435426725"
    },
    {
        "mid": "4526970148327522",
        "has_multimedia": 1,
        "comments_count": 0,
        "reposts_count": 0,
        "attitudes_count": 0,
        "t": "1594797252000",
        "text": "/@保定检察: 【#老人被泥石掩埋消防员徒手刨出生命通道#】//@保定检察:【#老人被泥石掩埋消防员徒手刨出生命通道#】",
        "uid": "5260716472/",
        "followers_count": "2656",
        "statuses_count": "30173",
        "verified": 1,
        "has_description": 1,
        "parent": "4526365435426725",
        "user_created_at": "2014-08-19"
    }
]