[
    {
        "mid": "4526349514049064",
        "has_multimedia": 1,
        "comments_count": 304,
        "reposts_count": 168,
        "attitudes_count": 1507,
        "t": "1594649282000",
        "text": "【向险而行！#安徽230名消防救援人员紧急驰援江西#】13日，接应急管理部消防救援局命令，安徽省消防救援总队调集抗洪抢险专业队230人，于13日下午编队开赴江西。增援任务辐射区域为九江市城区、瑞昌市、庐山市、武宁县、修水县等地。加油安徽！加油，江西！O安徽230名消防救援人员紧急驰援江西！ L安徽消防的微博视频 ​​​​",
        "uid": "1751714412/",
        "followers_count": "3316534",
        "statuses_count": "110704",
        "verified": 1,
        "has_description": 1,
        "parent": "0",
        "user_created_at": "2010-06-07"
    },
    {
        "mid": "4527076172633631",
        "has_multimedia": 1,
        "comments_count": 0,
        "reposts_count": 0,
        "attitudes_count": 0,
        "t": "1594822530000",
        "text": "这就是子弟兵。",
        "uid": "1222925514/",
        "followers_count": "3505",
        "statuses_count": "37401",
        "verified": 1,
        "user_created_at": "2009-10-06",
        "has_description": 0,
        "parent": "4526349514049064"
    },
    {
        "mid": "4526930596830320",
        "has_multimedia": 1,
        "comments_count": 0,
        "reposts_count": 0,
        "attitudes_count": 0,
        "t": "1594787823000",
        "text": "平安归来",
        "uid": "5180284949/",
        "followers_count": "244",
        "statuses_count": "21",
        "verified": 0,
        "user_created_at": "2014-06-14",
        "has_description": 0,
        "parent": "4526349514049064"
    }
]