[
    {
        "mid": "4526351324813438",
        "has_multimedia": 1,
        "comments_count": 645,
        "reposts_count": 109,
        "attitudes_count": 3110,
        "t": "1594649714000",
        "text": "【#西安#地铁回应外国人乘车不戴口罩：将加大巡查力度】近日有网友爆料称，有两名外国男子从西安地铁一号线乘车到北大街转乘二号线，全程不戴口罩，地铁上的巡逻人员也没有做任何提示。对比前两天国人不扫健康码被喷辣椒水，不少网友怀疑区别对待。12日，西安地铁官博作出回复：曾进行过多次提示，以后将加大巡查力度。L搜狐千里眼的微博视频 2西安",
        "uid": "6413241167/",
        "followers_count": "1018766",
        "statuses_count": "3177",
        "verified": 1,
        "user_created_at": "2017-11-19",
        "has_description": 1,
        "parent": "0"
    },
    {
        "mid": "4527339658292433",
        "has_multimedia": 1,
        "comments_count": 0,
        "reposts_count": 0,
        "attitudes_count": 0,
        "t": "1594885351000",
        "text": "//@Vincentt梁:又是西安//@克里斯小王子_:Asian lives matters//@如是来-佛陀:我也一直没弄明白，为啥全世界就只有中国人是对外国人好过同胞呢？你去世界其他哪个国家，都是自己同胞更多被照顾，哪怕是对外国人排外呢，中国人为啥只对自己同胞更苛刻，对老外更宽松，到底问题在哪呢？？？",
        "uid": "3758831701/",
        "followers_count": "150",
        "statuses_count": "11208",
        "verified": 0,
        "user_created_at": "2013-08-31",
        "has_description": 1,
        "parent": "4526351324813438"
    },
    {
        "mid": "4527326841275941",
        "has_multimedia": 1,
        "comments_count": 2,
        "reposts_count": 1,
        "attitudes_count": 0,
        "t": "1594882294000",
        "text": "又是西安//@克里斯小王子_:Asian lives matters//@如是来-佛陀:我也一直没弄明白，为啥全世界就只有中国人是对外国人好过同胞呢？你去世界其他哪个国家，都是自己同胞更多被照顾，哪怕是对外国人排外呢，中国人为啥只对自己同胞更苛刻，对老外更宽松，到底问题在哪呢？？？",
        "uid": "2293370013/",
        "followers_count": "263",
        "statuses_count": "2826",
        "verified": 0,
        "user_created_at": "2011-08-09",
        "has_description": 1,
        "parent": "4526351324813438"
    }
]