[
    {
        "mid": "4526370597736354",
        "has_multimedia": 1,
        "comments_count": 506,
        "reposts_count": 144,
        "attitudes_count": 3999,
        "t": "1594654309000",
        "text": "美国男子罗斯，声称口罩是\"炒作\"，扬言自己绝不会买口罩。且在疫情期间继续上酒吧，参加泳池派对。7月1日，他确诊感染，仅仅过了3天就一命呜呼了。 ​​​​",
        "uid": "1647486362/",
        "followers_count": "2275082",
        "statuses_count": "31920",
        "verified": 1,
        "user_created_at": "2009-09-15",
        "has_description": 1,
        "parent": "0"
    },
    {
        "mid": "4527552696419889",
        "has_multimedia": 1,
        "comments_count": 0,
        "reposts_count": 0,
        "attitudes_count": 1,
        "t": "1594936143000",
        "text": "病毒说有人不怕我是么",
        "uid": "1992476537/",
        "followers_count": "128",
        "statuses_count": "86",
        "verified": 0,
        "user_created_at": "2011-03-17",
        "has_description": 0,
        "parent": "4526370597736354"
    },
    {
        "mid": "4527336928841682",
        "has_multimedia": 1,
        "comments_count": 0,
        "reposts_count": 0,
        "attitudes_count": 0,
        "t": "1594884700000",
        "text": "转发微博",
        "uid": "3197263957/",
        "followers_count": "29",
        "statuses_count": "194",
        "verified": 0,
        "user_created_at": "2012-12-09",
        "has_description": 1,
        "parent": "4526370597736354"
    },
    {
        "mid": "4527137292551665",
        "has_multimedia": 1,
        "comments_count": 0,
        "reposts_count": 0,
        "attitudes_count": 0,
        "t": "1594837103000",
        "text": "死得其所。",
        "uid": "5678024218/",
        "followers_count": "165",
        "statuses_count": "100",
        "verified": 0,
        "user_created_at": "2015-08-15",
        "has_description": 0,
        "parent": "4526370597736354"
    }
]