[
    {
        "mid": "4526371558619593",
        "has_multimedia": 1,
        "comments_count": 1808,
        "reposts_count": 1657,
        "attitudes_count": 20102,
        "t": "1594654538000",
        "text": "【#你好，明天#】安徽一处大堤出现管涌，一张民兵救援脚泡到起皱发白的照片令人动容。照片刷屏又戳心，就在于它承载了责任的重量，展现了坚守的力量。从弯腰当人梯到满身泥泞吃饭，从徒手救出被埋老人到刚下考场便转战堤坝，一幕幕感人场景，浓缩着战斗精神。有乘风破浪的逆行者在，有这股精气神在，便有抗洪信心在！",
        "uid": "2803301701/",
        "followers_count": "119783040",
        "statuses_count": "120545",
        "verified": 1,
        "has_description": 1,
        "parent": "0",
        "user_created_at": "2012-07-22"
    },
    {
        "mid": "4527254883535023",
        "has_multimedia": 1,
        "comments_count": 0,
        "reposts_count": 0,
        "attitudes_count": 0,
        "t": "1594865138000",
        "text": "转发微博",
        "uid": "7480193480/",
        "followers_count": "1",
        "statuses_count": "6",
        "verified": 0,
        "user_created_at": "2020-07-13",
        "has_description": 0,
        "parent": "4526371558619593"
    },
    {
        "mid": "4527253545552560",
        "has_multimedia": 1,
        "comments_count": 0,
        "reposts_count": 0,
        "attitudes_count": 0,
        "t": "1594864820000",
        "text": "转发微博",
        "uid": "7480369414/",
        "followers_count": "1",
        "statuses_count": "7",
        "verified": 0,
        "user_created_at": "2020-07-13",
        "has_description": 0,
        "parent": "4526371558619593"
    }
]