[
    {
        "mid": "4526374113436140",
        "has_multimedia": 1,
        "comments_count": 299,
        "reposts_count": 137,
        "attitudes_count": 2476,
        "t": "1594655147000",
        "text": "【#女子19楼抛物家属称其是特殊人群#】7月10日，江西景德镇一小区内，一居民从19楼扔下煤气罐、洗衣机、窗户等家电家具，整个过程持续近半小时，楼下多辆车被砸。民警、消防来到19楼后发现，高空抛物的是一名约40岁的女子，被发现时该女子赤身裸体。据家属称该女子属于特殊人群，警方将女子及时送景德镇市第四人民医院就医。法律人士认为，有特殊人群的家庭平时一定要注意监护，一旦特殊人群伤人损物，监护人很可能是要承担相应的民事侵权赔偿责任的。L看看新闻Knews的秒拍视频",
        "uid": "1618051664/",
        "followers_count": "80726996",
        "statuses_count": "187106",
        "verified": 1,
        "has_description": 1,
        "parent": "0",
        "user_created_at": "2009-08-28"
    },
    {
        "mid": "4527278018803982",
        "has_multimedia": 1,
        "comments_count": 0,
        "reposts_count": 0,
        "attitudes_count": 0,
        "t": "1594870654000",
        "text": "家里有这种病人，整个家庭都会崩溃，得有人不上班时时刻刻看护。锁起来吧，有人讲人权。进医院吧，医院费用高。",
        "uid": "2104294155/",
        "followers_count": "215",
        "statuses_count": "6425",
        "verified": 0,
        "user_created_at": "2016-02-27",
        "has_description": 1,
        "parent": "4526374113436140"
    },
    {
        "mid": "4526803149132105",
        "has_multimedia": 1,
        "comments_count": 8,
        "reposts_count": 3,
        "attitudes_count": 9,
        "t": "1594656900000",
        "text": "又是免责？砸死人怎么办？",
        "uid": "6591834704/",
        "followers_count": "60",
        "statuses_count": "6700",
        "verified": 0,
        "user_created_at": "2018-07-05",
        "has_description": 1,
        "parent": "4526374113436140"
    }
]