[
    {
        "mid": "4526374264962801",
        "has_multimedia": 1,
        "comments_count": 434,
        "reposts_count": 119,
        "attitudes_count": 1181,
        "t": "1594655183000",
        "text": "【网友投稿：#一位十年代课老师的心声#】您好，看了您为代课老师发声的文章很感动，也很想跟您聊聊一名代课老师的心声。 我从小的理想就是当老师，毕业后没有考上编，做了十年的代课老师（语文老师兼班主任）。在这十年间，我从没因为自己是临时工而懈怠，一直为了自己的班级和学生而努力工作着，期间也获得过优秀班主任，青年教师等称荣誉称号，多次代表学校上展示课。这些经历和荣誉也让我觉得自己虽然不是编制（内），但仍可以凭着自己的热情和努力在教育业走出一条路。 但是就在我十年工龄将满之期，我受到了重重的打击:工作了九年的学校，为了规避劳动法不与我签终身合同，强制将我无理由辞退，在即将开学之期通知我下学期不用来上课，所教班级已安排其他老师接管。我与校长恳谈多次，表示对班级孩子们的不舍，也去过各级教育局上访，毫无帮助，最后奋而抗争，申请劳动仲裁。 虽然通过仲裁，我争取了辞退补偿，但经过此事，我对自己一直以来坚持的信念产生了怀疑。现在这个大环境，对代课老师太苛刻太无情，我九年的努力付出付诸东流。现在的我已经转行，但我仍时常关注着教育行业，期待着国家教育政策的改革，期待着能解决代课老师同工同酬同地位问题的那一天，我想我总会回来继续做我热爱的教育事业。",
        "uid": "5476386628/",
        "followers_count": "7883671",
        "statuses_count": "6135",
        "verified": 1,
        "has_description": 1,
        "parent": "0",
        "user_created_at": "2015-01-13"
    },
    {
        "mid": "4527464313786719",
        "has_multimedia": 1,
        "comments_count": 0,
        "reposts_count": 0,
        "attitudes_count": 0,
        "t": "1594915071000",
        "text": "没编织可以走其他路，有了编制就像鸡肋",
        "uid": "1567756671/",
        "followers_count": "0",
        "statuses_count": "81",
        "verified": 0,
        "user_created_at": "2015-09-20",
        "has_description": 0,
        "parent": "4526374264962801"
    },
    {
        "mid": "4527388296487154",
        "has_multimedia": 1,
        "comments_count": 0,
        "reposts_count": 0,
        "attitudes_count": 0,
        "t": "1594896947000",
        "text": "刚看到某 些在编的说，谁让你考不上，又不是不让你考，你自己考不上活该，永远不要想同工同酬",
        "uid": "2785622433/",
        "followers_count": "2072",
        "statuses_count": "10171",
        "verified": 1,
        "user_created_at": "2012-07-12",
        "has_description": 0,
        "parent": "4526374264962801"
    }
]