[
    {
        "mid": "4526376521202710",
        "has_multimedia": 1,
        "comments_count": 285,
        "reposts_count": 29,
        "attitudes_count": 2042,
        "t": "1594655721000",
        "text": "据移民公司调查，开放BNO港人移民后，英国一举成为港人最心仪的移民国家 ​​​​",
        "uid": "1647486362/",
        "followers_count": "2276517",
        "statuses_count": "32033",
        "verified": 1,
        "user_created_at": "2009-09-15",
        "has_description": 1,
        "parent": "0"
    },
    {
        "mid": "4526596579457643",
        "has_multimedia": 1,
        "comments_count": 0,
        "reposts_count": 0,
        "attitudes_count": 0,
        "t": "1594708187000",
        "text": "转发微博",
        "uid": "2004434811/",
        "followers_count": "281",
        "statuses_count": "6844",
        "verified": 0,
        "user_created_at": "2011-03-03",
        "has_description": 1,
        "parent": "4526376521202710"
    },
    {
        "mid": "4526553902370322",
        "has_multimedia": 1,
        "comments_count": 0,
        "reposts_count": 0,
        "attitudes_count": 0,
        "t": "1594698012000",
        "text": "我还心仪商场的大金链子呢，人家也得给我",
        "uid": "7226628291/",
        "followers_count": "14",
        "statuses_count": "199",
        "verified": 0,
        "user_created_at": "2019-07-09",
        "has_description": 1,
        "parent": "4526376521202710"
    },
    {
        "mid": "4526518262725569",
        "has_multimedia": 1,
        "comments_count": 0,
        "reposts_count": 0,
        "attitudes_count": 0,
        "t": "1594689514000",
        "text": "//@qwc大耳朶:走出香港，記得剪埋身份證，不要後悔喲!",
        "uid": "6493617210/",
        "followers_count": "17",
        "statuses_count": "1393",
        "verified": 0,
        "user_created_at": "2018-02-22",
        "has_description": 0,
        "parent": "4526376521202710"
    }
]