[
    {
        "mid": "4526393914811198",
        "has_multimedia": 1,
        "comments_count": 330,
        "reposts_count": 77,
        "attitudes_count": 2415,
        "t": "1594659868000",
        "text": "罗冠聪今天终于承认，自己已经逃到英国伦敦去了。预计他可能是第一批拿到公民资格的蟑螂之一 ​​​​",
        "uid": "1647486362/",
        "followers_count": "2275179",
        "statuses_count": "31928",
        "verified": 1,
        "user_created_at": "2009-09-15",
        "has_description": 1,
        "parent": "0"
    },
    {
        "mid": "4526394284441326",
        "has_multimedia": 1,
        "comments_count": 23,
        "reposts_count": 17,
        "attitudes_count": 244,
        "t": "1594659956000",
        "text": "这么年轻人生就毁了。点个赞吧！",
        "uid": "1006550592/",
        "followers_count": "1718379",
        "statuses_count": "38310",
        "verified": 1,
        "user_created_at": "2013-02-21",
        "has_description": 1,
        "parent": "4526393914811198"
    },
    {
        "mid": "4526506825901595",
        "has_multimedia": 1,
        "comments_count": 0,
        "reposts_count": 0,
        "attitudes_count": 0,
        "t": "1594686787000",
        "text": "算不上毀了，羅冠聰將香港眾志的錢財卷款而逃，偷竊1500萬港幣，足夠他在英國過上鄭嫖嫖哪樣的淫亂生活了。//@师伟微博: 这么年轻人生就毁了。点个赞吧！",
        "uid": "3896200107/",
        "followers_count": "312",
        "statuses_count": "6367",
        "verified": 0,
        "user_created_at": "2013-11-07",
        "has_description": 0,
        "parent": "4526394284441326"
    },
    {
        "mid": "4526503804618702",
        "has_multimedia": 1,
        "comments_count": 23,
        "reposts_count": 17,
        "attitudes_count": 244,
        "t": "1594659900000",
        "text": "这么年轻人生就毁了。点个赞吧！",
        "uid": "1686855481/",
        "followers_count": "208",
        "statuses_count": "8331",
        "verified": 0,
        "user_created_at": "2010-01-27",
        "has_description": 0,
        "parent": "4526394284441326"
    },
    {
        "mid": "4526497245554260",
        "has_multimedia": 1,
        "comments_count": 0,
        "reposts_count": 0,
        "attitudes_count": 1,
        "t": "1594684503000",
        "text": "//@师伟微博:这么年轻人生就毁了。点个赞吧！",
        "uid": "2108674774/",
        "followers_count": "54124",
        "statuses_count": "33887",
        "verified": 1,
        "user_created_at": "2011-04-22",
        "has_description": 1,
        "parent": "4526394284441326"
    },
    {
        "mid": "4526757820196477",
        "has_multimedia": 1,
        "comments_count": 0,
        "reposts_count": 0,
        "attitudes_count": 0,
        "t": "1594746630000",
        "text": "道路是自己选择的，坚持错误不改，怪不得别人。英国人愿意捡垃圾我们管不着，但是我们可以不让垃圾回流。",
        "uid": "2658229150/",
        "followers_count": "2279",
        "statuses_count": "42406",
        "verified": 0,
        "user_created_at": "2012-01-08",
        "has_description": 1,
        "parent": "4526393914811198"
    }
]