[
    {
        "mid": "4526395764459311",
        "has_multimedia": 1,
        "comments_count": 424,
        "reposts_count": 331,
        "attitudes_count": 2231,
        "t": "1594660309000",
        "text": "#威少新冠检测呈阳性#威斯布鲁克在个人社交媒体上宣布，自己的新冠检测结果为阳性，目前正处于隔离之中。威少称自己的检测结果是在球队动身前往奥兰多前出来的，他现在正处于隔离之中，等到被允许时就会重新回到队伍当中，同时他感谢所有人的祝福与支持，请大家认真严肃对待这个病毒，请各位注意安全，带好口罩。",
        "uid": "1638781994/",
        "followers_count": "23812612",
        "statuses_count": "252649",
        "verified": 1,
        "has_description": 1,
        "parent": "0",
        "user_created_at": "2009-08-28"
    },
    {
        "mid": "4527554025489150",
        "has_multimedia": 1,
        "comments_count": 0,
        "reposts_count": 0,
        "attitudes_count": 0,
        "t": "1594936460000",
        "text": "",
        "uid": "1944489241/",
        "followers_count": "5",
        "statuses_count": "34",
        "verified": 0,
        "user_created_at": "2011-01-31",
        "has_description": 0,
        "parent": "4526395764459311"
    },
    {
        "mid": "4527308960181062",
        "has_multimedia": 1,
        "comments_count": 0,
        "reposts_count": 0,
        "attitudes_count": 0,
        "t": "1594878032000",
        "text": "回复@四点的洛杉矶i:🙏🙏🙏//@四点的洛杉矶i:@RockNeverDie0126",
        "uid": "5999502999/",
        "followers_count": "77",
        "statuses_count": "84",
        "verified": 0,
        "user_created_at": "2016-08-11",
        "has_description": 1,
        "parent": "4526395764459311"
    },
    {
        "mid": "4527093444772854",
        "has_multimedia": 1,
        "comments_count": 0,
        "reposts_count": 0,
        "attitudes_count": 0,
        "t": "1594826648000",
        "text": "草了，what the fuck",
        "uid": "5694189969/",
        "followers_count": "204",
        "statuses_count": "8",
        "verified": 0,
        "user_created_at": "2015-09-05",
        "has_description": 1,
        "parent": "4526395764459311"
    }
]