[
    {
        "mid": "4526381381248110",
        "has_multimedia": 0,
        "comments_count": 801,
        "reposts_count": 105,
        "attitudes_count": 4175,
        "t": "1594656880000",
        "text": "你曾经为了写作文编过哪些故事？ ​​​​",
        "uid": "1742566624/",
        "followers_count": "34645635",
        "statuses_count": "103044",
        "verified": 1,
        "user_created_at": "2010-05-16",
        "has_description": 1,
        "parent": "0"
    },
    {
        "mid": "4526759917360772",
        "has_multimedia": 0,
        "comments_count": 0,
        "reposts_count": 0,
        "attitudes_count": 0,
        "t": "1594747130000",
        "text": "功夫熊猫",
        "uid": "1726773864/",
        "followers_count": "514",
        "statuses_count": "267",
        "verified": 0,
        "user_created_at": "2010-04-08",
        "has_description": 1,
        "parent": "4526381381248110"
    },
    {
        "mid": "4526675620130976",
        "has_multimedia": 0,
        "comments_count": 0,
        "reposts_count": 0,
        "attitudes_count": 1,
        "t": "1594727032000",
        "text": "一个故事支撑了整个中小学作文内容🙋",
        "uid": "6610495421/",
        "followers_count": "19",
        "statuses_count": "44",
        "verified": 0,
        "user_created_at": "2018-07-23",
        "has_description": 0,
        "parent": "4526381381248110"
    },
    {
        "mid": "4526662186232462",
        "has_multimedia": 0,
        "comments_count": 0,
        "reposts_count": 0,
        "attitudes_count": 0,
        "t": "1594723829000",
        "text": "哈哈哈哈哈哈哈哈",
        "uid": "2576960433/",
        "followers_count": "323",
        "statuses_count": "2256",
        "verified": 1,
        "user_created_at": "2012-01-15",
        "has_description": 1,
        "parent": "4526381381248110"
    }
]