[
    {
        "mid": "4526400415126495",
        "has_multimedia": 0,
        "comments_count": 1864,
        "reposts_count": 704,
        "attitudes_count": 11732,
        "t": "1594661418000",
        "text": "香港第三波疫情暴发，形势非常严峻。香港媒体报道说，近日从香港进入深圳的人数大幅增加，上周比再上周增加八成，很多人是为了来内地避疫。广东面临将疫情挡住的新考验。看到报道说，所有从香港进入深圳的人都需进行14天集中隔离，希望这一制度得到坚决彻底的执行，决不漏掉一人。港媒报道说，上周经深圳湾口岸进入内地的一共有8913人次，对这么多的人进行医学观察，是巨大的工程，希望深圳的抗疫管理足够强大，一丝不苟。围绕疫情，对来自香港的人决不能有任何政策性照顾。一视同仁地严格执行防疫规定，既保护了内地，也会更受香港舆论的尊重。",
        "uid": "1989660417/",
        "followers_count": "23153324",
        "statuses_count": "8536",
        "verified": 1,
        "user_created_at": "2011-02-25",
        "has_description": 1,
        "parent": "0"
    },
    {
        "mid": "4526990491230339",
        "has_multimedia": 0,
        "comments_count": 27,
        "reposts_count": 14,
        "attitudes_count": 55,
        "t": "1594802103000",
        "text": "唉……",
        "uid": "1548674942/",
        "followers_count": "1229770",
        "statuses_count": "34865",
        "verified": 1,
        "user_created_at": "2010-07-13",
        "has_description": 1,
        "parent": "4526400415126495"
    },
    {
        "mid": "4527050231125028",
        "has_multimedia": 0,
        "comments_count": 1,
        "reposts_count": 0,
        "attitudes_count": 0,
        "t": "1594816346000",
        "text": "//@袁启聪: 唉……",
        "uid": "1770668720/",
        "followers_count": "2495",
        "statuses_count": "1043",
        "verified": 1,
        "user_created_at": "2010-07-19",
        "has_description": 1,
        "parent": "4526990491230339"
    },
    {
        "mid": "4527027627594178",
        "has_multimedia": 0,
        "comments_count": 27,
        "reposts_count": 14,
        "attitudes_count": 55,
        "t": "1594802100000",
        "text": "唉……",
        "uid": "2206149795/",
        "followers_count": "185",
        "statuses_count": "6472",
        "verified": 0,
        "user_created_at": "2011-06-28",
        "has_description": 1,
        "parent": "4526990491230339"
    },
    {
        "mid": "4527021990087787",
        "has_multimedia": 0,
        "comments_count": 0,
        "reposts_count": 0,
        "attitudes_count": 0,
        "t": "1594809613000",
        "text": "香港谜之41宗新增本土病例……//@喵喵喵喵声叫://@袁启聪:唉……",
        "uid": "1744567663/",
        "followers_count": "1160",
        "statuses_count": "74874",
        "verified": 0,
        "user_created_at": "2010-05-21",
        "has_description": 1,
        "parent": "4526990491230339"
    },
    {
        "mid": "4527253722238221",
        "has_multimedia": 1,
        "comments_count": 0,
        "reposts_count": 0,
        "attitudes_count": 0,
        "t": "1594864861000",
        "text": "广东好难啊 又延期开学了",
        "uid": "5039014943/",
        "followers_count": "170",
        "statuses_count": "228",
        "verified": 0,
        "user_created_at": "2014-02-15",
        "has_description": 1,
        "parent": "4526400415126495"
    },
    {
        "mid": "4527246826801599",
        "has_multimedia": 1,
        "comments_count": 0,
        "reposts_count": 0,
        "attitudes_count": 1,
        "t": "1594863217000",
        "text": "//@愤怒的石头_99939: //@土-河:如果放任不调整通关政策，深圳迟早新发地2.0",
        "uid": "6540752936/",
        "followers_count": "995",
        "statuses_count": "28039",
        "verified": 0,
        "user_created_at": "2018-05-03",
        "has_description": 1,
        "parent": "4526400415126495"
    }
]