[
    {
        "mid": "4526474008905831",
        "has_multimedia": 1,
        "comments_count": 292,
        "reposts_count": 234,
        "attitudes_count": 1886,
        "t": "1594678963000",
        "text": "【#河南焦作幼师投毒案15日开庭#，受害幼童家属：常在睡梦中惊醒】2019年3月，河南焦作女幼师王某投毒致23名幼儿中毒，受害幼童王某熙因病情严重于2020年春节期间离世。受害幼童一家人陷入失去孩子的悲痛中，母亲说经常睡梦中惊醒。7月15日，本案将在焦作市人民法院开庭审理。受害者家人希望严惩凶手。L一手video的秒拍视频",
        "uid": "1618051664/",
        "followers_count": "80672040",
        "statuses_count": "187036",
        "verified": 1,
        "has_description": 1,
        "parent": "0",
        "user_created_at": "2009-08-28"
    },
    {
        "mid": "4527481821074648",
        "has_multimedia": 1,
        "comments_count": 0,
        "reposts_count": 0,
        "attitudes_count": 0,
        "t": "1594919245000",
        "text": "转发微博",
        "uid": "1933106253/",
        "followers_count": "493",
        "statuses_count": "19995",
        "verified": 1,
        "user_created_at": "2011-01-24",
        "has_description": 0,
        "parent": "4526474008905831"
    },
    {
        "mid": "4527413067514229",
        "has_multimedia": 1,
        "comments_count": 0,
        "reposts_count": 0,
        "attitudes_count": 0,
        "t": "1594902852000",
        "text": "转发微博",
        "uid": "1885132944/",
        "followers_count": "579",
        "statuses_count": "9097",
        "verified": 0,
        "user_created_at": "2010-12-29",
        "has_description": 1,
        "parent": "4526474008905831"
    }
]