[
    {
        "mid": "4526475003005164",
        "has_multimedia": 1,
        "comments_count": 2233,
        "reposts_count": 1323,
        "attitudes_count": 29769,
        "t": "1594679201000",
        "text": "【#法国依云矿泉水检测出农药残留# 源自阿尔卑斯山心脏地带被称“最纯净之水”】环球时报综合报道，据瑞士《20分钟报》12日报道，瑞士联邦水科学与技术研究所的研究人员表示，他们在依云矿泉水中发现一种被禁用的杀虫剂——百菌清的残留物。由于可能致癌，瑞士已经禁止使用百菌清。虽然每升6纳克的浓度对健康影响不大，但这个结果还是让科学界感到震惊。依云矿泉水源自阿尔卑斯山心脏地带，因为纯净度很高，科学家还用它来校准测量仪器。（环球网；LX）LNBD视频的微博视频¡查看图片",
        "uid": "1649173367/",
        "followers_count": "45095268",
        "statuses_count": "219901",
        "verified": 1,
        "has_description": 1,
        "parent": "0",
        "user_created_at": "2009-09-23"
    },
    {
        "mid": "4526998137182287",
        "has_multimedia": 1,
        "comments_count": 0,
        "reposts_count": 0,
        "attitudes_count": 0,
        "t": "1594803926000",
        "text": "//@怪力乱神美少女: 马里亚纳海沟和珠峰都不能幸免…更何况一个人类腹地…",
        "uid": "1402730847/",
        "followers_count": "304",
        "statuses_count": "11375",
        "verified": 0,
        "user_created_at": "2010-01-06",
        "has_description": 1,
        "parent": "4526475003005164"
    },
    {
        "mid": "4526991431539614",
        "has_multimedia": 1,
        "comments_count": 0,
        "reposts_count": 0,
        "attitudes_count": 0,
        "t": "1594802327000",
        "text": "淦 宝宝水也这样吗 我每天喝1升",
        "uid": "5195620330/",
        "followers_count": "135",
        "statuses_count": "12754",
        "verified": 1,
        "user_created_at": "2014-06-27",
        "has_description": 1,
        "parent": "4526475003005164"
    },
    {
        "mid": "4526889035906150",
        "has_multimedia": 1,
        "comments_count": 26,
        "reposts_count": 1,
        "attitudes_count": 23,
        "t": "1594717800000",
        "text": "说实话我感觉瓶装水的味道都差不多啊，1块钱的冰露和几十块钱的voss到底差在哪了，是不是开采矿泉水成本高",
        "uid": "1446481705/",
        "followers_count": "54",
        "statuses_count": "113",
        "verified": 0,
        "user_created_at": "2011-06-26",
        "has_description": 0,
        "parent": "4526475003005164"
    },
    {
        "mid": "4526886657276857",
        "has_multimedia": 1,
        "comments_count": 0,
        "reposts_count": 0,
        "attitudes_count": 0,
        "t": "1594777347000",
        "text": "转发微博",
        "uid": "7266167082/",
        "followers_count": "23",
        "statuses_count": "140",
        "verified": 0,
        "user_created_at": "2019-07-29",
        "has_description": 1,
        "parent": "4526475003005164"
    }
]