[
    {
        "mid": "4526478203247974",
        "has_multimedia": 1,
        "comments_count": 451,
        "reposts_count": 1072,
        "attitudes_count": 5216,
        "t": "1594679964000",
        "text": "【上周失踪的《欢乐合唱团》女星Naya Rivera确认死亡】当地时间上周三，33岁的娜娅·里韦拉与儿子在皮鲁湖游船时独自失踪：O微天下。13日，一具尸体在湖的东北部被发现，当局确信这是娜娅·里韦拉。没有迹象表明是谋杀或自杀，目前遗体已被送去检验。（CNN）#欢乐合唱团失踪演员确认死亡#在《欢乐合唱团》中，她曾为缅怀Finn动情献唱《If I Die Young》，而13日也正好是Finn的扮演者Cory Monteith逝世七周年  LHouson猴姆的微博视频 #欢乐合唱团失踪女星确认死亡#",
        "uid": "1893801487/",
        "followers_count": "22413524",
        "statuses_count": "157213",
        "verified": 1,
        "has_description": 1,
        "parent": "0",
        "user_created_at": "2010-12-15"
    },
    {
        "mid": "4527305127105268",
        "has_multimedia": 1,
        "comments_count": 0,
        "reposts_count": 0,
        "attitudes_count": 0,
        "t": "1594877118000",
        "text": "//@圆圆太可爱:",
        "uid": "2073658527/",
        "followers_count": "801",
        "statuses_count": "2",
        "verified": 0,
        "user_created_at": "2011-04-07",
        "has_description": 1,
        "parent": "4526478203247974"
    },
    {
        "mid": "4527300521759379",
        "has_multimedia": 1,
        "comments_count": 0,
        "reposts_count": 1,
        "attitudes_count": 0,
        "t": "1594876019000",
        "text": "",
        "uid": "1746747344/",
        "followers_count": "708",
        "statuses_count": "545",
        "verified": 0,
        "user_created_at": "2010-05-25",
        "has_description": 1,
        "parent": "4526478203247974"
    },
    {
        "mid": "4527109647369850",
        "has_multimedia": 1,
        "comments_count": 0,
        "reposts_count": 0,
        "attitudes_count": 0,
        "t": "1594830511000",
        "text": "我不好了",
        "uid": "5141128060/",
        "followers_count": "349",
        "statuses_count": "1961",
        "verified": 0,
        "user_created_at": "2014-05-15",
        "has_description": 1,
        "parent": "4526478203247974"
    }
]