[
    {
        "mid": "4526478879115873",
        "has_multimedia": 1,
        "comments_count": 199,
        "reposts_count": 192,
        "attitudes_count": 2546,
        "t": "1594680125000",
        "text": "【#婴儿误把消防员方位灯当奶嘴# 消防员：还挺害羞的】7月12日，江西新余市消防救援支队在鄱阳县南湖村委救援时，一位妈妈突然把一个三个月大的婴儿塞到消防员胡昕怀里。消防员怀抱着这个婴儿时，突然发现婴儿把他救生衣上的方位灯误当作奶嘴，张着小嘴要喝奶。消防员表示，当时感觉还挺害羞的。L有料的秒拍视频",
        "uid": "1618051664/",
        "followers_count": "80667025",
        "statuses_count": "187026",
        "verified": 1,
        "has_description": 1,
        "parent": "0",
        "user_created_at": "2009-08-28"
    },
    {
        "mid": "4527417135466261",
        "has_multimedia": 1,
        "comments_count": 0,
        "reposts_count": 0,
        "attitudes_count": 0,
        "t": "1594903822000",
        "text": "太可爱了",
        "uid": "5562015931/",
        "followers_count": "105",
        "statuses_count": "77",
        "verified": 0,
        "user_created_at": "2015-03-18",
        "has_description": 1,
        "parent": "4526478879115873"
    },
    {
        "mid": "4527412987302472",
        "has_multimedia": 1,
        "comments_count": 0,
        "reposts_count": 0,
        "attitudes_count": 0,
        "t": "1594902834000",
        "text": "转发微博",
        "uid": "1885132944/",
        "followers_count": "579",
        "statuses_count": "9097",
        "verified": 0,
        "user_created_at": "2010-12-29",
        "has_description": 1,
        "parent": "4526478879115873"
    },
    {
        "mid": "4527396864927892",
        "has_multimedia": 1,
        "comments_count": 0,
        "reposts_count": 0,
        "attitudes_count": 0,
        "t": "1594898990000",
        "text": "为啥我的娃好像从来没有这反应",
        "uid": "1241465111/",
        "followers_count": "487",
        "statuses_count": "11245",
        "verified": 0,
        "user_created_at": "2011-06-10",
        "has_description": 1,
        "parent": "4526478879115873"
    }
]