[
    {
        "mid": "4526483005594204",
        "has_multimedia": 1,
        "comments_count": 4158,
        "reposts_count": 2085,
        "attitudes_count": 85285,
        "t": "1594681109000",
        "text": "【#美国新冠感染病例占全球1/4以上#，#几乎每100个美国人就有一人感染#】据美国约翰斯·霍普金斯大学疫情实时监测系统显示，截至美东时间7月13日下午5时34分，全球累计新冠病毒感染病例13026225例，累计死亡病例570924例。美国已有感染病例3352696例，占全球感染病例1/4以上，其中包括死亡病例135512例。与该系统7月12日下午6点的数据相比，美国新增感染病例59762例，新增死亡病例372例。美国有线电视新闻网指出，根据约翰斯·霍普金斯大学的最新数据，几乎每100个美国人中就有一人感染新冠病毒。美国民主基金和加州大学洛杉矶分校近日发布的一项调查显示，超过1/3（36%）的美国人表示，除了直系亲属和工作中认识的人以外，身边有人已经感染了新冠病毒。这个数字自3月份以来增加了两倍多，3月中旬，有11%的美国人表示同样的看法。（郑琪）",
        "uid": "2803301701/",
        "followers_count": "119757383",
        "statuses_count": "120503",
        "verified": 1,
        "has_description": 1,
        "parent": "0",
        "user_created_at": "2012-07-22"
    },
    {
        "mid": "4526533484269346",
        "has_multimedia": 1,
        "comments_count": 248,
        "reposts_count": 220,
        "attitudes_count": 1784,
        "t": "1594693144000",
        "text": "特朗普：最终还是活成了自己最讨厌的样子",
        "uid": "5267942841/",
        "followers_count": "10825878",
        "statuses_count": "13771",
        "verified": 1,
        "user_created_at": "2014-08-26",
        "has_description": 1,
        "parent": "4526483005594204"
    },
    {
        "mid": "4526690892488613",
        "has_multimedia": 1,
        "comments_count": 0,
        "reposts_count": 0,
        "attitudes_count": 0,
        "t": "1594730672000",
        "text": "转发微博",
        "uid": "7480053854/",
        "followers_count": "2",
        "statuses_count": "48",
        "verified": 0,
        "user_created_at": "2020-07-12",
        "has_description": 0,
        "parent": "4526533484269346"
    },
    {
        "mid": "4526690883361780",
        "has_multimedia": 1,
        "comments_count": 0,
        "reposts_count": 0,
        "attitudes_count": 0,
        "t": "1594730670000",
        "text": "转发微博",
        "uid": "7479663765/",
        "followers_count": "2",
        "statuses_count": "42",
        "verified": 0,
        "user_created_at": "2020-07-12",
        "has_description": 0,
        "parent": "4526533484269346"
    },
    {
        "mid": "4526690875802763",
        "has_multimedia": 1,
        "comments_count": 0,
        "reposts_count": 0,
        "attitudes_count": 0,
        "t": "1594730668000",
        "text": "转发微博",
        "uid": "6807266079/",
        "followers_count": "2",
        "statuses_count": "44",
        "verified": 0,
        "user_created_at": "2020-07-12",
        "has_description": 0,
        "parent": "4526533484269346"
    },
    {
        "mid": "4526690834255918",
        "has_multimedia": 1,
        "comments_count": 0,
        "reposts_count": 0,
        "attitudes_count": 0,
        "t": "1594730659000",
        "text": "转发微博",
        "uid": "7464086892/",
        "followers_count": "2",
        "statuses_count": "44",
        "verified": 0,
        "user_created_at": "2020-07-12",
        "has_description": 0,
        "parent": "4526533484269346"
    },
    {
        "mid": "4526690812964234",
        "has_multimedia": 1,
        "comments_count": 0,
        "reposts_count": 0,
        "attitudes_count": 0,
        "t": "1594730654000",
        "text": "转发微博",
        "uid": "7479644399/",
        "followers_count": "2",
        "statuses_count": "49",
        "verified": 0,
        "user_created_at": "2020-07-12",
        "has_description": 0,
        "parent": "4526533484269346"
    },
    {
        "mid": "4526541352993935",
        "has_multimedia": 1,
        "comments_count": 69,
        "reposts_count": 24,
        "attitudes_count": 513,
        "t": "1594695019000",
        "text": "懂王：那剩下的99人可以去复工啦",
        "uid": "7010131150/",
        "followers_count": "1086419",
        "statuses_count": "7717",
        "verified": 1,
        "user_created_at": "2019-02-25",
        "has_description": 1,
        "parent": "4526483005594204"
    },
    {
        "mid": "4526734257076678",
        "has_multimedia": 1,
        "comments_count": 69,
        "reposts_count": 24,
        "attitudes_count": 513,
        "t": "1594695000000",
        "text": "懂王：那剩下的99人可以去复工啦",
        "uid": "5913603915/",
        "followers_count": "15",
        "statuses_count": "414",
        "verified": 0,
        "user_created_at": "2016-05-01",
        "has_description": 0,
        "parent": "4526541352993935"
    },
    {
        "mid": "4526720260145961",
        "has_multimedia": 1,
        "comments_count": 69,
        "reposts_count": 24,
        "attitudes_count": 513,
        "t": "1594695000000",
        "text": "懂王：那剩下的99人可以去复工啦",
        "uid": "1621481754/",
        "followers_count": "1637",
        "statuses_count": "16631",
        "verified": 1,
        "user_created_at": "2010-03-25",
        "has_description": 1,
        "parent": "4526541352993935"
    },
    {
        "mid": "4526711779242694",
        "has_multimedia": 1,
        "comments_count": 0,
        "reposts_count": 0,
        "attitudes_count": 0,
        "t": "1594735653000",
        "text": "#李垚君每日新闻#//@帝吧官微:懂王：那剩下的99人可以去复工啦",
        "uid": "7285014888/",
        "followers_count": "21",
        "statuses_count": "3704",
        "verified": 0,
        "user_created_at": "2019-08-18",
        "has_description": 1,
        "parent": "4526541352993935"
    },
    {
        "mid": "4526688644617557",
        "has_multimedia": 1,
        "comments_count": 0,
        "reposts_count": 0,
        "attitudes_count": 0,
        "t": "1594730137000",
        "text": "//@帝吧官微:懂王：那剩下的99人可以去复工啦",
        "uid": "7142320448/",
        "followers_count": "11",
        "statuses_count": "763",
        "verified": 0,
        "user_created_at": "2019-05-16",
        "has_description": 0,
        "parent": "4526541352993935"
    },
    {
        "mid": "4526668444143938",
        "has_multimedia": 1,
        "comments_count": 0,
        "reposts_count": 0,
        "attitudes_count": 0,
        "t": "1594725321000",
        "text": "该复工的复工，该开学的开学！MAGA！//@帝吧官微:懂王：那剩下的99人可以去复工啦",
        "uid": "6601793409/",
        "followers_count": "21",
        "statuses_count": "1551",
        "verified": 0,
        "user_created_at": "2018-07-15",
        "has_description": 1,
        "parent": "4526541352993935"
    },
    {
        "mid": "4526665084460395",
        "has_multimedia": 1,
        "comments_count": 0,
        "reposts_count": 0,
        "attitudes_count": 0,
        "t": "1594724519000",
        "text": "//@我爱吃飞饼:美国就是选头猪当总统，也会由一个胜利走向另一个胜利！这哪个傻公知说的？",
        "uid": "3470375960/",
        "followers_count": "172",
        "statuses_count": "8721",
        "verified": 0,
        "user_created_at": "2013-08-19",
        "has_description": 0,
        "parent": "4526541352993935"
    },
    {
        "mid": "4526622659277782",
        "has_multimedia": 1,
        "comments_count": 0,
        "reposts_count": 0,
        "attitudes_count": 0,
        "t": "1594714405000",
        "text": "哈哈(ಡωಡ)hiahiahia//@帝吧官微:懂王：那剩下的99人可以去复工啦",
        "uid": "5142514616/",
        "followers_count": "51",
        "statuses_count": "8126",
        "verified": 0,
        "user_created_at": "2014-05-14",
        "has_description": 1,
        "parent": "4526541352993935"
    },
    {
        "mid": "4526603591843585",
        "has_multimedia": 1,
        "comments_count": 0,
        "reposts_count": 0,
        "attitudes_count": 0,
        "t": "1594709859000",
        "text": "hhh//@帝吧官微:懂王：那剩下的99人可以去复工啦",
        "uid": "6432006277/",
        "followers_count": "767",
        "statuses_count": "1663",
        "verified": 0,
        "user_created_at": "2017-12-12",
        "has_description": 1,
        "parent": "4526541352993935"
    },
    {
        "mid": "4526592451294465",
        "has_multimedia": 1,
        "comments_count": 0,
        "reposts_count": 0,
        "attitudes_count": 1,
        "t": "1594707202000",
        "text": "//@帝吧联长:这，好像没什么不对//@帝吧官微:懂王：那剩下的99人可以去复工啦",
        "uid": "6170538001/",
        "followers_count": "12365",
        "statuses_count": "8199",
        "verified": 1,
        "user_created_at": "2017-03-20",
        "has_description": 1,
        "parent": "4526541352993935"
    },
    {
        "mid": "4526580812820681",
        "has_multimedia": 1,
        "comments_count": 0,
        "reposts_count": 0,
        "attitudes_count": 0,
        "t": "1594704428000",
        "text": "🙌nobody 👐knows 👌better ☝than me//@帝吧官微:懂王：那剩下的99人可以去复工啦",
        "uid": "5232272298/",
        "followers_count": "360",
        "statuses_count": "28108",
        "verified": 0,
        "user_created_at": "2014-07-25",
        "has_description": 1,
        "parent": "4526541352993935"
    },
    {
        "mid": "4526551221969068",
        "has_multimedia": 1,
        "comments_count": 34,
        "reposts_count": 15,
        "attitudes_count": 148,
        "t": "1594697373000",
        "text": "在司马南频道中，我用#北美病夫# 这个概念刻画塔国今天的疫势，并对政治病毒如何助攻新冠病毒做了分析。有人批评我不厚道，缺少悲悯和同情心。感谢关注之余，我仍坚持己见。鸡汤大师的文章读多了，不仅丧失独见，亦必缺少敏锐。",
        "uid": "1263406744/",
        "followers_count": "1608539",
        "statuses_count": "46041",
        "verified": 1,
        "user_created_at": "2009-08-28",
        "has_description": 1,
        "parent": "4526483005594204"
    },
    {
        "mid": "4526744663708406",
        "has_multimedia": 1,
        "comments_count": 0,
        "reposts_count": 0,
        "attitudes_count": 0,
        "t": "1594743492000",
        "text": "//@司马南:在司马南频道中，我用#北美病夫# 这个概念刻画塔国今天的疫势，并对政治病毒如何助攻新冠病毒做了分析。有人批评我不厚道，缺少悲悯和同情心。感谢关注之余，我仍坚持己见。鸡汤大师的文章读多了，不仅丧失独见，亦必缺少敏锐。",
        "uid": "1644472157/",
        "followers_count": "1095",
        "statuses_count": "5398",
        "verified": 0,
        "user_created_at": "2010-02-22",
        "has_description": 1,
        "parent": "4526551221969068"
    },
    {
        "mid": "4526726774969451",
        "has_multimedia": 1,
        "comments_count": 34,
        "reposts_count": 15,
        "attitudes_count": 148,
        "t": "1594697340000",
        "text": "在司马南频道中，我用#北美病夫# 这个概念刻画塔国今天的疫势，并对政治病毒如何助攻新冠病毒做了分析。有人批评我不厚道，缺少悲悯和同情心。感谢关注之余，我仍坚持己见。鸡汤大师的文章读多了，不仅丧失独见，亦必缺少敏锐。",
        "uid": "1050608741/",
        "followers_count": "1259",
        "statuses_count": "43765",
        "verified": 0,
        "user_created_at": "2014-03-07",
        "has_description": 0,
        "parent": "4526551221969068"
    },
    {
        "mid": "4526724203252826",
        "has_multimedia": 1,
        "comments_count": 0,
        "reposts_count": 0,
        "attitudes_count": 0,
        "t": "1594738615000",
        "text": "以下转自中国日报网（将分批转摘）- 2014年5月28日美国彭博新闻社发表文章 Thailand Risks Inheriting Asia’s Sick-Man Tag on Unrest: Economy（泰国经济动荡，或成为亚洲病夫） 2016年12月24日新加坡《海峡时报》发表文章 Is Singapore the new sick man of Asia?（新加坡是新的亚洲病夫吗？）",
        "uid": "7408732357/",
        "followers_count": "2",
        "statuses_count": "17",
        "verified": 0,
        "user_created_at": "2020-03-08",
        "has_description": 1,
        "parent": "4526551221969068"
    },
    {
        "mid": "4526723973271921",
        "has_multimedia": 1,
        "comments_count": 0,
        "reposts_count": 0,
        "attitudes_count": 0,
        "t": "1594738559000",
        "text": "以下转自中国日报网（将分批转摘）- 2018年12月17日英国《每日邮报》发表文章 ‘France is now the sick man of Europe’，says Polish minister（波兰外交部长：法国是欧洲病夫） 2019年10月5日福克斯商业网刊文 Germany becomes the ‘sick man’ of Europe（德国成为欧洲病夫）",
        "uid": "7408732357/",
        "followers_count": "2",
        "statuses_count": "17",
        "verified": 0,
        "user_created_at": "2020-03-08",
        "has_description": 1,
        "parent": "4526551221969068"
    },
    {
        "mid": "4526723730039970",
        "has_multimedia": 1,
        "comments_count": 0,
        "reposts_count": 0,
        "attitudes_count": 0,
        "t": "1594738501000",
        "text": "以下转自中国日报网（将分批转摘）- 笔者发现，sickman一词在当下，依旧被西方媒体广泛使用，用来形容一个国家或地区经济发展面临严峻问题，比如：  2019年4月2日美国《外交政策》杂志刊登文章  The American Empire Is the Sick Man of the 21st Century（美国是21世纪的病夫）  2017年8月1日美国彭博",
        "uid": "7408732357/",
        "followers_count": "2",
        "statuses_count": "17",
        "verified": 0,
        "user_created_at": "2020-03-08",
        "has_description": 1,
        "parent": "4526551221969068"
    },
    {
        "mid": "4526723477130615",
        "has_multimedia": 1,
        "comments_count": 0,
        "reposts_count": 0,
        "attitudes_count": 0,
        "t": "1594738441000",
        "text": "以下转自中国日报网（将分批转摘） - Sick man究竟是什么意思？经笔者查证，这一说法起源于欧洲。sick man of Europe（欧洲病夫），指的是穷困潦倒面临严重经济问题的欧洲国家，它第一次出现被用在十九世纪深陷债务危机的奥斯曼帝国身上。而这也被普遍认为可能是sick man of Asia（亚洲病夫",
        "uid": "7408732357/",
        "followers_count": "2",
        "statuses_count": "17",
        "verified": 0,
        "user_created_at": "2020-03-08",
        "has_description": 1,
        "parent": "4526551221969068"
    },
    {
        "mid": "4526583056357735",
        "has_multimedia": 1,
        "comments_count": 0,
        "reposts_count": 0,
        "attitudes_count": 0,
        "t": "1594704962000",
        "text": "北美病夫//@司马南:在司马南频道中，我用#北美病夫# 这个概念刻画塔国今天的疫势，并对政治病毒如何助攻新冠病毒做了分析。有人批评我不厚道，缺少悲悯和同情心。感谢关注之余，我仍坚持己见。鸡汤大师的文章读多了，不仅丧失独见，亦必缺少敏锐。",
        "uid": "5505942589/",
        "followers_count": "9",
        "statuses_count": "1017",
        "verified": 0,
        "user_created_at": "2015-02-02",
        "has_description": 0,
        "parent": "4526551221969068"
    },
    {
        "mid": "4526575393620100",
        "has_multimedia": 1,
        "comments_count": 0,
        "reposts_count": 0,
        "attitudes_count": 0,
        "t": "1594703136000",
        "text": "诚如斯言，因果连缀，福祸有端，确实是颠仆不破的真理。【鸡汤大师的文章读多了，不仅丧失独见，亦必缺少敏锐。】//@司马南: 有人批评我不厚道，缺少悲悯和同情心。感谢关注之余，我仍坚持己见。鸡汤大师的文章读多了，不仅丧失独见，亦必缺少敏锐。",
        "uid": "1220434390/",
        "followers_count": "14",
        "statuses_count": "12676",
        "verified": 0,
        "user_created_at": "2009-09-04",
        "has_description": 0,
        "parent": "4526551221969068"
    },
    {
        "mid": "4526568988970463",
        "has_multimedia": 1,
        "comments_count": 34,
        "reposts_count": 15,
        "attitudes_count": 148,
        "t": "1594697340000",
        "text": "在司马南频道中，我用#北美病夫# 这个概念刻画塔国今天的疫势，并对政治病毒如何助攻新冠病毒做了分析。有人批评我不厚道，缺少悲悯和同情心。感谢关注之余，我仍坚持己见。鸡汤大师的文章读多了，不仅丧失独见，亦必缺少敏锐。",
        "uid": "1939637940/",
        "followers_count": "307",
        "statuses_count": "6335",
        "verified": 1,
        "has_description": 1,
        "parent": "4526551221969068",
        "user_created_at": "2011-02-15"
    },
    {
        "mid": "4526957955486567",
        "has_multimedia": 1,
        "comments_count": 0,
        "reposts_count": 0,
        "attitudes_count": 0,
        "t": "1594794346000",
        "text": "中国的强大",
        "uid": "5177499108/",
        "followers_count": "565",
        "statuses_count": "925",
        "verified": 0,
        "user_created_at": "2014-06-12",
        "has_description": 1,
        "parent": "4526483005594204"
    },
    {
        "mid": "4526950159589022",
        "has_multimedia": 1,
        "comments_count": 0,
        "reposts_count": 0,
        "attitudes_count": 0,
        "t": "1594792487000",
        "text": "//@和谐双塘:转发微博",
        "uid": "6399189019/",
        "followers_count": "36",
        "statuses_count": "32664",
        "verified": 0,
        "user_created_at": "2017-10-30",
        "has_description": 0,
        "parent": "4526483005594204"
    },
    {
        "mid": "4526929175224254",
        "has_multimedia": 1,
        "comments_count": 0,
        "reposts_count": 0,
        "attitudes_count": 0,
        "t": "1594787484000",
        "text": "致命毒师，名不虚传",
        "uid": "2431587354/",
        "followers_count": "137",
        "statuses_count": "6261",
        "verified": 0,
        "user_created_at": "2011-09-29",
        "has_description": 0,
        "parent": "4526483005594204"
    },
    {
        "mid": "4526924187929985",
        "has_multimedia": 1,
        "comments_count": 0,
        "reposts_count": 0,
        "attitudes_count": 0,
        "t": "1594786294000",
        "text": "老美现在是名副其实的超疾大国",
        "uid": "3895375352/",
        "followers_count": "60",
        "statuses_count": "548",
        "verified": 0,
        "user_created_at": "2013-11-07",
        "has_description": 0,
        "parent": "4526483005594204"
    },
    {
        "mid": "4526922140857463",
        "has_multimedia": 1,
        "comments_count": 0,
        "reposts_count": 0,
        "attitudes_count": 1,
        "t": "1594785807000",
        "text": "",
        "uid": "7429745708/",
        "followers_count": "1482",
        "statuses_count": "298",
        "verified": 0,
        "user_created_at": "2020-04-04",
        "has_description": 1,
        "parent": "4526483005594204"
    },
    {
        "mid": "4526873097751391",
        "has_multimedia": 1,
        "comments_count": 0,
        "reposts_count": 0,
        "attitudes_count": 0,
        "t": "1594774113000",
        "text": "//@和谐双塘:转发微博",
        "uid": "2208105245/",
        "followers_count": "759",
        "statuses_count": "170562",
        "verified": 1,
        "has_description": 1,
        "parent": "4526483005594204",
        "user_created_at": "2011-06-29"
    },
    {
        "mid": "4526864447644905",
        "has_multimedia": 1,
        "comments_count": 0,
        "reposts_count": 0,
        "attitudes_count": 0,
        "t": "1594772052000",
        "text": "//@高密普法:【#美国新冠感染病例占全球1/4以上#，#几乎每100个美国人就有一人感染#】根据约翰斯·霍普金斯大学的最新数据，几乎每100个美国人中就有一人感染新冠病毒。",
        "uid": "7013313017/",
        "followers_count": "25",
        "statuses_count": "8116",
        "verified": 1,
        "has_description": 1,
        "parent": "4526483005594204",
        "user_created_at": "2019-02-28"
    },
    {
        "mid": "4526837638761754",
        "has_multimedia": 1,
        "comments_count": 0,
        "reposts_count": 0,
        "attitudes_count": 0,
        "t": "1594765660000",
        "text": "//@沿江检察:【#美国新冠感染病例占全球1/4以上#，#几乎每100个美国人就有一人感染#】#威少新冠检测呈阳性#",
        "uid": "7336489981/",
        "followers_count": "54",
        "statuses_count": "5024",
        "verified": 0,
        "user_created_at": "2019-11-13",
        "has_description": 0,
        "parent": "4526483005594204"
    }
]