[
    {
        "mid": "4526482897372966",
        "has_multimedia": 1,
        "comments_count": 403,
        "reposts_count": 21,
        "attitudes_count": 831,
        "t": "1594681083000",
        "text": "早安 ​​​​",
        "uid": "3549916270/",
        "followers_count": "8162233",
        "statuses_count": "42913",
        "verified": 1,
        "has_description": 1,
        "parent": "0",
        "user_created_at": "2013-06-21"
    },
    {
        "mid": "4526608394151651",
        "has_multimedia": 1,
        "comments_count": 0,
        "reposts_count": 0,
        "attitudes_count": 0,
        "t": "1594711004000",
        "text": "转发微博",
        "uid": "7355332875/",
        "followers_count": "10333",
        "statuses_count": "6602",
        "verified": 0,
        "user_created_at": "2019-12-14",
        "has_description": 1,
        "parent": "4526482897372966"
    },
    {
        "mid": "4526587632841499",
        "has_multimedia": 1,
        "comments_count": 0,
        "reposts_count": 0,
        "attitudes_count": 0,
        "t": "1594706053000",
        "text": "中国消防超话",
        "uid": "6317904778/",
        "followers_count": "1262",
        "statuses_count": "11692",
        "verified": 1,
        "user_created_at": "2017-07-21",
        "has_description": 1,
        "parent": "4526482897372966"
    },
    {
        "mid": "4526541978432240",
        "has_multimedia": 1,
        "comments_count": 0,
        "reposts_count": 0,
        "attitudes_count": 0,
        "t": "1594695168000",
        "text": "转发微博",
        "uid": "6392871924/",
        "followers_count": "125",
        "statuses_count": "3068",
        "verified": 1,
        "user_created_at": "2017-10-26",
        "has_description": 1,
        "parent": "4526482897372966"
    }
]