[
    {
        "mid": "4526482834073757",
        "has_multimedia": 1,
        "comments_count": 2088,
        "reposts_count": 1094,
        "attitudes_count": 68519,
        "t": "1594681068000",
        "text": "【#世卫称尚未收到美国退出的正式信函#】当地时间7月13日，世卫组织召开新冠肺炎例行发布会，世卫组织总干事谭德塞表示，尚未收到美国退出世卫的正式信函，收到后若有其他问题，将予以回应。世卫组织卫生紧急项目负责人表示，世卫组织现在的关注焦点是控制新冠肺炎大流行，同时还在应对全球各地的卫生紧急事件如刚果（金）的埃博拉疫情，相信未来会继续与美国合作。（总台记者朱赫）",
        "uid": "2656274875/",
        "followers_count": "111882048",
        "statuses_count": "130346",
        "verified": 1,
        "has_description": 1,
        "parent": "0",
        "user_created_at": "2012-03-07"
    },
    {
        "mid": "4526634508992708",
        "has_multimedia": 1,
        "comments_count": 209,
        "reposts_count": 38,
        "attitudes_count": 8284,
        "t": "1594717229000",
        "text": "假退？",
        "uid": "1216826604/",
        "followers_count": "10160404",
        "statuses_count": "62704",
        "verified": 1,
        "user_created_at": "2009-08-28",
        "has_description": 1,
        "parent": "4526482834073757"
    },
    {
        "mid": "4526746542990192",
        "has_multimedia": 1,
        "comments_count": 0,
        "reposts_count": 0,
        "attitudes_count": 0,
        "t": "1594743940000",
        "text": "//@wu2198:假退？",
        "uid": "1580455564/",
        "followers_count": "2354",
        "statuses_count": "22573",
        "verified": 0,
        "user_created_at": "2009-10-30",
        "has_description": 0,
        "parent": "4526634508992708"
    },
    {
        "mid": "4526737986612341",
        "has_multimedia": 1,
        "comments_count": 0,
        "reposts_count": 0,
        "attitudes_count": 0,
        "t": "1594741900000",
        "text": "//@wu2198:假退？",
        "uid": "2765639843/",
        "followers_count": "465",
        "statuses_count": "1398",
        "verified": 0,
        "user_created_at": "2013-09-11",
        "has_description": 1,
        "parent": "4526634508992708"
    },
    {
        "mid": "4526726473295812",
        "has_multimedia": 1,
        "comments_count": 0,
        "reposts_count": 0,
        "attitudes_count": 0,
        "t": "1594739156000",
        "text": "//@wu2198:假退？",
        "uid": "2817443041/",
        "followers_count": "45",
        "statuses_count": "45",
        "verified": 0,
        "user_created_at": "2012-09-20",
        "has_description": 0,
        "parent": "4526634508992708"
    },
    {
        "mid": "4526709266902424",
        "has_multimedia": 1,
        "comments_count": 0,
        "reposts_count": 0,
        "attitudes_count": 0,
        "t": "1594735054000",
        "text": "假退？",
        "uid": "5680592600/",
        "followers_count": "15",
        "statuses_count": "3",
        "verified": 0,
        "user_created_at": "2015-08-19",
        "has_description": 1,
        "parent": "4526634508992708"
    },
    {
        "mid": "4526703051027496",
        "has_multimedia": 1,
        "comments_count": 0,
        "reposts_count": 0,
        "attitudes_count": 0,
        "t": "1594733571000",
        "text": "说话都不如放屁有点臭味//@wu2198:假退？",
        "uid": "6522587068/",
        "followers_count": "239",
        "statuses_count": "1892",
        "verified": 0,
        "user_created_at": "2018-04-07",
        "has_description": 1,
        "parent": "4526634508992708"
    },
    {
        "mid": "4526670403423000",
        "has_multimedia": 1,
        "comments_count": 0,
        "reposts_count": 0,
        "attitudes_count": 0,
        "t": "1594725788000",
        "text": "假退//@wu2198:假退？",
        "uid": "6071620956/",
        "followers_count": "222",
        "statuses_count": "457",
        "verified": 0,
        "user_created_at": "2016-11-19",
        "has_description": 1,
        "parent": "4526634508992708"
    },
    {
        "mid": "4526668511183566",
        "has_multimedia": 1,
        "comments_count": 0,
        "reposts_count": 0,
        "attitudes_count": 0,
        "t": "1594725337000",
        "text": "//@wu2198:假退？",
        "uid": "6916227679/",
        "followers_count": "100",
        "statuses_count": "529",
        "verified": 0,
        "user_created_at": "2019-01-03",
        "has_description": 0,
        "parent": "4526634508992708"
    },
    {
        "mid": "4526665215337912",
        "has_multimedia": 1,
        "comments_count": 0,
        "reposts_count": 0,
        "attitudes_count": 0,
        "t": "1594724550000",
        "text": "假退？",
        "uid": "7118301352/",
        "followers_count": "32",
        "statuses_count": "249",
        "verified": 0,
        "user_created_at": "2019-05-05",
        "has_description": 0,
        "parent": "4526634508992708"
    },
    {
        "mid": "4526660982532362",
        "has_multimedia": 1,
        "comments_count": 0,
        "reposts_count": 0,
        "attitudes_count": 0,
        "t": "1594723542000",
        "text": "//@wu2198:假退？",
        "uid": "6410840154/",
        "followers_count": "227",
        "statuses_count": "603",
        "verified": 0,
        "user_created_at": "2017-11-15",
        "has_description": 1,
        "parent": "4526634508992708"
    },
    {
        "mid": "4526506648918860",
        "has_multimedia": 1,
        "comments_count": 32,
        "reposts_count": 23,
        "attitudes_count": 30,
        "t": "1594686745000",
        "text": "转发微博",
        "uid": "5757186521/",
        "followers_count": "1640",
        "statuses_count": "7025",
        "verified": 1,
        "has_description": 1,
        "parent": "4526482834073757",
        "user_created_at": "2015-11-13"
    },
    {
        "mid": "4526701348549416",
        "has_multimedia": 1,
        "comments_count": 0,
        "reposts_count": 0,
        "attitudes_count": 0,
        "t": "1594733165000",
        "text": "//@绥阳人民检察:转发微博",
        "uid": "6462421762/",
        "followers_count": "31",
        "statuses_count": "2308",
        "verified": 0,
        "user_created_at": "2018-01-16",
        "has_description": 0,
        "parent": "4526506648918860"
    },
    {
        "mid": "4526699985150622",
        "has_multimedia": 1,
        "comments_count": 0,
        "reposts_count": 0,
        "attitudes_count": 0,
        "t": "1594732841000",
        "text": "//@绥阳人民检察:转发微博",
        "uid": "7014052089/",
        "followers_count": "9",
        "statuses_count": "3896",
        "verified": 0,
        "user_created_at": "2019-02-28",
        "has_description": 0,
        "parent": "4526506648918860"
    },
    {
        "mid": "4526661411258727",
        "has_multimedia": 1,
        "comments_count": 0,
        "reposts_count": 0,
        "attitudes_count": 0,
        "t": "1594723643000",
        "text": "//@绥阳人民检察:转发微博",
        "uid": "6002030493/",
        "followers_count": "10",
        "statuses_count": "2053",
        "verified": 0,
        "user_created_at": "2016-08-14",
        "has_description": 0,
        "parent": "4526506648918860"
    },
    {
        "mid": "4526604782526014",
        "has_multimedia": 1,
        "comments_count": 32,
        "reposts_count": 23,
        "attitudes_count": 30,
        "t": "1594686720000",
        "text": "转发微博",
        "uid": "3931735236/",
        "followers_count": "42",
        "statuses_count": "5057",
        "verified": 0,
        "user_created_at": "2013-12-05",
        "has_description": 0,
        "parent": "4526506648918860"
    },
    {
        "mid": "4527008816925269",
        "has_multimedia": 1,
        "comments_count": 0,
        "reposts_count": 0,
        "attitudes_count": 0,
        "t": "1594806471000",
        "text": "转发微博",
        "uid": "5665151771/",
        "followers_count": "98",
        "statuses_count": "5125",
        "verified": 1,
        "has_description": 1,
        "parent": "4526482834073757",
        "user_created_at": "2015-07-31"
    },
    {
        "mid": "4527003263143128",
        "has_multimedia": 1,
        "comments_count": 0,
        "reposts_count": 0,
        "attitudes_count": 1,
        "t": "1594805148000",
        "text": "米国以为自己在去中国化，殊不知，其实世界在去美国化，牛逼可以考虑退出地球，你那么强大，米国",
        "uid": "5677058126/",
        "followers_count": "73",
        "statuses_count": "341",
        "verified": 0,
        "user_created_at": "2015-08-15",
        "has_description": 1,
        "parent": "4526482834073757"
    },
    {
        "mid": "4526991422097471",
        "has_multimedia": 1,
        "comments_count": 0,
        "reposts_count": 0,
        "attitudes_count": 0,
        "t": "1594802324000",
        "text": "虚晃一枪",
        "uid": "3626669440/",
        "followers_count": "194",
        "statuses_count": "189",
        "verified": 0,
        "user_created_at": "2013-08-04",
        "has_description": 1,
        "parent": "4526482834073757"
    },
    {
        "mid": "4526892554598518",
        "has_multimedia": 1,
        "comments_count": 0,
        "reposts_count": 0,
        "attitudes_count": 0,
        "t": "1594778753000",
        "text": "//@绥阳人民检察:转发微博",
        "uid": "6574332834/",
        "followers_count": "4",
        "statuses_count": "495",
        "verified": 0,
        "user_created_at": "2018-06-14",
        "has_description": 1,
        "parent": "4526482834073757"
    },
    {
        "mid": "4526889537938105",
        "has_multimedia": 1,
        "comments_count": 32,
        "reposts_count": 23,
        "attitudes_count": 30,
        "t": "1594686720000",
        "text": "转发微博",
        "uid": "5051175961/",
        "followers_count": "17",
        "statuses_count": "4519",
        "verified": 0,
        "user_created_at": "2014-02-27",
        "has_description": 1,
        "parent": "4526482834073757"
    },
    {
        "mid": "4526882236455896",
        "has_multimedia": 1,
        "comments_count": 0,
        "reposts_count": 0,
        "attitudes_count": 0,
        "t": "1594776293000",
        "text": "美国一直在耍大牌，而川普尤其爱耍嘴皮子。今天撕毁巴黎协议，明天就退出世卫组织，美国的横行霸道也该有个限度好不好。虽然貌似谁都惹不起，但如果长期如此，美元世界的崩溃也不远了。",
        "uid": "7478882010/",
        "followers_count": "2",
        "statuses_count": "10",
        "verified": 0,
        "user_created_at": "2020-07-08",
        "has_description": 0,
        "parent": "4526482834073757"
    },
    {
        "mid": "4526860983136180",
        "has_multimedia": 1,
        "comments_count": 0,
        "reposts_count": 0,
        "attitudes_count": 0,
        "t": "1594771225000",
        "text": "美国一直在耍大牌，而川普尤其爱耍嘴皮子。今天撕毁巴黎协议，明天就退出世卫组织，美国的横行霸道也该有个限度好不好。虽然貌似谁都惹不起，但如果长期如此，美元世界的崩溃也不远了。",
        "uid": "7478882010/",
        "followers_count": "2",
        "statuses_count": "10",
        "verified": 0,
        "user_created_at": "2020-07-08",
        "has_description": 0,
        "parent": "4526482834073757"
    }
]