[
    {
        "mid": "4526486135435364",
        "has_multimedia": 1,
        "comments_count": 356,
        "reposts_count": 1240,
        "attitudes_count": 1686,
        "t": "1594681855000",
        "text": "#奋战83小时127米宽决口成功合龙#【#江西鄱阳问桂道圩决口封堵顺利合龙#[噢耶]】7月13日23时8分，随着操作手驾驶推土机将最后一车土石倒入决口处，江西省鄱阳县问桂道圩决口封堵现场响起一片欢呼声。在抢险人员连续奋战83小时后，127米宽的决口成功合龙。　　7月3日以来，鄱阳县出现持续强降雨，昌江流域水位迅速上涨，多个站点连续超警。8日20时35分，鄱阳镇问桂道圩堤发生漫决，堤内1.5万亩耕地和6个村庄被淹，近万名群众被紧急转移。　　险情发生后，中国安能第二工程局迅速从江西南昌、江苏常州、福建厦门调集400余名抢险人员、52台套装备星夜驰援，并与陆续赶来增援的火箭军、武警和预备役部队，一同封堵决口。他们结合水情灾情、道路交通、灾区地形、未来气候及可能发生的次生灾害等因素，集中研判灾情，制定抢险方案。　　由于漫决处上游公路被洪水淹没，封堵只能选择在下游一方，中国安能的抢险人员采取“堤头裹头保护、石碴戗堤进占、水上分层碾压、黏土抛填闭气”的机械化单向立堵战法，进行封堵作业，并按12小时一班轮流作业，确保“人歇机不停”，全力以赴封堵决口。　　据介绍，决口合龙后，抢险队员还将组织进行反滤黏土及加高培厚工作，恢复堤身，确保堤防结构及防渗稳定。 L新华网的微博视频",
        "uid": "2810373291/",
        "followers_count": "72393629",
        "statuses_count": "110560",
        "verified": 1,
        "has_description": 1,
        "parent": "0",
        "user_created_at": "2020-01-01"
    },
    {
        "mid": "4526517483609888",
        "has_multimedia": 1,
        "comments_count": 0,
        "reposts_count": 77,
        "attitudes_count": 8,
        "t": "1594689329000",
        "text": "辛苦了",
        "uid": "1434701294/",
        "followers_count": "444137",
        "statuses_count": "43795",
        "verified": 1,
        "user_created_at": "2009-09-04",
        "has_description": 1,
        "parent": "4526486135435364"
    },
    {
        "mid": "4526652539105517",
        "has_multimedia": 1,
        "comments_count": 0,
        "reposts_count": 0,
        "attitudes_count": 0,
        "t": "1594721529000",
        "text": "//@谢车夫: //@林六月:辛苦了",
        "uid": "2098216781/",
        "followers_count": "109",
        "statuses_count": "6379",
        "verified": 0,
        "user_created_at": "2011-04-21",
        "has_description": 1,
        "parent": "4526517483609888"
    },
    {
        "mid": "4526628417685131",
        "has_multimedia": 1,
        "comments_count": 0,
        "reposts_count": 3,
        "attitudes_count": 5,
        "t": "1594710660000",
        "text": "//@林六月:辛苦了",
        "uid": "1030018263/",
        "followers_count": "365",
        "statuses_count": "9014",
        "verified": 0,
        "user_created_at": "2010-05-18",
        "has_description": 1,
        "parent": "4526517483609888"
    },
    {
        "mid": "4526607362432707",
        "has_multimedia": 1,
        "comments_count": 0,
        "reposts_count": 0,
        "attitudes_count": 0,
        "t": "1594710758000",
        "text": "辛苦了//@谢车夫://@林六月:辛苦了",
        "uid": "3613355760/",
        "followers_count": "97",
        "statuses_count": "2426",
        "verified": 0,
        "user_created_at": "2013-09-17",
        "has_description": 1,
        "parent": "4526517483609888"
    },
    {
        "mid": "4526517298601770",
        "has_multimedia": 1,
        "comments_count": 5,
        "reposts_count": 18,
        "attitudes_count": 50,
        "t": "1594689285000",
        "text": "决口被堵住了",
        "uid": "3279710155/",
        "followers_count": "5371328",
        "statuses_count": "71294",
        "verified": 1,
        "user_created_at": "2013-05-12",
        "has_description": 1,
        "parent": "4526486135435364"
    },
    {
        "mid": "4526553944147030",
        "has_multimedia": 1,
        "comments_count": 0,
        "reposts_count": 0,
        "attitudes_count": 0,
        "t": "1594698022000",
        "text": "//@斯图卡98:决口被堵住了",
        "uid": "1999952795/",
        "followers_count": "321",
        "statuses_count": "6683",
        "verified": 0,
        "user_created_at": "2011-05-30",
        "has_description": 1,
        "parent": "4526517298601770"
    },
    {
        "mid": "4526546901045396",
        "has_multimedia": 1,
        "comments_count": 0,
        "reposts_count": 0,
        "attitudes_count": 0,
        "t": "1594696342000",
        "text": "//@斯图卡98: 决口被堵住了",
        "uid": "5883889435/",
        "followers_count": "142",
        "statuses_count": "14257",
        "verified": 0,
        "user_created_at": "2016-03-19",
        "has_description": 1,
        "parent": "4526517298601770"
    },
    {
        "mid": "4526536827650200",
        "has_multimedia": 1,
        "comments_count": 5,
        "reposts_count": 18,
        "attitudes_count": 50,
        "t": "1594689240000",
        "text": "决口被堵住了",
        "uid": "6431591424/",
        "followers_count": "140",
        "statuses_count": "273",
        "verified": 0,
        "user_created_at": "2017-12-12",
        "has_description": 1,
        "parent": "4526517298601770"
    },
    {
        "mid": "4527246293074876",
        "has_multimedia": 1,
        "comments_count": 0,
        "reposts_count": 0,
        "attitudes_count": 0,
        "t": "1594863090000",
        "text": "辛苦了 你们是最棒的👍",
        "uid": "1534779210/",
        "followers_count": "1508598",
        "statuses_count": "13840",
        "verified": 1,
        "user_created_at": "2012-05-27",
        "has_description": 1,
        "parent": "4526486135435364"
    }
]