[
    {
        "mid": "4526487963242792",
        "has_multimedia": 1,
        "comments_count": 1376,
        "reposts_count": 1068,
        "attitudes_count": 16774,
        "t": "1594682290000",
        "text": "【#网信办重点整治饭圈互撕# 重点整治诱导未成年人无底线追星】#网信办严厉打击诱导未成年打榜控评#7月13日，国家互联网信息办公室网站发布《关于开展2020“清朗”未成年人暑期网络环境专项整治的通知》。《通知》提到，重点整治诱导未成年人无底线追星、饭圈互撕等价值导向不良的信息和行为。你支持吗？L燃新闻的秒拍视频",
        "uid": "5993531560/",
        "followers_count": "9924689",
        "statuses_count": "35626",
        "verified": 1,
        "has_description": 1,
        "parent": "0",
        "user_created_at": "2016-07-27"
    },
    {
        "mid": "4526497732050294",
        "has_multimedia": 1,
        "comments_count": 5,
        "reposts_count": 155,
        "attitudes_count": 9,
        "t": "1594684619000",
        "text": "必然支持//@红线团绿线团:支持！！！",
        "uid": "1886530551/",
        "followers_count": "5821",
        "statuses_count": "12683",
        "verified": 1,
        "user_created_at": "2010-12-08",
        "has_description": 1,
        "parent": "4526487963242792"
    },
    {
        "mid": "4526505868442803",
        "has_multimedia": 1,
        "comments_count": 0,
        "reposts_count": 106,
        "attitudes_count": 16,
        "t": "1594686559000",
        "text": "//@X-Crab未知蟹:必然支持//@红线团绿线团:支持！！！",
        "uid": "3239550663/",
        "followers_count": "16174",
        "statuses_count": "21476",
        "verified": 1,
        "user_created_at": "2013-11-12",
        "has_description": 1,
        "parent": "4526497732050294"
    },
    {
        "mid": "4526594180753811",
        "has_multimedia": 1,
        "comments_count": 0,
        "reposts_count": 0,
        "attitudes_count": 0,
        "t": "1594707614000",
        "text": "支持！！！！//@甜鱼条://@X-Crab未知蟹:必然支持//@红线团绿线团:支持！！！",
        "uid": "5234910217/",
        "followers_count": "176",
        "statuses_count": "3353",
        "verified": 0,
        "user_created_at": "2014-07-28",
        "has_description": 1,
        "parent": "4526505868442803"
    },
    {
        "mid": "4526574274421749",
        "has_multimedia": 1,
        "comments_count": 0,
        "reposts_count": 0,
        "attitudes_count": 0,
        "t": "1594702869000",
        "text": "//@橘汁水蜜桃:不错//@甜鱼条://@X-Crab未知蟹:必然支持//@红线团绿线团:支持！！！",
        "uid": "1736679851/",
        "followers_count": "302",
        "statuses_count": "6722",
        "verified": 0,
        "user_created_at": "2010-05-01",
        "has_description": 1,
        "parent": "4526505868442803"
    },
    {
        "mid": "4526563646133912",
        "has_multimedia": 1,
        "comments_count": 0,
        "reposts_count": 0,
        "attitudes_count": 0,
        "t": "1594700335000",
        "text": "支持//@橘汁水蜜桃:不错//@甜鱼条://@X-Crab未知蟹:必然支持//@红线团绿线团:支持！！！",
        "uid": "5842908329/",
        "followers_count": "38",
        "statuses_count": "2758",
        "verified": 0,
        "user_created_at": "2016-02-03",
        "has_description": 1,
        "parent": "4526505868442803"
    },
    {
        "mid": "4527126655534071",
        "has_multimedia": 1,
        "comments_count": 0,
        "reposts_count": 0,
        "attitudes_count": 0,
        "t": "1594834566000",
        "text": "//@橘汁水蜜桃: 不错//@甜鱼条://@X-Crab未知蟹:必然支持//@红线团绿线团:支持！！！",
        "uid": "3305078824/",
        "followers_count": "39",
        "statuses_count": "300",
        "verified": 0,
        "user_created_at": "2013-05-06",
        "has_description": 1,
        "parent": "4526497732050294"
    },
    {
        "mid": "4526879140617851",
        "has_multimedia": 1,
        "comments_count": 0,
        "reposts_count": 0,
        "attitudes_count": 0,
        "t": "1594775554000",
        "text": "//@甜鱼条://@X-Crab未知蟹:必然支持//@红线团绿线团:支持！！！",
        "uid": "5201020994/",
        "followers_count": "314",
        "statuses_count": "13848",
        "verified": 0,
        "user_created_at": "2014-07-01",
        "has_description": 1,
        "parent": "4526497732050294"
    },
    {
        "mid": "4526522407813289",
        "has_multimedia": 1,
        "comments_count": 8,
        "reposts_count": 54,
        "attitudes_count": 127,
        "t": "1594690502000",
        "text": "希望是动真格的管~我们工作党追星基本上就为了放松~闲暇或者累了的时候，有个人可以让我看几眼就很开心~跟正常的粉丝一起团建公益，追喜欢的艺人的剧，花痴聊天，能力范围内买买东西支持国家经济，真的很放松。好好管管吧，真不想看到那些乱七八糟让人产生负面情绪的事~",
        "uid": "1587132670/",
        "followers_count": "23620",
        "statuses_count": "35570",
        "verified": 1,
        "user_created_at": "2010-03-05",
        "has_description": 1,
        "parent": "4526487963242792"
    },
    {
        "mid": "4526916620881103",
        "has_multimedia": 1,
        "comments_count": 0,
        "reposts_count": 0,
        "attitudes_count": 0,
        "t": "1594784491000",
        "text": "//@不二太极熊:希望是动真格的管~我们工作党追星基本上就为了放松~闲暇或者累了的时候，有个人可以让我看几眼就很开心~跟正常的粉丝一起团建公益，追喜欢的艺人的剧，花痴聊天，能力范围内买买东西支持国家经济，真的很放松。好好管管吧，真不想看到那些乱七八糟让人产生负面情绪的事~",
        "uid": "7346207514/",
        "followers_count": "12",
        "statuses_count": "2888",
        "verified": 0,
        "user_created_at": "2019-11-30",
        "has_description": 0,
        "parent": "4526522407813289"
    },
    {
        "mid": "4526859617124109",
        "has_multimedia": 1,
        "comments_count": 0,
        "reposts_count": 0,
        "attitudes_count": 0,
        "t": "1594770899000",
        "text": "//@不二太极熊:希望是动真格的管~我们工作党追星基本上就为了放松~闲暇或者累了的时候，有个人可以让我看几眼就很开心~跟正常的粉丝一起团建公益，追喜欢的艺人的剧，花痴聊天，能力范围内买买东西支持国家经济，真的很放松。好好管管吧，真不想看到那些乱七八糟让人产生负面情绪的事~",
        "uid": "5687350434/",
        "followers_count": "237",
        "statuses_count": "10335",
        "verified": 0,
        "user_created_at": "2015-08-26",
        "has_description": 1,
        "parent": "4526522407813289"
    },
    {
        "mid": "4526855870324167",
        "has_multimedia": 1,
        "comments_count": 0,
        "reposts_count": 0,
        "attitudes_count": 1,
        "t": "1594770007000",
        "text": "希望快点落实！//@不二太极熊:希望是动真格的管~我们工作党追星基本上就为了放松~闲暇或者累了的时候，有个人可以让我看几眼就很开心~跟正常的粉丝一起团建公益，追喜欢的艺人的剧，花痴聊天，能力范围内买买东西支持国家经济，真的很放松。好好管管吧，真不想看到那些乱七八糟让人产生负面情绪的事~",
        "uid": "7314775581/",
        "followers_count": "147",
        "statuses_count": "1082",
        "verified": 0,
        "user_created_at": "2019-10-05",
        "has_description": 1,
        "parent": "4526522407813289"
    },
    {
        "mid": "4526849457909445",
        "has_multimedia": 1,
        "comments_count": 12,
        "reposts_count": 36,
        "attitudes_count": 303,
        "t": "1594768478000",
        "text": "支持",
        "uid": "1005548694/",
        "verified": 1,
        "user_created_at": "2013-08-17",
        "has_description": 1,
        "parent": "4526487963242792",
        "followers_count": "674710",
        "statuses_count": "2481"
    },
    {
        "mid": "4526989794708506",
        "has_multimedia": 1,
        "comments_count": 12,
        "reposts_count": 36,
        "attitudes_count": 303,
        "t": "1594768440000",
        "text": "支持",
        "uid": "6333033471/",
        "followers_count": "2",
        "statuses_count": "212",
        "verified": 0,
        "user_created_at": "2017-09-25",
        "has_description": 1,
        "parent": "4526849457909445"
    },
    {
        "mid": "4526975751921719",
        "has_multimedia": 1,
        "comments_count": 12,
        "reposts_count": 36,
        "attitudes_count": 303,
        "t": "1594768440000",
        "text": "支持",
        "uid": "6972289767/",
        "followers_count": "68",
        "statuses_count": "1248",
        "verified": 0,
        "user_created_at": "2019-01-24",
        "has_description": 1,
        "parent": "4526849457909445"
    },
    {
        "mid": "4526918466113146",
        "has_multimedia": 1,
        "comments_count": 12,
        "reposts_count": 36,
        "attitudes_count": 303,
        "t": "1594768440000",
        "text": "支持",
        "uid": "7374302569/",
        "followers_count": "2",
        "statuses_count": "259",
        "verified": 0,
        "user_created_at": "2020-01-19",
        "has_description": 0,
        "parent": "4526849457909445"
    }
]