[
    {
        "mid": "4526488671517744",
        "has_multimedia": 1,
        "comments_count": 211,
        "reposts_count": 358,
        "attitudes_count": 1402,
        "t": "1594682460000",
        "text": "【他们是#乘风破浪的逆行者#】今年入汛以来，我国南方持续强降雨，多地防汛形势严峻。7月来233条河流发生超警以上洪水。洪水面前，总有一群人，#闻汛而动#，为他人生命安全，逆行冲向险境。谢谢你们，乘风破浪的逆行者！（人民日报客户端）O网页链接 ​​​​",
        "uid": "2286908003/",
        "followers_count": "76205898",
        "statuses_count": "178612",
        "verified": 1,
        "has_description": 1,
        "parent": "0",
        "user_created_at": "2011-08-05"
    },
    {
        "mid": "4526498424426478",
        "has_multimedia": 1,
        "comments_count": 10,
        "reposts_count": 14,
        "attitudes_count": 11,
        "t": "1594684785000",
        "text": "【他们是#乘风破浪的逆行者#】",
        "uid": "5065571660/",
        "followers_count": "25022",
        "statuses_count": "40015",
        "verified": 1,
        "has_description": 1,
        "parent": "4526488671517744",
        "user_created_at": "2014-03-10"
    },
    {
        "mid": "4526971298091939",
        "has_multimedia": 1,
        "comments_count": 0,
        "reposts_count": 0,
        "attitudes_count": 0,
        "t": "1594797526000",
        "text": "@保定检察: 【他们是#乘风破浪的逆行者#】//@保定检察:【他们是#乘风破浪的逆行者#】",
        "uid": "5260716472/",
        "followers_count": "2656",
        "statuses_count": "30301",
        "verified": 1,
        "has_description": 1,
        "parent": "4526498424426478",
        "user_created_at": "2014-08-19"
    },
    {
        "mid": "4526893174475662",
        "has_multimedia": 1,
        "comments_count": 0,
        "reposts_count": 0,
        "attitudes_count": 0,
        "t": "1594778901000",
        "text": "//@保定检察: 【他们是#乘风破浪的逆行者#】",
        "uid": "5094032089/",
        "followers_count": "2872",
        "statuses_count": "23652",
        "verified": 1,
        "has_description": 1,
        "parent": "4526498424426478",
        "user_created_at": "2014-04-24"
    },
    {
        "mid": "4526890869052981",
        "has_multimedia": 1,
        "comments_count": 0,
        "reposts_count": 0,
        "attitudes_count": 0,
        "t": "1594778350000",
        "text": "@保定检察 转发微博//@保定检察: 【他们是#乘风破浪的逆行者#】",
        "uid": "3919371610/",
        "followers_count": "204",
        "statuses_count": "27136",
        "verified": 1,
        "has_description": 1,
        "parent": "4526498424426478",
        "user_created_at": "2013-11-28"
    },
    {
        "mid": "4527691422763094",
        "has_multimedia": 1,
        "comments_count": 0,
        "reposts_count": 0,
        "attitudes_count": 0,
        "t": "1594969217000",
        "text": "转发微博",
        "uid": "6618247518/",
        "followers_count": "195",
        "statuses_count": "5642",
        "verified": 1,
        "user_created_at": "2018-07-31",
        "has_description": 0,
        "parent": "4526488671517744"
    },
    {
        "mid": "4527251545397613",
        "has_multimedia": 1,
        "comments_count": 0,
        "reposts_count": 0,
        "attitudes_count": 0,
        "t": "1594864343000",
        "text": "//@蓝田发布: 他们是#乘风破浪的逆行者#",
        "uid": "5199708812/",
        "followers_count": "126",
        "statuses_count": "986",
        "verified": 1,
        "has_description": 1,
        "parent": "4526488671517744",
        "user_created_at": "2014-06-30"
    }
]