[
    {
        "mid": "4526490459559559",
        "has_multimedia": 1,
        "comments_count": 1120,
        "reposts_count": 2981,
        "attitudes_count": 7774,
        "t": "1594682886000",
        "text": "【为他们转！致敬#抗洪抢险一线的最美身影#】近日，南方强降雨持续，多地防汛形势严峻。在抗洪救灾一线，有解放军、武警、消防救援队伍闻“汛”而动，逆向而行；有在外游子回乡支援、共抗洪魔；也有才下考场就上“战场”的高三毕业生…#防汛一线的动人瞬间#↓↓转发，向挺身而出的每个人致敬！ ​​​​",
        "uid": "2803301701/",
        "followers_count": "119784173",
        "statuses_count": "120546",
        "verified": 1,
        "has_description": 1,
        "parent": "0",
        "user_created_at": "2012-07-22"
    },
    {
        "mid": "4526491863508391",
        "has_multimedia": 1,
        "comments_count": 20,
        "reposts_count": 16,
        "attitudes_count": 62,
        "t": "1594683221000",
        "text": "愿洪水尽退，山河皆安，去时无畏，归来无恙！",
        "uid": "1986679210/",
        "followers_count": "665480",
        "statuses_count": "31928",
        "verified": 1,
        "has_description": 1,
        "parent": "4526490459559559",
        "user_created_at": "2011-03-09"
    },
    {
        "mid": "4526863169726380",
        "has_multimedia": 1,
        "comments_count": 0,
        "reposts_count": 0,
        "attitudes_count": 0,
        "t": "1594771747000",
        "text": "//@江西消防:愿洪水尽退，山河皆安，去时无畏，归来无恙！",
        "uid": "1958711261/",
        "followers_count": "246",
        "statuses_count": "6679",
        "verified": 1,
        "user_created_at": "2011-02-09",
        "has_description": 1,
        "parent": "4526491863508391"
    },
    {
        "mid": "4526630426544719",
        "has_multimedia": 1,
        "comments_count": 0,
        "reposts_count": 0,
        "attitudes_count": 0,
        "t": "1594716256000",
        "text": "祝平平安安！！！！🙏🙏🙏//@江西消防:愿洪水尽退，山河皆安，去时无畏，归来无恙！",
        "uid": "7286137802/",
        "followers_count": "90",
        "statuses_count": "549",
        "verified": 0,
        "user_created_at": "2019-08-20",
        "has_description": 1,
        "parent": "4526491863508391"
    },
    {
        "mid": "4526605932645064",
        "has_multimedia": 1,
        "comments_count": 0,
        "reposts_count": 0,
        "attitudes_count": 2,
        "t": "1594710417000",
        "text": "愿万家平安，山河无恙！//@江西消防: 愿洪水尽退，山河皆安，去时无畏，归来无恙！",
        "uid": "5473941628/",
        "followers_count": "14026",
        "statuses_count": "16076",
        "verified": 1,
        "has_description": 1,
        "parent": "4526491863508391",
        "user_created_at": "2015-01-12"
    },
    {
        "mid": "4526490589015878",
        "has_multimedia": 1,
        "comments_count": 19,
        "reposts_count": 13,
        "attitudes_count": 19,
        "t": "1594682917000",
        "text": "【为他们转！致敬#抗洪抢险一线的最美身影#】#防汛一线的动人瞬间#↓↓转发，向挺身而出的每个人致敬！ ​​​",
        "uid": "7168618354/",
        "followers_count": "14070",
        "statuses_count": "9981",
        "verified": 1,
        "has_description": 1,
        "parent": "4526490459559559",
        "user_created_at": "2020-01-01"
    },
    {
        "mid": "4526837767664595",
        "has_multimedia": 1,
        "comments_count": 0,
        "reposts_count": 0,
        "attitudes_count": 0,
        "t": "1594765691000",
        "text": "//@沿江检察:【为他们转！致敬#抗洪抢险一线的最美身影#】#防汛一线的动人瞬间#↓↓转发，向挺身而出的每个人致敬！ ​​​",
        "uid": "7336489981/",
        "followers_count": "54",
        "statuses_count": "5024",
        "verified": 0,
        "user_created_at": "2019-11-13",
        "has_description": 0,
        "parent": "4526490589015878"
    },
    {
        "mid": "4526633324760546",
        "has_multimedia": 1,
        "comments_count": 0,
        "reposts_count": 0,
        "attitudes_count": 0,
        "t": "1594716948000",
        "text": "//@沿江检察:【为他们转！致敬#抗洪抢险一线的最美身影#】#防汛一线的动人瞬间#↓↓转发，向挺身而出的每个人致敬！ ​​​",
        "uid": "6578159056/",
        "followers_count": "154",
        "statuses_count": "6593",
        "verified": 0,
        "user_created_at": "2018-06-19",
        "has_description": 0,
        "parent": "4526490589015878"
    },
    {
        "mid": "4526604158880214",
        "has_multimedia": 1,
        "comments_count": 19,
        "reposts_count": 13,
        "attitudes_count": 19,
        "t": "1594682880000",
        "text": "【为他们转！致敬#抗洪抢险一线的最美身影#】#防汛一线的动人瞬间#↓↓转发，向挺身而出的每个人致敬！ ​​​",
        "uid": "5340718964/",
        "followers_count": "59",
        "statuses_count": "3141",
        "verified": 0,
        "user_created_at": "2014-10-20",
        "has_description": 0,
        "parent": "4526490589015878"
    },
    {
        "mid": "4527095163916114",
        "has_multimedia": 1,
        "comments_count": 0,
        "reposts_count": 0,
        "attitudes_count": 0,
        "t": "1594827059000",
        "text": "同心战汛，共战洪魔！",
        "uid": "5523540137/",
        "followers_count": "46",
        "statuses_count": "293",
        "verified": 0,
        "user_created_at": "2015-02-17",
        "has_description": 1,
        "parent": "4526490459559559"
    }
]