[
    {
        "mid": "4526490983526149",
        "has_multimedia": 1,
        "comments_count": 2661,
        "reposts_count": 7324,
        "attitudes_count": 24514,
        "t": "1594683011000",
        "text": "【心疼！#抗洪消防员晒红的脸和泡皱的脚#】近两天，江西鄱阳烈日高照。完成一天的洪涝救援任务后，萍乡消防员们的脸被晒得通红，脱下水域救援鞋后，脚被泡得皱白。转发致敬，辛苦了！L江西消防的微博视频 @江西消防 ​​​​",
        "uid": "2656274875/",
        "followers_count": "111882043",
        "statuses_count": "130342",
        "verified": 1,
        "has_description": 1,
        "parent": "0",
        "user_created_at": "2012-03-07"
    },
    {
        "mid": "4526945923342201",
        "has_multimedia": 1,
        "comments_count": 0,
        "reposts_count": 0,
        "attitudes_count": 0,
        "t": "1594791477000",
        "text": "转发微博",
        "uid": "6039258577/",
        "followers_count": "31",
        "statuses_count": "869",
        "verified": 0,
        "user_created_at": "2016-10-07",
        "has_description": 1,
        "parent": "4526490983526149"
    },
    {
        "mid": "4526914029588974",
        "has_multimedia": 1,
        "comments_count": 0,
        "reposts_count": 0,
        "attitudes_count": 0,
        "t": "1594783873000",
        "text": "战士们，辛苦了！！！！！！",
        "uid": "6988208772/",
        "followers_count": "8",
        "statuses_count": "123",
        "verified": 0,
        "user_created_at": "2019-02-07",
        "has_description": 0,
        "parent": "4526490983526149"
    },
    {
        "mid": "4526906941419284",
        "has_multimedia": 1,
        "comments_count": 0,
        "reposts_count": 0,
        "attitudes_count": 0,
        "t": "1594782182000",
        "text": "转发微博",
        "uid": "1201486161/",
        "followers_count": "99",
        "statuses_count": "1178",
        "verified": 0,
        "user_created_at": "2013-05-16",
        "has_description": 0,
        "parent": "4526490983526149"
    }
]