[
    {
        "mid": "4526491260290075",
        "has_multimedia": 1,
        "comments_count": 219,
        "reposts_count": 112,
        "attitudes_count": 553,
        "t": "1594683076000",
        "text": "那些年，有了这个证才能生娃儿。 ​​​​",
        "uid": "1676368781/",
        "followers_count": "4115959",
        "statuses_count": "13657",
        "verified": 1,
        "user_created_at": "2009-12-29",
        "has_description": 1,
        "parent": "0"
    },
    {
        "mid": "4527212441372306",
        "has_multimedia": 1,
        "comments_count": 0,
        "reposts_count": 0,
        "attitudes_count": 0,
        "t": "1594855020000",
        "text": "//@正牌瞎溜达:前两年吃大饭，说起各行业的行话，有位专治不孕症的名医说“那时候看初诊，我们的第一句是问患者还剩几次机会，患者就会报个数儿”。见到在座的我们谁都没听懂，他假装平静地说：“准生证是一年有效证件，最多有13次机会受孕，他们都懂我在说什么。等到不剩几次机会了，人能急得眼睛都放",
        "uid": "7478611712/",
        "followers_count": "103",
        "statuses_count": "38",
        "verified": 0,
        "user_created_at": "2020-07-07",
        "has_description": 0,
        "parent": "4526491260290075"
    },
    {
        "mid": "4527101212886185",
        "has_multimedia": 1,
        "comments_count": 0,
        "reposts_count": 0,
        "attitudes_count": 0,
        "t": "1594828501000",
        "text": "转发微博",
        "uid": "3244849683/",
        "followers_count": "1270",
        "statuses_count": "73836",
        "verified": 1,
        "user_created_at": "2013-05-13",
        "has_description": 1,
        "parent": "4526491260290075"
    },
    {
        "mid": "4526897248341995",
        "has_multimedia": 1,
        "comments_count": 0,
        "reposts_count": 0,
        "attitudes_count": 0,
        "t": "1594779872000",
        "text": "人是动物界最坏的物种，坑别的动物不说连自己都不放过//@网络李捕头:",
        "uid": "2488646693/",
        "followers_count": "107322",
        "statuses_count": "36039",
        "verified": 1,
        "user_created_at": "2011-11-24",
        "has_description": 1,
        "parent": "4526491260290075"
    }
]