[
    {
        "mid": "4526508670372949",
        "has_multimedia": 0,
        "comments_count": 563,
        "reposts_count": 119,
        "attitudes_count": 2894,
        "t": "1594687228000",
        "text": "不少网友让我谈谈北京skp商城不让外卖员进的事儿，说是不是又歧视外卖小哥了啊，又咋咋地的。这种事啊，你首先要看新闻源头，这事谁报道的？是记者吗？是不是某个网红又冒充外卖员体验生活，然后发现如何如何…balabala……这种烂事看都不要看，看见了直接刷过去就行。如果商城真的不让外卖员进，其他外卖员平时是怎么取餐的？商城的外卖是怎么运营的？说得通吗？怎么平时没事，网红一来就这事那事了呢？道理很简单，商城肯定有特定的取餐通道呗。就跟写字楼里有客梯和货梯一样，各走各的道，这算个毛歧视？深圳还禁止骑电动车呢，外卖员不是一样骑个小电驴窜来窜去，交警抓过吗？外卖员不但不被歧视，反而都是被优待的群体。在网上喊抵制的可赶紧歇歇吧，你本来也没去过skp啊。",
        "uid": "1761179351/",
        "followers_count": "13521028",
        "statuses_count": "2874",
        "verified": 1,
        "user_created_at": "2010-06-22",
        "has_description": 1,
        "parent": "0"
    },
    {
        "mid": "4527182413562629",
        "has_multimedia": 0,
        "comments_count": 0,
        "reposts_count": 1,
        "attitudes_count": 0,
        "t": "1594689060000",
        "text": "//@shintjioyg:喊抵制的基本也不是Spk的目标群体，是他们目标群体的都在为Spk默默叫好",
        "uid": "1652939510/",
        "followers_count": "1516",
        "statuses_count": "6689",
        "verified": 0,
        "user_created_at": "2009-10-11",
        "has_description": 1,
        "parent": "4526508670372949"
    },
    {
        "mid": "4526996652924225",
        "has_multimedia": 0,
        "comments_count": 0,
        "reposts_count": 0,
        "attitudes_count": 0,
        "t": "1594803572000",
        "text": "对手哥的敬佩又增加了",
        "uid": "1964117461/",
        "followers_count": "624",
        "statuses_count": "1607",
        "verified": 0,
        "user_created_at": "2011-02-12",
        "has_description": 1,
        "parent": "4526508670372949"
    },
    {
        "mid": "4526959197261418",
        "has_multimedia": 0,
        "comments_count": 0,
        "reposts_count": 0,
        "attitudes_count": 0,
        "t": "1594794641000",
        "text": "转发微博",
        "uid": "2772015705/",
        "followers_count": "244",
        "statuses_count": "1304",
        "verified": 0,
        "user_created_at": "2012-07-02",
        "has_description": 1,
        "parent": "4526508670372949"
    }
]