[
    {
        "mid": "4526508902175260",
        "has_multimedia": 1,
        "comments_count": 754,
        "reposts_count": 697,
        "attitudes_count": 8322,
        "t": "1594687283000",
        "text": "【#武汉洪峰过去是否就意味着安全了#？】水利部长江水利委员会副总工程师陈桂亚：#武汉洪峰较胖较平缓#，从12日晚到13日白天都保持高水位运行。现在虽然洪峰已通过，但退水较慢，警戒水位以上的水位还会持续10天左右，江堤易出现小险情，仍应高度重视。扩散周知！ L央视新闻的微博视频 ​​​​",
        "uid": "2656274875/",
        "followers_count": "111906819",
        "statuses_count": "130390",
        "verified": 1,
        "has_description": 1,
        "parent": "0",
        "user_created_at": "2012-03-07"
    },
    {
        "mid": "4527295509303928",
        "has_multimedia": 1,
        "comments_count": 0,
        "reposts_count": 0,
        "attitudes_count": 0,
        "t": "1594874825000",
        "text": "洪峰：说我胖？我不要面子哒",
        "uid": "1163942055/",
        "followers_count": "877",
        "statuses_count": "3273",
        "verified": 0,
        "user_created_at": "2009-12-12",
        "has_description": 0,
        "parent": "4526508902175260"
    },
    {
        "mid": "4527288311351523",
        "has_multimedia": 1,
        "comments_count": 0,
        "reposts_count": 0,
        "attitudes_count": 0,
        "t": "1594873108000",
        "text": "平安",
        "uid": "2065000563/",
        "followers_count": "86",
        "statuses_count": "193",
        "verified": 0,
        "user_created_at": "2011-04-03",
        "has_description": 1,
        "parent": "4526508902175260"
    }
]