[
    {
        "mid": "4526493453668612",
        "has_multimedia": 1,
        "comments_count": 327,
        "reposts_count": 150,
        "attitudes_count": 2144,
        "t": "1594683600000",
        "text": "【17岁女孩吃蘑菇后狂躁喊叫 家人放弃治疗后死亡】7月4日，四川省叙永县一家六口进食自己采摘的野生菌后发病，17岁女孩和89岁老人不幸去世↓↓据悉老人摘回的蘑菇称“吃了十几年没事”，即将中考的17岁女孩进食后出现神志不清、狂躁的症状，晚上还会时不时叫喊。专家喊话↓↓O17岁女孩吃蘑菇后狂躁喊叫 家人放弃治疗后死亡 ​​​​",
        "uid": "2318910945/",
        "followers_count": "26273734",
        "statuses_count": "64154",
        "verified": 1,
        "has_description": 1,
        "parent": "0",
        "user_created_at": "2011-08-29"
    },
    {
        "mid": "4526539251229571",
        "has_multimedia": 1,
        "comments_count": 23,
        "reposts_count": 13,
        "attitudes_count": 119,
        "t": "1594694518000",
        "text": "可能还是鹅膏毒肽类中毒。4日误食，5日肠胃炎症状，6日假愈期，7日后内脏损害期，9日女孩出现神经精神症状，此时肝肾都快不行了，两位患者11、12日离世，令人惋惜。开始单查血常规，不查肝功肾功，可能真看不出异常。我只是推测，这次没实拍图，真实情况还得靠当地疾控后续调查",
        "uid": "5692100100/",
        "followers_count": "1069245",
        "statuses_count": "5058",
        "verified": 1,
        "user_created_at": "2015-09-02",
        "has_description": 1,
        "parent": "4526493453668612"
    },
    {
        "mid": "4526592003723934",
        "has_multimedia": 1,
        "comments_count": 23,
        "reposts_count": 13,
        "attitudes_count": 119,
        "t": "1594694460000",
        "text": "可能还是鹅膏毒肽类中毒。4日误食，5日肠胃炎症状，6日假愈期，7日后内脏损害期，9日女孩出现神经精神症状，此时肝肾都快不行了，两位患者11、12日离世，令人惋惜。开始单查血常规，不查肝功肾功，可能真看不出异常。我只是推测，这次没实拍图，真实情况还得靠当地疾控后续调查",
        "uid": "1558366572/",
        "followers_count": "172",
        "statuses_count": "6233",
        "verified": 1,
        "has_description": 1,
        "parent": "4526539251229571",
        "user_created_at": "2010-08-15"
    },
    {
        "mid": "4526584981361794",
        "has_multimedia": 1,
        "comments_count": 23,
        "reposts_count": 13,
        "attitudes_count": 119,
        "t": "1594694460000",
        "text": "可能还是鹅膏毒肽类中毒。4日误食，5日肠胃炎症状，6日假愈期，7日后内脏损害期，9日女孩出现神经精神症状，此时肝肾都快不行了，两位患者11、12日离世，令人惋惜。开始单查血常规，不查肝功肾功，可能真看不出异常。我只是推测，这次没实拍图，真实情况还得靠当地疾控后续调查",
        "uid": "1825601147/",
        "followers_count": "534",
        "statuses_count": "17321",
        "verified": 0,
        "user_created_at": "2010-10-03",
        "has_description": 1,
        "parent": "4526539251229571"
    },
    {
        "mid": "4526568297363117",
        "has_multimedia": 1,
        "comments_count": 0,
        "reposts_count": 0,
        "attitudes_count": 0,
        "t": "1594701443000",
        "text": "//@赶尾人：可能还是鹅膏毒肽类中毒。4日误食，5日肠胃炎症状，6日假愈期，7日后内脏损害期，9日女孩出现神经精神症状，此时肝肾都快不行了，两位患者11、12日离世，令人惋惜。开始单查血常规，不查肝功肾功，可能真看不出异常。我只是推测，这次没实拍图，真实情况还得靠当地疾控后续调查",
        "uid": "5758818541/",
        "followers_count": "1187",
        "statuses_count": "1737",
        "verified": 0,
        "user_created_at": "2015-11-14",
        "has_description": 1,
        "parent": "4526539251229571"
    },
    {
        "mid": "4527078157065227",
        "has_multimedia": 1,
        "comments_count": 0,
        "reposts_count": 0,
        "attitudes_count": 0,
        "t": "1594823003000",
        "text": "每年吃死这么多人，还吃！说真鲜。买包味精保命吧//@赶尾人:可能还是鹅膏毒肽类中毒。4日误食，5日肠胃炎症状，6日假愈期，7日后内脏损害期，9日女孩出现神经精神症状，此时肝肾都快不行了，两位患者11、12日离世，令人惋惜。开始单查血常规，不查肝功肾功，可能真看不出异常。我只是推测，这次",
        "uid": "2632130537/",
        "followers_count": "511",
        "statuses_count": "3505",
        "verified": 0,
        "user_created_at": "2012-02-16",
        "has_description": 1,
        "parent": "4526493453668612"
    },
    {
        "mid": "4526863706606701",
        "has_multimedia": 1,
        "comments_count": 0,
        "reposts_count": 0,
        "attitudes_count": 0,
        "t": "1594771875000",
        "text": "草//@雅音宫羽汐酱-MasaneMiyaPA:草//@何故薄凉:据悉老人摘回的蘑菇称 这话是蘑菇说的？你官发博真的就不看下嘛？？",
        "uid": "1776618823/",
        "followers_count": "1407",
        "statuses_count": "63936",
        "verified": 1,
        "user_created_at": "2010-07-16",
        "has_description": 1,
        "parent": "4526493453668612"
    }
]