[
    {
        "mid": "4526493537252496",
        "has_multimedia": 1,
        "comments_count": 1456,
        "reposts_count": 489,
        "attitudes_count": 19514,
        "t": "1594683620000",
        "text": "#口罩批发价最高跌90%#【口罩泡沫退去：批发价最高跌90%， 熔喷布跌至最高价的1/20】短短数个月，冲向口罩行业的厂商们发现，口罩需求开始退潮。“从我们的经验来看，口罩价格在3月份最高，巅峰期价格一个1.6元，利润可以达到0.3-0.5元。”湖北一家口罩生产厂商的总经理宗军（化名）在接受记者采访时表示，“随后，大量生产设备投产，原材料饱和，目前我们一个口罩的批发价在0.12-0.18元。”这一价格距离巅峰时期已经跌去90%，但宗军仍然要坚持生产，因为随着原料价格的下跌，做口罩仍然有薄利。外贸业务经理张新（化名）所在的企业同样是在口罩最火热的阶段进入的，由于花了大价钱做出口认证，因此尽管他们公司的口罩出口价格从最高0.65美元一个下跌到0.17-0.20美元，但订单仍然平稳。目前来看，国内防疫物资充足，口罩行业逐步转冷，口罩外销仍比较景气。不过，转产已经成为不少企业提到日程上的“重要一课”。O口罩泡沫退去：批发价最高跌90%， 熔喷布跌至...",
        "uid": "1988800805/",
        "followers_count": "12340390",
        "statuses_count": "99107",
        "verified": 1,
        "has_description": 1,
        "parent": "0",
        "user_created_at": "2012-01-01"
    },
    {
        "mid": "4527240894747488",
        "has_multimedia": 1,
        "comments_count": 0,
        "reposts_count": 0,
        "attitudes_count": 0,
        "t": "1594861804000",
        "text": "口罩行业逐步转冷，口罩外销仍比较景气",
        "uid": "7437383539/",
        "followers_count": "47",
        "statuses_count": "81",
        "verified": 1,
        "has_description": 1,
        "parent": "4526493537252496",
        "user_created_at": "2020-04-15"
    },
    {
        "mid": "4527025711481554",
        "has_multimedia": 1,
        "comments_count": 0,
        "reposts_count": 0,
        "attitudes_count": 0,
        "t": "1594810499000",
        "text": "转发微博",
        "uid": "6772442951/",
        "followers_count": "3",
        "statuses_count": "4",
        "verified": 0,
        "user_created_at": "2018-10-16",
        "has_description": 0,
        "parent": "4526493537252496"
    }
]