[
    {
        "mid": "4526493340757797",
        "has_multimedia": 1,
        "comments_count": 222,
        "reposts_count": 3,
        "attitudes_count": 331,
        "t": "1594683573000",
        "text": "早安练强本领，勇担重任#中国森林消防##防汛救灾进行时#四川森林消防超话 L四川森林消防的微博视频 ​​​​",
        "uid": "7002567785/",
        "followers_count": "14791",
        "statuses_count": "1947",
        "verified": 1,
        "has_description": 1,
        "parent": "0",
        "user_created_at": "2019-02-22"
    },
    {
        "mid": "4526513838744125",
        "has_multimedia": 1,
        "comments_count": 0,
        "reposts_count": 0,
        "attitudes_count": 0,
        "t": "1594688460000",
        "text": "早上好呀，川森森，早餐多吃了吗",
        "uid": "2959661301/",
        "followers_count": "5",
        "statuses_count": "150",
        "verified": 0,
        "user_created_at": "2012-09-16",
        "has_description": 0,
        "parent": "4526493340757797"
    },
    {
        "mid": "4526513074205035",
        "has_multimedia": 1,
        "comments_count": 0,
        "reposts_count": 0,
        "attitudes_count": 0,
        "t": "1594688278000",
        "text": "转发微博",
        "uid": "7325892246/",
        "followers_count": "5",
        "statuses_count": "445",
        "verified": 0,
        "user_created_at": "2019-10-23",
        "has_description": 0,
        "parent": "4526493340757797"
    },
    {
        "mid": "4526493760593316",
        "has_multimedia": 1,
        "comments_count": 0,
        "reposts_count": 0,
        "attitudes_count": 0,
        "t": "1594683672000",
        "text": "转发微博",
        "uid": "1571701785/",
        "followers_count": "200",
        "statuses_count": "15428",
        "verified": 1,
        "user_created_at": "2012-08-16",
        "has_description": 1,
        "parent": "4526493340757797"
    }
]