[
    {
        "mid": "4526494665940072",
        "has_multimedia": 1,
        "comments_count": 1541,
        "reposts_count": 1876,
        "attitudes_count": 54831,
        "t": "1594683889000",
        "text": "【#23户村民4年在崖壁上凿出公路#】兰英大峡谷位于重庆市巫溪县，有“重庆第一深谷”之称，峡谷全长100余公里。多年前，这里还是一个贫困村，出村只能靠攀爬山路。村里的年轻人大多外出打工。留在兰英村周家坪的23户的老人们决定修一条出村的道路。于是平均年龄在50岁以上的他们拿着钢钎和铁锤，花费4年时间在崖壁上凿出一条公路，结束了出村靠攀爬的历史。L中新视频的秒拍视频",
        "uid": "1640601392/",
        "followers_count": "15286145",
        "statuses_count": "99728",
        "verified": 1,
        "has_description": 1,
        "parent": "0",
        "user_created_at": "2009-08-28"
    },
    {
        "mid": "4526550982423596",
        "has_multimedia": 1,
        "comments_count": 119,
        "reposts_count": 458,
        "attitudes_count": 2120,
        "t": "1594697315000",
        "text": "#23位村民4年在岩壁上凿出挂壁天路但险象环生路烂了院子空了后来政府出资把这条路修成公路# ¡查看图片",
        "uid": "1708575033/",
        "followers_count": "620902",
        "statuses_count": "10086",
        "verified": 1,
        "user_created_at": "2010-03-11",
        "has_description": 1,
        "parent": "4526494665940072"
    },
    {
        "mid": "4527160364630815",
        "has_multimedia": 1,
        "comments_count": 0,
        "reposts_count": 0,
        "attitudes_count": 0,
        "t": "1594842604000",
        "text": "//@昵称是马甲家的大学生 :#23位村民4年在岩壁上凿出挂壁天路但险象环生路烂了院子空了后来政府出资把这条路修成公路# ¡查看图片",
        "uid": "3517201691/",
        "followers_count": "97",
        "statuses_count": "12557",
        "verified": 0,
        "user_created_at": "2013-06-07",
        "has_description": 1,
        "parent": "4526550982423596"
    },
    {
        "mid": "4527030518255983",
        "has_multimedia": 1,
        "comments_count": 0,
        "reposts_count": 0,
        "attitudes_count": 0,
        "t": "1594811646000",
        "text": "确实有一条村民凿开的路，只不过那是河南郭亮村，人可没有水泥路//@怂的载体:卖惨式大型翻车现场......//@昵称是马甲家的大学生: #23位村民4年在岩壁上凿出挂壁天路但险象环生路烂了院子空了后来政府出资把这条路修成公路#  ¡查看图片",
        "uid": "6961632505/",
        "followers_count": "215",
        "statuses_count": "1449",
        "verified": 0,
        "user_created_at": "2019-01-18",
        "has_description": 1,
        "parent": "4526550982423596"
    },
    {
        "mid": "4527028063177302",
        "has_multimedia": 1,
        "comments_count": 0,
        "reposts_count": 0,
        "attitudes_count": 0,
        "t": "1594811061000",
        "text": "#23户村民4年在崖壁上凿出公路# //@昵称是马甲家的大学生:#23位村民4年在岩壁上凿出挂壁天路但险象环生路烂了院子空了后来政府出资把这条路修成公路# ¡查看图片",
        "uid": "3539700370/",
        "followers_count": "141",
        "statuses_count": "592",
        "verified": 0,
        "user_created_at": "2013-06-17",
        "has_description": 1,
        "parent": "4526550982423596"
    },
    {
        "mid": "4527007402924171",
        "has_multimedia": 1,
        "comments_count": 119,
        "reposts_count": 458,
        "attitudes_count": 2120,
        "t": "1594697280000",
        "text": "#23位村民4年在岩壁上凿出挂壁天路但险象环生路烂了院子空了后来政府出资把这条路修成公路# O网页链接",
        "uid": "5742602842/",
        "followers_count": "144",
        "statuses_count": "3688",
        "verified": 0,
        "user_created_at": "2015-10-29",
        "has_description": 1,
        "parent": "4526550982423596"
    },
    {
        "mid": "4526650832961947",
        "has_multimedia": 1,
        "comments_count": 11,
        "reposts_count": 460,
        "attitudes_count": 62,
        "t": "1594721121000",
        "text": "用“翻车”都不足以形容评论区的惨况了，场面堪比高速公路百车连环追尾。哎，某些“文艺”媒体总是喜欢根据自己好恶“打扮”新闻，完全忘记了媒体责任，忘记了实事求是才是新闻的生命线。请记住，你们是媒体人，不是小说家！",
        "uid": "1000801361/",
        "followers_count": "19301",
        "statuses_count": "1372",
        "verified": 0,
        "user_created_at": "2013-10-22",
        "has_description": 1,
        "parent": "4526494665940072"
    },
    {
        "mid": "4526736773189832",
        "has_multimedia": 1,
        "comments_count": 111,
        "reposts_count": 423,
        "attitudes_count": 972,
        "t": "1594741612000",
        "text": "简而言之，媒体臭不要脸//@大道有形:用“翻车”都不足以形容评论区的惨况了，场面堪比高速公路百车连环追尾。哎，某些“文艺”媒体总是喜欢根据自己好恶“打扮”新闻，完全忘记了媒体责任，忘记了实事求是才是新闻的生命线。请记住，你们是媒体人，不是小说家！",
        "uid": "2214838982/",
        "followers_count": "6607860",
        "statuses_count": "100734",
        "verified": 1,
        "user_created_at": "2011-07-04",
        "has_description": 1,
        "parent": "4526650832961947"
    },
    {
        "mid": "4526972526498430",
        "has_multimedia": 1,
        "comments_count": 1,
        "reposts_count": 62,
        "attitudes_count": 1,
        "t": "1594797819000",
        "text": "//@开水族馆的生物男: 简而言之，媒体臭不要脸//@大道有形:用“翻车”都不足以形容评论区的惨况了，场面堪比高速公路百车连环追尾。哎，某些“文艺”媒体总是喜欢根据自己好恶“打扮”新闻，完全忘记了媒体责任，忘记了实事求是才是新闻的生命线。请记住，你们是媒体人，不是小说家！",
        "uid": "1764391090/",
        "followers_count": "128747",
        "statuses_count": "61616",
        "verified": 0,
        "user_created_at": "2010-06-20",
        "has_description": 1,
        "parent": "4526736773189832"
    },
    {
        "mid": "4526973294583816",
        "has_multimedia": 1,
        "comments_count": 0,
        "reposts_count": 54,
        "attitudes_count": 15,
        "t": "1594798003000",
        "text": "浪国//@青锋裁月://@开水族馆的生物男: 简而言之，媒体臭不要脸//@大道有形:用“翻车”都不足以形容评论区的惨况了，场面堪比高速公路百车连环追尾。某些“文艺”媒体总是喜欢根据自己好恶“打扮”新闻，完全忘记了媒体责任，忘记了实事求是才是新闻的生命线",
        "uid": "1233143520/",
        "followers_count": "118277",
        "statuses_count": "63384",
        "verified": 1,
        "user_created_at": "2010-06-08",
        "has_description": 1,
        "parent": "4526972526498430"
    },
    {
        "mid": "4527021210471453",
        "has_multimedia": 1,
        "comments_count": 0,
        "reposts_count": 0,
        "attitudes_count": 0,
        "t": "1594809427000",
        "text": "//@微为烟夕罗:浪国//@青锋裁月://@开水族馆的生物男: 简而言之，媒体臭不要脸//@大道有形:用“翻车”都不足以形容评论区的惨况了，场面堪比高速公路百车连环追尾。某些“文艺”媒体总是喜欢根据自己好恶“打扮”新闻，完全忘记了媒体责任，忘记了实事求是才是新闻的生命线",
        "uid": "1772884655/",
        "followers_count": "55",
        "statuses_count": "2230",
        "verified": 0,
        "user_created_at": "2010-07-11",
        "has_description": 1,
        "parent": "4526973294583816"
    },
    {
        "mid": "4527017314585509",
        "has_multimedia": 1,
        "comments_count": 0,
        "reposts_count": 54,
        "attitudes_count": 15,
        "t": "1594797960000",
        "text": "浪国//@青锋裁月://@开水族馆的生物男: 简而言之，媒体臭不要脸//@大道有形:用“翻车”都不足以形容评论区的惨况了，场面堪比高速公路百车连环追尾。某些“文艺”媒体总是喜欢根据自己好恶“打扮”新闻，完全忘记了媒体责任，忘记了实事求是才是新闻的生命线",
        "uid": "6775587726/",
        "followers_count": "27",
        "statuses_count": "9157",
        "verified": 0,
        "user_created_at": "2018-11-03",
        "has_description": 1,
        "parent": "4526973294583816"
    },
    {
        "mid": "4527013195781940",
        "has_multimedia": 1,
        "comments_count": 0,
        "reposts_count": 1,
        "attitudes_count": 0,
        "t": "1594807516000",
        "text": "评论区令人舒适//@微为烟夕罗:浪国//@青锋裁月://@开水族馆的生物男: 简而言之，媒体臭不要脸//@大道有形:用“翻车”都不足以形容评论区的惨况了，场面堪比高速公路百车连环追尾。某些“文艺”媒体总是喜欢根据自己好恶“打扮”新闻，完全忘记了媒体责任，忘记了实事求是才是新闻的生命线",
        "uid": "3812402293/",
        "followers_count": "537",
        "statuses_count": "7998",
        "verified": 0,
        "user_created_at": "2013-09-24",
        "has_description": 1,
        "parent": "4526973294583816"
    },
    {
        "mid": "4527010690992881",
        "has_multimedia": 1,
        "comments_count": 0,
        "reposts_count": 54,
        "attitudes_count": 15,
        "t": "1594797960000",
        "text": "浪国//@青锋裁月://@开水族馆的生物男: 简而言之，媒体臭不要脸//@大道有形:用“翻车”都不足以形容评论区的惨况了，场面堪比高速公路百车连环追尾。某些“文艺”媒体总是喜欢根据自己好恶“打扮”新闻，完全忘记了媒体责任，忘记了实事求是才是新闻的生命线",
        "uid": "1825952337/",
        "followers_count": "401",
        "statuses_count": "6853",
        "verified": 0,
        "user_created_at": "2011-01-21",
        "has_description": 1,
        "parent": "4526973294583816"
    },
    {
        "mid": "4527026817570483",
        "has_multimedia": 1,
        "comments_count": 0,
        "reposts_count": 0,
        "attitudes_count": 0,
        "t": "1594810764000",
        "text": "朋友们有阳间平台及时推荐啊！//@胡小咸鱼:评论区令人舒适://@开水族馆的生物男: 简而言之，媒体臭不要脸//@大道有形:用“翻车”都不足以形容评论区的惨况了，场面堪比高速公路百车连环追尾。某些“文艺”媒体总是喜欢根据自己好恶“打扮”新闻，完全忘记了媒体责任，忘记了实事求是才是新闻的生命线",
        "uid": "5829595445/",
        "followers_count": "190",
        "statuses_count": "6262",
        "verified": 0,
        "user_created_at": "2016-01-14",
        "has_description": 1,
        "parent": "4526972526498430"
    },
    {
        "mid": "4527026382670694",
        "has_multimedia": 1,
        "comments_count": 0,
        "reposts_count": 0,
        "attitudes_count": 0,
        "t": "1594810659000",
        "text": "贱不贱啊//@微为烟夕罗:浪国//@青锋裁月://@开水族馆的生物男: 简而言之，媒体臭不要脸//@大道有形:用“翻车”都不足以形容评论区的惨况了，场面堪比高速公路百车连环追尾。某些“文艺”媒体总是喜欢根据自己好恶“打扮”新闻，完全忘记了媒体责任，忘记了实事求是才是新闻的生命线",
        "uid": "5694753157/",
        "followers_count": "214",
        "statuses_count": "20946",
        "verified": 0,
        "user_created_at": "2015-09-04",
        "has_description": 1,
        "parent": "4526972526498430"
    },
    {
        "mid": "4527021960730034",
        "has_multimedia": 1,
        "comments_count": 0,
        "reposts_count": 0,
        "attitudes_count": 0,
        "t": "1594809606000",
        "text": "//@微为烟夕罗:浪国//@青锋裁月://@开水族馆的生物男: 简而言之，媒体臭不要脸//@大道有形:用“翻车”都不足以形容评论区的惨况了，场面堪比高速公路百车连环追尾。某些“文艺”媒体总是喜欢根据自己好恶“打扮”新闻，完全忘记了媒体责任，忘记了实事求是才是新闻的生命线",
        "uid": "1525710173/",
        "followers_count": "295",
        "statuses_count": "6757",
        "verified": 0,
        "user_created_at": "2009-12-19",
        "has_description": 1,
        "parent": "4526972526498430"
    },
    {
        "mid": "4526745917380849",
        "has_multimedia": 1,
        "comments_count": 4,
        "reposts_count": 51,
        "attitudes_count": 35,
        "t": "1594743792000",
        "text": "牛逼牛逼//@开水族馆的生物男: 简而言之，媒体臭不要脸//@大道有形:用“翻车”都不足以形容评论区的惨况了，场面堪比高速公路百车连环追尾。哎，某些“文艺”媒体总是喜欢根据自己好恶“打扮”新闻，完全忘记了媒体责任，忘记了实事求是才是新闻的生命线。请记住，你们是媒体人，不是小说家！",
        "uid": "2655024514/",
        "followers_count": "1018729",
        "statuses_count": "3190",
        "verified": 1,
        "user_created_at": "2012-01-07",
        "has_description": 1,
        "parent": "4526736773189832"
    },
    {
        "mid": "4526961752115305",
        "has_multimedia": 1,
        "comments_count": 0,
        "reposts_count": 0,
        "attitudes_count": 0,
        "t": "1594795250000",
        "text": "//@中二化学于老师: 啧啧//@开水族馆的生物男: 简而言之，媒体臭不要脸//@大道有形:用“翻车”都不足以形容评论区的惨况了，场面堪比高速公路百车连环追尾。某些“文艺”媒体总是喜欢根据自己好恶“打扮”新闻，忘记了实事求是才是新闻的生命线。请记住，你们是媒体人，不是小说家！",
        "uid": "2140325514/",
        "followers_count": "111",
        "statuses_count": "3564",
        "verified": 0,
        "user_created_at": "2014-08-03",
        "has_description": 0,
        "parent": "4526745917380849"
    },
    {
        "mid": "4526911382492412",
        "has_multimedia": 1,
        "comments_count": 0,
        "reposts_count": 0,
        "attitudes_count": 0,
        "t": "1594783242000",
        "text": "//牛逼牛逼//@开水族馆的生物男 : 简而言之，媒体臭不要脸//@大道有形 :用“翻车”都不足以形容评论区的惨况了，场面堪比高速公路百车连环追尾。哎，某些“文艺”媒体总是喜欢根据自己好恶“打扮”新闻，完全忘记了媒体责任，忘记了实事求是才是新闻的生命线。请记住，你们是媒体人，不是小说家！",
        "uid": "1274755441/",
        "followers_count": "190",
        "statuses_count": "7645",
        "verified": 1,
        "user_created_at": "2011-05-07",
        "has_description": 0,
        "parent": "4526745917380849"
    },
    {
        "mid": "4526908442813550",
        "has_multimedia": 1,
        "comments_count": 0,
        "reposts_count": 0,
        "attitudes_count": 0,
        "t": "1594782541000",
        "text": "//@中二化学于老师:啧啧//@我的样子平平无奇:牛逼牛逼//@开水族馆的生物男: 简而言之，媒体臭不要脸//@大道有形:用“翻车”都不足以形容评论区的惨况了，场面堪比高速公路百车连环追尾。某些“文艺”媒体总是喜欢根据自己好恶“打扮”新闻，忘记了实事求是才是新闻的生命线。请记住，",
        "uid": "3018602527/",
        "followers_count": "44",
        "statuses_count": "17171",
        "verified": 0,
        "user_created_at": "2012-10-20",
        "has_description": 1,
        "parent": "4526745917380849"
    },
    {
        "mid": "4526885310972761",
        "has_multimedia": 1,
        "comments_count": 0,
        "reposts_count": 0,
        "attitudes_count": 0,
        "t": "1594777025000",
        "text": "//@我的样子平平无奇:牛逼牛逼//@开水族馆的生物男: 简而言之，媒体臭不要脸//@大道有形:用“翻车”都不足以形容评论区的惨况了，场面堪比高速公路百车连环追尾。哎，某些“文艺”媒体总是喜欢根据自己好恶“打扮”新闻，完全忘记了媒体责任，忘记了实事求是才是新闻的生命线。请记住，你们是媒体人，",
        "uid": "2689550700/",
        "followers_count": "66",
        "statuses_count": "3427",
        "verified": 0,
        "user_created_at": "2012-01-27",
        "has_description": 1,
        "parent": "4526745917380849"
    },
    {
        "mid": "4527031255928685",
        "has_multimedia": 1,
        "comments_count": 0,
        "reposts_count": 0,
        "attitudes_count": 0,
        "t": "1594811822000",
        "text": "卧槽//@欣易牌糖罐:新浪官方带头传谣哦//@开水族馆的生物男:简而言之，媒体臭不要脸//@大道有形:用“翻车”都不足以形容评论区的惨况了，场面堪比高速公路百车连环追尾。哎，某些“文艺”媒体总是喜欢根据自己好恶“打扮”新闻，完全忘记了媒体责任，忘记了实事求是才是新闻的生命线。",
        "uid": "2125964004/",
        "followers_count": "288",
        "statuses_count": "4651",
        "verified": 0,
        "user_created_at": "2011-05-01",
        "has_description": 1,
        "parent": "4526736773189832"
    },
    {
        "mid": "4527028357826017",
        "has_multimedia": 1,
        "comments_count": 0,
        "reposts_count": 0,
        "attitudes_count": 0,
        "t": "1594811131000",
        "text": "鉴不鉴呐//@微为烟夕罗:浪国//@青锋裁月://@开水族馆的生物男: 简而言之，媒体臭不要脸//@大道有形:用“翻车”都不足以形容评论区的惨况了，场面堪比高速公路百车连环追尾。某些“文艺”媒体总是喜欢根据自己好恶“打扮”新闻，完全忘记了媒体责任，忘记了实事求是才是新闻的生命线",
        "uid": "2784741230/",
        "followers_count": "126",
        "statuses_count": "5145",
        "verified": 0,
        "user_created_at": "2012-04-26",
        "has_description": 1,
        "parent": "4526736773189832"
    },
    {
        "mid": "4527250429444389",
        "has_multimedia": 1,
        "comments_count": 0,
        "reposts_count": 0,
        "attitudes_count": 0,
        "t": "1594864076000",
        "text": "[投诉告诉我已经处理过了，呵呵哒，浪国//@微为烟夕罗: 浪国//@青锋裁月://@开水族馆的生物男: 简而言之，媒体臭不要脸//@大道有形:用“翻车”都不足以形容评论区的惨况了，场面堪比高速公路百车连环追尾。某些“文艺”媒体总是喜欢根据自己好恶“打扮”新闻，完全忘记了媒体责任",
        "uid": "1752816330/",
        "followers_count": "205",
        "statuses_count": "3269",
        "verified": 0,
        "user_created_at": "2010-06-09",
        "has_description": 1,
        "parent": "4526650832961947"
    },
    {
        "mid": "4527163245855153",
        "has_multimedia": 1,
        "comments_count": 0,
        "reposts_count": 0,
        "attitudes_count": 0,
        "t": "1594843290000",
        "text": "//@定真原 ://@我的样子平平无奇 : 牛逼牛逼//@开水族馆的生物男 : 简而言之，媒体臭不要脸//@大道有形 :用“翻车”都不足以形容评论区的惨况了，场面堪比高速公路百车连环追尾。哎，某些“文艺”媒体总是喜欢根据自己好恶“打扮”新闻，完全忘记了媒体责任，忘记了实事求是才是新闻的生命线。",
        "uid": "1905172835/",
        "followers_count": "760",
        "statuses_count": "26000",
        "verified": 0,
        "user_created_at": "2010-12-28",
        "has_description": 1,
        "parent": "4526650832961947"
    },
    {
        "mid": "4527107529774788",
        "has_multimedia": 1,
        "comments_count": 0,
        "reposts_count": 0,
        "attitudes_count": 0,
        "t": "1594830007000",
        "text": "//@微为烟夕罗:浪国//@青锋裁月://@开水族馆的生物男: 简而言之，媒体臭不要脸//@大道有形:用“翻车”都不足以形容评论区的惨况了，场面堪比高速公路百车连环追尾。某些“文艺”媒体总是喜欢根据自己好恶“打扮”新闻，完全忘记了媒体责任，忘记了实事求是才是新闻的生命线",
        "uid": "5841737902/",
        "followers_count": "12",
        "statuses_count": "2489",
        "verified": 0,
        "user_created_at": "2016-01-28",
        "has_description": 1,
        "parent": "4526650832961947"
    },
    {
        "mid": "4526545290414426",
        "has_multimedia": 1,
        "comments_count": 124,
        "reposts_count": 92,
        "attitudes_count": 1871,
        "t": "1594695959000",
        "text": "什么🔨这么牛逼？",
        "uid": "6064752668/",
        "followers_count": "287819",
        "statuses_count": "7408",
        "verified": 0,
        "user_created_at": "2016-11-06",
        "has_description": 1,
        "parent": "4526494665940072"
    },
    {
        "mid": "4526545898831613",
        "has_multimedia": 1,
        "comments_count": 15,
        "reposts_count": 28,
        "attitudes_count": 123,
        "t": "1594696102000",
        "text": "这也是个每年都会被拉出来的。//@黑历史打脸bot: 什么🔨这么牛逼？",
        "uid": "6486930715/",
        "followers_count": "629714",
        "statuses_count": "44394",
        "verified": 1,
        "user_created_at": "2018-03-05",
        "has_description": 1,
        "parent": "4526545290414426"
    },
    {
        "mid": "4526654984985227",
        "has_multimedia": 1,
        "comments_count": 0,
        "reposts_count": 0,
        "attitudes_count": 2,
        "t": "1594722112000",
        "text": "@来去之间 的锤子吧，锤子前边自带盾构机，放在地上就能自己挖隧道，锤子的握把后边有个洞，能自动往外喷混凝土//@脱欧入亚卡菊轮:这也是个每年都会被拉出来的。//@黑历史打脸bot: 什么🔨这么牛逼？",
        "uid": "6178232649/",
        "followers_count": "2418",
        "statuses_count": "653",
        "verified": 0,
        "user_created_at": "2017-03-18",
        "has_description": 1,
        "parent": "4526545898831613"
    },
    {
        "mid": "4526604745042566",
        "has_multimedia": 1,
        "comments_count": 0,
        "reposts_count": 0,
        "attitudes_count": 0,
        "t": "1594710133000",
        "text": "#好评如潮系列# //@愚公乐开怀: //@脱欧入亚卡菊轮: 这也是个每年都会被拉出来的。//@黑历史打脸bot: 什么🔨这么牛逼？",
        "uid": "1740117460/",
        "followers_count": "25395",
        "statuses_count": "59917",
        "verified": 1,
        "user_created_at": "2010-05-10",
        "has_description": 1,
        "parent": "4526545898831613"
    },
    {
        "mid": "4526593164516052",
        "has_multimedia": 1,
        "comments_count": 0,
        "reposts_count": 0,
        "attitudes_count": 0,
        "t": "1594707373000",
        "text": "//@脱欧入亚卡菊轮:这也是个每年都会被拉出来的。//@黑历史打脸bot: 什么🔨这么牛逼？",
        "uid": "2317078015/",
        "followers_count": "8150",
        "statuses_count": "440962",
        "verified": 1,
        "user_created_at": "2011-08-22",
        "has_description": 0,
        "parent": "4526545898831613"
    },
    {
        "mid": "4526568460686589",
        "has_multimedia": 1,
        "comments_count": 0,
        "reposts_count": 0,
        "attitudes_count": 0,
        "t": "1594701482000",
        "text": "//@脱欧入亚卡菊轮:这也是个每年都会被拉出来的。//@黑历史打脸bot: 什么🔨这么牛逼？",
        "uid": "5000628766/",
        "followers_count": "156",
        "statuses_count": "4342",
        "verified": 0,
        "user_created_at": "2013-12-05",
        "has_description": 1,
        "parent": "4526545898831613"
    },
    {
        "mid": "4527006865786553",
        "has_multimedia": 1,
        "comments_count": 0,
        "reposts_count": 0,
        "attitudes_count": 0,
        "t": "1594806006000",
        "text": "....//@黑历史打脸bot:什么🔨这么牛逼？",
        "uid": "3676384194/",
        "followers_count": "115",
        "statuses_count": "11973",
        "verified": 0,
        "user_created_at": "2013-07-30",
        "has_description": 0,
        "parent": "4526545290414426"
    },
    {
        "mid": "4526976259425977",
        "has_multimedia": 1,
        "comments_count": 0,
        "reposts_count": 0,
        "attitudes_count": 0,
        "t": "1594798709000",
        "text": "被群嘲也是流量什么肉不是肉呢，这波啊依旧净赚！//@黑历史打脸bot:什么🔨这么牛逼？",
        "uid": "5304327102/",
        "followers_count": "88",
        "statuses_count": "11026",
        "verified": 0,
        "user_created_at": "2014-09-21",
        "has_description": 1,
        "parent": "4526545290414426"
    },
    {
        "mid": "4526802116606695",
        "has_multimedia": 1,
        "comments_count": 0,
        "reposts_count": 0,
        "attitudes_count": 0,
        "t": "1594757191000",
        "text": "这就是虽然不指名不道姓但目的就是抹黑的文法//@荷花上面有虫合虫莫一戳一蹦跶 :笑喷//@一只大叫鹅 :什么🔨铲这么平？//@黑历史打脸bot :什么🔨这么牛逼？",
        "uid": "5301329123/",
        "followers_count": "39",
        "statuses_count": "3281",
        "verified": 0,
        "user_created_at": "2014-09-21",
        "has_description": 1,
        "parent": "4526545290414426"
    },
    {
        "mid": "4527251141699078",
        "has_multimedia": 1,
        "comments_count": 0,
        "reposts_count": 0,
        "attitudes_count": 0,
        "t": "1594864247000",
        "text": "笑看渣浪谣言翻车",
        "uid": "1738137824/",
        "followers_count": "497",
        "statuses_count": "20424",
        "verified": 1,
        "user_created_at": "2010-05-05",
        "has_description": 1,
        "parent": "4526494665940072"
    }
]