[
    {
        "mid": "4526511081812327",
        "has_multimedia": 0,
        "comments_count": 435,
        "reposts_count": 770,
        "attitudes_count": 2424,
        "t": "1594687802000",
        "text": "这几年，传统主流媒体的监督类报道基本上走入了瓶颈，有很多媒体干脆是一刀切，监督类报道的选题要向社长台长汇报，这就等于告诉记者不要做。其中的原因有几个。1，媒体持续的亏损，除了央视和北上等少数几个财大气粗媒体，大部分主流传统媒体连基本工资开的都费劲，稿费已经低到不如送几次外卖。在众多报道的类型中，监督类报道耗时最长成本最高，可以这么说，绝大多数媒体的经营状况已经支撑不起来长期持续监督报道所需的成本。2，大事不敢报不让报也很难报明白，鸡毛蒜皮的小事一大堆。长期扭曲的大环境促使监督类报道出现了一大批故意陷害式监督，比如“达芬奇密码”、“假药门”、“纱布门”、“农夫山泉标准门”，这都是最近几年典型的陷害案例。有些监督类报道成了向基层政府显示“你看我好使不”的武器，还有很多监督类报道成了记者给自己办事的工具，这都是行内心知肚明的。有人问，马前卒那样的报道理记你敢做不？我不敢。作为体制内的传统媒体人，还有个规则是不允许异省监督，市级媒体则不准异市监督。我这几年的经历和遭遇，就没法跟大家说了。“那理记等你离开体制内呢？”嗯，那你就没记者证了。估计马前卒也没记者证，他的报道实际上是个新思路，不采访，不调查，不深入，我就体验展示，以游客的身份展示。这实际上也是他能触及到的天花板了。现在国内社会新闻的头部媒体也就算澎湃和新京报了，成都系凑凑热闹，南方系完成了黄埔军校的使命已然悄无声息。个人工作室或个人自媒体搞监督，就像小H片的网站，没有永远好使的套路，今天链接还在，明天就404了。中国需要监督，政府需要监督，这是永恒不变的真理。至于监督类报道的未来，就静观其变吧。",
        "uid": "1907166177/",
        "followers_count": "4800175",
        "statuses_count": "19955",
        "verified": 1,
        "user_created_at": "2013-08-14",
        "has_description": 1,
        "parent": "0"
    },
    {
        "mid": "4526521270763512",
        "has_multimedia": 0,
        "comments_count": 94,
        "reposts_count": 229,
        "attitudes_count": 719,
        "t": "1594690232000",
        "text": "“还有个规则是不允许异省监督，市级媒体则不准异市监督。估计马前卒也没记者证，他的报道实际上是个新思路，不采访，不调查，不深入，我就体验展示，以游客的身份展示”",
        "uid": "1111681197/",
        "followers_count": "1160099",
        "statuses_count": "95470",
        "verified": 1,
        "user_created_at": "2009-08-28",
        "has_description": 1,
        "parent": "4526511081812327"
    },
    {
        "mid": "4526524655651953",
        "has_multimedia": 0,
        "comments_count": 7,
        "reposts_count": 14,
        "attitudes_count": 5,
        "t": "1594691038000",
        "text": "//@来去之间:“还有个规则是不允许异省监督，市级媒体则不准异市监督。估计马前卒也没记者证，他的报道实际上是个新思路，不采访，不调查，不深入，我就体验展示，以游客的身份展示”",
        "uid": "1909367514/",
        "followers_count": "103688",
        "statuses_count": "14156",
        "verified": 1,
        "user_created_at": "2010-12-27",
        "has_description": 1,
        "parent": "4526521270763512"
    },
    {
        "mid": "4526556955392946",
        "has_multimedia": 0,
        "comments_count": 0,
        "reposts_count": 0,
        "attitudes_count": 0,
        "t": "1594698740000",
        "text": "//@我是二姐夫: //@来去之间:“还有个规则是不允许异省监督，市级媒体则不准异市监督。估计马前卒也没记者证，他的报道实际上是个新思路，不采访，不调查，不深入，我就体验展示，以游客的身份展示”",
        "uid": "1292854532/",
        "followers_count": "474",
        "statuses_count": "11897",
        "verified": 0,
        "user_created_at": "2010-03-03",
        "has_description": 0,
        "parent": "4526524655651953"
    },
    {
        "mid": "4526543030865684",
        "has_multimedia": 0,
        "comments_count": 0,
        "reposts_count": 0,
        "attitudes_count": 0,
        "t": "1594695420000",
        "text": "反正是越来越惨 也不知道谁受益了//@我是二姐夫://@来去之间:“还有个规则是不允许异省监督，市级媒体则不准异市监督。估计马前卒也没记者证，他的报道实际上是个新思路，不采访，不调查，不深入，我就体验展示，以游客的身份展示”",
        "uid": "1690893883/",
        "followers_count": "293",
        "statuses_count": "1382",
        "verified": 0,
        "user_created_at": "2010-07-27",
        "has_description": 1,
        "parent": "4526524655651953"
    },
    {
        "mid": "4526539537318880",
        "has_multimedia": 0,
        "comments_count": 0,
        "reposts_count": 0,
        "attitudes_count": 0,
        "t": "1594694587000",
        "text": "//@我是二姐夫: //@来去之间:“还有个规则是不允许异省监督，市级媒体则不准异市监督。估计马前卒也没记者证，他的报道实际上是个新思路，不采访，不调查，不深入，我就体验展示，以游客的身份展示”",
        "uid": "1901530583/",
        "followers_count": "244",
        "statuses_count": "8439",
        "verified": 0,
        "user_created_at": "2010-12-24",
        "has_description": 1,
        "parent": "4526524655651953"
    },
    {
        "mid": "4526822556220385",
        "has_multimedia": 0,
        "comments_count": 0,
        "reposts_count": 0,
        "attitudes_count": 1,
        "t": "1594762064000",
        "text": "//@来去之间:“还有个规则是不允许异省监督，市级媒体则不准异市监督。估计马前卒也没记者证，他的报道实际上是个新思路，不采访，不调查，不深入，我就体验展示，以游客的身份展示”",
        "uid": "1792900802/",
        "followers_count": "499",
        "statuses_count": "5972",
        "verified": 1,
        "user_created_at": "2010-08-17",
        "has_description": 0,
        "parent": "4526521270763512"
    },
    {
        "mid": "4526728657170465",
        "has_multimedia": 0,
        "comments_count": 0,
        "reposts_count": 0,
        "attitudes_count": 0,
        "t": "1594739677000",
        "text": "//@闷猫斯基2018://@来去之间: “还有个规则是不允许异省监督，市级媒体则不准异市监督。估计马前卒也没记者证，他的报道实际上是个新思路，不采访，不调查，不深入，我就体验展示，以游客的身份展示”",
        "uid": "1891280211/",
        "followers_count": "113",
        "statuses_count": "284",
        "verified": 0,
        "user_created_at": "2010-12-13",
        "has_description": 0,
        "parent": "4526521270763512"
    },
    {
        "mid": "4526601499758817",
        "has_multimedia": 0,
        "comments_count": 37,
        "reposts_count": 39,
        "attitudes_count": 308,
        "t": "1594709360000",
        "text": "监督的门槛也是很高的。起码得懂基础知识才能监督啊。单就一个记者，看都看不懂规则。//@铁军祥哥:实事求是的监督没问题的。",
        "uid": "2382064902/",
        "followers_count": "1541995",
        "statuses_count": "17305",
        "verified": 1,
        "user_created_at": "2011-09-24",
        "has_description": 1,
        "parent": "4526511081812327"
    },
    {
        "mid": "4527116601787175",
        "has_multimedia": 0,
        "comments_count": 0,
        "reposts_count": 6,
        "attitudes_count": 9,
        "t": "1594710780000",
        "text": "//@sven_shi:监督的门槛也是很高的。起码得懂基础知识才能监督啊。单就一个记者，看都看不懂规则。//@铁军祥哥:实事求是的监督没问题的。",
        "uid": "3128380203/",
        "followers_count": "332",
        "statuses_count": "2183",
        "verified": 0,
        "user_created_at": "2013-08-16",
        "has_description": 1,
        "parent": "4526601499758817"
    },
    {
        "mid": "4526961891053111",
        "has_multimedia": 0,
        "comments_count": 0,
        "reposts_count": 0,
        "attitudes_count": 0,
        "t": "1594795283000",
        "text": "//@yevon_ou://@sven_shi:监督的门槛也是很高的。起码得懂基础知识才能监督啊。单就一个记者，看都看不懂规则。//@铁军祥哥:实事求是的监督没问题的。",
        "uid": "6479120412/",
        "followers_count": "224",
        "statuses_count": "8461",
        "verified": 0,
        "user_created_at": "2018-02-06",
        "has_description": 1,
        "parent": "4526601499758817"
    },
    {
        "mid": "4526947633575382",
        "has_multimedia": 0,
        "comments_count": 37,
        "reposts_count": 39,
        "attitudes_count": 308,
        "t": "1594709340000",
        "text": "监督的门槛也是很高的。起码得懂基础知识才能监督啊。单就一个记者，看都看不懂规则。//@铁军祥哥:实事求是的监督没问题的。",
        "uid": "7303444022/",
        "followers_count": "25",
        "statuses_count": "4179",
        "verified": 0,
        "user_created_at": "2019-09-09",
        "has_description": 0,
        "parent": "4526601499758817"
    },
    {
        "mid": "4527373796771133",
        "has_multimedia": 0,
        "comments_count": 0,
        "reposts_count": 0,
        "attitudes_count": 0,
        "t": "1594893489000",
        "text": "转发微博",
        "uid": "1925672077/",
        "followers_count": "109",
        "statuses_count": "391",
        "verified": 0,
        "user_created_at": "2011-01-18",
        "has_description": 0,
        "parent": "4526511081812327"
    }
]