[
    {
        "mid": "4526495131557678",
        "has_multimedia": 1,
        "comments_count": 213,
        "reposts_count": 164,
        "attitudes_count": 815,
        "t": "1594684000000",
        "text": "【#中小学开启暑假模式#，“神兽”又出笼！家长：让我缓缓】“什么时候开学”的讨论刚结束，一些地方的中小学生已经开始了暑假。“神兽们”好像只是寒假和暑假中间抽空去了趟学校。暑期来临，要防溺水、防疫情，#教育部建议暑假不进行长途旅行#。这个暑假，你想咋过？（中新网）O中小学陆续开启暑假模式 多地假期时间“缩水”",
        "uid": "2286908003/",
        "followers_count": "76206126",
        "statuses_count": "178613",
        "verified": 1,
        "has_description": 1,
        "parent": "0",
        "user_created_at": "2011-08-05"
    },
    {
        "mid": "4526534209347122",
        "has_multimedia": 1,
        "comments_count": 0,
        "reposts_count": 19,
        "attitudes_count": 4,
        "t": "1594693317000",
        "text": "#中小学开启暑假模式#，“神兽”又出笼！家长：让我缓缓",
        "uid": "1919688583/",
        "followers_count": "1888932",
        "statuses_count": "22944",
        "verified": 1,
        "has_description": 1,
        "parent": "4526495131557678",
        "user_created_at": "2012-01-01"
    },
    {
        "mid": "4527391793747671",
        "has_multimedia": 1,
        "comments_count": 0,
        "reposts_count": 0,
        "attitudes_count": 0,
        "t": "1594897781000",
        "text": "//@长三角铁路:#中小学开启暑假模式#，“神兽”又出笼！家长：让我缓缓",
        "uid": "7414858151/",
        "followers_count": "526",
        "statuses_count": "10014",
        "verified": 0,
        "user_created_at": "2020-03-18",
        "has_description": 0,
        "parent": "4526534209347122"
    },
    {
        "mid": "4527085492898144",
        "has_multimedia": 1,
        "comments_count": 0,
        "reposts_count": 0,
        "attitudes_count": 0,
        "t": "1594824752000",
        "text": "//@长三角铁路:#中小学开启暑假模式#，“神兽”又出笼！家长：让我缓缓",
        "uid": "1424450791/",
        "followers_count": "360",
        "statuses_count": "193327",
        "verified": 0,
        "user_created_at": "2010-08-26",
        "has_description": 0,
        "parent": "4526534209347122"
    },
    {
        "mid": "4526732638151770",
        "has_multimedia": 1,
        "comments_count": 0,
        "reposts_count": 19,
        "attitudes_count": 4,
        "t": "1594693260000",
        "text": "#中小学开启暑假模式#，“神兽”又出笼！家长：让我缓缓",
        "uid": "2762037523/",
        "followers_count": "77",
        "statuses_count": "817",
        "verified": 0,
        "user_created_at": "2012-12-06",
        "has_description": 0,
        "parent": "4526534209347122"
    },
    {
        "mid": "4528000383587795",
        "has_multimedia": 1,
        "comments_count": 0,
        "reposts_count": 0,
        "attitudes_count": 0,
        "t": "1595042880000",
        "text": "",
        "uid": "2488354987/",
        "followers_count": "85338",
        "statuses_count": "8192",
        "verified": 1,
        "has_description": 1,
        "parent": "4526495131557678",
        "user_created_at": "2011-11-23"
    },
    {
        "mid": "4528000236781924",
        "has_multimedia": 1,
        "comments_count": 0,
        "reposts_count": 0,
        "attitudes_count": 0,
        "t": "1595042843000",
        "text": "转发微博",
        "uid": "2487588285/",
        "followers_count": "7680",
        "statuses_count": "6499",
        "verified": 1,
        "has_description": 1,
        "parent": "4526495131557678",
        "user_created_at": "2011-11-23"
    }
]