[
    {
        "mid": "4526511258090014",
        "has_multimedia": 1,
        "comments_count": 338,
        "reposts_count": 111,
        "attitudes_count": 3703,
        "t": "1594687845000",
        "text": "写东西时长点心吧 ​​​​",
        "uid": "1842706721/",
        "followers_count": "2713934",
        "statuses_count": "27492",
        "verified": 1,
        "user_created_at": "2011-07-23",
        "has_description": 1,
        "parent": "0"
    },
    {
        "mid": "4526512709556299",
        "has_multimedia": 1,
        "comments_count": 14,
        "reposts_count": 44,
        "attitudes_count": 18,
        "t": "1594688191000",
        "text": "榨汁……",
        "uid": "6394742569/",
        "followers_count": "377450",
        "statuses_count": "56661",
        "verified": 1,
        "user_created_at": "2017-10-26",
        "has_description": 1,
        "parent": "4526511258090014"
    },
    {
        "mid": "4526624199207910",
        "has_multimedia": 1,
        "comments_count": 0,
        "reposts_count": 0,
        "attitudes_count": 0,
        "t": "1594714772000",
        "text": "……//@斯巴达熊喵 ://@Bright0574 :可怕…… //@庄生晓梦V3 : 全员锁血//@叔大奥尼 : 牛逼……这是大象吧？//@克羅迪厄斯柒世 : 榨汁……",
        "uid": "3848407571/",
        "followers_count": "102",
        "statuses_count": "25513",
        "verified": 0,
        "user_created_at": "2013-10-11",
        "has_description": 1,
        "parent": "4526512709556299"
    },
    {
        "mid": "4526593446506730",
        "has_multimedia": 1,
        "comments_count": 0,
        "reposts_count": 2,
        "attitudes_count": 0,
        "t": "1594694400000",
        "text": "编辑和记者都缺个东西，那东西叫脑子//@拒霜的围脖://@克羅迪厄斯柒世:榨汁……",
        "uid": "5385166833/",
        "followers_count": "82",
        "statuses_count": "16349",
        "verified": 0,
        "user_created_at": "2014-11-23",
        "has_description": 1,
        "parent": "4526512709556299"
    },
    {
        "mid": "4526590229067866",
        "has_multimedia": 1,
        "comments_count": 0,
        "reposts_count": 0,
        "attitudes_count": 0,
        "t": "1594706673000",
        "text": "//@格式君的书架:一个人也没一吨啊//@嗜肉菌:吨吨吨，小编没有脑子//@織式_:xs//@油井_乌戈国国主兀突骨II:....？//@Bright0574:可怕…… //@庄生晓梦V3: 全员锁血//@叔大奥尼: 牛逼……这是大象吧？//@克羅迪厄斯柒世: 榨汁……",
        "uid": "6673312488/",
        "followers_count": "114",
        "statuses_count": "3762",
        "verified": 0,
        "user_created_at": "2018-08-31",
        "has_description": 1,
        "parent": "4526512709556299"
    },
    {
        "mid": "4526939115200206",
        "has_multimedia": 1,
        "comments_count": 0,
        "reposts_count": 0,
        "attitudes_count": 0,
        "t": "1594789854000",
        "text": "🐮🍺//@半条命老鸟:根据人体血液密度1.05Kg/L计算，5.1万吨血液约为4.8万升，健康成人体内血液约为3.8~5.6升，这么算下来大概直接抽干了867万人",
        "uid": "2886413274/",
        "followers_count": "98",
        "statuses_count": "925",
        "verified": 0,
        "user_created_at": "2012-08-02",
        "has_description": 1,
        "parent": "4526511258090014"
    }
]