[
    {
        "mid": "4526511548038539",
        "has_multimedia": 1,
        "comments_count": 199,
        "reposts_count": 24,
        "attitudes_count": 952,
        "t": "1594687914000",
        "text": "但愿威少没事。我不看马赛克的比赛，不关心他们的成绩，可我盼着威少爷和一直没有露面的胡子没事。两天之前，德克萨斯日增确诊一万人。想想就可怕。 ​​​​",
        "uid": "1548464785/",
        "followers_count": "4311562",
        "statuses_count": "16056",
        "verified": 1,
        "user_created_at": "2009-08-28",
        "has_description": 1,
        "parent": "0"
    },
    {
        "mid": "4526600765227847",
        "has_multimedia": 1,
        "comments_count": 0,
        "reposts_count": 0,
        "attitudes_count": 0,
        "t": "1594709185000",
        "text": "转发微博",
        "uid": "1947991185/",
        "followers_count": "343",
        "statuses_count": "729",
        "verified": 1,
        "user_created_at": "2011-02-02",
        "has_description": 0,
        "parent": "4526511548038539"
    },
    {
        "mid": "4526573925393977",
        "has_multimedia": 1,
        "comments_count": 0,
        "reposts_count": 0,
        "attitudes_count": 0,
        "t": "1594702786000",
        "text": "大胡子一定不要出事，还有猛男一定要尽快康复啊",
        "uid": "6471910749/",
        "followers_count": "8",
        "statuses_count": "47",
        "verified": 0,
        "user_created_at": "2018-01-27",
        "has_description": 0,
        "parent": "4526511548038539"
    },
    {
        "mid": "4526556440341180",
        "has_multimedia": 1,
        "comments_count": 0,
        "reposts_count": 0,
        "attitudes_count": 1,
        "t": "1594698617000",
        "text": "但愿大家都是健康的！",
        "uid": "7480885021/",
        "followers_count": "1",
        "statuses_count": "2",
        "verified": 0,
        "user_created_at": "2020-07-13",
        "has_description": 0,
        "parent": "4526511548038539"
    }
]