[
    {
        "mid": "4526513531354289",
        "has_multimedia": 1,
        "comments_count": 171,
        "reposts_count": 135,
        "attitudes_count": 2099,
        "t": "1594688387000",
        "text": "#李易峰维权案胜诉# 李易峰考虑对方实际经济情况，不要求赔偿，只要求手写道歉信。希望都能文明上网。 ​​​​",
        "uid": "6511184518/",
        "followers_count": "3475939",
        "statuses_count": "14535",
        "verified": 1,
        "user_created_at": "2018-03-22",
        "has_description": 1,
        "parent": "0"
    },
    {
        "mid": "4526878201169397",
        "has_multimedia": 1,
        "comments_count": 0,
        "reposts_count": 0,
        "attitudes_count": 0,
        "t": "1594775331000",
        "text": "转发微博",
        "uid": "6356408556/",
        "followers_count": "91",
        "statuses_count": "1768",
        "verified": 1,
        "user_created_at": "2017-08-29",
        "has_description": 1,
        "parent": "4526513531354289"
    },
    {
        "mid": "4526592195894349",
        "has_multimedia": 1,
        "comments_count": 0,
        "reposts_count": 0,
        "attitudes_count": 0,
        "t": "1594707141000",
        "text": "所以我选择了警校。是因为我爱的人太善良，很多时候只能我们来做白脸",
        "uid": "6866107668/",
        "followers_count": "49",
        "statuses_count": "984",
        "verified": 0,
        "user_created_at": "2018-11-26",
        "has_description": 1,
        "parent": "4526513531354289"
    },
    {
        "mid": "4526578664679720",
        "has_multimedia": 1,
        "comments_count": 0,
        "reposts_count": 0,
        "attitudes_count": 0,
        "t": "1594703916000",
        "text": "转发微博",
        "uid": "6083147243/",
        "followers_count": "150",
        "statuses_count": "26622",
        "verified": 0,
        "user_created_at": "2016-12-06",
        "has_description": 0,
        "parent": "4526513531354289"
    }
]