[
    {
        "mid": "4526498503953455",
        "has_multimedia": 1,
        "comments_count": 1367,
        "reposts_count": 1377,
        "attitudes_count": 23179,
        "t": "1594684803000",
        "text": "置顶\n                                                                                                                        【抗洪“国家队”来了！#东部战区陆军某舟桥旅驰援九江#】江西汛情告急！7月13日下午，东部战区陆军某舟桥旅400多名官兵闻令而动，作为先遣整装出发，驰援江西九江庐山！该舟桥旅常年鏖战长江流域，战时架通长江、平时抢险救灾，号称\"国家级抗洪抢险专业部队\"！目前部队已抵达。#南方多地上调防汛应急响应级别# #东部战区多支部队驰援江西抗洪# L荔直播的秒拍视频",
        "uid": "1301904252/",
        "followers_count": "3933442",
        "statuses_count": "130243",
        "verified": 1,
        "has_description": 1,
        "parent": "0",
        "user_created_at": "2009-09-25"
    },
    {
        "mid": "4526994609508633",
        "has_multimedia": 1,
        "comments_count": 0,
        "reposts_count": 0,
        "attitudes_count": 0,
        "t": "1594803085000",
        "text": "致敬最美逆行者#最美逆行者#",
        "uid": "7271298293/",
        "followers_count": "4729",
        "statuses_count": "3347",
        "verified": 1,
        "user_created_at": "2019-08-03",
        "has_description": 1,
        "parent": "4526498503953455"
    },
    {
        "mid": "4526988801185946",
        "has_multimedia": 1,
        "comments_count": 0,
        "reposts_count": 0,
        "attitudes_count": 0,
        "t": "1594801700000",
        "text": "加油！辛苦了。",
        "uid": "1634441890/",
        "followers_count": "145",
        "statuses_count": "169",
        "verified": 0,
        "user_created_at": "2011-03-12",
        "has_description": 1,
        "parent": "4526498503953455"
    },
    {
        "mid": "4526955775756432",
        "has_multimedia": 1,
        "comments_count": 0,
        "reposts_count": 0,
        "attitudes_count": 0,
        "t": "1594793825000",
        "text": "加油，中国",
        "uid": "5977872592/",
        "followers_count": "38",
        "statuses_count": "114",
        "verified": 1,
        "has_description": 1,
        "parent": "4526498503953455",
        "user_created_at": "2016-07-07"
    },
    {
        "mid": "4526953372420210",
        "has_multimedia": 1,
        "comments_count": 218,
        "reposts_count": 57,
        "attitudes_count": 3971,
        "t": "1594701300000",
        "text": "欢迎子弟兵来到我家乡！",
        "uid": "7279880126/",
        "followers_count": "19",
        "statuses_count": "804",
        "verified": 0,
        "user_created_at": "2019-08-12",
        "has_description": 0,
        "parent": "4526498503953455"
    },
    {
        "mid": "4526919003769379",
        "has_multimedia": 1,
        "comments_count": 0,
        "reposts_count": 0,
        "attitudes_count": 2,
        "t": "1594785058000",
        "text": "老公我看到你了，平安回来！",
        "uid": "1755296367/",
        "followers_count": "293",
        "statuses_count": "1126",
        "verified": 0,
        "user_created_at": "2010-06-10",
        "has_description": 1,
        "parent": "4526498503953455"
    },
    {
        "mid": "4526892680582405",
        "has_multimedia": 1,
        "comments_count": 0,
        "reposts_count": 0,
        "attitudes_count": 0,
        "t": "1594778782000",
        "text": "嘿嘿嘿，这个队伍在南京同学在里边当士官有幸去过一次",
        "uid": "2340219525/",
        "followers_count": "163",
        "statuses_count": "526",
        "verified": 0,
        "user_created_at": "2011-09-02",
        "has_description": 1,
        "parent": "4526498503953455"
    },
    {
        "mid": "4526891677766587",
        "has_multimedia": 1,
        "comments_count": 218,
        "reposts_count": 57,
        "attitudes_count": 3971,
        "t": "1594701300000",
        "text": "欢迎子弟兵来到我家乡！",
        "uid": "5139715032/",
        "followers_count": "45",
        "statuses_count": "592",
        "verified": 0,
        "user_created_at": "2014-05-16",
        "has_description": 1,
        "parent": "4526498503953455"
    }
]