[
    {
        "mid": "4526498503546013",
        "has_multimedia": 1,
        "comments_count": 399,
        "reposts_count": 2728,
        "attitudes_count": 3942,
        "t": "1594684804000",
        "text": "【#没钱也要住得好# 】90后的广州女生Vee仔和Mayden，免费帮刚毕业工作的年轻人改造出租屋，人称“五金少女”。她们坚持“低价、2天内完成、不破坏出租屋”的理念，成本最低也就三四千，有屋主看到改造后的家感动流泪。今天，就跟着一条君来看看@租房五金少女 的神奇改造！ L一条的微博视频 ​​​​",
        "uid": "5135808743/",
        "followers_count": "10049200",
        "statuses_count": "8156",
        "verified": 1,
        "user_created_at": "2014-05-08",
        "has_description": 1,
        "parent": "0"
    },
    {
        "mid": "4526541877508219",
        "has_multimedia": 1,
        "comments_count": 154,
        "reposts_count": 430,
        "attitudes_count": 933,
        "t": "1594695144000",
        "text": "感谢一条君给了我们这次分享故事的机会，我们会继续冲冲冲，给大家带来更多租房改造干货✨",
        "uid": "1800268221/",
        "followers_count": "414888",
        "statuses_count": "185",
        "verified": 1,
        "user_created_at": "2010-08-22",
        "has_description": 1,
        "parent": "4526498503546013"
    },
    {
        "mid": "4527409833449215",
        "has_multimedia": 1,
        "comments_count": 2,
        "reposts_count": 81,
        "attitudes_count": 20,
        "t": "1594716480000",
        "text": "//@沐非:我转过一次的再转一下吧。我自己很喜欢看，每期都追，不是广告//@故园湾里:超厉害//@腐格格:喜欢看租房改造//@租房五金少女:感谢一条君给了我们这次分享故事的机会，我们会继续冲冲冲，给大家带来更多租房改造干货✨",
        "uid": "6316816957/",
        "followers_count": "23",
        "statuses_count": "438",
        "verified": 0,
        "user_created_at": "2017-08-04",
        "has_description": 1,
        "parent": "4526541877508219"
    },
    {
        "mid": "4527409293174502",
        "has_multimedia": 1,
        "comments_count": 0,
        "reposts_count": 0,
        "attitudes_count": 0,
        "t": "1594901953000",
        "text": "//@李子的围脖://@沐非:我转过一次的再转一下吧。我自己很喜欢看，每期都追，不是广告//@故园湾里:超厉害//@腐格格:喜欢看租房改造//@租房五金少女:感谢一条君给了我们这次分享故事的机会，我们会继续冲冲冲，给大家带来更多租房改造干货✨",
        "uid": "1685256883/",
        "followers_count": "563",
        "statuses_count": "113773",
        "verified": 0,
        "user_created_at": "2012-07-23",
        "has_description": 1,
        "parent": "4526541877508219"
    },
    {
        "mid": "4527323523588360",
        "has_multimedia": 1,
        "comments_count": 154,
        "reposts_count": 430,
        "attitudes_count": 933,
        "t": "1594695120000",
        "text": "感谢一条君给了我们这次分享故事的机会，我们会继续冲冲冲，给大家带来更多租房改造干货✨",
        "uid": "5526916911/",
        "followers_count": "201",
        "statuses_count": "2035",
        "verified": 0,
        "user_created_at": "2015-02-18",
        "has_description": 1,
        "parent": "4526541877508219"
    },
    {
        "mid": "4527289498342407",
        "has_multimedia": 1,
        "comments_count": 19,
        "reposts_count": 89,
        "attitudes_count": 124,
        "t": "1594873391000",
        "text": "做得不错，审美确实很值钱。//@租房五金少女：感谢一条君给了我们这次分享故事的机会，我们会继续冲冲冲，给大家带来更多租房改造干货✨",
        "uid": "6296239479/",
        "followers_count": "213986",
        "statuses_count": "5507",
        "verified": 0,
        "user_created_at": "2017-06-24",
        "has_description": 1,
        "parent": "4526498503546013"
    },
    {
        "mid": "4527468091803053",
        "has_multimedia": 1,
        "comments_count": 19,
        "reposts_count": 89,
        "attitudes_count": 124,
        "t": "1594873380000",
        "text": "做得不错，审美确实很值钱。//@租房五金少女：感谢一条君给了我们这次分享故事的机会，我们会继续冲冲冲，给大家带来更多租房改造干货✨",
        "uid": "3735143581/",
        "followers_count": "121",
        "statuses_count": "820",
        "verified": 0,
        "user_created_at": "2013-08-22",
        "has_description": 1,
        "parent": "4527289498342407"
    },
    {
        "mid": "4527466704281092",
        "has_multimedia": 1,
        "comments_count": 19,
        "reposts_count": 89,
        "attitudes_count": 124,
        "t": "1594873380000",
        "text": "做得不错，审美确实很值钱。//@租房五金少女：感谢一条君给了我们这次分享故事的机会，我们会继续冲冲冲，给大家带来更多租房改造干货✨",
        "uid": "2468769837/",
        "followers_count": "201",
        "statuses_count": "4454",
        "verified": 0,
        "user_created_at": "2011-11-16",
        "has_description": 0,
        "parent": "4527289498342407"
    },
    {
        "mid": "4527447905408003",
        "has_multimedia": 1,
        "comments_count": 0,
        "reposts_count": 0,
        "attitudes_count": 0,
        "t": "1594911158000",
        "text": "//@金子jojo:其实，跨界真是可以创造出很大的火花。//@租房五金少女：感谢一条君给了我们这次分享故事的机会，我们会继续冲冲冲，给大家带来更多租房改造干货✨",
        "uid": "7336799513/",
        "followers_count": "21",
        "statuses_count": "826",
        "verified": 0,
        "user_created_at": "2019-11-13",
        "has_description": 0,
        "parent": "4527289498342407"
    },
    {
        "mid": "4526625020884013",
        "has_multimedia": 1,
        "comments_count": 53,
        "reposts_count": 39,
        "attitudes_count": 342,
        "t": "1594714967000",
        "text": "👍👍👍",
        "uid": "1849720980/",
        "followers_count": "429213",
        "statuses_count": "10511",
        "verified": 0,
        "user_created_at": "2010-10-11",
        "has_description": 1,
        "parent": "4526498503546013"
    },
    {
        "mid": "4527243672164050",
        "has_multimedia": 1,
        "comments_count": 0,
        "reposts_count": 1,
        "attitudes_count": 0,
        "t": "1594829520000",
        "text": "哇哇哇好棒啊！以后都想找她们布置家居了//@宇賀神K:👍👍👍",
        "uid": "2481744761/",
        "followers_count": "391",
        "statuses_count": "5534",
        "verified": 0,
        "user_created_at": "2012-01-10",
        "has_description": 1,
        "parent": "4526625020884013"
    },
    {
        "mid": "4527105616131110",
        "has_multimedia": 1,
        "comments_count": 0,
        "reposts_count": 1,
        "attitudes_count": 0,
        "t": "1594829551000",
        "text": "哇哇哇好棒啊！以后都想找她们布置家居了//@宇賀神K:👍👍👍",
        "uid": "2412615932/",
        "followers_count": "300",
        "statuses_count": "27015",
        "verified": 0,
        "user_created_at": "2011-09-20",
        "has_description": 1,
        "parent": "4526625020884013"
    },
    {
        "mid": "4527034225493767",
        "has_multimedia": 1,
        "comments_count": 53,
        "reposts_count": 39,
        "attitudes_count": 342,
        "t": "1594714920000",
        "text": "👍👍👍",
        "uid": "1889709012/",
        "followers_count": "338",
        "statuses_count": "5545",
        "verified": 0,
        "user_created_at": "2010-12-06",
        "has_description": 0,
        "parent": "4526625020884013"
    }
]