[
    {
        "mid": "4526498503238444",
        "has_multimedia": 1,
        "comments_count": 671,
        "reposts_count": 1890,
        "attitudes_count": 3278,
        "t": "1594684804000",
        "text": "#救在壹线##驰援南方洪灾#壹基金联合救灾伙伴鄱阳县一起爱公益协会志愿者从鄱阳出发，乘坐皮划艇前往油墩街镇受淹村庄大港村运送物资志愿者搬运物资, 并前往昌洲乡、古县渡镇、双港镇发放粮油、救灾温暖箱等物资。壹基金联合救灾伙伴红十字瓷都救援队志愿者在研判灾情、发放物资和防疫消杀之外，还帮助周家村数名老人，将家用电器搬运到安全场所，并应村里要求将老人们转移到鄱阳县城，寻找家属投亲靠友，为奋斗在一线伙伴点赞！@微公益 @微博区域热点@头条新闻",
        "uid": "1659626844/",
        "followers_count": "2199968",
        "statuses_count": "11187",
        "verified": 1,
        "has_description": 1,
        "parent": "0",
        "user_created_at": "2009-11-09"
    },
    {
        "mid": "4526631051600473",
        "has_multimedia": 1,
        "comments_count": 9,
        "reposts_count": 19,
        "attitudes_count": 171,
        "t": "1594716406000",
        "text": "#公益救援在行动# #防汛救援第一线# @壹基金 联合救灾伙伴奔赴江西多地救援一线。",
        "uid": "2089358175/",
        "followers_count": "18454592",
        "statuses_count": "17511",
        "verified": 1,
        "has_description": 1,
        "parent": "4526498503238444",
        "user_created_at": "2011-04-15"
    },
    {
        "mid": "4526942847866641",
        "has_multimedia": 1,
        "comments_count": 0,
        "reposts_count": 0,
        "attitudes_count": 0,
        "t": "1594790743000",
        "text": "//@微公益:#公益救援在行动# #防汛救援第一线# @壹基金 联合救灾伙伴奔赴江西多地救援一线。",
        "uid": "7463204175/",
        "verified": 0,
        "user_created_at": "2020-06-25",
        "has_description": 1,
        "parent": "4526631051600473",
        "followers_count": "14",
        "statuses_count": "305"
    },
    {
        "mid": "4526936841882572",
        "has_multimedia": 1,
        "comments_count": 0,
        "reposts_count": 0,
        "attitudes_count": 0,
        "t": "1594789311000",
        "text": "//@微公益:#公益救援在行动# #防汛救援第一线# @壹基金 联合救灾伙伴奔赴江西多地救援一线。",
        "uid": "6280563877/",
        "followers_count": "31",
        "statuses_count": "388",
        "verified": 0,
        "user_created_at": "2017-06-14",
        "has_description": 0,
        "parent": "4526631051600473"
    },
    {
        "mid": "4526914947333960",
        "has_multimedia": 1,
        "comments_count": 9,
        "reposts_count": 19,
        "attitudes_count": 171,
        "t": "1594716360000",
        "text": "#公益救援在行动# #防汛救援第一线# @壹基金 联合救灾伙伴奔赴江西多地救援一线。",
        "uid": "2734688751/",
        "followers_count": "241",
        "statuses_count": "2361",
        "verified": 0,
        "user_created_at": "2012-04-24",
        "has_description": 0,
        "parent": "4526631051600473"
    },
    {
        "mid": "4527343588611713",
        "has_multimedia": 1,
        "comments_count": 0,
        "reposts_count": 0,
        "attitudes_count": 0,
        "t": "1594886288000",
        "text": "转发微博",
        "uid": "7443564876/",
        "followers_count": "2",
        "statuses_count": "43",
        "verified": 0,
        "user_created_at": "2020-04-27",
        "has_description": 1,
        "parent": "4526498503238444"
    },
    {
        "mid": "4527341026674878",
        "has_multimedia": 1,
        "comments_count": 0,
        "reposts_count": 0,
        "attitudes_count": 0,
        "t": "1594885676000",
        "text": "转发微博",
        "uid": "7443080502/",
        "followers_count": "2",
        "statuses_count": "50",
        "verified": 0,
        "user_created_at": "2020-04-26",
        "has_description": 1,
        "parent": "4526498503238444"
    }
]