[
    {
        "mid": "4526515717114387",
        "has_multimedia": 1,
        "comments_count": 268,
        "reposts_count": 300,
        "attitudes_count": 2317,
        "t": "1594688908000",
        "text": "来看萝莉姐妹科学家，富二代、官二代占据各种优质资源后，学二代终于找到新的路径开启了新的模式。 ​​​​",
        "uid": "3764674343/",
        "followers_count": "1549699",
        "statuses_count": "10268",
        "verified": 1,
        "user_created_at": "2013-09-02",
        "has_description": 1,
        "parent": "0"
    },
    {
        "mid": "4526517101489932",
        "has_multimedia": 1,
        "comments_count": 0,
        "reposts_count": 33,
        "attitudes_count": 6,
        "t": "1594689238000",
        "text": "学术的严肃性呢",
        "uid": "3821861152/",
        "followers_count": "123214",
        "statuses_count": "9744",
        "verified": 1,
        "user_created_at": "2013-09-29",
        "has_description": 1,
        "parent": "4526515717114387"
    },
    {
        "mid": "4526746081083543",
        "has_multimedia": 1,
        "comments_count": 22,
        "reposts_count": 5,
        "attitudes_count": 20,
        "t": "1594691520000",
        "text": "→_→//@小儿内分泌林医生:一只裸鼠100左右，但是她们这一个组是7只老鼠，设定不同剂量的治疗组（30mg的治疗剂量不会凭空得来），一次实验结果也证明不了问题，需要重复3遍以上，还有饲养过程中死亡的损耗，所以光裸鼠最起码得100只。//@hi多美:不懂就问，裸鼠很贵？",
        "uid": "1715296062/",
        "followers_count": "366",
        "statuses_count": "3497",
        "verified": 0,
        "user_created_at": "2010-03-21",
        "has_description": 1,
        "parent": "4526517101489932"
    },
    {
        "mid": "4526700798523039",
        "has_multimedia": 1,
        "comments_count": 0,
        "reposts_count": 0,
        "attitudes_count": 0,
        "t": "1594733034000",
        "text": "//@小儿内分泌林医生: 裸鼠给小学生上手做实验？？单凭这一条我就觉得贫穷限制了我的想象//@凌晨刚醒:需要严肃的查一下//@北京Fund:学术的严肃性呢",
        "uid": "1949315370/",
        "followers_count": "62",
        "statuses_count": "231",
        "verified": 0,
        "user_created_at": "2011-03-18",
        "has_description": 0,
        "parent": "4526517101489932"
    },
    {
        "mid": "4526586823019631",
        "has_multimedia": 1,
        "comments_count": 0,
        "reposts_count": 0,
        "attitudes_count": 0,
        "t": "1594705861000",
        "text": "//@绝不咕咕脸鸽鸽:。。。。。。。//@妖公_Yakoo:输了 输了//@奥特虾不会写代码:真 后浪//@凌晨刚醒: 需要严肃的查一下//@北京Fund:学术的严肃性呢",
        "uid": "3554792937/",
        "followers_count": "2301",
        "statuses_count": "15560",
        "verified": 0,
        "user_created_at": "2013-07-15",
        "has_description": 1,
        "parent": "4526517101489932"
    },
    {
        "mid": "4526583614813912",
        "has_multimedia": 1,
        "comments_count": 26,
        "reposts_count": 21,
        "attitudes_count": 68,
        "t": "1594705096000",
        "text": "身为教授、研究员的父母，给自己子女写文章，由后者去发表，借此获得保送、推免等优势地位，是典型的学术腐败（滥权），但在刑法上难以成立犯罪。实践中还曾发生过官二代在父母的操办之下，12岁当警察、11岁参加工作等奇葩案例。#老蔡点评刑法最新热点案例#",
        "uid": "1824015157/",
        "followers_count": "970774",
        "statuses_count": "18683",
        "verified": 1,
        "user_created_at": "2010-09-26",
        "has_description": 1,
        "parent": "4526515717114387"
    },
    {
        "mid": "4526944479451783",
        "has_multimedia": 1,
        "comments_count": 26,
        "reposts_count": 21,
        "attitudes_count": 68,
        "t": "1594705080000",
        "text": "身为教授、研究员的父母，给自己子女写文章，由后者去发表，借此获得保送、推免等优势地位，是典型的学术腐败（滥权），但在刑法上难以成立犯罪。实践中还曾发生过官二代在父母的操办之下，12岁当警察、11岁参加工作等奇葩案例。#老蔡点评刑法最新热点案例#",
        "uid": "5324928002/",
        "followers_count": "962",
        "statuses_count": "15502",
        "verified": 1,
        "user_created_at": "2014-10-10",
        "has_description": 1,
        "parent": "4526583614813912"
    },
    {
        "mid": "4526905150233551",
        "has_multimedia": 1,
        "comments_count": 0,
        "reposts_count": 0,
        "attitudes_count": 0,
        "t": "1594781756000",
        "text": "//@蔡雅奇刑法:身为教授、研究员的父母，给自己子女写文章，由后者去发表，借此获得保送、推免等优势地位，是典型的学术腐败（滥权），但在刑法上难以成立犯罪。实践中还曾发生过官二代在父母的操办之下，12岁当警察、11岁参加工作等奇葩案例。#老蔡点评刑法最新热点案例#",
        "uid": "6100078946/",
        "followers_count": "248",
        "statuses_count": "9373",
        "verified": 0,
        "user_created_at": "2017-01-03",
        "has_description": 0,
        "parent": "4526583614813912"
    },
    {
        "mid": "4526711540631249",
        "has_multimedia": 1,
        "comments_count": 0,
        "reposts_count": 0,
        "attitudes_count": 0,
        "t": "1594735595000",
        "text": "郑云龙7北京户口事件还没人查，仝卓继父都被查个底掉，什么法律，都没权利好使//@蔡雅奇刑法:身为教授、研究员的父母，给自己子女写文章，由后者去发表，借此获得保送、推免等优势地位，是典型的学术腐败（滥权），但在刑法上难以成立犯罪。官二代在父母操办之下，12岁当警察、11岁参加工作等奇葩案",
        "uid": "6156863312/",
        "followers_count": "124",
        "statuses_count": "209",
        "verified": 0,
        "user_created_at": "2017-02-26",
        "has_description": 0,
        "parent": "4526583614813912"
    },
    {
        "mid": "4527600007386586",
        "has_multimedia": 1,
        "comments_count": 0,
        "reposts_count": 0,
        "attitudes_count": 0,
        "t": "1594947423000",
        "text": "回复@JM-1307夕雾:是的，现在幼儿园里搞亲子活动比如我们最近搞个石头创意画，很多都是家长代劳，搞得好的，然后就得奖了，家长水平不高或者参与少的就没得奖，这就是现实 越低龄家长参与越多",
        "uid": "5458028101/",
        "followers_count": "170",
        "statuses_count": "3133",
        "verified": 0,
        "user_created_at": "2015-03-13",
        "has_description": 1,
        "parent": "4526515717114387"
    }
]