[
    {
        "mid": "4526516468458557",
        "has_multimedia": 1,
        "comments_count": 159,
        "reposts_count": 8,
        "attitudes_count": 680,
        "t": "1594689087000",
        "text": "【#重庆# 一收费站回应救援队被收过路费 称需按文件先收再退】7月9日，重庆蓝天救援队3车救灾返程时，在万州五桥收费站被拦下收费，引发争议。救援队表示在重庆有过免费先例，但最终他们缴纳了496元过路费。五桥收费站负责人称要按文件因先交费，后办理退费，救援队则表示是事发后才知道这份文件。@一手Video L一手video的秒拍视频 2重庆",
        "uid": "1807932420/",
        "followers_count": "1093624",
        "statuses_count": "9818",
        "verified": 1,
        "user_created_at": "2010-09-07",
        "has_description": 1,
        "parent": "0"
    },
    {
        "mid": "4527578813306778",
        "has_multimedia": 1,
        "comments_count": 0,
        "reposts_count": 0,
        "attitudes_count": 0,
        "t": "1594942370000",
        "text": "一切都是心知肚明，tmd荒唐的借口。",
        "uid": "5614702901/",
        "followers_count": "134",
        "statuses_count": "738",
        "verified": 0,
        "user_created_at": "2015-05-23",
        "has_description": 0,
        "parent": "4526516468458557"
    },
    {
        "mid": "4527467019373003",
        "has_multimedia": 1,
        "comments_count": 0,
        "reposts_count": 0,
        "attitudes_count": 0,
        "t": "1594915715000",
        "text": "转发微博",
        "uid": "5390794199/",
        "followers_count": "5",
        "statuses_count": "6",
        "verified": 0,
        "user_created_at": "2014-11-27",
        "has_description": 0,
        "parent": "4526516468458557"
    },
    {
        "mid": "4526608176323422",
        "has_multimedia": 1,
        "comments_count": 0,
        "reposts_count": 0,
        "attitudes_count": 0,
        "t": "1594710952000",
        "text": "麻烦都听清楚，文件是第二天才到他们手中，国家有规定救灾车辆都是免费的，而且救援是不会等你把手续弄齐全在去救灾，所以说有些地方做事太机介了，在说重庆市都出证明了还不放行，这明显就是上有政策下有对策。",
        "uid": "5350266855/",
        "followers_count": "486",
        "statuses_count": "21632",
        "verified": 0,
        "user_created_at": "2014-11-01",
        "has_description": 1,
        "parent": "4526516468458557"
    }
]