[
    {
        "mid": "4526517088872386",
        "has_multimedia": 1,
        "comments_count": 235,
        "reposts_count": 35,
        "attitudes_count": 1564,
        "t": "1594689235000",
        "text": "【#中考前大爷大妈居民楼下跳广场舞#，领舞：这个地方能避风】7月12日，黑龙江佳木斯，距离中考还有两天，佳木斯一居民楼下被广场舞大爷大妈占领。楼上考生家长称，楼下声音太吵，希望大爷大妈能多考虑一下考生。大爷大妈则说，他们选择在这里跳舞是为了避风。@一手Video L一手video的秒拍视频 ​​​",
        "uid": "6004281123/",
        "followers_count": "22966641",
        "statuses_count": "68135",
        "verified": 1,
        "has_description": 1,
        "parent": "0",
        "user_created_at": "2016-08-16"
    },
    {
        "mid": "4527570655385658",
        "has_multimedia": 1,
        "comments_count": 0,
        "reposts_count": 0,
        "attitudes_count": 0,
        "t": "1594940425000",
        "text": "转发微博",
        "uid": "6124105382/",
        "followers_count": "25",
        "statuses_count": "2761",
        "verified": 0,
        "user_created_at": "2017-01-26",
        "has_description": 0,
        "parent": "4526517088872386"
    },
    {
        "mid": "4527472252552907",
        "has_multimedia": 1,
        "comments_count": 0,
        "reposts_count": 0,
        "attitudes_count": 0,
        "t": "1594916963000",
        "text": "//@简约蓝LL:一看就是都是自私自利的就想问你们家都没有孩子要考试的是么还是以后也不会考啊",
        "uid": "2547946725/",
        "followers_count": "671",
        "statuses_count": "136265",
        "verified": 0,
        "user_created_at": "2011-12-22",
        "has_description": 1,
        "parent": "4526517088872386"
    },
    {
        "mid": "4527472224502055",
        "has_multimedia": 1,
        "comments_count": 0,
        "reposts_count": 0,
        "attitudes_count": 0,
        "t": "1594916956000",
        "text": "//@花钿小妖:完全可以带耳机啊，干嘛要放出来//@one文龙:你们跳也行，但能TM关掉那该死的音响吗",
        "uid": "2547946725/",
        "followers_count": "671",
        "statuses_count": "136265",
        "verified": 0,
        "user_created_at": "2011-12-22",
        "has_description": 1,
        "parent": "4526517088872386"
    }
]