[
    {
        "mid": "4526501015334465",
        "has_multimedia": 1,
        "comments_count": 151,
        "reposts_count": 46,
        "attitudes_count": 382,
        "t": "1594685403000",
        "text": "【#警方通报湖南高校学生信息被冒用#】湖南文理学院学生身份信息被冒用事件发生后，常德市委市政府高度重视，要求迅速彻查、严肃处理。常德市公安局武陵分局第一时间介入调查，现将初步核查情况通报如下：1、湖南文理学院部分学生身份信息在市行政审批服务局系统数据批量上传导入过程中，发生被冒用的情况属实。2、现未发现湖南文理学院涉事学生身份信息被用于违法犯罪活动。3、公安机关正对身份信息被冒用的原因进行彻查，会同有关部门对问题数据开展清理整改，将对违法违规行为严肃追究责任。常德市公安局武陵分局2020年7月13日#湖南一高校多名学生信息被泄漏#",
        "uid": "2311694415/",
        "followers_count": "1505393",
        "statuses_count": "50876",
        "verified": 1,
        "has_description": 1,
        "parent": "0",
        "user_created_at": "2011-08-19"
    },
    {
        "mid": "4526707162380794",
        "has_multimedia": 1,
        "comments_count": 0,
        "reposts_count": 0,
        "attitudes_count": 0,
        "t": "1594734551000",
        "text": "如果没断手断脚，能不能干点正经事儿养活自己？贩卖信息很光荣吗？",
        "uid": "6240837695/",
        "followers_count": "3",
        "statuses_count": "11",
        "verified": 0,
        "user_created_at": "2017-05-09",
        "has_description": 1,
        "parent": "4526501015334465"
    },
    {
        "mid": "4526602941916402",
        "has_multimedia": 1,
        "comments_count": 0,
        "reposts_count": 0,
        "attitudes_count": 0,
        "t": "1594709703000",
        "text": "#警方证实湖南文理学院学生信息被冒用# @常德公安 @常德市人民政府",
        "uid": "2884088702/",
        "followers_count": "140",
        "statuses_count": "51",
        "verified": 0,
        "user_created_at": "2012-07-30",
        "has_description": 1,
        "parent": "4526501015334465"
    },
    {
        "mid": "4526592623364520",
        "has_multimedia": 1,
        "comments_count": 0,
        "reposts_count": 0,
        "attitudes_count": 1,
        "t": "1594707244000",
        "text": "转发微博",
        "uid": "3145193232/",
        "followers_count": "1566",
        "statuses_count": "1481",
        "verified": 0,
        "user_created_at": "2013-01-16",
        "has_description": 1,
        "parent": "4526501015334465"
    },
    {
        "mid": "4526573195957333",
        "has_multimedia": 1,
        "comments_count": 0,
        "reposts_count": 0,
        "attitudes_count": 0,
        "t": "1594702611000",
        "text": "严查事实真相是必须的 但是善后问题的处理也不可忽略 业务办理的记录能否取消 是否影响信息被泄露者的后续生活",
        "uid": "6068322899/",
        "followers_count": "12",
        "statuses_count": "4",
        "verified": 0,
        "user_created_at": "2016-11-13",
        "has_description": 0,
        "parent": "4526501015334465"
    },
    {
        "mid": "4526557366596429",
        "has_multimedia": 1,
        "comments_count": 0,
        "reposts_count": 0,
        "attitudes_count": 0,
        "t": "1594698837000",
        "text": "打脸.jpg",
        "uid": "6509476869/",
        "followers_count": "42",
        "statuses_count": "22",
        "verified": 0,
        "user_created_at": "2018-03-19",
        "has_description": 1,
        "parent": "4526501015334465"
    }
]