[
    {
        "mid": "4526501493511614",
        "has_multimedia": 1,
        "comments_count": 1838,
        "reposts_count": 349,
        "attitudes_count": 13167,
        "t": "1594685517000",
        "text": "【#父母趁3岁女儿睡着外出吃烧烤# 小女孩醒来后上街寻找反遭父母责备】7月13日凌晨，福建省南安市水头镇，有群众报警在马路上发现一个小女孩独自在行走，水头派出所民警立即赶往现场。民警询问小女孩后，将其安全送到家里。据了解，当晚，小女孩的父母亲看小女孩已经睡着，便出去吃烧烤。小女孩醒来后找不到爸妈，就自己跑到街上寻找，万幸被好心人看到后报警。 核查身份之后，民警将小女孩安全的交给孩子父母，并严肃对他们进行批评教育。L燃新闻的秒拍视频",
        "uid": "1618051664/",
        "followers_count": "80599412",
        "statuses_count": "186902",
        "verified": 1,
        "has_description": 1,
        "parent": "0",
        "user_created_at": "2009-08-28"
    },
    {
        "mid": "4526503151317788",
        "has_multimedia": 1,
        "comments_count": 0,
        "reposts_count": 31,
        "attitudes_count": 19,
        "t": "1594685911000",
        "text": "孩子长大了，他们还是要恬着张老脸对她大谈养育之恩：“当年爸妈养你啊，费老劲了，吃个烧烤都没时间呢。你还不赶紧报恩？”等国父母最擅长的，就是把义务说成天大的恩情。//@我爱闫大美:怎么就这么馋呢，一个人出去买打包回来吃不行吗？孩子倒了霉了，摊上这对儿傻缺爹妈",
        "uid": "1435431563/",
        "followers_count": "14693",
        "statuses_count": "27677",
        "verified": 1,
        "user_created_at": "2010-06-13",
        "has_description": 0,
        "parent": "4526501493511614"
    },
    {
        "mid": "4526660055471462",
        "has_multimedia": 1,
        "comments_count": 6,
        "reposts_count": 18,
        "attitudes_count": 11,
        "t": "1594696980000",
        "text": "又来了，评论又大把共情父母的，居然认为“有了孩子就不可以去吃烧烤”吗？呵呵，有人替你看下孩子，吃撑死了都没关系。严重怀疑，这对夫妻是故意的，目的就是希望孩子出意外死亡……//@宇宙尘埃2020:孩子长大了，他们还是要恬着张老脸对她大谈养育之恩：“当年爸妈养你啊，费老劲了，吃个烧烤都没时间",
        "uid": "7331886275/",
        "followers_count": "7",
        "statuses_count": "1580",
        "verified": 0,
        "user_created_at": "2019-11-03",
        "has_description": 0,
        "parent": "4526503151317788"
    },
    {
        "mid": "4526513444215324",
        "has_multimedia": 1,
        "comments_count": 18,
        "reposts_count": 23,
        "attitudes_count": 97,
        "t": "1594688366000",
        "text": "生了孩子就不能让幼小的孩子一个人在家，因为可能会随时出意外，父母还真就没有把孩子独自扔在家里吃烧烤的权利。这要在发达国家，这么干没准会被剥夺监护权//@一口蛋黄黄酥:为什么都在骂父母？生了小孩凌晨就不能出去吃烧烤了，谁知道小孩中途会醒还开门出来，父母唯一错的就是没锁死门。",
        "uid": "2590306201/",
        "followers_count": "154606",
        "statuses_count": "12996",
        "verified": 1,
        "user_created_at": "2012-01-15",
        "has_description": 1,
        "parent": "4526501493511614"
    },
    {
        "mid": "4526937325019339",
        "has_multimedia": 1,
        "comments_count": 0,
        "reposts_count": 0,
        "attitudes_count": 0,
        "t": "1594789427000",
        "text": "俩人一高兴，鱼水之欢生个孩子，生的时候也没问人家孩子愿不愿意来这个世界，人家来了，喊你一声爸爸妈妈，你总得为人家抗点什么吧？这半夜把孩子放家，不管你出去干什么，都不能单独扔人家在家啊，别说抗点什么了，这父母连孩子基本安全都保护不了。//@王人平",
        "uid": "3226249097/",
        "followers_count": "126",
        "statuses_count": "155",
        "verified": 0,
        "user_created_at": "2013-01-16",
        "has_description": 0,
        "parent": "4526513444215324"
    },
    {
        "mid": "4526927518735377",
        "has_multimedia": 1,
        "comments_count": 0,
        "reposts_count": 0,
        "attitudes_count": 0,
        "t": "1594787089000",
        "text": "//@王人平://@麦雨香衣:生了孩子就不能让幼小的孩子一个人在家，因为可能会随时出意外，父母还真就没有把孩子独自扔在家里吃烧烤的权利。这要在发达国家，这么干没准会被剥夺监护权//@一口蛋黄黄酥:为什么都在骂父母？生了小孩凌晨就不能出去吃烧烤了，谁知道小孩中途会醒还开门出来",
        "uid": "2404114455/",
        "followers_count": "186",
        "statuses_count": "1679",
        "verified": 0,
        "user_created_at": "2013-03-20",
        "has_description": 1,
        "parent": "4526513444215324"
    },
    {
        "mid": "4526893270901620",
        "has_multimedia": 1,
        "comments_count": 20,
        "reposts_count": 14,
        "attitudes_count": 36,
        "t": "1594763700000",
        "text": "//@麦雨香衣:生了孩子就不能让幼小的孩子一个人在家，因为可能会随时出意外，父母还真就没有把孩子独自扔在家里吃烧烤的权利。这要在发达国家，这么干没准会被剥夺监护权//@一口蛋黄黄酥:为什么都在骂父母？生了小孩凌晨就不能出去吃烧烤了，谁知道小孩中途会醒还开门出来",
        "uid": "2131911935/",
        "followers_count": "221",
        "statuses_count": "11844",
        "verified": 0,
        "user_created_at": "2011-05-13",
        "has_description": 1,
        "parent": "4526513444215324"
    },
    {
        "mid": "4526874623411293",
        "has_multimedia": 1,
        "comments_count": 0,
        "reposts_count": 0,
        "attitudes_count": 0,
        "t": "1594774477000",
        "text": "//@王人平://@麦雨香衣:生了孩子就不能让幼小的孩子一个人在家，因为可能会随时出意外，父母还真就没有把孩子独自扔在家里吃烧烤的权利。这要在发达国家，这么干没准会被剥夺监护权//@一口蛋黄黄酥:为什么都在骂父母？生了小孩凌晨就不能出去吃烧烤了，谁知道小孩中途会醒还开门出来",
        "uid": "1449452992/",
        "followers_count": "429",
        "statuses_count": "12972",
        "verified": 0,
        "user_created_at": "2010-07-19",
        "has_description": 0,
        "parent": "4526513444215324"
    },
    {
        "mid": "4526858764482764",
        "has_multimedia": 1,
        "comments_count": 0,
        "reposts_count": 0,
        "attitudes_count": 0,
        "t": "1594770697000",
        "text": "想起HK游玩，娃3岁半，大清早，我们打算酒店附近转转，于是打开对讲机，一个放床边，一个我们随身带上，出去溜达不久，对讲机里传了声音，哭着喊妈妈妈妈…我跟老公对视一下，就开始百米冲刺，还一边对着对讲机呼喊，不到一分钟，我们已经冲回房间了…冲进房间时，娃一边哭一边错愕得看着我们",
        "uid": "1752115767/",
        "followers_count": "410",
        "statuses_count": "6924",
        "verified": 0,
        "user_created_at": "2010-10-25",
        "has_description": 1,
        "parent": "4526513444215324"
    },
    {
        "mid": "4526857155113906",
        "has_multimedia": 1,
        "comments_count": 0,
        "reposts_count": 0,
        "attitudes_count": 0,
        "t": "1594770313000",
        "text": "//@王人平://@麦雨香衣:生了孩子就不能让幼小的孩子一个人在家，因为可能会随时出意外，父母还真就没有把孩子独自扔在家里吃烧烤的权利。这要在发达国家，这么干没准会被剥夺监护权",
        "uid": "1044103000/",
        "followers_count": "122",
        "statuses_count": "12512",
        "verified": 0,
        "user_created_at": "2011-04-29",
        "has_description": 1,
        "parent": "4526513444215324"
    },
    {
        "mid": "4526854448368332",
        "has_multimedia": 1,
        "comments_count": 20,
        "reposts_count": 14,
        "attitudes_count": 36,
        "t": "1594763700000",
        "text": "//@麦雨香衣:生了孩子就不能让幼小的孩子一个人在家，因为可能会随时出意外，父母还真就没有把孩子独自扔在家里吃烧烤的权利。这要在发达国家，这么干没准会被剥夺监护权//@一口蛋黄黄酥:为什么都在骂父母？生了小孩凌晨就不能出去吃烧烤了，谁知道小孩中途会醒还开门出来",
        "uid": "5365459281/",
        "followers_count": "36",
        "statuses_count": "2867",
        "verified": 0,
        "user_created_at": "2014-11-10",
        "has_description": 1,
        "parent": "4526513444215324"
    },
    {
        "mid": "4526851995253676",
        "has_multimedia": 1,
        "comments_count": 0,
        "reposts_count": 0,
        "attitudes_count": 0,
        "t": "1594769082000",
        "text": "//@王人平://@麦雨香衣:生了孩子就不能让幼小的孩子一个人在家，因为可能会随时出意外，父母还真就没有把孩子独自扔在家里吃烧烤的权利。这要在发达国家，这么干没准会被剥夺监护权//@一口蛋黄黄酥:为什么都在骂父母？生了小孩凌晨就不能出去吃烧烤了，谁知道小孩中途会醒还开门出来",
        "uid": "1674944967/",
        "followers_count": "2309",
        "statuses_count": "15735",
        "verified": 0,
        "user_created_at": "2009-12-26",
        "has_description": 1,
        "parent": "4526513444215324"
    },
    {
        "mid": "4527005184138448",
        "has_multimedia": 1,
        "comments_count": 0,
        "reposts_count": 0,
        "attitudes_count": 0,
        "t": "1594805606000",
        "text": "转发微博",
        "uid": "5577317948/",
        "followers_count": "10",
        "statuses_count": "45",
        "verified": 0,
        "user_created_at": "2015-04-01",
        "has_description": 1,
        "parent": "4526501493511614"
    },
    {
        "mid": "4527001031515694",
        "has_multimedia": 1,
        "comments_count": 0,
        "reposts_count": 0,
        "attitudes_count": 0,
        "t": "1594804616000",
        "text": "叫个外卖也可以解决//@王人平://@麦雨香衣:生了孩子就不能让幼小的孩子一个人在家，因为可能会随时出意外，父母还真就没有把孩子独自扔在家里吃烧烤的权利。这要在发达国家，这么干没准会被剥夺监护权//@一口蛋黄黄酥:为什么都在骂父母？生了小孩凌晨就不能出去吃烧烤了，谁知道小孩中途会醒还开门出来",
        "uid": "1738623613/",
        "followers_count": "2619",
        "statuses_count": "18871",
        "verified": 0,
        "user_created_at": "2010-05-07",
        "has_description": 1,
        "parent": "4526501493511614"
    },
    {
        "mid": "4527000842768948",
        "has_multimedia": 1,
        "comments_count": 0,
        "reposts_count": 0,
        "attitudes_count": 0,
        "t": "1594804571000",
        "text": "评论惊了，明白了那些出意外的娃娃咋回事了，脑残太多",
        "uid": "2691040561/",
        "followers_count": "352",
        "statuses_count": "1415",
        "verified": 0,
        "user_created_at": "2012-04-01",
        "has_description": 1,
        "parent": "4526501493511614"
    },
    {
        "mid": "4526992751430492",
        "has_multimedia": 1,
        "comments_count": 0,
        "reposts_count": 0,
        "attitudes_count": 0,
        "t": "1594802641000",
        "text": "转发微博",
        "uid": "3916794640/",
        "followers_count": "260",
        "statuses_count": "3079",
        "verified": 0,
        "user_created_at": "2014-01-15",
        "has_description": 1,
        "parent": "4526501493511614"
    },
    {
        "mid": "4526992445773918",
        "has_multimedia": 1,
        "comments_count": 0,
        "reposts_count": 0,
        "attitudes_count": 0,
        "t": "1594802569000",
        "text": "转发微博",
        "uid": "3916794640/",
        "followers_count": "260",
        "statuses_count": "3079",
        "verified": 0,
        "user_created_at": "2014-01-15",
        "has_description": 1,
        "parent": "4526501493511614"
    },
    {
        "mid": "4526989333074719",
        "has_multimedia": 1,
        "comments_count": 0,
        "reposts_count": 0,
        "attitudes_count": 0,
        "t": "1594801827000",
        "text": "//@王人平: //@麦雨香衣:生了孩子就不能让幼小的孩子一个人在家，因为可能会随时出意外，父母还真就没有把孩子独自扔在家里吃烧烤的权利。这要在发达国家，这么干没准会被剥夺监护权//@一口蛋黄黄酥:为什么都在骂父母？生了小孩凌晨就不能出去吃烧烤了，谁知道小孩中途会醒还开门出来",
        "uid": "1996558533/",
        "followers_count": "346",
        "statuses_count": "21214",
        "verified": 0,
        "user_created_at": "2011-02-28",
        "has_description": 0,
        "parent": "4526501493511614"
    },
    {
        "mid": "4526985865693504",
        "has_multimedia": 1,
        "comments_count": 0,
        "reposts_count": 0,
        "attitudes_count": 0,
        "t": "1594800999000",
        "text": "当父母的请长点心吧",
        "uid": "1706966007/",
        "followers_count": "101",
        "statuses_count": "1016",
        "verified": 0,
        "user_created_at": "2010-03-08",
        "has_description": 0,
        "parent": "4526501493511614"
    },
    {
        "mid": "4526985415856496",
        "has_multimedia": 1,
        "comments_count": 0,
        "reposts_count": 0,
        "attitudes_count": 0,
        "t": "1594800892000",
        "text": "不生了不生了",
        "uid": "3100286195/",
        "followers_count": "6989",
        "statuses_count": "4925",
        "verified": 0,
        "user_created_at": "2012-11-09",
        "has_description": 1,
        "parent": "4526501493511614"
    },
    {
        "mid": "4526985252540172",
        "has_multimedia": 1,
        "comments_count": 0,
        "reposts_count": 0,
        "attitudes_count": 0,
        "t": "1594800853000",
        "text": "转发微博",
        "uid": "6990715497/",
        "followers_count": "26",
        "statuses_count": "2413",
        "verified": 0,
        "user_created_at": "2019-02-10",
        "has_description": 0,
        "parent": "4526501493511614"
    }
]