[
    {
        "mid": "4526503554002345",
        "has_multimedia": 1,
        "comments_count": 620,
        "reposts_count": 661,
        "attitudes_count": 9126,
        "t": "1594686008000",
        "text": "【#青岛#三浴近海有鲸鱼出没】近日，一则鲸鱼出现在山东青岛近海的视频引发关注，据了解，视频拍摄于11日，系参加帆船赛的运动员偶然拍摄。都说林深时见鹿，海蓝时见鲸，青岛水质变好了，把鲸鱼也吸引来了。（观山东）#青岛三浴近海鲸鱼出没# 2青岛 L我爱青岛的微博视频 ​​​​",
        "uid": "2723835851/",
        "followers_count": "460496",
        "statuses_count": "12229",
        "verified": 1,
        "user_created_at": "2012-05-02",
        "has_description": 1,
        "parent": "0"
    },
    {
        "mid": "4526510838862528",
        "has_multimedia": 1,
        "comments_count": 18,
        "reposts_count": 20,
        "attitudes_count": 44,
        "t": "1594687745000",
        "text": "#青岛三浴近海鲸鱼出没#  林深时见鹿，海蓝时见鲸",
        "uid": "2878917511/",
        "followers_count": "197928",
        "statuses_count": "9005",
        "verified": 1,
        "user_created_at": "2012-07-09",
        "has_description": 1,
        "parent": "4526503554002345"
    },
    {
        "mid": "4526725117615551",
        "has_multimedia": 1,
        "comments_count": 0,
        "reposts_count": 0,
        "attitudes_count": 0,
        "t": "1594738833000",
        "text": "//@青岛事儿:#青岛三浴近海鲸鱼出没#  林深时见鹿，海蓝时见鲸",
        "uid": "6618937035/",
        "followers_count": "200",
        "statuses_count": "915",
        "verified": 0,
        "user_created_at": "2018-08-01",
        "has_description": 1,
        "parent": "4526510838862528"
    },
    {
        "mid": "4526724949452806",
        "has_multimedia": 1,
        "comments_count": 0,
        "reposts_count": 0,
        "attitudes_count": 0,
        "t": "1594738793000",
        "text": "这句真应景//@青岛事儿:#青岛三浴近海鲸鱼出没#  林深时见鹿，海蓝时见鲸",
        "uid": "6446407123/",
        "followers_count": "731",
        "statuses_count": "15333",
        "verified": 0,
        "user_created_at": "2017-12-28",
        "has_description": 1,
        "parent": "4526510838862528"
    },
    {
        "mid": "4526721564854004",
        "has_multimedia": 1,
        "comments_count": 0,
        "reposts_count": 0,
        "attitudes_count": 0,
        "t": "1594737986000",
        "text": "//@狂野猫科:我现在无比烦“出现了xx动物，说明环境/生态/水质变好了”，不过是大家手机用的溜了。看看三江源国家公园、可可西里保护区、印度的老虎保护区，咱们华东华南依然是渣渣。//@青岛事儿:#青岛三浴近海鲸鱼出没#  林深时见鹿，海蓝时见鲸",
        "uid": "7011742288/",
        "followers_count": "1",
        "statuses_count": "46",
        "verified": 0,
        "user_created_at": "2019-02-26",
        "has_description": 0,
        "parent": "4526510838862528"
    },
    {
        "mid": "4527603815549748",
        "has_multimedia": 1,
        "comments_count": 0,
        "reposts_count": 0,
        "attitudes_count": 1,
        "t": "1594948330000",
        "text": "",
        "uid": "5840555270/",
        "followers_count": "35587",
        "statuses_count": "6283",
        "verified": 1,
        "has_description": 1,
        "parent": "4526503554002345",
        "user_created_at": "2016-03-02"
    },
    {
        "mid": "4527520265535495",
        "has_multimedia": 1,
        "comments_count": 0,
        "reposts_count": 0,
        "attitudes_count": 0,
        "t": "1594928410000",
        "text": "转发微博",
        "uid": "5082528078/",
        "followers_count": "117",
        "statuses_count": "672",
        "verified": 0,
        "user_created_at": "2014-03-22",
        "has_description": 1,
        "parent": "4526503554002345"
    }
]