[
    {
        "mid": "4526519655378064",
        "has_multimedia": 1,
        "comments_count": 3143,
        "reposts_count": 3744,
        "attitudes_count": 29443,
        "t": "1594689847000",
        "text": "【#独山县官方回应烧掉400亿#:此前乱铺摊子 将推进整改】2019年以来，按照中央、省、州有关要求，独山县新一任领导班子针对此前因盲目举债、乱铺摊子遗留的形象工程、政绩工程、烂尾工程问题，坚持实事求是，按客观规律办事，不断匡正发展理念、净化政治生态、规范决策行为、加强项目管理，切实推进问题整改独山县坚持问题导向，深刻反思，认真梳理，加强源头管理， 严格按照“一个项目、一名领导、一个专班、一个方案、一套机制”，通过续建、缓建、转建和压缩建设规模等方式，分类分批推进整改。目前，续建项目已完工18个，在建项目32个，转建项目17个。比如，以原毋敛古城大戏楼、三大庙项目为载体进行转建，招引企业盘活资产。再如，对社会关注的“水司楼”(净心谷大酒店)项目，通过努力，采取市场化运作模式签订合作协议，将于近期进场施工。同时，全县严格落实《政府投资条例》，严格执行《独山县政府投资项目管理办法》相关规定，严格项目审批，坚决杜绝新增形象工程、政绩工程今后，独山县将继续对项目整改挂牌督战，精准调度，建章立制，举一反三，坚持“当下改”与“长久立”相结合,以制度建设巩固整改成果。L观视频工作室的微博视频",
        "uid": "1618051664/",
        "followers_count": "80596571",
        "statuses_count": "186895",
        "verified": 1,
        "has_description": 1,
        "parent": "0",
        "user_created_at": "2009-08-28"
    },
    {
        "mid": "4526550605005691",
        "has_multimedia": 1,
        "comments_count": 68,
        "reposts_count": 42,
        "attitudes_count": 260,
        "t": "1594697226000",
        "text": "应该把当年的那些决策人打包组个团，到全国各地省市县乡政府巡回演讲，深刻剖析，警示后人。几个重点大学也要去，那里出干部，作为毕业考试内容。",
        "uid": "1907166177/",
        "followers_count": "4800031",
        "statuses_count": "19942",
        "verified": 1,
        "user_created_at": "2013-08-14",
        "has_description": 1,
        "parent": "4526519655378064"
    },
    {
        "mid": "4526938033069548",
        "has_multimedia": 1,
        "comments_count": 0,
        "reposts_count": 0,
        "attitudes_count": 0,
        "t": "1594789596000",
        "text": "哎，看完了，心痛//@一个有点理想的记者:应该把当年的那些决策人打包组个团，到全国各地省市县乡政府巡回演讲，深刻剖析，警示后人。几个重点大学也要去，那里出干部，作为毕业考试内容。",
        "uid": "6516095740/",
        "followers_count": "84",
        "statuses_count": "2004",
        "verified": 0,
        "user_created_at": "2018-03-29",
        "has_description": 1,
        "parent": "4526550605005691"
    },
    {
        "mid": "4526936061744784",
        "has_multimedia": 1,
        "comments_count": 0,
        "reposts_count": 0,
        "attitudes_count": 1,
        "t": "1594789126000",
        "text": "不切实际//@一个有点理想的记者:应该把当年的那些决策人打包组个团，到全国各地省市县乡政府巡回演讲，深刻剖析，警示后人。几个重点大学也要去，那里出干部，作为毕业考试内容。",
        "uid": "3814774208/",
        "followers_count": "2612858",
        "statuses_count": "21218",
        "verified": 1,
        "user_created_at": "2013-09-27",
        "has_description": 1,
        "parent": "4526550605005691"
    },
    {
        "mid": "4526898959690588",
        "has_multimedia": 1,
        "comments_count": 0,
        "reposts_count": 0,
        "attitudes_count": 0,
        "t": "1594780279000",
        "text": "好一个马前卒",
        "uid": "2935612937/",
        "followers_count": "636",
        "statuses_count": "8632",
        "verified": 0,
        "user_created_at": "2012-09-10",
        "has_description": 1,
        "parent": "4526550605005691"
    },
    {
        "mid": "4526886895812170",
        "has_multimedia": 1,
        "comments_count": 68,
        "reposts_count": 42,
        "attitudes_count": 260,
        "t": "1594697220000",
        "text": "应该把当年的那些决策人打包组个团，到全国各地省市县乡政府巡回演讲，深刻剖析，警示后人。几个重点大学也要去，那里出干部，作为毕业考试内容。",
        "uid": "2385228850/",
        "followers_count": "217",
        "statuses_count": "2923",
        "verified": 0,
        "user_created_at": "2011-09-10",
        "has_description": 0,
        "parent": "4526550605005691"
    },
    {
        "mid": "4526798320464390",
        "has_multimedia": 1,
        "comments_count": 68,
        "reposts_count": 42,
        "attitudes_count": 260,
        "t": "1594697220000",
        "text": "应该把当年的那些决策人打包组个团，到全国各地省市县乡政府巡回演讲，深刻剖析，警示后人。几个重点大学也要去，那里出干部，作为毕业考试内容。",
        "uid": "5136717134/",
        "followers_count": "179",
        "statuses_count": "1293",
        "verified": 0,
        "user_created_at": "2014-05-10",
        "has_description": 0,
        "parent": "4526550605005691"
    },
    {
        "mid": "4526702770127790",
        "has_multimedia": 1,
        "comments_count": 68,
        "reposts_count": 42,
        "attitudes_count": 260,
        "t": "1594697220000",
        "text": "应该把当年的那些决策人打包组个团，到全国各地省市县乡政府巡回演讲，深刻剖析，警示后人。几个重点大学也要去，那里出干部，作为毕业考试内容。",
        "uid": "3840072909/",
        "followers_count": "146",
        "statuses_count": "86",
        "verified": 0,
        "user_created_at": "2013-10-09",
        "has_description": 0,
        "parent": "4526550605005691"
    },
    {
        "mid": "4526692105104897",
        "has_multimedia": 1,
        "comments_count": 68,
        "reposts_count": 42,
        "attitudes_count": 260,
        "t": "1594697220000",
        "text": "应该把当年的那些决策人打包组个团，到全国各地省市县乡政府巡回演讲，深刻剖析，警示后人。几个重点大学也要去，那里出干部，作为毕业考试内容。",
        "uid": "2403016182/",
        "followers_count": "72204",
        "statuses_count": "39706",
        "verified": 1,
        "has_description": 1,
        "parent": "4526550605005691",
        "user_created_at": "2011-09-17"
    },
    {
        "mid": "4526672047613289",
        "has_multimedia": 1,
        "comments_count": 0,
        "reposts_count": 0,
        "attitudes_count": 0,
        "t": "1594726180000",
        "text": "//@一个有点理想的记者: 应该把当年的那些决策人打包组个团，到全国各地省市县乡政府巡回演讲，深刻剖析，警示后人。几个重点大学也要去，那里出干部，作为毕业考试内容。",
        "uid": "1751341385/",
        "followers_count": "44",
        "statuses_count": "339",
        "verified": 0,
        "user_created_at": "2010-06-05",
        "has_description": 1,
        "parent": "4526550605005691"
    },
    {
        "mid": "4526549339037164",
        "has_multimedia": 1,
        "comments_count": 37,
        "reposts_count": 38,
        "attitudes_count": 56,
        "t": "1594696923000",
        "text": "400亿，谁来担责？",
        "uid": "1807715644/",
        "followers_count": "4024911",
        "statuses_count": "66096",
        "verified": 1,
        "user_created_at": "2010-09-06",
        "has_description": 1,
        "parent": "4526519655378064"
    },
    {
        "mid": "4526875990549765",
        "has_multimedia": 1,
        "comments_count": 0,
        "reposts_count": 0,
        "attitudes_count": 0,
        "t": "1594774804000",
        "text": "400亿，谁来担责？",
        "uid": "2849066081/",
        "followers_count": "3793438",
        "statuses_count": "18289",
        "verified": 1,
        "user_created_at": "2012-10-10",
        "has_description": 1,
        "parent": "4526549339037164"
    },
    {
        "mid": "4526706117726624",
        "has_multimedia": 1,
        "comments_count": 0,
        "reposts_count": 0,
        "attitudes_count": 0,
        "t": "1594734302000",
        "text": "回复@鸡蛋花cm:荔波也去了 当时就比三都好 碰到什么领导是县运啊//@鸡蛋花cm:回复@鸡蛋花cm:像周边的荔波县，相对这两个县来说就好太多了，主要是本身就有成熟的旅游体系，而且也很出名，只需要修缮，所以荔波整体的烂尾工程，很少见～",
        "uid": "2044701514/",
        "followers_count": "881",
        "statuses_count": "23828",
        "verified": 0,
        "user_created_at": "2011-03-28",
        "has_description": 1,
        "parent": "4526549339037164"
    },
    {
        "mid": "4526697363879881",
        "has_multimedia": 1,
        "comments_count": 0,
        "reposts_count": 0,
        "attitudes_count": 0,
        "t": "1594732215000",
        "text": "回复@鸡蛋花cm:觉得贵州等欠发达地区应该搞劳动密集产业，让人口能就近就业，自然没有留守儿童问题，房价也可承受。但地方官员总想快速、高科技",
        "uid": "2044701514/",
        "followers_count": "881",
        "statuses_count": "23828",
        "verified": 0,
        "user_created_at": "2011-03-28",
        "has_description": 1,
        "parent": "4526549339037164"
    },
    {
        "mid": "4526674933114001",
        "has_multimedia": 1,
        "comments_count": 0,
        "reposts_count": 0,
        "attitudes_count": 1,
        "t": "1594726867000",
        "text": "看完了觉得很生气😤//@段郎说事:400亿，谁来担责？",
        "uid": "1646276624/",
        "followers_count": "9823",
        "statuses_count": "55706",
        "verified": 0,
        "user_created_at": "2009-09-10",
        "has_description": 1,
        "parent": "4526549339037164"
    },
    {
        "mid": "4526599616051263",
        "has_multimedia": 1,
        "comments_count": 0,
        "reposts_count": 0,
        "attitudes_count": 1,
        "t": "1594708911000",
        "text": "前任领导的锅//@段郎说事:400亿，谁来担责？",
        "uid": "3039689007/",
        "followers_count": "1241179",
        "statuses_count": "24878",
        "verified": 1,
        "user_created_at": "2012-10-30",
        "has_description": 1,
        "parent": "4526549339037164"
    },
    {
        "mid": "4526595337287735",
        "has_multimedia": 1,
        "comments_count": 0,
        "reposts_count": 0,
        "attitudes_count": 0,
        "t": "1594707890000",
        "text": "官僚主义、形式主义、面子工程、一把手工程……，这些最终谁来负责？//@段郎说事: 400亿，谁来担责？",
        "uid": "2357970585/",
        "followers_count": "354",
        "statuses_count": "6011",
        "verified": 1,
        "user_created_at": "2011-09-14",
        "has_description": 1,
        "parent": "4526549339037164"
    },
    {
        "mid": "4526587300877084",
        "has_multimedia": 1,
        "comments_count": 0,
        "reposts_count": 0,
        "attitudes_count": 0,
        "t": "1594705974000",
        "text": "//@段郎说事:400亿，谁来担责？",
        "uid": "1874515857/",
        "followers_count": "8817",
        "statuses_count": "11237",
        "verified": 1,
        "user_created_at": "2010-11-25",
        "has_description": 1,
        "parent": "4526549339037164"
    },
    {
        "mid": "4526585980660346",
        "has_multimedia": 1,
        "comments_count": 0,
        "reposts_count": 0,
        "attitudes_count": 0,
        "t": "1594705660000",
        "text": "//@段郎说事:400亿，谁来担责？",
        "uid": "2096091833/",
        "followers_count": "150",
        "statuses_count": "2650",
        "verified": 0,
        "user_created_at": "2011-04-20",
        "has_description": 1,
        "parent": "4526549339037164"
    },
    {
        "mid": "4526583261848892",
        "has_multimedia": 1,
        "comments_count": 0,
        "reposts_count": 0,
        "attitudes_count": 0,
        "t": "1594705011000",
        "text": "//@段郎说事: 400亿，谁来担责？",
        "uid": "1192131624/",
        "followers_count": "357",
        "statuses_count": "30047",
        "verified": 0,
        "user_created_at": "2010-04-08",
        "has_description": 0,
        "parent": "4526549339037164"
    },
    {
        "mid": "4526944773318970",
        "has_multimedia": 1,
        "comments_count": 24,
        "reposts_count": 26,
        "attitudes_count": 43,
        "t": "1594791203000",
        "text": "县委书记的权力让人不寒而栗",
        "uid": "5523374065/",
        "followers_count": "367832",
        "statuses_count": "11864",
        "verified": 0,
        "user_created_at": "2015-02-17",
        "has_description": 0,
        "parent": "4526519655378064"
    },
    {
        "mid": "4526988461968089",
        "has_multimedia": 1,
        "comments_count": 24,
        "reposts_count": 26,
        "attitudes_count": 43,
        "t": "1594791180000",
        "text": "县委书记的权力让人不寒而栗",
        "uid": "1852876247/",
        "followers_count": "607",
        "statuses_count": "9192",
        "verified": 1,
        "user_created_at": "2010-11-09",
        "has_description": 1,
        "parent": "4526944773318970"
    },
    {
        "mid": "4526972778155534",
        "has_multimedia": 1,
        "comments_count": 0,
        "reposts_count": 0,
        "attitudes_count": 0,
        "t": "1594797880000",
        "text": "谁给的权利！//@茨冈女神:县委书记的权力让人不寒而栗",
        "uid": "3859347682/",
        "followers_count": "145",
        "statuses_count": "1264",
        "verified": 0,
        "user_created_at": "2013-10-18",
        "has_description": 1,
        "parent": "4526944773318970"
    },
    {
        "mid": "4526965422658227",
        "has_multimedia": 1,
        "comments_count": 0,
        "reposts_count": 0,
        "attitudes_count": 0,
        "t": "1594796125000",
        "text": "//@茨冈女神:县委书记的权力让人不寒而栗",
        "uid": "2507887442/",
        "followers_count": "451",
        "statuses_count": "16823",
        "verified": 0,
        "user_created_at": "2011-11-01",
        "has_description": 0,
        "parent": "4526944773318970"
    },
    {
        "mid": "4526964838863518",
        "has_multimedia": 1,
        "comments_count": 24,
        "reposts_count": 26,
        "attitudes_count": 43,
        "t": "1594791180000",
        "text": "县委书记的权力让人不寒而栗",
        "uid": "7373261406/",
        "followers_count": "841",
        "statuses_count": "4135",
        "verified": 0,
        "user_created_at": "2020-01-17",
        "has_description": 1,
        "parent": "4526944773318970"
    },
    {
        "mid": "4526958547932773",
        "has_multimedia": 1,
        "comments_count": 24,
        "reposts_count": 26,
        "attitudes_count": 43,
        "t": "1594791180000",
        "text": "县委书记的权力让人不寒而栗",
        "uid": "5631558460/",
        "followers_count": "234",
        "statuses_count": "1953",
        "verified": 0,
        "user_created_at": "2015-06-14",
        "has_description": 0,
        "parent": "4526944773318970"
    },
    {
        "mid": "4526988339026687",
        "has_multimedia": 1,
        "comments_count": 0,
        "reposts_count": 0,
        "attitudes_count": 0,
        "t": "1594801590000",
        "text": "有深喉说：全国有多少个县，就绝对有多少个土皇帝和多少个隐形亿万富豪。//@茨冈女神:县委书记的权力让人不寒而栗",
        "uid": "5116024837/",
        "followers_count": "73",
        "statuses_count": "221",
        "verified": 0,
        "user_created_at": "2014-04-19",
        "has_description": 1,
        "parent": "4526519655378064"
    },
    {
        "mid": "4526985198281986",
        "has_multimedia": 1,
        "comments_count": 0,
        "reposts_count": 0,
        "attitudes_count": 0,
        "t": "1594800841000",
        "text": "转发微博",
        "uid": "2408826240/",
        "followers_count": "245",
        "statuses_count": "171",
        "verified": 0,
        "user_created_at": "2011-09-19",
        "has_description": 0,
        "parent": "4526519655378064"
    },
    {
        "mid": "4526982392292083",
        "has_multimedia": 1,
        "comments_count": 0,
        "reposts_count": 0,
        "attitudes_count": 0,
        "t": "1594800172000",
        "text": "回复@大柳州大柳州:没有意义//@大柳州大柳州:南哥  我们小柳州柳东新区也投了那么多钱搞产城结合模式，目前地都流拍了  未来还搞得起来咩",
        "uid": "6610259870/",
        "followers_count": "2842",
        "statuses_count": "5003",
        "verified": 0,
        "user_created_at": "2018-07-23",
        "has_description": 1,
        "parent": "4526519655378064"
    },
    {
        "mid": "4526979723925562",
        "has_multimedia": 1,
        "comments_count": 0,
        "reposts_count": 0,
        "attitudes_count": 0,
        "t": "1594799536000",
        "text": "//@茨冈女神: 县委书记的权力让人不寒而栗",
        "uid": "5646741217/",
        "followers_count": "505",
        "statuses_count": "3238",
        "verified": 0,
        "user_created_at": "2015-07-05",
        "has_description": 0,
        "parent": "4526519655378064"
    },
    {
        "mid": "4526977115068051",
        "has_multimedia": 1,
        "comments_count": 0,
        "reposts_count": 0,
        "attitudes_count": 0,
        "t": "1594798914000",
        "text": "//@习五一:试问全国还有多少个隐秘的“独山”死角？",
        "uid": "5141114605/",
        "followers_count": "865",
        "statuses_count": "3481",
        "verified": 0,
        "user_created_at": "2014-05-15",
        "has_description": 0,
        "parent": "4526519655378064"
    },
    {
        "mid": "4526976771657765",
        "has_multimedia": 1,
        "comments_count": 0,
        "reposts_count": 0,
        "attitudes_count": 0,
        "t": "1594798832000",
        "text": "//@茨冈女神: 县委书记的权力让人不寒而栗",
        "uid": "6341601625/",
        "followers_count": "203",
        "statuses_count": "4788",
        "verified": 0,
        "user_created_at": "2017-08-09",
        "has_description": 0,
        "parent": "4526519655378064"
    },
    {
        "mid": "4526976474131264",
        "has_multimedia": 1,
        "comments_count": 0,
        "reposts_count": 0,
        "attitudes_count": 0,
        "t": "1594798761000",
        "text": "居然很想去玩，很多建筑还是好看的，特别是水寺楼还是很巧夺天工的，感觉租个车去应该不错",
        "uid": "1728839351/",
        "followers_count": "575",
        "statuses_count": "2970",
        "verified": 1,
        "user_created_at": "2010-06-11",
        "has_description": 1,
        "parent": "4526519655378064"
    },
    {
        "mid": "4526968215803612",
        "has_multimedia": 1,
        "comments_count": 0,
        "reposts_count": 0,
        "attitudes_count": 0,
        "t": "1594796792000",
        "text": "不寒而栗。//@茨冈女神:县委书记的权力让人不寒而栗",
        "uid": "1280483280/",
        "followers_count": "762",
        "statuses_count": "13462",
        "verified": 0,
        "user_created_at": "2010-09-08",
        "has_description": 1,
        "parent": "4526519655378064"
    }
]