[
    {
        "mid": "4526504526264250",
        "has_multimedia": 1,
        "comments_count": 202,
        "reposts_count": 207,
        "attitudes_count": 219,
        "t": "1594686239000",
        "text": "【你们安心中考，👮‍♀️蜀黍为你护航】#2020成都中考# 今天是#成都# 中考的第一天，各位考生加油呀！你们在考场内尽情发挥，@平安青羊 蜀黍们也在考场外竭力守护，大家一起努力！ ​@平安成都 ​​​​",
        "uid": "1906874803/",
        "followers_count": "480318",
        "statuses_count": "45960",
        "verified": 1,
        "has_description": 1,
        "parent": "0",
        "user_created_at": "2010-12-30"
    },
    {
        "mid": "4526649447685834",
        "has_multimedia": 1,
        "comments_count": 0,
        "reposts_count": 0,
        "attitudes_count": 0,
        "t": "1594720791000",
        "text": "转发微博",
        "uid": "7479514820/",
        "followers_count": "2",
        "statuses_count": "46",
        "verified": 0,
        "user_created_at": "2020-07-12",
        "has_description": 0,
        "parent": "4526504526264250"
    },
    {
        "mid": "4526649255676468",
        "has_multimedia": 1,
        "comments_count": 0,
        "reposts_count": 0,
        "attitudes_count": 0,
        "t": "1594720746000",
        "text": "转发微博",
        "uid": "6807267948/",
        "followers_count": "2",
        "statuses_count": "41",
        "verified": 0,
        "user_created_at": "2020-07-12",
        "has_description": 0,
        "parent": "4526504526264250"
    },
    {
        "mid": "4526649167304288",
        "has_multimedia": 1,
        "comments_count": 0,
        "reposts_count": 0,
        "attitudes_count": 0,
        "t": "1594720725000",
        "text": "转发微博",
        "uid": "7479778475/",
        "followers_count": "2",
        "statuses_count": "40",
        "verified": 0,
        "user_created_at": "2020-07-12",
        "has_description": 0,
        "parent": "4526504526264250"
    }
]