[
    {
        "mid": "4526523786768628",
        "has_multimedia": 1,
        "comments_count": 2537,
        "reposts_count": 792,
        "attitudes_count": 18825,
        "t": "1594690831000",
        "text": "【#北京不为职工开公积金账户罚5万#】北京住房公积金管理中心日前发布《关于印发行政处罚裁量基准的通知》，明确单位不为职工个人开设住房公积金账户，且经北京住房公积金管理中心责令限期办理仍逾期不办理的，处1万元以上5万元以下的罚款。O网页链接 ​​​​",
        "uid": "2286908003/",
        "followers_count": "76187734",
        "statuses_count": "178436",
        "verified": 1,
        "has_description": 1,
        "parent": "0",
        "user_created_at": "2011-08-05"
    },
    {
        "mid": "4526977414170977",
        "has_multimedia": 1,
        "comments_count": 0,
        "reposts_count": 0,
        "attitudes_count": 0,
        "t": "1594798984000",
        "text": "转发微博",
        "uid": "2521038104/",
        "followers_count": "1364",
        "statuses_count": "279",
        "verified": 1,
        "user_created_at": "2011-11-08",
        "has_description": 0,
        "parent": "4526523786768628"
    },
    {
        "mid": "4526974498081822",
        "has_multimedia": 1,
        "comments_count": 0,
        "reposts_count": 0,
        "attitudes_count": 0,
        "t": "1594798289000",
        "text": "根据相应政策，非农户为强制缴纳对象，而农户为非强制缴纳对象。那么企业在招聘时会更倾向于农业就业者，这显然对非农业户口不公平。就像目前二胎政策下，已婚已育女士比未婚未孕女士有优势一样。目前的经济环境，已经倒下一大片微小企业，政策衍生出的弊端是否会导致就业者丧失就业机会的可能。",
        "uid": "1920243903/",
        "followers_count": "559",
        "statuses_count": "1963",
        "verified": 1,
        "user_created_at": "2011-01-13",
        "has_description": 0,
        "parent": "4526523786768628"
    },
    {
        "mid": "4526950007282872",
        "has_multimedia": 1,
        "comments_count": 0,
        "reposts_count": 0,
        "attitudes_count": 0,
        "t": "1594792451000",
        "text": "//@和谐双塘:转发微博",
        "uid": "6399189019/",
        "followers_count": "36",
        "statuses_count": "32664",
        "verified": 0,
        "user_created_at": "2017-10-30",
        "has_description": 0,
        "parent": "4526523786768628"
    },
    {
        "mid": "4526949756936483",
        "has_multimedia": 1,
        "comments_count": 0,
        "reposts_count": 0,
        "attitudes_count": 0,
        "t": "1594792391000",
        "text": "//@和谐双塘:转发微博",
        "uid": "6399189019/",
        "followers_count": "36",
        "statuses_count": "32664",
        "verified": 0,
        "user_created_at": "2017-10-30",
        "has_description": 0,
        "parent": "4526523786768628"
    },
    {
        "mid": "4526900331000687",
        "has_multimedia": 1,
        "comments_count": 0,
        "reposts_count": 0,
        "attitudes_count": 0,
        "t": "1594780607000",
        "text": "Repost",
        "uid": "2880964465/",
        "followers_count": "10",
        "statuses_count": "31",
        "verified": 0,
        "user_created_at": "2012-07-11",
        "has_description": 1,
        "parent": "4526523786768628"
    },
    {
        "mid": "4526899243970871",
        "has_multimedia": 1,
        "comments_count": 0,
        "reposts_count": 0,
        "attitudes_count": 0,
        "t": "1594780347000",
        "text": "公积金",
        "uid": "3943232950/",
        "followers_count": "87",
        "statuses_count": "11",
        "verified": 0,
        "user_created_at": "2013-12-15",
        "has_description": 0,
        "parent": "4526523786768628"
    },
    {
        "mid": "4526888788066658",
        "has_multimedia": 1,
        "comments_count": 0,
        "reposts_count": 0,
        "attitudes_count": 0,
        "t": "1594777854000",
        "text": "【#北京不为职工开公积金账户罚5万#】",
        "uid": "1093952161/",
        "followers_count": "1311",
        "statuses_count": "32268",
        "verified": 1,
        "has_description": 1,
        "parent": "4526523786768628",
        "user_created_at": "2011-08-29"
    }
]