[
    {
        "mid": "4526524269663629",
        "has_multimedia": 1,
        "comments_count": 147,
        "reposts_count": 7,
        "attitudes_count": 733,
        "t": "1594690946000",
        "text": "#我妈不一般# 我妈喜欢买布，堆在家里没用还占地方。我一直劝她不要买了。今年她送我的生日礼物就是她买的布。虽然她很喜欢，我只觉得心里很堵，一点也喜欢不起来 ​​​​",
        "uid": "1751775581/",
        "followers_count": "592476",
        "statuses_count": "6472",
        "verified": 1,
        "user_created_at": "2010-06-06",
        "has_description": 1,
        "parent": "0"
    },
    {
        "mid": "4526630271284005",
        "has_multimedia": 1,
        "comments_count": 0,
        "reposts_count": 0,
        "attitudes_count": 0,
        "t": "1594716220000",
        "text": "好漂亮的布呀！虽然美美妈妈总是把自己的意识强加到美美身上，很有压力，但是布真的还挺好看的//@Kim白美美:#我妈不一般# 的vlog里面我也拍到我反对她再买布。我妈肯定记得，送我布一方面是强迫我也喜欢买布。一方面是想让我感激她送我礼物了。 ¡查看图片",
        "uid": "5723617405/",
        "followers_count": "140",
        "statuses_count": "2635",
        "verified": 0,
        "user_created_at": "2015-10-11",
        "has_description": 1,
        "parent": "4526524269663629"
    },
    {
        "mid": "4526605269076445",
        "has_multimedia": 1,
        "comments_count": 0,
        "reposts_count": 0,
        "attitudes_count": 0,
        "t": "1594710258000",
        "text": "我16岁生日那年据说黄金价格好，我爸妈去挑黄金顺带买了个小吊坠说是给我的，又说怕我丢了先保管着，再然后就不承认那是给我的了//@Kim白美美:#我妈不一般# 的vlog里面我也拍到我反对她再买布。我妈肯定记得，送我布一方面是强迫我也喜欢买布。一方面是想让我感激她送我礼物了。 ¡查看图片",
        "uid": "2642109057/",
        "followers_count": "330",
        "statuses_count": "3683",
        "verified": 0,
        "user_created_at": "2012-02-25",
        "has_description": 1,
        "parent": "4526524269663629"
    },
    {
        "mid": "4526584926746888",
        "has_multimedia": 1,
        "comments_count": 0,
        "reposts_count": 0,
        "attitudes_count": 0,
        "t": "1594705409000",
        "text": "内容和部分评论都让我觉得窒息",
        "uid": "6135485758/",
        "followers_count": "101",
        "statuses_count": "430",
        "verified": 0,
        "user_created_at": "2017-02-16",
        "has_description": 1,
        "parent": "4526524269663629"
    }
]