[
    {
        "mid": "4526526517713120",
        "has_multimedia": 1,
        "comments_count": 561,
        "reposts_count": 159,
        "attitudes_count": 3276,
        "t": "1594691483000",
        "text": "#独山县回应# “独山县如何烧掉400亿”针对贵州省黔南州“独山县如何烧掉400亿”一事，微信公众号“大美独山”7月14日发文称，2019年以来，按照中央、省、州有关要求，独山县新一任领导班子针对此前因盲目举债、乱铺摊子遗留的形象工程、政绩工 程、烂尾工程问题，坚持实事求是，按客观规律办事，不断匡正发展理念、净化政治生态、规范决策行为、加强项目管理，切实推进问题整改。独山县坚持问题导向，深刻反思，认真梳理，加强源头管理， 严格按照“一个项目、一名领导、一个专班、一个方案、一套机制”，通过续建、缓建、转建和压缩建设规模等方式，分类分批推进整改。目前，续建项目已完工18个，在建项目32个，转建项目17个。比如，以原毋敛古城大戏楼、三大庙项目为载体进行转建，招引企业盘活资产。再如，对社会关注的“水司楼”（净心谷大酒店）项目，通过努力，采取市场化运作模式签订合作协议，将于近期进场施工。同时，全县严格落实《政府投资条例》，严格执行《独山县政府投资项目管理办法》相关规定，严格项目审批，坚决杜绝新增形象工程、政绩工程。今后，独山县将继续对项目整改挂牌督战，精准调度，建章立制，举一反三，坚持“当下改”与“长久立”相结合,以制度建设巩固整改成果。",
        "uid": "1887344341/",
        "followers_count": "12559076",
        "statuses_count": "110529",
        "verified": 1,
        "has_description": 1,
        "parent": "0",
        "user_created_at": "2010-12-09"
    },
    {
        "mid": "4527126101885248",
        "has_multimedia": 1,
        "comments_count": 0,
        "reposts_count": 0,
        "attitudes_count": 0,
        "t": "1594834434000",
        "text": "我还觉得挺有千与千寻的感觉，建好了还很想去看看。如果需要投资的话，我可以入一点点股。",
        "uid": "2091101145/",
        "followers_count": "108",
        "statuses_count": "12375",
        "verified": 0,
        "user_created_at": "2011-04-16",
        "has_description": 1,
        "parent": "4526526517713120"
    },
    {
        "mid": "4526673452282116",
        "has_multimedia": 1,
        "comments_count": 0,
        "reposts_count": 0,
        "attitudes_count": 0,
        "t": "1594726515000",
        "text": "能利用的就继续利用一下吧，再拆再建就更浪费了，新任领导接锅也不容易",
        "uid": "3133827733/",
        "followers_count": "275",
        "statuses_count": "5739",
        "verified": 0,
        "user_created_at": "2012-11-21",
        "has_description": 1,
        "parent": "4526526517713120"
    }
]