[
    {
        "mid": "4526526308009997",
        "has_multimedia": 1,
        "comments_count": 195,
        "reposts_count": 98,
        "attitudes_count": 2758,
        "t": "1594691433000",
        "text": "【naver】YG回应iKON具晙会，金振焕乘坐酒驾车辆发生交通事故：将严肃处理酒驾司机，据悉，组合iKON成员具晙会和金振焕同乘酒驾车辆，经纪公司方面发表了正式立场。YG娱乐方面7月14日表示:“iKON部分成员乘坐的车辆13日在沙川3号国道向南海方向行驶的途中发生了事故。据医疗人员判断，包括驾驶员A某在内，乘坐车辆的成员们的伤势比较轻，在接受应急治疗后，目前正在宿舍里静养。”“本公司对酒后驾驶有严格的内部规定，但却发生了这样的事故，对此我们深感忧虑，感到责任重大。我们会更加周密地进行内部调查，并采取相应的严厉措施。司机A某会诚实地接受警方的调查。在这里表示真心道歉。”据警方透露，具晙会和金振焕乘坐的面包车于13日凌晨3时40分左右在南海郡昌西面的一个国道上因雨路滑而撞到护栏上。与司机A某同乘一辆车的具晙会与金振焕受了轻伤，目前正在医院接受治疗。据警方的调查结果显示，A某处于饮酒状态。以下是YG方面的官方立场全文：iKON部分成员乘坐的车辆13日从沙川三号国道向南海方向行驶的途中发生了事故。包括驾驶者A某在内，乘坐该车辆的组合成员们伤势较轻，经医疗团队判断，在接受应急治疗后，目前正在宿舍里静养。我公司对酒驾有着严格的内部规定，但发生这样的事故，对此我们深感忧虑，感到责任重大。我们会更加周密地进行内部调查，并采取相应的严厉措施，司机A某会诚实地接受警方的调查。衷心的向大家致歉。",
        "uid": "2337348632/",
        "followers_count": "4473018",
        "statuses_count": "23224",
        "verified": 1,
        "user_created_at": "2011-08-24",
        "has_description": 1,
        "parent": "0"
    },
    {
        "mid": "4527618604931704",
        "has_multimedia": 1,
        "comments_count": 0,
        "reposts_count": 0,
        "attitudes_count": 0,
        "t": "1594951857000",
        "text": "#FuckYG#",
        "uid": "6888353891/",
        "followers_count": "112",
        "statuses_count": "2964",
        "verified": 0,
        "user_created_at": "2018-12-16",
        "has_description": 1,
        "parent": "4526526308009997"
    },
    {
        "mid": "4526758135107779",
        "has_multimedia": 1,
        "comments_count": 5,
        "reposts_count": 0,
        "attitudes_count": 2,
        "t": "1594746704000",
        "text": "yg死了 西八狗公司",
        "uid": "3810143089/",
        "followers_count": "77",
        "statuses_count": "500",
        "verified": 0,
        "user_created_at": "2013-09-20",
        "has_description": 1,
        "parent": "4526526308009997"
    },
    {
        "mid": "4526754914083059",
        "has_multimedia": 1,
        "comments_count": 0,
        "reposts_count": 0,
        "attitudes_count": 0,
        "t": "1594745937000",
        "text": "yg唉快改改公司内部吧",
        "uid": "6596855025/",
        "followers_count": "74",
        "statuses_count": "1635",
        "verified": 0,
        "user_created_at": "2018-07-09",
        "has_description": 1,
        "parent": "4526526308009997"
    }
]