[
    {
        "mid": "4526526433349254",
        "has_multimedia": 1,
        "comments_count": 509,
        "reposts_count": 118,
        "attitudes_count": 2351,
        "t": "1594691463000",
        "text": "【公交车坠湖案引发对“报复社会”争论】调查证实贵州安顺市公交车司机因对房屋拆迁不满蓄意报复社会，驾车坠湖导致21人死亡。官媒认为报复社会的极端恶行，决不可作为解决社会问题的“助攻”予以道德美化；但有网民认为，有关部门不作为，弱势群体的利益没有受到保护。（到联合早报网看全文） ​​​​",
        "uid": "1654134123/",
        "followers_count": "3094747",
        "statuses_count": "51628",
        "verified": 1,
        "has_description": 1,
        "parent": "0",
        "user_created_at": "2009-10-16"
    },
    {
        "mid": "4527211882744645",
        "has_multimedia": 1,
        "comments_count": 0,
        "reposts_count": 0,
        "attitudes_count": 0,
        "t": "1594854887000",
        "text": "转发微博",
        "uid": "1816015217/",
        "followers_count": "120",
        "statuses_count": "13860",
        "verified": 0,
        "user_created_at": "2011-09-19",
        "has_description": 1,
        "parent": "4526526433349254"
    },
    {
        "mid": "4527008551901734",
        "has_multimedia": 1,
        "comments_count": 0,
        "reposts_count": 0,
        "attitudes_count": 0,
        "t": "1594806409000",
        "text": "再说一遍：冤有头债有主。",
        "uid": "2621264905/",
        "followers_count": "1748",
        "statuses_count": "88619",
        "verified": 1,
        "user_created_at": "2012-02-18",
        "has_description": 1,
        "parent": "4526526433349254"
    }
]