[
    {
        "mid": "4526527457040196",
        "has_multimedia": 1,
        "comments_count": 251,
        "reposts_count": 125,
        "attitudes_count": 967,
        "t": "1594691707000",
        "text": "夜晚，一台的士遇上了一位美女。美女上车后，一开始很斯文，谁知道，不到几分钟开始就失控了。这个不对，那个也不对。语无伦次，用语语气，让人发狂。一边粗口横飞，一边对司机开车十分有意见。若是大部分司机，估计都开杠了，但她偏偏遇上了个好司机。突然，她崩溃了，后半段大哭大闹，歇斯底里。看到最后，剧情又180度反转。她又恢复到上车前的那种斯文有理的美女了。还请司机原谅，说自己有病，车费60元，她给100元，恳请司机收下40元小费。她说：司机，不好意思，100元不用找了，刚刚在车上说了很多不好的话，请您忘了吧！因为我要复诊的。对不起，我刚说的话无心的，请您不要放在心上，我有精神病，我经常被人歧视，从来没有坐过这么好服务的的士。司机说：没什么，服务好的司机很多的，你没遇见罢了，我说收60元就行，我帮您开门。#真实的香港# L香港自由行加加的微博视频",
        "uid": "1760189314/",
        "followers_count": "1047102",
        "statuses_count": "16618",
        "verified": 1,
        "user_created_at": "2010-06-15",
        "has_description": 1,
        "parent": "0"
    },
    {
        "mid": "4527423418795741",
        "has_multimedia": 1,
        "comments_count": 0,
        "reposts_count": 0,
        "attitudes_count": 0,
        "t": "1594905320000",
        "text": "帮紧你帮紧你",
        "uid": "1933172141/",
        "followers_count": "404",
        "statuses_count": "211",
        "verified": 0,
        "user_created_at": "2011-01-24",
        "has_description": 1,
        "parent": "4526527457040196"
    },
    {
        "mid": "4527409405895402",
        "has_multimedia": 1,
        "comments_count": 0,
        "reposts_count": 0,
        "attitudes_count": 0,
        "t": "1594901980000",
        "text": "依家好大压力",
        "uid": "1689773660/",
        "followers_count": "10",
        "statuses_count": "19",
        "verified": 0,
        "user_created_at": "2010-02-05",
        "has_description": 1,
        "parent": "4526527457040196"
    }
]