[
    {
        "mid": "4526527465713947",
        "has_multimedia": 1,
        "comments_count": 424,
        "reposts_count": 7,
        "attitudes_count": 2480,
        "t": "1594691708000",
        "text": "这个骗局我曝光和提醒了“800次”了，但是依然会有人上当，只能安慰这位妹子吃一堑长一智了。 ​​​​",
        "uid": "1904797913/",
        "followers_count": "1400825",
        "statuses_count": "42089",
        "verified": 0,
        "user_created_at": "2011-01-14",
        "has_description": 1,
        "parent": "0"
    },
    {
        "mid": "4526630192896560",
        "has_multimedia": 1,
        "comments_count": 0,
        "reposts_count": 0,
        "attitudes_count": 0,
        "t": "1594716201000",
        "text": "哈哈哈哈哈//@vvieer_ :在我年少不懂事的时候，接到自称法院的说我包裹有问题巴拉巴拉的，如果我不处理就要起诉我，但是我还是学生卡里一分钱也没有，留着泪心里超怕但是更怕我爸骂我，然后就跟对方说那你起诉我吧",
        "uid": "5978725114/",
        "followers_count": "18",
        "statuses_count": "380",
        "verified": 0,
        "user_created_at": "2016-07-10",
        "has_description": 1,
        "parent": "4526527465713947"
    },
    {
        "mid": "4526554228757392",
        "has_multimedia": 1,
        "comments_count": 0,
        "reposts_count": 0,
        "attitudes_count": 0,
        "t": "1594698090000",
        "text": "我昨天碰到的跟这个一样！！！一模一样！！先问我是不是买过蒂佳婷的水乳！！我本来想跟他周旋一下的还很紧张，可是这个业务员不知道是不是新来的，我急死了，他非要给台词读完，关键普通话还不标准信号也不好，我急死了，后来我主动问他我说怎么要给我退款吗？他又读他了台词我受不了了，我挂了",
        "uid": "1836001902/",
        "followers_count": "750",
        "statuses_count": "28137",
        "verified": 0,
        "user_created_at": "2010-09-30",
        "has_description": 1,
        "parent": "4526527465713947"
    }
]