[
    {
        "mid": "4526528857521584",
        "has_multimedia": 1,
        "comments_count": 548,
        "reposts_count": 371,
        "attitudes_count": 3113,
        "t": "1594692041000",
        "text": "#高考选专业不迷茫#【正直播！#心理学专业前景如何#？】#2020年高考#志愿想好了吗？你是否有报考心理学专业的计划？报考之前，要先了解什么？心理学到底研究哪些内容？「华东师范大学心理与认知科学学院教授崔丽娟」正在央视频直播间为你答疑解惑！速进↓ L央视频的微博视频 . ​​​​",
        "uid": "7211561239/",
        "followers_count": "603476",
        "statuses_count": "6863",
        "verified": 1,
        "has_description": 1,
        "parent": "0",
        "user_created_at": "2019-06-29"
    },
    {
        "mid": "4526934609987636",
        "has_multimedia": 1,
        "comments_count": 0,
        "reposts_count": 0,
        "attitudes_count": 0,
        "t": "1594788779000",
        "text": "(⑉°з°)-♡",
        "uid": "1775055192/",
        "followers_count": "429",
        "statuses_count": "4007",
        "verified": 0,
        "user_created_at": "2010-07-31",
        "has_description": 1,
        "parent": "4526528857521584"
    },
    {
        "mid": "4526725281256212",
        "has_multimedia": 1,
        "comments_count": 0,
        "reposts_count": 0,
        "attitudes_count": 0,
        "t": "1594738871000",
        "text": "转发微博",
        "uid": "1018798013/",
        "followers_count": "205",
        "statuses_count": "2217",
        "verified": 0,
        "user_created_at": "2011-09-09",
        "has_description": 0,
        "parent": "4526528857521584"
    }
]