[
    {
        "mid": "4526529273268303",
        "has_multimedia": 1,
        "comments_count": 178,
        "reposts_count": 66,
        "attitudes_count": 1231,
        "t": "1594692140000",
        "text": "？？？ ​​​​",
        "uid": "6038922387/",
        "followers_count": "2052707",
        "statuses_count": "3215",
        "verified": 1,
        "user_created_at": "2016-12-31",
        "has_description": 1,
        "parent": "0"
    },
    {
        "mid": "4527440543616958",
        "has_multimedia": 1,
        "comments_count": 0,
        "reposts_count": 0,
        "attitudes_count": 0,
        "t": "1594909403000",
        "text": "//@梦川就是池小溪://@携冬日秘密潜逃:心狠手辣",
        "uid": "1733523164/",
        "followers_count": "523",
        "statuses_count": "4100",
        "verified": 1,
        "user_created_at": "2010-04-23",
        "has_description": 1,
        "parent": "4526529273268303"
    },
    {
        "mid": "4526754855537676",
        "has_multimedia": 1,
        "comments_count": 0,
        "reposts_count": 0,
        "attitudes_count": 0,
        "t": "1594745923000",
        "text": "",
        "uid": "1720348715/",
        "followers_count": "815",
        "statuses_count": "4047",
        "verified": 1,
        "user_created_at": "2010-08-29",
        "has_description": 1,
        "parent": "4526529273268303"
    },
    {
        "mid": "4526724119763186",
        "has_multimedia": 1,
        "comments_count": 0,
        "reposts_count": 0,
        "attitudes_count": 0,
        "t": "1594738595000",
        "text": "转发微博",
        "uid": "6982217925/",
        "followers_count": "1737",
        "statuses_count": "285",
        "verified": 0,
        "user_created_at": "2019-02-02",
        "has_description": 1,
        "parent": "4526529273268303"
    }
]