[
    {
        "mid": "4526529691782392",
        "has_multimedia": 1,
        "comments_count": 1065,
        "reposts_count": 2102,
        "attitudes_count": 15617,
        "t": "1594692240000",
        "text": "【转扩！海军五大院校等你来！#2020海军招生宣传片#发布】今年，海军工程大学、海军大连舰艇学院、海军潜艇学院、海军航空大学、海军军医大学五大院校计划面向全国28个省区市招收生长军官学员1812名。青春在奋斗中闪光，梦想在深蓝中发芽。祖国需要你，海军召唤你！L人民海军的微博视频 ​​​​",
        "uid": "2803301701/",
        "followers_count": "119800363",
        "statuses_count": "120558",
        "verified": 1,
        "has_description": 1,
        "parent": "0",
        "user_created_at": "2012-07-22"
    },
    {
        "mid": "4526554392460112",
        "has_multimedia": 1,
        "comments_count": 4,
        "reposts_count": 19,
        "attitudes_count": 83,
        "t": "1594698128000",
        "text": "永葆开国精神超话#不忘初心,坚定父辈精神#",
        "uid": "1672097180/",
        "followers_count": "3950734",
        "statuses_count": "55466",
        "verified": 1,
        "user_created_at": "2009-12-20",
        "has_description": 1,
        "parent": "4526529691782392"
    },
    {
        "mid": "4526675315095106",
        "has_multimedia": 1,
        "comments_count": 4,
        "reposts_count": 19,
        "attitudes_count": 83,
        "t": "1594698120000",
        "text": "#永葆开国精神[超话]##不忘初心,坚定父辈精神#",
        "uid": "1909634094/",
        "followers_count": "861",
        "statuses_count": "10385",
        "verified": 0,
        "user_created_at": "2011-01-19",
        "has_description": 1,
        "parent": "4526554392460112"
    },
    {
        "mid": "4526672105225802",
        "has_multimedia": 1,
        "comments_count": 0,
        "reposts_count": 0,
        "attitudes_count": 0,
        "t": "1594726194000",
        "text": "//@蔡小心:永葆开国精神超话#不忘初心,坚定父辈精神#",
        "uid": "7366609196/",
        "followers_count": "45",
        "statuses_count": "4955",
        "verified": 0,
        "user_created_at": "2020-01-03",
        "has_description": 0,
        "parent": "4526554392460112"
    },
    {
        "mid": "4526618510602615",
        "has_multimedia": 1,
        "comments_count": 0,
        "reposts_count": 0,
        "attitudes_count": 0,
        "t": "1594713416000",
        "text": "//@蔡小心:永葆开国精神超话#不忘初心,坚定父辈精神#",
        "uid": "6188828157/",
        "followers_count": "55",
        "statuses_count": "1248",
        "verified": 0,
        "user_created_at": "2017-09-20",
        "has_description": 0,
        "parent": "4526554392460112"
    },
    {
        "mid": "4527330972929800",
        "has_multimedia": 1,
        "comments_count": 0,
        "reposts_count": 0,
        "attitudes_count": 0,
        "t": "1594883279000",
        "text": "//@临沂经济区环境:#2020海军招生宣传片#",
        "uid": "1795409061/",
        "followers_count": "2069",
        "statuses_count": "4276",
        "verified": 0,
        "user_created_at": "2010-08-15",
        "has_description": 0,
        "parent": "4526529691782392"
    },
    {
        "mid": "4527305432509461",
        "has_multimedia": 1,
        "comments_count": 0,
        "reposts_count": 0,
        "attitudes_count": 0,
        "t": "1594877191000",
        "text": "有点心动…",
        "uid": "2980267751/",
        "followers_count": "37",
        "statuses_count": "121",
        "verified": 0,
        "user_created_at": "2012-10-05",
        "has_description": 1,
        "parent": "4526529691782392"
    }
]