[
    {
        "mid": "4526547392824175",
        "has_multimedia": 1,
        "comments_count": 238,
        "reposts_count": 15,
        "attitudes_count": 515,
        "t": "1594696460000",
        "text": "警察蜀黍谈饭圈日常哈哈哈哈哈我太难了 ​​​​",
        "uid": "2726672453/",
        "followers_count": "1518097",
        "statuses_count": "28323",
        "verified": 1,
        "user_created_at": "2012-04-19",
        "has_description": 1,
        "parent": "0"
    },
    {
        "mid": "4526743152798868",
        "has_multimedia": 1,
        "comments_count": 0,
        "reposts_count": 0,
        "attitudes_count": 0,
        "t": "1594743133000",
        "text": "//@Rikkau:srds 饭圈撕逼一方上升了让另一方所有人不上升忍着当圣母也不可能吧 有时对野蛮人不也只能用野蛮法 不如搞个网络监管出现无脑喷脏就立刻封号更好",
        "uid": "7460477013/",
        "followers_count": "108",
        "statuses_count": "1419",
        "verified": 0,
        "user_created_at": "2020-05-28",
        "has_description": 1,
        "parent": "4526547392824175"
    },
    {
        "mid": "4526737990557427",
        "has_multimedia": 1,
        "comments_count": 0,
        "reposts_count": 0,
        "attitudes_count": 0,
        "t": "1594741902000",
        "text": "黄明昊",
        "uid": "6222483433/",
        "followers_count": "1349",
        "statuses_count": "1172",
        "verified": 1,
        "user_created_at": "2017-04-22",
        "has_description": 1,
        "parent": "4526547392824175"
    },
    {
        "mid": "4526578895755181",
        "has_multimedia": 1,
        "comments_count": 2,
        "reposts_count": 0,
        "attitudes_count": 0,
        "t": "1594703971000",
        "text": "立刻去研究是哪两家",
        "uid": "5284881954/",
        "followers_count": "28",
        "statuses_count": "2590",
        "verified": 0,
        "user_created_at": "2014-09-05",
        "has_description": 1,
        "parent": "4526547392824175"
    }
]