[
    {
        "mid": "4526531215583781",
        "has_multimedia": 1,
        "comments_count": 134,
        "reposts_count": 114,
        "attitudes_count": 475,
        "t": "1594692603000",
        "text": "【社评：极端反对派休想充当香港“特洛伊木马”】只要是以瘫痪特区政府运转和对抗中央为目的的行动，无论它们以何种方式进行，最终都将失败。这样的行动突破不了基本法和宪法的制约，必将遭到打击，香港反对派不要抱可以通过“体制内方式”把香港搞乱、迫使中央做出决定性让步的幻想。国家不会允许他们做香港体制内的特洛伊木马。O社评：极端反对派休想充当香港“特洛伊木马”",
        "uid": "1974576991/",
        "followers_count": "28202551",
        "statuses_count": "190552",
        "verified": 1,
        "has_description": 1,
        "parent": "0",
        "user_created_at": "2011-02-17"
    },
    {
        "mid": "4526706180641219",
        "has_multimedia": 1,
        "comments_count": 14,
        "reposts_count": 36,
        "attitudes_count": 122,
        "t": "1594734317000",
        "text": "无论是再怎么花哨的形式，最终都会破灭。",
        "uid": "2490780034/",
        "followers_count": "2072690",
        "statuses_count": "3312",
        "verified": 1,
        "user_created_at": "2011-10-24",
        "has_description": 1,
        "parent": "4526531215583781"
    },
    {
        "mid": "4527254405125951",
        "has_multimedia": 1,
        "comments_count": 14,
        "reposts_count": 36,
        "attitudes_count": 122,
        "t": "1594734300000",
        "text": "无论是再怎么花哨的形式，最终都会破灭。",
        "uid": "2793887093/",
        "followers_count": "109",
        "statuses_count": "8989",
        "verified": 0,
        "user_created_at": "2012-07-17",
        "has_description": 1,
        "parent": "4526706180641219"
    },
    {
        "mid": "4527134583031409",
        "has_multimedia": 1,
        "comments_count": 0,
        "reposts_count": 0,
        "attitudes_count": 0,
        "t": "1594836457000",
        "text": "→_→//@文创客 :无论是再怎么花哨的形式，最终都会破灭。",
        "uid": "2793887093/",
        "followers_count": "109",
        "statuses_count": "8989",
        "verified": 0,
        "user_created_at": "2012-07-17",
        "has_description": 1,
        "parent": "4526706180641219"
    },
    {
        "mid": "4527134356538151",
        "has_multimedia": 1,
        "comments_count": 0,
        "reposts_count": 0,
        "attitudes_count": 0,
        "t": "1594836403000",
        "text": "//@文创客 :无论是再怎么花哨的形式，最终都会破灭。",
        "uid": "2793887093/",
        "followers_count": "109",
        "statuses_count": "8989",
        "verified": 0,
        "user_created_at": "2012-07-17",
        "has_description": 1,
        "parent": "4526706180641219"
    },
    {
        "mid": "4526709263662932",
        "has_multimedia": 1,
        "comments_count": 20,
        "reposts_count": 21,
        "attitudes_count": 45,
        "t": "1594735052000",
        "text": "内部破坏势力和外部敌对势力还妄图继续作恶，那不可能了。以后这片土地，不再是你们为非作歹肆意妄为的地方！",
        "uid": "2099591797/",
        "followers_count": "8865018",
        "statuses_count": "24089",
        "verified": 1,
        "user_created_at": "2011-04-22",
        "has_description": 1,
        "parent": "4526531215583781"
    },
    {
        "mid": "4526868369290180",
        "has_multimedia": 1,
        "comments_count": 1,
        "reposts_count": 0,
        "attitudes_count": 1,
        "t": "1594772987000",
        "text": "说的太对了，支持，//@鍋盖頭司令:内部破坏势力和外部敌对势力还妄图继续作恶，那不可能了。以后这片土地，不再是你们为非作歹肆意妄为的地方！",
        "uid": "5105257985/",
        "followers_count": "3133",
        "statuses_count": "30256",
        "verified": 1,
        "user_created_at": "2014-04-10",
        "has_description": 1,
        "parent": "4526709263662932"
    },
    {
        "mid": "4526868362330164",
        "has_multimedia": 1,
        "comments_count": 1,
        "reposts_count": 0,
        "attitudes_count": 1,
        "t": "1594772984000",
        "text": "再也不是他们为非作歹的地方了//@鍋盖頭司令:内部破坏势力和外部敌对势力还妄图继续作恶，那不可能了。以后这片土地，不再是你们为非作歹肆意妄为的地方！",
        "uid": "2722102200/",
        "followers_count": "802",
        "statuses_count": "10467",
        "verified": 0,
        "user_created_at": "2012-02-20",
        "has_description": 1,
        "parent": "4526709263662932"
    },
    {
        "mid": "4526868319123193",
        "has_multimedia": 1,
        "comments_count": 0,
        "reposts_count": 0,
        "attitudes_count": 0,
        "t": "1594772974000",
        "text": "一定要严惩//@鍋盖頭司令:内部破坏势力和外部敌对势力还妄图继续作恶，那不可能了。以后这片土地，不再是你们为非作歹肆意妄为的地方！",
        "uid": "7344174820/",
        "followers_count": "140",
        "statuses_count": "13947",
        "verified": 0,
        "user_created_at": "2019-11-27",
        "has_description": 1,
        "parent": "4526709263662932"
    },
    {
        "mid": "4526627263982902",
        "has_multimedia": 1,
        "comments_count": 12,
        "reposts_count": 14,
        "attitudes_count": 87,
        "t": "1594715502000",
        "text": "秋后的蚂蚱，还能蹦跶几天？不管是“特洛伊木马”，还是什么“木牛流马”，都是在“指鹿为马”！幻想终将破灭，悬崖勒马还不算晚。",
        "uid": "2099956712/",
        "followers_count": "3517287",
        "statuses_count": "22679",
        "verified": 1,
        "user_created_at": "2011-04-14",
        "has_description": 1,
        "parent": "4526531215583781"
    },
    {
        "mid": "4526774477041140",
        "has_multimedia": 1,
        "comments_count": 0,
        "reposts_count": 0,
        "attitudes_count": 0,
        "t": "1594750600000",
        "text": "转发微博",
        "uid": "6679070309/",
        "followers_count": "1",
        "statuses_count": "20",
        "verified": 0,
        "user_created_at": "2018-09-03",
        "has_description": 0,
        "parent": "4526627263982902"
    },
    {
        "mid": "4526629295198077",
        "has_multimedia": 1,
        "comments_count": 0,
        "reposts_count": 0,
        "attitudes_count": 0,
        "t": "1594715986000",
        "text": "//@CX满:秋后的蚂蚱，还能蹦跶几天？不管是“特洛伊木马”，还是什么“木牛流马”，都是在“指鹿为马”！幻想终将破灭，悬崖勒马还不算晚。",
        "uid": "7432564231/",
        "followers_count": "11622",
        "statuses_count": "3611",
        "verified": 1,
        "user_created_at": "2020-04-08",
        "has_description": 1,
        "parent": "4526627263982902"
    },
    {
        "mid": "4526629244612198",
        "has_multimedia": 1,
        "comments_count": 0,
        "reposts_count": 0,
        "attitudes_count": 0,
        "t": "1594715975000",
        "text": "//@CX满:秋后的蚂蚱，还能蹦跶几天？不管是“特洛伊木马”，还是什么“木牛流马”，都是在“指鹿为马”！幻想终将破灭，悬崖勒马还不算晚。",
        "uid": "6076743929/",
        "followers_count": "922",
        "statuses_count": "17700",
        "verified": 0,
        "user_created_at": "2016-12-04",
        "has_description": 0,
        "parent": "4526627263982902"
    }
]