[
    {
        "mid": "4526548000752264",
        "has_multimedia": 1,
        "comments_count": 202,
        "reposts_count": 162,
        "attitudes_count": 279,
        "t": "1594696605000",
        "text": "#下半年猪肉市场供应总体有保障#【下半年“二师兄”能否稳得住？生猪热点连连看】根据国家统计局数据，刚刚过去的6月份，我国猪肉价格同比上涨81.6%，拉高居民消费价格指数约2.05个百分点。这让人不免担心，下半年猪肉供应走势如何？“二师兄”价格是否会持续上涨？下面这些数据里有答案⬇️ ​​​​",
        "uid": "1699432410/",
        "followers_count": "97267735",
        "statuses_count": "126739",
        "verified": 1,
        "has_description": 1,
        "parent": "0",
        "user_created_at": "2010-02-25"
    },
    {
        "mid": "4527263607696048",
        "has_multimedia": 1,
        "comments_count": 0,
        "reposts_count": 0,
        "attitudes_count": 0,
        "t": "1594867219000",
        "text": "",
        "uid": "5886247634/",
        "followers_count": "1006656",
        "statuses_count": "13715",
        "verified": 1,
        "user_created_at": "2016-03-21",
        "has_description": 1,
        "parent": "4526548000752264"
    },
    {
        "mid": "4526656448692512",
        "has_multimedia": 1,
        "comments_count": 0,
        "reposts_count": 0,
        "attitudes_count": 1,
        "t": "1594722461000",
        "text": "//@一点清风----: 转发微博",
        "uid": "5236070506/",
        "followers_count": "1936",
        "statuses_count": "91119",
        "verified": 0,
        "user_created_at": "2014-07-29",
        "has_description": 1,
        "parent": "4526548000752264"
    }
]