[
    {
        "mid": "4526532250828180",
        "has_multimedia": 1,
        "comments_count": 247,
        "reposts_count": 271,
        "attitudes_count": 1471,
        "t": "1594692849000",
        "text": "大家还记得此前湖南那个没上大学，在深圳打工，靠自己努力，自考大学苦练英语，最后申请到纽约的程序员工作，年薪80万的那个励志妹子吗？她花了十几年时间，不断尝试，实现了阶层的跃升，这个故事激励了很多的人。这个故事还有续集。2020年，她因私事回国，正好遇到新冠，米国旅行禁令，她无法返回米国，被解雇了。失去工作，她的签证只剩下十几天的有效期。当她再次申请工作时，前雇主告诉她，我们连客户都没有了，根本没有岗位。当然，这样的一个湖南妹子，是不可能被打败的，她一定会在某一个地方，再一次站起来。但是，从中我们可以看到，一个人的命运啊，当然要靠自己的奋斗，但是历史的洪流影响真的太太太大了。。。",
        "uid": "1660079292/",
        "followers_count": "1903642",
        "statuses_count": "2667",
        "verified": 1,
        "user_created_at": "2009-11-11",
        "has_description": 1,
        "parent": "0"
    },
    {
        "mid": "4526614220540722",
        "has_multimedia": 1,
        "comments_count": 19,
        "reposts_count": 77,
        "attitudes_count": 124,
        "t": "1594712393000",
        "text": "转发微博",
        "uid": "1052404565/",
        "followers_count": "537587",
        "statuses_count": "3345",
        "verified": 1,
        "user_created_at": "2010-03-24",
        "has_description": 1,
        "parent": "4526532250828180"
    },
    {
        "mid": "4527503533673044",
        "has_multimedia": 1,
        "comments_count": 19,
        "reposts_count": 77,
        "attitudes_count": 124,
        "t": "1594712340000",
        "text": "转发微博",
        "uid": "2097258863/",
        "followers_count": "175",
        "statuses_count": "2402",
        "verified": 0,
        "user_created_at": "2011-06-21",
        "has_description": 1,
        "parent": "4526614220540722"
    },
    {
        "mid": "4527339993573599",
        "has_multimedia": 1,
        "comments_count": 0,
        "reposts_count": 0,
        "attitudes_count": 0,
        "t": "1594885431000",
        "text": "//@兽爷:转发微博",
        "uid": "1495714820/",
        "followers_count": "604",
        "statuses_count": "1162",
        "verified": 0,
        "user_created_at": "2009-09-15",
        "has_description": 0,
        "parent": "4526614220540722"
    },
    {
        "mid": "4527293668524369",
        "has_multimedia": 1,
        "comments_count": 19,
        "reposts_count": 77,
        "attitudes_count": 124,
        "t": "1594712340000",
        "text": "转发微博",
        "uid": "5159200940/",
        "followers_count": "36",
        "statuses_count": "120",
        "verified": 0,
        "user_created_at": "2014-05-30",
        "has_description": 0,
        "parent": "4526614220540722"
    },
    {
        "mid": "4527983425753776",
        "has_multimedia": 0,
        "comments_count": 7,
        "reposts_count": 0,
        "attitudes_count": 1,
        "t": "1595038837000",
        "text": "一个人的命运啊，当然要靠自己的奋斗，但是历史的洪流影响真的太太太大了",
        "uid": "1926322463/",
        "followers_count": "7351",
        "statuses_count": "2721",
        "verified": 0,
        "user_created_at": "2011-02-10",
        "has_description": 1,
        "parent": "4526532250828180"
    },
    {
        "mid": "4527802189618716",
        "has_multimedia": 1,
        "comments_count": 0,
        "reposts_count": 0,
        "attitudes_count": 0,
        "t": "1594995626000",
        "text": "转发微博",
        "uid": "6032833023/",
        "followers_count": "1",
        "statuses_count": "203",
        "verified": 0,
        "user_created_at": "2016-09-27",
        "has_description": 0,
        "parent": "4526532250828180"
    }
]