[
    {
        "mid": "4526532410077214",
        "has_multimedia": 1,
        "comments_count": 1980,
        "reposts_count": 502,
        "attitudes_count": 10337,
        "t": "1594692887000",
        "text": "【美媒：中拟大举投资伊朗 美制裁将受挫】伊朗和中国即将达成双边协议，此举预料将协助伊朗缓解被美国制裁的困境。《纽约时报》取得的协议草案显示，伊朗和中国已接近达成一份贸易与军事伙伴协议，为中国在伊朗能源与其他领域投资数十亿美元铺平道路。对美国而言，此协议一旦达成，将破坏特朗普政府一直以来要全面孤立伊朗政府的努力。若伊中签署并落实协议，这个伙伴关系将给原已恶化的美中关系制造新的且有危险的冲突点。（到联合早报网看全文）",
        "uid": "1654134123/",
        "followers_count": "3092651",
        "statuses_count": "51613",
        "verified": 1,
        "has_description": 1,
        "parent": "0",
        "user_created_at": "2009-10-16"
    },
    {
        "mid": "4526645753274946",
        "has_multimedia": 1,
        "comments_count": 99,
        "reposts_count": 56,
        "attitudes_count": 488,
        "t": "1594719911000",
        "text": "转发微博",
        "uid": "6720489566/",
        "followers_count": "92293",
        "statuses_count": "3720",
        "verified": 0,
        "user_created_at": "2018-09-24",
        "has_description": 1,
        "parent": "4526532410077214"
    },
    {
        "mid": "4526930726068596",
        "has_multimedia": 1,
        "comments_count": 1,
        "reposts_count": 0,
        "attitudes_count": 0,
        "t": "1594787854000",
        "text": "伊朗会不会倒戈？//@织女vega:转发微博",
        "uid": "2172977800/",
        "followers_count": "622",
        "statuses_count": "19727",
        "verified": 0,
        "user_created_at": "2011-07-01",
        "has_description": 0,
        "parent": "4526645753274946"
    },
    {
        "mid": "4526921608438290",
        "has_multimedia": 1,
        "comments_count": 99,
        "reposts_count": 56,
        "attitudes_count": 488,
        "t": "1594719900000",
        "text": "转发微博",
        "uid": "1497531765/",
        "followers_count": "1533",
        "statuses_count": "8511",
        "verified": 0,
        "user_created_at": "2012-12-07",
        "has_description": 0,
        "parent": "4526645753274946"
    },
    {
        "mid": "4526750170372570",
        "has_multimedia": 1,
        "comments_count": 0,
        "reposts_count": 0,
        "attitudes_count": 0,
        "t": "1594744806000",
        "text": "//@蒋祖权评论:一千条理由 //@织女vega: 转发微博",
        "uid": "1654508282/",
        "followers_count": "2508",
        "statuses_count": "7377",
        "verified": 0,
        "user_created_at": "2009-11-04",
        "has_description": 0,
        "parent": "4526645753274946"
    },
    {
        "mid": "4526744213856737",
        "has_multimedia": 1,
        "comments_count": 0,
        "reposts_count": 0,
        "attitudes_count": 0,
        "t": "1594743386000",
        "text": "这是让美帝坚信，光制裁伊朗没用。//@蒋祖权评论:一千条理由 //@织女vega: 转发微博",
        "uid": "2688934664/",
        "followers_count": "43",
        "statuses_count": "417",
        "verified": 0,
        "user_created_at": "2012-01-27",
        "has_description": 0,
        "parent": "4526645753274946"
    },
    {
        "mid": "4526728401958877",
        "has_multimedia": 1,
        "comments_count": 0,
        "reposts_count": 0,
        "attitudes_count": 0,
        "t": "1594739615000",
        "text": "回复@甲移22464:敌人的敌人就是朋友//@甲移22464:伊朗自身难保，钞票大幅度贬值，政治上耍流氓，跟这样的国家，有什么好投资的?亏还没吃够啊?要有底线好不好//@蒋祖权评论:一千条理由 //@织女vega: 转发微博//@蒋祖权评论:一千条理由 //@织女vega: 转发微博",
        "uid": "6288530861/",
        "followers_count": "193",
        "statuses_count": "2262",
        "verified": 0,
        "user_created_at": "2017-06-19",
        "has_description": 1,
        "parent": "4526645753274946"
    },
    {
        "mid": "4526723944080498",
        "has_multimedia": 1,
        "comments_count": 0,
        "reposts_count": 0,
        "attitudes_count": 0,
        "t": "1594738552000",
        "text": "//@织女vega:转发微博",
        "uid": "2098954111/",
        "followers_count": "343",
        "statuses_count": "5973",
        "verified": 0,
        "user_created_at": "2011-04-21",
        "has_description": 0,
        "parent": "4526645753274946"
    },
    {
        "mid": "4527018571830242",
        "has_multimedia": 1,
        "comments_count": 0,
        "reposts_count": 0,
        "attitudes_count": 0,
        "t": "1594808798000",
        "text": "转发微博",
        "uid": "1424827370/",
        "followers_count": "403",
        "statuses_count": "12696",
        "verified": 0,
        "user_created_at": "2011-03-26",
        "has_description": 0,
        "parent": "4526532410077214"
    },
    {
        "mid": "4527004852002197",
        "has_multimedia": 1,
        "comments_count": 0,
        "reposts_count": 0,
        "attitudes_count": 0,
        "t": "1594805527000",
        "text": "干！",
        "uid": "7190697898/",
        "followers_count": "5",
        "statuses_count": "241",
        "verified": 0,
        "user_created_at": "2019-06-12",
        "has_description": 0,
        "parent": "4526532410077214"
    }
]