[
    {
        "mid": "4526533006278021",
        "has_multimedia": 1,
        "comments_count": 880,
        "reposts_count": 659,
        "attitudes_count": 24967,
        "t": "1594693030000",
        "text": "【#大叔学鬼步舞给83岁母亲解闷#】山东淄博57岁的王先生，每天都带83岁的母亲外出锻炼散心，“推着车子让她走二三百米”。他还学各式舞蹈，逗老人开心。他说：“妈妈养大我不容易！家有一老，如有一宝。”为这份孝心点赞！L齐 鲁 频 道的秒拍视频 @齐鲁电视台 ​​​​",
        "uid": "2656274875/",
        "followers_count": "111904454",
        "statuses_count": "130380",
        "verified": 1,
        "has_description": 1,
        "parent": "0",
        "user_created_at": "2012-03-07"
    },
    {
        "mid": "4527248902459287",
        "has_multimedia": 1,
        "comments_count": 0,
        "reposts_count": 0,
        "attitudes_count": 0,
        "t": "1594863713000",
        "text": "陪伴是能给父母最好的东西",
        "uid": "7038769361/",
        "followers_count": "1",
        "statuses_count": "146",
        "verified": 0,
        "user_created_at": "2019-03-20",
        "has_description": 0,
        "parent": "4526533006278021"
    },
    {
        "mid": "4527233659569412",
        "has_multimedia": 1,
        "comments_count": 0,
        "reposts_count": 0,
        "attitudes_count": 0,
        "t": "1594860078000",
        "text": "",
        "uid": "3179375401/",
        "followers_count": "986",
        "statuses_count": "4368",
        "verified": 0,
        "user_created_at": "2012-12-09",
        "has_description": 1,
        "parent": "4526533006278021"
    }
]