[
    {
        "mid": "4526549590857124",
        "has_multimedia": 1,
        "comments_count": 240,
        "reposts_count": 229,
        "attitudes_count": 677,
        "t": "1594696984000",
        "text": "江苏网警谈饭圈以为警察叔叔不冲浪？ ​​​​",
        "uid": "2342673701/",
        "followers_count": "7065775",
        "statuses_count": "7441",
        "verified": 1,
        "user_created_at": "2011-09-04",
        "has_description": 1,
        "parent": "0"
    },
    {
        "mid": "4526699888782066",
        "has_multimedia": 1,
        "comments_count": 0,
        "reposts_count": 0,
        "attitudes_count": 0,
        "t": "1594732818000",
        "text": "转发微博",
        "uid": "7288299099/",
        "followers_count": "1",
        "statuses_count": "7",
        "verified": 0,
        "user_created_at": "2019-08-22",
        "has_description": 0,
        "parent": "4526549590857124"
    },
    {
        "mid": "4526689131197930",
        "has_multimedia": 1,
        "comments_count": 0,
        "reposts_count": 0,
        "attitudes_count": 0,
        "t": "1594730252000",
        "text": "这不就是🦐么",
        "uid": "1630653357/",
        "followers_count": "321",
        "statuses_count": "44000",
        "verified": 0,
        "user_created_at": "2010-10-03",
        "has_description": 1,
        "parent": "4526549590857124"
    },
    {
        "mid": "4526688601956584",
        "has_multimedia": 1,
        "comments_count": 0,
        "reposts_count": 0,
        "attitudes_count": 0,
        "t": "1594730127000",
        "text": "转发微博",
        "uid": "6059050690/",
        "followers_count": "908",
        "statuses_count": "1263",
        "verified": 0,
        "user_created_at": "2016-11-01",
        "has_description": 1,
        "parent": "4526549590857124"
    }
]