[
    {
        "mid": "4526532960204675",
        "has_multimedia": 1,
        "comments_count": 207,
        "reposts_count": 365,
        "attitudes_count": 602,
        "t": "1594693019000",
        "text": "杨洋公益vcr杨洋“微风计划守望行动”活动爱心大使！一起爱心助力乡村孩子创造七彩课堂，守护乡村孩子们的艺术梦想@杨洋 L影视剧未央的微博视频 ​​​​",
        "uid": "2342610415/",
        "followers_count": "8247356",
        "statuses_count": "31208",
        "verified": 1,
        "user_created_at": "2011-09-04",
        "has_description": 1,
        "parent": "0"
    },
    {
        "mid": "4527303683483658",
        "has_multimedia": 1,
        "comments_count": 0,
        "reposts_count": 0,
        "attitudes_count": 0,
        "t": "1594876774000",
        "text": "杨洋超话 #元气满满的哥哥# @杨洋",
        "uid": "5826017141/",
        "followers_count": "14",
        "statuses_count": "170",
        "verified": 0,
        "user_created_at": "2016-01-09",
        "has_description": 0,
        "parent": "4526532960204675"
    },
    {
        "mid": "4526869028895451",
        "has_multimedia": 1,
        "comments_count": 0,
        "reposts_count": 0,
        "attitudes_count": 0,
        "t": "1594773144000",
        "text": "转发微博",
        "uid": "7293497058/",
        "followers_count": "50",
        "statuses_count": "2878",
        "verified": 0,
        "user_created_at": "2019-08-27",
        "has_description": 1,
        "parent": "4526532960204675"
    },
    {
        "mid": "4526868760850763",
        "has_multimedia": 1,
        "comments_count": 0,
        "reposts_count": 1,
        "attitudes_count": 0,
        "t": "1594739580000",
        "text": "#与杨洋益路同行# 和杨洋一起做公益",
        "uid": "2169392780/",
        "followers_count": "4001",
        "statuses_count": "19808",
        "verified": 1,
        "user_created_at": "2011-06-11",
        "has_description": 1,
        "parent": "4526532960204675"
    }
]