[
    {
        "mid": "4526533736456267",
        "has_multimedia": 1,
        "comments_count": 1263,
        "reposts_count": 640,
        "attitudes_count": 7359,
        "t": "1594693203000",
        "text": "【“数学鬼才”特朗普：如果检测少一半，病例也会少一半】7月13日，美国白宫。针对有人拿美国确诊数说事儿，特朗普不干了：“现在我们检测4500万次，有这么多确诊。如果检测少一半，病例也会少一半，如果检测量是一半的一半，病例则会再少一半。”L微丢的微博视频 ​​​​",
        "uid": "1887344341/",
        "followers_count": "12544138",
        "statuses_count": "110465",
        "verified": 1,
        "has_description": 1,
        "parent": "0",
        "user_created_at": "2010-12-09"
    },
    {
        "mid": "4526552036155256",
        "has_multimedia": 1,
        "comments_count": 37,
        "reposts_count": 32,
        "attitudes_count": 53,
        "t": "1594697567000",
        "text": "不检测就没有病例！",
        "uid": "5594165638/",
        "followers_count": "491853",
        "statuses_count": "11768",
        "verified": 1,
        "has_description": 1,
        "parent": "4526533736456267",
        "user_created_at": "2015-04-24"
    },
    {
        "mid": "4526648474859701",
        "has_multimedia": 1,
        "comments_count": 0,
        "reposts_count": 0,
        "attitudes_count": 0,
        "t": "1594720560000",
        "text": "//@ESC7655: 。。不是说他大学是代考过的吗//@狐梨是原马甲的别称: //@LumiereNoire:今年的诺贝尔数学奖就颁给他了！//@战略安全与军控在线: 不检测就没有病例！",
        "uid": "1891070931/",
        "followers_count": "251",
        "statuses_count": "2213",
        "verified": 0,
        "user_created_at": "2010-12-12",
        "has_description": 1,
        "parent": "4526552036155256"
    },
    {
        "mid": "4526618893262607",
        "has_multimedia": 1,
        "comments_count": 0,
        "reposts_count": 0,
        "attitudes_count": 0,
        "t": "1594713506000",
        "text": "//@季白就是比王凯帅://@小囧的后脑勺://@兔乖乖拔萝卜:→_→//@LumiereNoire:今年的诺贝尔数学奖就颁给他了！//@战略安全与军控在线: 不检测就没有病例！",
        "uid": "1692467074/",
        "followers_count": "1057",
        "statuses_count": "41059",
        "verified": 1,
        "user_created_at": "2010-02-10",
        "has_description": 1,
        "parent": "4526552036155256"
    },
    {
        "mid": "4526618669787201",
        "has_multimedia": 1,
        "comments_count": 0,
        "reposts_count": 0,
        "attitudes_count": 0,
        "t": "1594713453000",
        "text": "//@季白就是比王凯帅://@小囧的后脑勺://@兔乖乖拔萝卜:→_→//@LumiereNoire:今年的诺贝尔数学奖就颁给他了！//@战略安全与军控在线: 不检测就没有病例！",
        "uid": "1774351110/",
        "followers_count": "413",
        "statuses_count": "17532",
        "verified": 0,
        "user_created_at": "2010-07-30",
        "has_description": 1,
        "parent": "4526552036155256"
    },
    {
        "mid": "4526614409408496",
        "has_multimedia": 1,
        "comments_count": 0,
        "reposts_count": 2,
        "attitudes_count": 1,
        "t": "1594712438000",
        "text": "//@小囧的后脑勺://@兔乖乖拔萝卜:→_→//@LumiereNoire:今年的诺贝尔数学奖就颁给他了！//@战略安全与军控在线: 不检测就没有病例！",
        "uid": "1696934643/",
        "followers_count": "736",
        "statuses_count": "13497",
        "verified": 0,
        "user_created_at": "2010-02-20",
        "has_description": 1,
        "parent": "4526552036155256"
    },
    {
        "mid": "4526600299705375",
        "has_multimedia": 1,
        "comments_count": 0,
        "reposts_count": 0,
        "attitudes_count": 0,
        "t": "1594709073000",
        "text": "//@兔乖乖拔萝卜:→_→//@LumiereNoire:今年的诺贝尔数学奖就颁给他了！//@战略安全与军控在线: 不检测就没有病例！",
        "uid": "5505942589/",
        "followers_count": "9",
        "statuses_count": "1018",
        "verified": 0,
        "user_created_at": "2015-02-02",
        "has_description": 0,
        "parent": "4526552036155256"
    },
    {
        "mid": "4526599745888828",
        "has_multimedia": 1,
        "comments_count": 37,
        "reposts_count": 32,
        "attitudes_count": 53,
        "t": "1594697520000",
        "text": "不检测就没有病例！",
        "uid": "7396002553/",
        "followers_count": "2",
        "statuses_count": "221",
        "verified": 0,
        "user_created_at": "2020-02-20",
        "has_description": 0,
        "parent": "4526552036155256"
    },
    {
        "mid": "4526592322033634",
        "has_multimedia": 1,
        "comments_count": 0,
        "reposts_count": 3,
        "attitudes_count": 0,
        "t": "1594707172000",
        "text": "//@兔乖乖拔萝卜:→_→//@LumiereNoire:今年的诺贝尔数学奖就颁给他了！//@战略安全与军控在线: 不检测就没有病例！",
        "uid": "2408271500/",
        "followers_count": "94",
        "statuses_count": "9328",
        "verified": 0,
        "user_created_at": "2011-09-19",
        "has_description": 1,
        "parent": "4526552036155256"
    },
    {
        "mid": "4526590401695804",
        "has_multimedia": 1,
        "comments_count": 0,
        "reposts_count": 5,
        "attitudes_count": 0,
        "t": "1594706714000",
        "text": "→_→//@LumiereNoire:今年的诺贝尔数学奖就颁给他了！//@战略安全与军控在线: 不检测就没有病例！",
        "uid": "2157587482/",
        "followers_count": "92",
        "statuses_count": "3058",
        "verified": 0,
        "user_created_at": "2011-06-04",
        "has_description": 1,
        "parent": "4526552036155256"
    },
    {
        "mid": "4526879741037191",
        "has_multimedia": 1,
        "comments_count": 0,
        "reposts_count": 0,
        "attitudes_count": 0,
        "t": "1594775697000",
        "text": "这手掩耳盗铃漂亮//@生活的轮回:那如果不检测，疫情就结束了呗",
        "uid": "3294332062/",
        "followers_count": "107",
        "statuses_count": "173",
        "verified": 0,
        "user_created_at": "2013-04-30",
        "has_description": 1,
        "parent": "4526533736456267"
    },
    {
        "mid": "4526859201950785",
        "has_multimedia": 1,
        "comments_count": 0,
        "reposts_count": 0,
        "attitudes_count": 0,
        "t": "1594770800000",
        "text": "//@生活的轮回:那如果不检测，疫情就结束了呗",
        "uid": "5362399696/",
        "followers_count": "140",
        "statuses_count": "655",
        "verified": 0,
        "user_created_at": "2014-11-08",
        "has_description": 0,
        "parent": "4526533736456267"
    },
    {
        "mid": "4526854579013991",
        "has_multimedia": 1,
        "comments_count": 0,
        "reposts_count": 0,
        "attitudes_count": 0,
        "t": "1594769698000",
        "text": "//@ESC7655: 。。不是说他大学是代考过的吗//@狐梨是原马甲的别称: //@LumiereNoire: 今年的诺贝尔数学奖就颁给他了//@战略安全与军控在线: 不检测就没有病例！",
        "uid": "3794495284/",
        "followers_count": "473",
        "statuses_count": "34910",
        "verified": 0,
        "user_created_at": "2013-09-13",
        "has_description": 0,
        "parent": "4526533736456267"
    },
    {
        "mid": "4526813353092030",
        "has_multimedia": 1,
        "comments_count": 0,
        "reposts_count": 0,
        "attitudes_count": 0,
        "t": "1594759870000",
        "text": "他每天都在说啥啊",
        "uid": "2170723390/",
        "followers_count": "598",
        "statuses_count": "3291",
        "verified": 0,
        "user_created_at": "2011-06-12",
        "has_description": 1,
        "parent": "4526533736456267"
    }
]