[
    {
        "mid": "4526549732294504",
        "has_multimedia": 1,
        "comments_count": 306,
        "reposts_count": 1704,
        "attitudes_count": 171,
        "t": "1594697018000",
        "text": "#走近一线检察官#【检察官见证，百万鱼苗入黄海】10:15，人民监督员常爱英接受记者采访时感慨道：“长期以来，人们享受海洋带来的舟楫之便、渔盐之利、美丽风光，却很少关注到海洋生态系统的服务功能和服务价值。环翠区检察院组织的这类活动，为海洋生态系统保护增添了新动力。希望今后继续加强这项工作。”",
        "uid": "5053469079/",
        "followers_count": "12925042",
        "statuses_count": "30356",
        "verified": 1,
        "has_description": 1,
        "parent": "0",
        "user_created_at": "2014-02-28"
    },
    {
        "mid": "4526553230454740",
        "has_multimedia": 1,
        "comments_count": 29,
        "reposts_count": 81,
        "attitudes_count": 27,
        "t": "1594697852000",
        "text": "#走近一线检察官#【检察官见证，百万鱼苗入黄海】10:15，人民监督员常爱英接受记者采访时感慨道：“长期以来，人们享受海洋带来的舟楫之便、渔盐之利、美丽风光，却很少关注到海洋生态系统的服务功能和服务价值。",
        "uid": "5182805750/",
        "followers_count": "519808",
        "statuses_count": "33810",
        "verified": 1,
        "has_description": 1,
        "parent": "4526549732294504",
        "user_created_at": "2014-06-17"
    },
    {
        "mid": "4526562756880194",
        "has_multimedia": 1,
        "comments_count": 18,
        "reposts_count": 28,
        "attitudes_count": 23,
        "t": "1594700123000",
        "text": "#走近一线检察官#【检察官见证，百万鱼苗入黄海】10:15//@陕西检察:#走近一线检察官#【检察官见证，百万鱼苗入黄海】10:15，人民监督员常爱英接受记者采访时感慨道：“长期以来，人们享受海洋带来的舟楫之便、渔盐之利、美丽风光，却很少关注到海洋生态系统的服务功能和服务价值。",
        "uid": "5201566670/",
        "followers_count": "14573",
        "statuses_count": "27359",
        "verified": 1,
        "has_description": 1,
        "parent": "4526553230454740",
        "user_created_at": "2014-07-02"
    },
    {
        "mid": "4526941128470144",
        "has_multimedia": 1,
        "comments_count": 0,
        "reposts_count": 0,
        "attitudes_count": 0,
        "t": "1594790334000",
        "text": "//@渭南检察:#走近一线检察官#【检察官见证，百万鱼苗入黄海】10:15",
        "uid": "3052601485/",
        "followers_count": "630",
        "statuses_count": "2442",
        "verified": 0,
        "user_created_at": "2012-10-18",
        "has_description": 1,
        "parent": "4526562756880194"
    },
    {
        "mid": "4526911755390485",
        "has_multimedia": 1,
        "comments_count": 0,
        "reposts_count": 0,
        "attitudes_count": 0,
        "t": "1594783330000",
        "text": "//@蒲城检察://@渭南检察: #走近一线检察官#【检察官见证，百万鱼苗入黄海】10:15//@陕西检察:#走近一线检察官#【检察官见证，百万鱼苗入黄海】10:15，人民监督员常爱英接受记者采访时感慨道：“长期以来，",
        "uid": "6550353818/",
        "followers_count": "34",
        "statuses_count": "4533",
        "verified": 0,
        "user_created_at": "2018-05-15",
        "has_description": 0,
        "parent": "4526562756880194"
    },
    {
        "mid": "4526909017699765",
        "has_multimedia": 1,
        "comments_count": 0,
        "reposts_count": 0,
        "attitudes_count": 0,
        "t": "1594782678000",
        "text": "//@蒲城检察://@渭南检察: #走近一线检察官#【检察官见证，百万鱼苗入黄海】10:15//@陕西检察:#走近一线检察官#【检察官见证，百万鱼苗入黄海】10:15，人民监督员常爱英接受记者采访时感慨道：“长期以来，人们",
        "uid": "3807435056/",
        "followers_count": "64",
        "statuses_count": "2505",
        "verified": 0,
        "user_created_at": "2013-09-20",
        "has_description": 0,
        "parent": "4526562756880194"
    },
    {
        "mid": "4527085618464499",
        "has_multimedia": 1,
        "comments_count": 0,
        "reposts_count": 0,
        "attitudes_count": 0,
        "t": "1594824782000",
        "text": "//@陕西检察:#走近一线检察官#【检察官见证，百万鱼苗入黄海】10:15，人民监督员常爱英接受记者采访时感慨道：“长期以来，人们享受海洋带来的舟楫之便、渔盐之利、美丽风光，却很少关注到海洋生态系统的服务功能和服务价值。",
        "uid": "5174936901/",
        "followers_count": "178",
        "statuses_count": "5765",
        "verified": 1,
        "has_description": 1,
        "parent": "4526553230454740",
        "user_created_at": "2014-06-11"
    },
    {
        "mid": "4526987844098265",
        "has_multimedia": 1,
        "comments_count": 0,
        "reposts_count": 0,
        "attitudes_count": 0,
        "t": "1594801472000",
        "text": "//@陕西检察: #走近一线检察官#【检察官见证，百万鱼苗入黄海】10:15，人民监督员常爱英接受记者采访时感慨道：“长期以来，人们享受海洋带来的舟楫之便、渔盐之利、美丽风光，却很少关注到海洋生态系统的服务功能和服务价值。",
        "uid": "5173636976/",
        "followers_count": "242",
        "statuses_count": "26380",
        "verified": 1,
        "has_description": 1,
        "parent": "4526553230454740",
        "user_created_at": "2014-06-09"
    },
    {
        "mid": "4526562008956308",
        "has_multimedia": 1,
        "comments_count": 15,
        "reposts_count": 20,
        "attitudes_count": 12,
        "t": "1594699945000",
        "text": "#走近一线检察官#【检察官见证，百万鱼苗入黄海】",
        "uid": "5065571660/",
        "followers_count": "25021",
        "statuses_count": "39932",
        "verified": 1,
        "has_description": 1,
        "parent": "4526549732294504",
        "user_created_at": "2014-03-10"
    },
    {
        "mid": "4527255771949275",
        "has_multimedia": 1,
        "comments_count": 0,
        "reposts_count": 0,
        "attitudes_count": 1,
        "t": "1594865351000",
        "text": "//@保定检察: #走近一线检察官#【检察官见证，百万鱼苗入黄海】",
        "uid": "1311615060/",
        "followers_count": "1087",
        "statuses_count": "33610",
        "verified": 1,
        "has_description": 1,
        "parent": "4526562008956308",
        "user_created_at": "2013-08-15"
    },
    {
        "mid": "4526980890725304",
        "has_multimedia": 1,
        "comments_count": 0,
        "reposts_count": 0,
        "attitudes_count": 0,
        "t": "1594799813000",
        "text": "//@保定检察: #走近一线检察官#【检察官见证，百万鱼苗入黄海】",
        "uid": "5286855990/",
        "followers_count": "2091",
        "statuses_count": "36455",
        "verified": 1,
        "has_description": 1,
        "parent": "4526562008956308",
        "user_created_at": "2012-01-01"
    },
    {
        "mid": "4526968558690222",
        "has_multimedia": 1,
        "comments_count": 0,
        "reposts_count": 0,
        "attitudes_count": 0,
        "t": "1594796874000",
        "text": "#走近一线检察官#【检察官见证，百万鱼苗入黄海】#@保定检察//@保定检察:#走近一线检察官#【检察官见证，百万鱼苗入黄海】",
        "uid": "5260716472/",
        "followers_count": "2656",
        "statuses_count": "30173",
        "verified": 1,
        "has_description": 1,
        "parent": "4526562008956308",
        "user_created_at": "2014-08-19"
    },
    {
        "mid": "4526550856534084",
        "has_multimedia": 1,
        "comments_count": 41,
        "reposts_count": 23,
        "attitudes_count": 10,
        "t": "1594697285000",
        "text": "#走近一线检察官#【检察官见证，百万鱼苗入黄海】",
        "uid": "5404625835/",
        "followers_count": "529621",
        "statuses_count": "110529",
        "verified": 1,
        "has_description": 1,
        "parent": "4526549732294504",
        "user_created_at": "2014-12-08"
    },
    {
        "mid": "4526678548884285",
        "has_multimedia": 1,
        "comments_count": 1,
        "reposts_count": 0,
        "attitudes_count": 1,
        "t": "1594727730000",
        "text": "//@南岔县人民检察院://@龙江检察:#走近一线检察官#【检察官见证，百万鱼苗入黄海】",
        "uid": "7310156492/",
        "followers_count": "5",
        "statuses_count": "787",
        "verified": 0,
        "user_created_at": "2019-09-23",
        "has_description": 0,
        "parent": "4526550856534084"
    },
    {
        "mid": "4526671019941513",
        "has_multimedia": 1,
        "comments_count": 2,
        "reposts_count": 0,
        "attitudes_count": 1,
        "t": "1594725934000",
        "text": "//@龙江检察:#走近一线检察官#【检察官见证，百万鱼苗入黄海】",
        "uid": "5553121725/",
        "followers_count": "419",
        "statuses_count": "2251",
        "verified": 1,
        "has_description": 1,
        "parent": "4526550856534084",
        "user_created_at": "2015-03-13"
    },
    {
        "mid": "4526639977349392",
        "has_multimedia": 1,
        "comments_count": 0,
        "reposts_count": 0,
        "attitudes_count": 0,
        "t": "1594718533000",
        "text": "//@龙江检察: #走近一线检察官#【检察官见证，百万鱼苗入黄海】",
        "uid": "5787462117/",
        "followers_count": "343",
        "statuses_count": "18560",
        "verified": 1,
        "has_description": 1,
        "parent": "4526550856534084",
        "user_created_at": "2015-12-09"
    }
]