[
    {
        "mid": "4526534520948468",
        "has_multimedia": 1,
        "comments_count": 947,
        "reposts_count": 189,
        "attitudes_count": 24421,
        "t": "1594693391000",
        "text": "【#苹果向降速门iPhone用户每人赔偿25美元#，美国用户可以申请了】据外媒最新报道，苹果已经同意向美国用户们支付iPhone“降速门”赔偿，每人可获得25美元，以结束一场在美国的集体诉讼。符合条件的用户需要在线提出申请。苹果公司于2017推出iOS 10.2.1系统，通过限制处理器速度的方式，防止老旧机型手机突然关机，但他们没有向外界提及这个情况。 L老板联播的微博视频",
        "uid": "1642088277/",
        "followers_count": "37906323",
        "statuses_count": "184231",
        "verified": 1,
        "has_description": 1,
        "parent": "0",
        "user_created_at": "2020-01-01"
    },
    {
        "mid": "4527058368073959",
        "has_multimedia": 1,
        "comments_count": 0,
        "reposts_count": 0,
        "attitudes_count": 0,
        "t": "1594818286000",
        "text": "现在买苹果还来得及吗",
        "uid": "3415489902/",
        "followers_count": "56",
        "statuses_count": "310",
        "verified": 0,
        "user_created_at": "2013-08-07",
        "has_description": 1,
        "parent": "4526534520948468"
    },
    {
        "mid": "4527006496687945",
        "has_multimedia": 1,
        "comments_count": 0,
        "reposts_count": 0,
        "attitudes_count": 0,
        "t": "1594805918000",
        "text": "//@John_CR:哈哈哈哈哈//@猪皮恶霸小白花:中国移动是不是应该向4g降速客户赔偿。",
        "uid": "6335435003/",
        "followers_count": "91",
        "statuses_count": "112",
        "verified": 0,
        "user_created_at": "2017-08-07",
        "has_description": 1,
        "parent": "4526534520948468"
    },
    {
        "mid": "4526967887601812",
        "has_multimedia": 1,
        "comments_count": 0,
        "reposts_count": 0,
        "attitudes_count": 0,
        "t": "1594796714000",
        "text": "转发此微博！",
        "uid": "7073310829/",
        "followers_count": "21271",
        "statuses_count": "192",
        "verified": 0,
        "user_created_at": "2019-04-11",
        "has_description": 0,
        "parent": "4526534520948468"
    }
]