[
    {
        "mid": "4526550593422014",
        "has_multimedia": 1,
        "comments_count": 1448,
        "reposts_count": 1107,
        "attitudes_count": 12988,
        "t": "1594697223000",
        "text": "【德州#男子捅伤妻子后送医途中将其扼颈致死并抛尸#，被警方抓获】近日，山东德州宁津县公安局成功破获一起故意杀人案。2020年6月18日20时许，李某与妻子张某在家中发生争执，期间持刀将张某捅伤。其后欲带张某外出就医，在送医途中李某改变主意，并未前往医院，行驶至相衙镇某村附近时发现张某昏迷，随即将张某扼颈致死。后来，为隐匿犯罪、销毁证据，又借他人车辆将张某尸体抛尸于河北省武安市某村庄。经讯问，犯罪嫌疑人李某对其杀害妻子张某的违法犯罪事实供认不讳。齐鲁晚报微信公号°德州男子捅伤妻子后送医途中将其扼颈致死并抛...",
        "uid": "5044281310/",
        "followers_count": "24891941",
        "statuses_count": "69661",
        "verified": 1,
        "has_description": 1,
        "parent": "0",
        "user_created_at": "2012-01-01"
    },
    {
        "mid": "4526570323181069",
        "has_multimedia": 1,
        "comments_count": 42,
        "reposts_count": 120,
        "attitudes_count": 221,
        "t": "1594701927000",
        "text": "卧槽，丧心病狂。",
        "uid": "6038922387/",
        "followers_count": "2052815",
        "statuses_count": "3209",
        "verified": 1,
        "user_created_at": "2016-12-31",
        "has_description": 1,
        "parent": "4526550593422014"
    },
    {
        "mid": "4526581971109107",
        "has_multimedia": 1,
        "comments_count": 1,
        "reposts_count": 12,
        "attitudes_count": 8,
        "t": "1594704704000",
        "text": "今日份的不婚不育//@乔凯文:卧槽，丧心病狂。",
        "uid": "1658719597/",
        "followers_count": "5719952",
        "statuses_count": "34615",
        "verified": 1,
        "user_created_at": "2009-11-05",
        "has_description": 1,
        "parent": "4526570323181069"
    },
    {
        "mid": "4526655643459818",
        "has_multimedia": 1,
        "comments_count": 0,
        "reposts_count": 0,
        "attitudes_count": 0,
        "t": "1594722269000",
        "text": "杀妻……又是杀妻……//@大望路女青年:今日份的不婚不育//@乔凯文:卧槽，丧心病狂。",
        "uid": "3190792974/",
        "followers_count": "651",
        "statuses_count": "9839",
        "verified": 0,
        "user_created_at": "2013-02-15",
        "has_description": 1,
        "parent": "4526581971109107"
    },
    {
        "mid": "4526654183761641",
        "has_multimedia": 1,
        "comments_count": 1,
        "reposts_count": 12,
        "attitudes_count": 8,
        "t": "1594704660000",
        "text": "今日份的不婚不育//@乔凯文:卧槽，丧心病狂。",
        "uid": "2912339054/",
        "followers_count": "173",
        "statuses_count": "5516",
        "verified": 0,
        "user_created_at": "2012-07-20",
        "has_description": 1,
        "parent": "4526581971109107"
    },
    {
        "mid": "4526595048713607",
        "has_multimedia": 1,
        "comments_count": 1,
        "reposts_count": 12,
        "attitudes_count": 8,
        "t": "1594704660000",
        "text": "今日份的不婚不育//@乔凯文:卧槽，丧心病狂。",
        "uid": "3461555700/",
        "followers_count": "330",
        "statuses_count": "31056",
        "verified": 0,
        "user_created_at": "2013-06-11",
        "has_description": 1,
        "parent": "4526581971109107"
    },
    {
        "mid": "4526593932235143",
        "has_multimedia": 1,
        "comments_count": 1,
        "reposts_count": 12,
        "attitudes_count": 8,
        "t": "1594704660000",
        "text": "今日份的不婚不育//@乔凯文:卧槽，丧心病狂。",
        "uid": "2107442714/",
        "followers_count": "196",
        "statuses_count": "41567",
        "verified": 0,
        "user_created_at": "2011-04-20",
        "has_description": 1,
        "parent": "4526581971109107"
    },
    {
        "mid": "4526593907358855",
        "has_multimedia": 1,
        "comments_count": 0,
        "reposts_count": 0,
        "attitudes_count": 0,
        "t": "1594707549000",
        "text": "日常恐婚，话说，做这种事情的都是男的啊//@穿过你的脑洞的我的手 ://@大望路女青年 :今日份的不婚不育//@乔凯文 :卧槽，丧心病狂。",
        "uid": "2104612961/",
        "followers_count": "93",
        "statuses_count": "14454",
        "verified": 0,
        "user_created_at": "2011-04-24",
        "has_description": 1,
        "parent": "4526581971109107"
    },
    {
        "mid": "4526591595635032",
        "has_multimedia": 1,
        "comments_count": 0,
        "reposts_count": 1,
        "attitudes_count": 0,
        "t": "1594706998000",
        "text": "//@大望路女青年:今日份的不婚不育//@乔凯文:卧槽，丧心病狂。",
        "uid": "2242609505/",
        "followers_count": "254",
        "statuses_count": "47146",
        "verified": 0,
        "user_created_at": "2011-07-12",
        "has_description": 1,
        "parent": "4526581971109107"
    },
    {
        "mid": "4526588898693763",
        "has_multimedia": 1,
        "comments_count": 2,
        "reposts_count": 0,
        "attitudes_count": 0,
        "t": "1594706355000",
        "text": "@Mandy小姐姐来啦 @六日改名叫森森 //@大望路女青年:今日份的不婚不育//@乔凯文:卧槽，丧心病狂。",
        "uid": "2094704200/",
        "followers_count": "480",
        "statuses_count": "20362",
        "verified": 1,
        "user_created_at": "2011-04-09",
        "has_description": 1,
        "parent": "4526581971109107"
    },
    {
        "mid": "4526584369782645",
        "has_multimedia": 1,
        "comments_count": 1,
        "reposts_count": 12,
        "attitudes_count": 8,
        "t": "1594704660000",
        "text": "今日份的不婚不育//@乔凯文:卧槽，丧心病狂。",
        "uid": "6229836759/",
        "followers_count": "13",
        "statuses_count": "10727",
        "verified": 0,
        "user_created_at": "2017-05-06",
        "has_description": 1,
        "parent": "4526581971109107"
    },
    {
        "mid": "4527000699898658",
        "has_multimedia": 1,
        "comments_count": 0,
        "reposts_count": 0,
        "attitudes_count": 0,
        "t": "1594804536000",
        "text": "//@乔凯文:卧槽，丧心病狂。",
        "uid": "2779071185/",
        "followers_count": "234",
        "statuses_count": "2446",
        "verified": 0,
        "user_created_at": "2012-07-07",
        "has_description": 1,
        "parent": "4526570323181069"
    },
    {
        "mid": "4526930915073808",
        "has_multimedia": 1,
        "comments_count": 0,
        "reposts_count": 0,
        "attitudes_count": 0,
        "t": "1594787898000",
        "text": "又...//@乔凯文:卧槽，丧心病狂。",
        "uid": "6300576530/",
        "followers_count": "133",
        "statuses_count": "7110",
        "verified": 0,
        "user_created_at": "2017-07-01",
        "has_description": 1,
        "parent": "4526570323181069"
    },
    {
        "mid": "4526914284621908",
        "has_multimedia": 1,
        "comments_count": 0,
        "reposts_count": 0,
        "attitudes_count": 0,
        "t": "1594783933000",
        "text": "//@木之本樱花薯饼://@谢车夫:。。。。。。//@乔凯文:卧槽，丧心病狂。",
        "uid": "6033592443/",
        "followers_count": "13",
        "statuses_count": "476",
        "verified": 0,
        "user_created_at": "2016-09-28",
        "has_description": 1,
        "parent": "4526570323181069"
    },
    {
        "mid": "4526862611365250",
        "has_multimedia": 1,
        "comments_count": 42,
        "reposts_count": 120,
        "attitudes_count": 221,
        "t": "1594701900000",
        "text": "卧槽，丧心病狂。",
        "uid": "5220058021/",
        "followers_count": "188",
        "statuses_count": "1619",
        "verified": 0,
        "user_created_at": "2014-07-16",
        "has_description": 1,
        "parent": "4526570323181069"
    },
    {
        "mid": "4526836887598126",
        "has_multimedia": 1,
        "comments_count": 4,
        "reposts_count": 9,
        "attitudes_count": 4,
        "t": "1594704600000",
        "text": "。。。。。。//@乔凯文:卧槽，丧心病狂。",
        "uid": "5665332614/",
        "followers_count": "159",
        "statuses_count": "5745",
        "verified": 0,
        "user_created_at": "2015-08-01",
        "has_description": 1,
        "parent": "4526570323181069"
    },
    {
        "mid": "4526835877273125",
        "has_multimedia": 1,
        "comments_count": 0,
        "reposts_count": 0,
        "attitudes_count": 0,
        "t": "1594765240000",
        "text": "这4张图给我的感觉还以为是美国德州呢//@谢车夫:。。。。。。//@乔凯文:卧槽，丧心病狂。",
        "uid": "1106242295/",
        "followers_count": "76",
        "statuses_count": "1525",
        "verified": 0,
        "user_created_at": "2014-03-01",
        "has_description": 1,
        "parent": "4526570323181069"
    },
    {
        "mid": "4526744286148706",
        "has_multimedia": 1,
        "comments_count": 0,
        "reposts_count": 1,
        "attitudes_count": 0,
        "t": "1594703100000",
        "text": "今年看到的至少第四起夫杀妻案//@乔凯文:卧槽，丧心病狂。",
        "uid": "2747437185/",
        "followers_count": "106",
        "statuses_count": "2882",
        "verified": 0,
        "user_created_at": "2014-01-08",
        "has_description": 1,
        "parent": "4526570323181069"
    },
    {
        "mid": "4526737440989628",
        "has_multimedia": 1,
        "comments_count": 0,
        "reposts_count": 0,
        "attitudes_count": 0,
        "t": "1594741771000",
        "text": "//@大望路女青年: 今日份的不婚不育//@乔凯文:卧槽，丧心病狂。",
        "uid": "1739155305/",
        "followers_count": "176",
        "statuses_count": "4678",
        "verified": 0,
        "user_created_at": "2010-05-08",
        "has_description": 1,
        "parent": "4526570323181069"
    },
    {
        "mid": "4526725672182970",
        "has_multimedia": 1,
        "comments_count": 42,
        "reposts_count": 120,
        "attitudes_count": 221,
        "t": "1594701900000",
        "text": "卧槽，丧心病狂。",
        "uid": "5650611202/",
        "followers_count": "10",
        "statuses_count": "329",
        "verified": 0,
        "user_created_at": "2015-07-11",
        "has_description": 1,
        "parent": "4526570323181069"
    },
    {
        "mid": "4526677520878643",
        "has_multimedia": 1,
        "comments_count": 0,
        "reposts_count": 0,
        "attitudes_count": 0,
        "t": "1594727485000",
        "text": "#每天一个恐婚新闻#//@乔凯文:卧槽，丧心病狂。",
        "uid": "7190671245/",
        "followers_count": "1",
        "statuses_count": "23",
        "verified": 0,
        "user_created_at": "2019-06-12",
        "has_description": 1,
        "parent": "4526570323181069"
    },
    {
        "mid": "4526950950996084",
        "has_multimedia": 1,
        "comments_count": 1,
        "reposts_count": 35,
        "attitudes_count": 2,
        "t": "1594792675000",
        "text": "看标题还以为是国外的事情，看后面。。。山东德州。。",
        "uid": "1434701294/",
        "followers_count": "444225",
        "statuses_count": "43776",
        "verified": 1,
        "user_created_at": "2009-09-04",
        "has_description": 1,
        "parent": "4526550593422014"
    },
    {
        "mid": "4526998289223273",
        "has_multimedia": 1,
        "comments_count": 0,
        "reposts_count": 4,
        "attitudes_count": 3,
        "t": "1594798680000",
        "text": "//@企鹅鱼的小马甲 :时时刻刻都在发生//@故园湾里 :让我看看伊某说什么了吗？//@齐天大圣全被占有了 ://@卡李 : //@蛋黄酥饼Y : 这个标题倒是比较平实，不是那种妻子没做晚饭被掐死啥的，我发现我包容度都大了//@林六月 :看标题还以为是国外的事情，看后面。。。山东德州。。",
        "uid": "5266889563/",
        "followers_count": "184",
        "statuses_count": "6850",
        "verified": 0,
        "user_created_at": "2014-08-24",
        "has_description": 1,
        "parent": "4526950950996084"
    },
    {
        "mid": "4526987291756518",
        "has_multimedia": 1,
        "comments_count": 0,
        "reposts_count": 0,
        "attitudes_count": 0,
        "t": "1594801339000",
        "text": "山东德州//@花凤凰废婚forHer: #婚男的恶毒# #中国男孩保护中国女孩# //@蛋黄酥饼Y:这个标题倒是比较平实，不是那种妻子没做晚饭被掐死啥的，我发现我包容度都大了//@林六月 :看标题还以为是国外的事情，看后面。。。山东德州。。",
        "uid": "6847673043/",
        "followers_count": "420",
        "statuses_count": "4253",
        "verified": 0,
        "user_created_at": "2018-11-13",
        "has_description": 0,
        "parent": "4526950950996084"
    },
    {
        "mid": "4526985596734865",
        "has_multimedia": 1,
        "comments_count": 0,
        "reposts_count": 16,
        "attitudes_count": 0,
        "t": "1594794060000",
        "text": "//@蛋黄酥饼Y: 这个标题倒是比较平实，不是那种妻子没做晚饭被掐死啥的，我发现我包容度都大了//@林六月 :看标题还以为是国外的事情，看后面。。。山东德州。。",
        "uid": "1852831085/",
        "followers_count": "580",
        "statuses_count": "15274",
        "verified": 1,
        "user_created_at": "2010-11-09",
        "has_description": 1,
        "parent": "4526950950996084"
    },
    {
        "mid": "4526984233063630",
        "has_multimedia": 1,
        "comments_count": 0,
        "reposts_count": 0,
        "attitudes_count": 0,
        "t": "1594800611000",
        "text": "//@故园湾里:让我看看伊某说什么了吗？//@齐天大圣全被占有了://@卡李: //@蛋黄酥饼Y: 这个标题倒是比较平实，不是那种妻子没做晚饭被掐死啥的，我发现我包容度都大了//@林六月 :看标题还以为是国外的事情，看后面。。。山东德州。。",
        "uid": "5583928913/",
        "followers_count": "10",
        "statuses_count": "6073",
        "verified": 0,
        "user_created_at": "2015-04-10",
        "has_description": 0,
        "parent": "4526950950996084"
    },
    {
        "mid": "4526983948112879",
        "has_multimedia": 1,
        "comments_count": 0,
        "reposts_count": 0,
        "attitudes_count": 0,
        "t": "1594800543000",
        "text": "//@卡李://@蛋黄酥饼Y: 这个标题倒是比较平实，不是那种妻子没做晚饭被掐死啥的，我发现我包容度都大了//@林六月 :看标题还以为是国外的事情，看后面。。。山东德州。。",
        "uid": "2406809192/",
        "followers_count": "294",
        "statuses_count": "13779",
        "verified": 1,
        "user_created_at": "2011-09-18",
        "has_description": 1,
        "parent": "4526950950996084"
    },
    {
        "mid": "4526983658440789",
        "has_multimedia": 1,
        "comments_count": 0,
        "reposts_count": 0,
        "attitudes_count": 0,
        "t": "1594800473000",
        "text": "……「记录」//@后悔恋爱bot://@企鹅鱼的小马甲 :时时刻刻都在发生//@故园湾里 :让我看看伊某说什么了吗？//@齐天大圣全被占有了 ://@卡李 : //@蛋黄酥饼Y : 这个标题倒是比较平实，不是那种妻子没做晚饭被掐死啥的，我发现我包容度都大了//@林六月 :看标题还以为是国外的事情，看后面。。山东德州。。",
        "uid": "7186742592/",
        "followers_count": "99",
        "statuses_count": "3658",
        "verified": 0,
        "user_created_at": "2019-06-09",
        "has_description": 1,
        "parent": "4526950950996084"
    },
    {
        "mid": "4526982685629399",
        "has_multimedia": 1,
        "comments_count": 0,
        "reposts_count": 0,
        "attitudes_count": 0,
        "t": "1594800242000",
        "text": "//@花凤凰废婚forHer:#婚男的恶毒# #中国男孩保护中国女孩# //@蛋黄酥饼Y:这个标题倒是比较平实，不是那种妻子没做晚饭被掐死啥的，我发现我包容度都大了//@林六月 :看标题还以为是国外的事情，看后面。。。山东德州。。",
        "uid": "2538001564/",
        "followers_count": "197",
        "statuses_count": "32136",
        "verified": 0,
        "user_created_at": "2011-11-16",
        "has_description": 1,
        "parent": "4526950950996084"
    },
    {
        "mid": "4526979561654325",
        "has_multimedia": 1,
        "comments_count": 0,
        "reposts_count": 0,
        "attitudes_count": 0,
        "t": "1594799496000",
        "text": "//@花凤凰废婚forHer:#婚男的恶毒# #中国男孩保护中国女孩# //@蛋黄酥饼Y:这个标题倒是比较平实，不是那种妻子没做晚饭被掐死啥的，我发现我包容度都大了//@林六月 :看标题还以为是国外的事情，看后面。。。山东德州。。",
        "uid": "3867187418/",
        "followers_count": "408",
        "statuses_count": "5747",
        "verified": 0,
        "user_created_at": "2013-10-22",
        "has_description": 1,
        "parent": "4526950950996084"
    },
    {
        "mid": "4526675721204672",
        "has_multimedia": 1,
        "comments_count": 1,
        "reposts_count": 21,
        "attitudes_count": 6,
        "t": "1594727056000",
        "text": "🙉//@芸芸kelly:婚姻引发的刑事案件这几年高的吓人",
        "uid": "1582791370/",
        "followers_count": "20992",
        "statuses_count": "64652",
        "verified": 0,
        "user_created_at": "2010-02-07",
        "has_description": 1,
        "parent": "4526550593422014"
    },
    {
        "mid": "4526970790591520",
        "has_multimedia": 1,
        "comments_count": 1,
        "reposts_count": 21,
        "attitudes_count": 6,
        "t": "1594727040000",
        "text": "🙉//@芸芸kelly:婚姻引发的刑事案件这几年高的吓人",
        "uid": "3177264784/",
        "followers_count": "9",
        "statuses_count": "3600",
        "verified": 0,
        "user_created_at": "2013-02-02",
        "has_description": 1,
        "parent": "4526675721204672"
    },
    {
        "mid": "4526958006341089",
        "has_multimedia": 1,
        "comments_count": 0,
        "reposts_count": 0,
        "attitudes_count": 0,
        "t": "1594794357000",
        "text": "//@解薯宁:🙉//@芸芸kelly:婚姻引发的刑事案件这几年高的吓人",
        "uid": "2061322204/",
        "followers_count": "370",
        "statuses_count": "72033",
        "verified": 0,
        "user_created_at": "2011-04-03",
        "has_description": 1,
        "parent": "4526675721204672"
    },
    {
        "mid": "4526858806233941",
        "has_multimedia": 1,
        "comments_count": 0,
        "reposts_count": 0,
        "attitudes_count": 0,
        "t": "1594770707000",
        "text": "//@解薯宁:🙉//@芸芸kelly:婚姻引发的刑事案件这几年高的吓人",
        "uid": "5583928913/",
        "followers_count": "10",
        "statuses_count": "6073",
        "verified": 0,
        "user_created_at": "2015-04-10",
        "has_description": 0,
        "parent": "4526675721204672"
    },
    {
        "mid": "4526709250371959",
        "has_multimedia": 1,
        "comments_count": 0,
        "reposts_count": 0,
        "attitudes_count": 0,
        "t": "1594735049000",
        "text": "//@解薯宁: 🙉//@芸芸kelly:婚姻引发的刑事案件这几年高的吓人",
        "uid": "3278903157/",
        "followers_count": "96",
        "statuses_count": "18174",
        "verified": 0,
        "user_created_at": "2014-10-15",
        "has_description": 1,
        "parent": "4526675721204672"
    },
    {
        "mid": "4526697305728882",
        "has_multimedia": 1,
        "comments_count": 0,
        "reposts_count": 0,
        "attitudes_count": 0,
        "t": "1594732202000",
        "text": "//@钻石大:#今天的男人也很不极端# //@解薯宁:🙉//@芸芸kelly:婚姻引发的刑事案件这几年高的吓人",
        "uid": "6793540269/",
        "followers_count": "219",
        "statuses_count": "12490",
        "verified": 0,
        "user_created_at": "2018-10-24",
        "has_description": 1,
        "parent": "4526675721204672"
    },
    {
        "mid": "4526693522236163",
        "has_multimedia": 1,
        "comments_count": 0,
        "reposts_count": 0,
        "attitudes_count": 0,
        "t": "1594731299000",
        "text": "//@钻石大 :#今天的男人也很不极端# //@解薯宁 :🙉//@芸芸kelly :婚姻引发的刑事案件这几年高的吓人",
        "uid": "7308025829/",
        "followers_count": "26",
        "statuses_count": "4471",
        "verified": 0,
        "user_created_at": "2019-09-19",
        "has_description": 1,
        "parent": "4526675721204672"
    },
    {
        "mid": "4526693336802162",
        "has_multimedia": 1,
        "comments_count": 0,
        "reposts_count": 0,
        "attitudes_count": 0,
        "t": "1594731256000",
        "text": "绿巨人沙东//@山田P:沙东浓度+1 //@run喵子run：//@解薯宁:🙉//@芸芸kelly:婚姻引发的刑事案件这几年高的吓人",
        "uid": "6401087109/",
        "followers_count": "32",
        "statuses_count": "1201",
        "verified": 0,
        "user_created_at": "2017-11-01",
        "has_description": 1,
        "parent": "4526675721204672"
    },
    {
        "mid": "4526691617264480",
        "has_multimedia": 1,
        "comments_count": 0,
        "reposts_count": 2,
        "attitudes_count": 0,
        "t": "1594730845000",
        "text": "#今天的男人也很不极端# //@解薯宁:🙉//@芸芸kelly:婚姻引发的刑事案件这几年高的吓人",
        "uid": "7002999306/",
        "followers_count": "1559",
        "statuses_count": "13495",
        "verified": 0,
        "user_created_at": "2019-02-19",
        "has_description": 1,
        "parent": "4526675721204672"
    },
    {
        "mid": "4526688887888440",
        "has_multimedia": 1,
        "comments_count": 0,
        "reposts_count": 1,
        "attitudes_count": 0,
        "t": "1594727280000",
        "text": "//@解薯宁:🙉//@芸芸kelly:婚姻引发的刑事案件这几年高的吓人",
        "uid": "3108393815/",
        "followers_count": "964",
        "statuses_count": "21088",
        "verified": 1,
        "user_created_at": "2012-11-13",
        "has_description": 1,
        "parent": "4526675721204672"
    },
    {
        "mid": "4527016110033543",
        "has_multimedia": 1,
        "comments_count": 0,
        "reposts_count": 0,
        "attitudes_count": 0,
        "t": "1594808210000",
        "text": "又一起杀妻",
        "uid": "3194972050/",
        "followers_count": "191",
        "statuses_count": "3495",
        "verified": 0,
        "user_created_at": "2013-02-19",
        "has_description": 1,
        "parent": "4526550593422014"
    },
    {
        "mid": "4527011563671938",
        "has_multimedia": 1,
        "comments_count": 0,
        "reposts_count": 0,
        "attitudes_count": 0,
        "t": "1594807127000",
        "text": "太可怕了。。",
        "uid": "2655147943/",
        "followers_count": "326",
        "statuses_count": "8085",
        "verified": 0,
        "user_created_at": "2012-03-09",
        "has_description": 1,
        "parent": "4526550593422014"
    },
    {
        "mid": "4527010335262962",
        "has_multimedia": 1,
        "comments_count": 0,
        "reposts_count": 0,
        "attitudes_count": 0,
        "t": "1594806833000",
        "text": "卧槽，这...",
        "uid": "5722860359/",
        "followers_count": "177",
        "statuses_count": "3261",
        "verified": 0,
        "user_created_at": "2015-10-10",
        "has_description": 1,
        "parent": "4526550593422014"
    },
    {
        "mid": "4527009961974065",
        "has_multimedia": 1,
        "comments_count": 0,
        "reposts_count": 0,
        "attitudes_count": 0,
        "t": "1594806745000",
        "text": "//@蛋黄酥饼Y:这个标题倒是比较平实，不是那种妻子没做晚饭被掐死啥的，我发现我包容度都大了//@林六月 :看标题还以为是国外的事情，看后面。。。山东德州。。",
        "uid": "2002828785/",
        "followers_count": "287",
        "statuses_count": "10721",
        "verified": 0,
        "user_created_at": "2011-03-02",
        "has_description": 0,
        "parent": "4526550593422014"
    },
    {
        "mid": "4527009646089683",
        "has_multimedia": 1,
        "comments_count": 0,
        "reposts_count": 0,
        "attitudes_count": 0,
        "t": "1594806670000",
        "text": "这//@后悔恋爱bot://@企鹅鱼的小马甲 :时时刻刻都在发生//@故园湾里 :让我看看伊某说什么了吗？//@齐天大圣全被占有了 ://@卡李 : //@蛋黄酥饼Y : 这个标题倒是比较平实，不是那种妻子没做晚饭被掐死啥的，我发现我包容度都大了//@林六月 :看标题还以为是国外的事情，看后面。。。山东德州。。",
        "uid": "3007802185/",
        "followers_count": "1685",
        "statuses_count": "25021",
        "verified": 0,
        "user_created_at": "2012-11-10",
        "has_description": 1,
        "parent": "4526550593422014"
    },
    {
        "mid": "4527009445025097",
        "has_multimedia": 1,
        "comments_count": 6,
        "reposts_count": 52,
        "attitudes_count": 46,
        "t": "1594793280000",
        "text": "比恐怖片还可怕的情节",
        "uid": "5902106644/",
        "followers_count": "201",
        "statuses_count": "10065",
        "verified": 0,
        "user_created_at": "2016-04-18",
        "has_description": 1,
        "parent": "4526550593422014"
    },
    {
        "mid": "4527006275177488",
        "has_multimedia": 1,
        "comments_count": 0,
        "reposts_count": 0,
        "attitudes_count": 0,
        "t": "1594805865000",
        "text": "//@Tiger公子:比恐怖片还可怕的情节",
        "uid": "3381240690/",
        "followers_count": "71",
        "statuses_count": "996",
        "verified": 0,
        "user_created_at": "2013-04-28",
        "has_description": 1,
        "parent": "4526550593422014"
    },
    {
        "mid": "4527005888522046",
        "has_multimedia": 1,
        "comments_count": 0,
        "reposts_count": 0,
        "attitudes_count": 0,
        "t": "1594805774000",
        "text": "每日一恐婚，别将就别将就",
        "uid": "3947503358/",
        "followers_count": "203",
        "statuses_count": "1673",
        "verified": 0,
        "user_created_at": "2013-12-17",
        "has_description": 1,
        "parent": "4526550593422014"
    },
    {
        "mid": "4527005590720295",
        "has_multimedia": 1,
        "comments_count": 1,
        "reposts_count": 0,
        "attitudes_count": 0,
        "t": "1594805703000",
        "text": "死刑立即执行！",
        "uid": "2087656595/",
        "followers_count": "147",
        "statuses_count": "1624",
        "verified": 0,
        "user_created_at": "2011-04-14",
        "has_description": 1,
        "parent": "4526550593422014"
    },
    {
        "mid": "4527003653215861",
        "has_multimedia": 1,
        "comments_count": 0,
        "reposts_count": 0,
        "attitudes_count": 0,
        "t": "1594805241000",
        "text": "日常恐婚（1/1）",
        "uid": "3517409295/",
        "followers_count": "160",
        "statuses_count": "3213",
        "verified": 0,
        "user_created_at": "2013-06-08",
        "has_description": 1,
        "parent": "4526550593422014"
    }
]