[
    {
        "mid": "4526551372413399",
        "has_multimedia": 1,
        "comments_count": 139,
        "reposts_count": 490,
        "attitudes_count": 3756,
        "t": "1594697409000",
        "text": "是真的么？ ​​​​",
        "uid": "1397724893/",
        "followers_count": "230010",
        "statuses_count": "4726",
        "verified": 1,
        "user_created_at": "2010-02-10",
        "has_description": 1,
        "parent": "0"
    },
    {
        "mid": "4526551745466725",
        "has_multimedia": 1,
        "comments_count": 0,
        "reposts_count": 41,
        "attitudes_count": 0,
        "t": "1594697498000",
        "text": "转发微博",
        "uid": "3957777589/",
        "followers_count": "5044",
        "statuses_count": "2085",
        "verified": 1,
        "user_created_at": "2013-12-27",
        "has_description": 1,
        "parent": "4526551372413399"
    },
    {
        "mid": "4526861881509004",
        "has_multimedia": 1,
        "comments_count": 11,
        "reposts_count": 40,
        "attitudes_count": 22,
        "t": "1594697520000",
        "text": "宁可信其有 不可信其无//@期待low:转发微博",
        "uid": "5603641188/",
        "followers_count": "2351",
        "statuses_count": "85238",
        "verified": 0,
        "user_created_at": "2015-05-29",
        "has_description": 1,
        "parent": "4526551745466725"
    },
    {
        "mid": "4526840788282052",
        "has_multimedia": 1,
        "comments_count": 0,
        "reposts_count": 0,
        "attitudes_count": 0,
        "t": "1594766410000",
        "text": "//@网友烟云:宁可信其有 不可信其无//@期待low:转发微博",
        "uid": "5644591974/",
        "followers_count": "369",
        "statuses_count": "4132",
        "verified": 0,
        "user_created_at": "2015-07-02",
        "has_description": 0,
        "parent": "4526551745466725"
    },
    {
        "mid": "4526724693957548",
        "has_multimedia": 1,
        "comments_count": 0,
        "reposts_count": 0,
        "attitudes_count": 0,
        "t": "1594738732000",
        "text": "//@只说实话_73861:奶牛喂尿素，十几年前就很流行了。",
        "uid": "6072040284/",
        "followers_count": "207",
        "statuses_count": "7070",
        "verified": 0,
        "user_created_at": "2016-11-21",
        "has_description": 0,
        "parent": "4526551745466725"
    },
    {
        "mid": "4526592074197003",
        "has_multimedia": 1,
        "comments_count": 13,
        "reposts_count": 13,
        "attitudes_count": 19,
        "t": "1594707112000",
        "text": "我这么爱喝牛奶的人这些年不知道喝了多少尿。。🤔",
        "uid": "1736296030/",
        "followers_count": "23218",
        "statuses_count": "3166",
        "verified": 0,
        "user_created_at": "2010-04-30",
        "has_description": 1,
        "parent": "4526551372413399"
    },
    {
        "mid": "4526687411605746",
        "has_multimedia": 1,
        "comments_count": 13,
        "reposts_count": 13,
        "attitudes_count": 19,
        "t": "1594707060000",
        "text": "我这么爱喝牛奶的人这些年不知道喝了多少尿。。🤔",
        "uid": "6799098870/",
        "followers_count": "2",
        "statuses_count": "47",
        "verified": 0,
        "user_created_at": "2020-06-22",
        "has_description": 1,
        "parent": "4526592074197003"
    },
    {
        "mid": "4526684386956312",
        "has_multimedia": 1,
        "comments_count": 0,
        "reposts_count": 0,
        "attitudes_count": 0,
        "t": "1594729122000",
        "text": "//@张宇宙kiro:我这么爱喝牛奶的人这些年不知道喝了多少尿。。🤔",
        "uid": "2142151330/",
        "followers_count": "942",
        "statuses_count": "405",
        "verified": 0,
        "user_created_at": "2014-08-18",
        "has_description": 1,
        "parent": "4526592074197003"
    },
    {
        "mid": "4526660433280041",
        "has_multimedia": 1,
        "comments_count": 13,
        "reposts_count": 13,
        "attitudes_count": 19,
        "t": "1594707060000",
        "text": "我这么爱喝牛奶的人这些年不知道喝了多少尿。。🤔",
        "uid": "2532998244/",
        "followers_count": "232",
        "statuses_count": "500",
        "verified": 0,
        "user_created_at": "2011-11-13",
        "has_description": 1,
        "parent": "4526592074197003"
    },
    {
        "mid": "4527584673006481",
        "has_multimedia": 1,
        "comments_count": 0,
        "reposts_count": 0,
        "attitudes_count": 0,
        "t": "1594943766000",
        "text": "怕怕的//@顾明峰:转发微博",
        "uid": "1575364637/",
        "followers_count": "2826",
        "statuses_count": "34935",
        "verified": 1,
        "user_created_at": "2009-11-13",
        "has_description": 1,
        "parent": "4526551372413399"
    }
]