[
    {
        "mid": "4526551351833002",
        "has_multimedia": 1,
        "comments_count": 376,
        "reposts_count": 1160,
        "attitudes_count": 3886,
        "t": "1594697404000",
        "text": "【#折叠刀直插男子后脑勺非高空坠物# 警方：系打架所致】7月11日，一条高空坠落折叠刀直插男子后脑勺的短视频刷屏网络。有网友表示，事实并非高空坠落所致。记者随后向重庆涪陵区公安局政治处求证，警方证实男子头顶插入折叠刀为打架所致，具体情况正在进一步调查。L青蜂侠Bee的微博视频 ​​​​",
        "uid": "1974576991/",
        "followers_count": "28199482",
        "statuses_count": "190513",
        "verified": 1,
        "has_description": 1,
        "parent": "0",
        "user_created_at": "2011-02-17"
    },
    {
        "mid": "4526552937670104",
        "has_multimedia": 1,
        "comments_count": 16,
        "reposts_count": 676,
        "attitudes_count": 86,
        "t": "1594697782000",
        "text": "这次是哪家媒体干的？？//@iBingo:好嘛又是假的？以后还能信吗？？？？",
        "uid": "5628261787/",
        "followers_count": "726447",
        "statuses_count": "7950",
        "verified": 1,
        "user_created_at": "2015-06-11",
        "has_description": 1,
        "parent": "4526551351833002"
    },
    {
        "mid": "4526553809682395",
        "has_multimedia": 1,
        "comments_count": 11,
        "reposts_count": 442,
        "attitudes_count": 34,
        "t": "1594697990000",
        "text": "？？？//@赵脱俗: 这次是哪家媒体干的？？//@iBingo:好嘛又是假的？以后还能信吗？？？？",
        "uid": "1651047542/",
        "followers_count": "3540264",
        "statuses_count": "35465",
        "verified": 1,
        "user_created_at": "2009-10-02",
        "has_description": 1,
        "parent": "4526552937670104"
    },
    {
        "mid": "4526554346495258",
        "has_multimedia": 1,
        "comments_count": 30,
        "reposts_count": 325,
        "attitudes_count": 170,
        "t": "1594698118000",
        "text": "草？又特么假新闻？//@饼干姐:？？？//@赵脱俗: 这次是哪家媒体干的？？//@iBingo:好嘛又是假的？以后还能信吗？？？？",
        "uid": "1980768563/",
        "followers_count": "2084463",
        "statuses_count": "16645",
        "verified": 1,
        "user_created_at": "2011-02-21",
        "has_description": 1,
        "parent": "4526553809682395"
    },
    {
        "mid": "4526557290390723",
        "has_multimedia": 1,
        "comments_count": 0,
        "reposts_count": 83,
        "attitudes_count": 0,
        "t": "1594698819000",
        "text": "新闻媒体到底有没有求真务实的义务和责任？？//@霜叶:草？又特么假新闻？//@饼干姐:？？？//@赵脱俗: 这次是哪家媒体干的？？//@iBingo:好嘛又是假的？以后还能信吗？？？？",
        "uid": "1847662497/",
        "followers_count": "12167",
        "statuses_count": "51655",
        "verified": 1,
        "user_created_at": "2010-11-04",
        "has_description": 1,
        "parent": "4526554346495258"
    },
    {
        "mid": "4526563095941694",
        "has_multimedia": 1,
        "comments_count": 0,
        "reposts_count": 41,
        "attitudes_count": 0,
        "t": "1594700203000",
        "text": "……//@苏南慕辰:新闻媒体到底有没有求真务实的义务和责任？？//@霜叶:草？又特么假新闻？//@饼干姐:？？？//@赵脱俗: 这次是哪家媒体干的？？//@iBingo:好嘛又是假的？以后还能信吗？？？？",
        "uid": "1981989104/",
        "followers_count": "19100",
        "statuses_count": "27720",
        "verified": 0,
        "user_created_at": "2011-05-14",
        "has_description": 1,
        "parent": "4526557290390723"
    },
    {
        "mid": "4526624954077657",
        "has_multimedia": 1,
        "comments_count": 0,
        "reposts_count": 30,
        "attitudes_count": 5,
        "t": "1594701000000",
        "text": "？？？？//@大野师匠:……//@苏南慕辰:新闻媒体到底有没有求真务实的义务和责任？？//@霜叶:草？又特么假新闻？//@饼干姐:？？？//@赵脱俗: 这次是哪家媒体干的？？//@iBingo:好嘛又是假的？以后还能信吗？？？？",
        "uid": "3568373327/",
        "followers_count": "89",
        "statuses_count": "11668",
        "verified": 0,
        "user_created_at": "2013-07-22",
        "has_description": 1,
        "parent": "4526563095941694"
    },
    {
        "mid": "4526623573244687",
        "has_multimedia": 1,
        "comments_count": 0,
        "reposts_count": 0,
        "attitudes_count": 0,
        "t": "1594714622000",
        "text": "？？？//@一颗阿仙仙仙:？？？？//@大野师匠:……//@苏南慕辰:新闻媒体到底有没有求真务实的义务和责任？？//@霜叶:草？又特么假新闻？//@饼干姐:？？？//@赵脱俗: 这次是哪家媒体干的？？//@iBingo:好嘛又是假的？以后还能信吗？？？？",
        "uid": "2025171651/",
        "followers_count": "161",
        "statuses_count": "9926",
        "verified": 0,
        "user_created_at": "2011-03-14",
        "has_description": 1,
        "parent": "4526563095941694"
    },
    {
        "mid": "4526620540413358",
        "has_multimedia": 1,
        "comments_count": 0,
        "reposts_count": 41,
        "attitudes_count": 0,
        "t": "1594700160000",
        "text": "……//@苏南慕辰:新闻媒体到底有没有求真务实的义务和责任？？//@霜叶:草？又特么假新闻？//@饼干姐:？？？//@赵脱俗: 这次是哪家媒体干的？？//@iBingo:好嘛又是假的？以后还能信吗？？？？",
        "uid": "1837139223/",
        "followers_count": "368",
        "statuses_count": "44149",
        "verified": 0,
        "user_created_at": "2010-10-23",
        "has_description": 1,
        "parent": "4526563095941694"
    },
    {
        "mid": "4526557496189394",
        "has_multimedia": 1,
        "comments_count": 1,
        "reposts_count": 36,
        "attitudes_count": 5,
        "t": "1594698869000",
        "text": "我无语了//@苏南慕辰:新闻媒体到底有没有求真务实的义务和责任？？//@霜叶:草？又特么假新闻？//@饼干姐:？？？//@赵脱俗: 这次是哪家媒体干的？？//@iBingo:好嘛又是假的？以后还能信吗？？？？",
        "uid": "2062791193/",
        "followers_count": "19994",
        "statuses_count": "24999",
        "verified": 1,
        "user_created_at": "2011-04-02",
        "has_description": 1,
        "parent": "4526557290390723"
    },
    {
        "mid": "4526657031410175",
        "has_multimedia": 1,
        "comments_count": 0,
        "reposts_count": 0,
        "attitudes_count": 0,
        "t": "1594722600000",
        "text": "//@躁狂的暗暗:我无语了//@苏南慕辰:新闻媒体到底有没有求真务实的义务和责任？？//@霜叶:草？又特么假新闻？//@饼干姐:？？？//@赵脱俗: 这次是哪家媒体干的？？//@iBingo:好嘛又是假的？以后还能信吗？？？？",
        "uid": "7390986013/",
        "followers_count": "9",
        "statuses_count": "1042",
        "verified": 0,
        "user_created_at": "2020-02-11",
        "has_description": 1,
        "parent": "4526557496189394"
    },
    {
        "mid": "4526643279046082",
        "has_multimedia": 1,
        "comments_count": 0,
        "reposts_count": 0,
        "attitudes_count": 0,
        "t": "1594719320000",
        "text": "妈的 居然又是假新闻//@什么鬼呀这是:马勒戈壁的@遠野恋",
        "uid": "1627802962/",
        "followers_count": "346",
        "statuses_count": "4776",
        "verified": 0,
        "user_created_at": "2011-05-20",
        "has_description": 1,
        "parent": "4526557496189394"
    },
    {
        "mid": "4526605436716035",
        "has_multimedia": 1,
        "comments_count": 0,
        "reposts_count": 1,
        "attitudes_count": 0,
        "t": "1594710299000",
        "text": "马勒戈壁的@遠野恋",
        "uid": "2145264327/",
        "followers_count": "360",
        "statuses_count": "11162",
        "verified": 0,
        "user_created_at": "2011-05-27",
        "has_description": 1,
        "parent": "4526557496189394"
    },
    {
        "mid": "4526677122750160",
        "has_multimedia": 1,
        "comments_count": 0,
        "reposts_count": 0,
        "attitudes_count": 0,
        "t": "1594727390000",
        "text": "//@躁狂的暗暗: 我无语了//@苏南慕辰:新闻媒体到底有没有求真务实的义务和责任？？//@霜叶:草？又特么假新闻？//@饼干姐:？？？//@赵脱俗: 这次是哪家媒体干的？？//@iBingo:好嘛又是假的？以后还能信吗？？？？",
        "uid": "1765359521/",
        "followers_count": "497",
        "statuses_count": "28994",
        "verified": 0,
        "user_created_at": "2010-06-30",
        "has_description": 0,
        "parent": "4526557290390723"
    },
    {
        "mid": "4526579847714939",
        "has_multimedia": 1,
        "comments_count": 12,
        "reposts_count": 67,
        "attitudes_count": 27,
        "t": "1594704198000",
        "text": "？？？？？？？？？？？？？？//@霜叶: 草？又特么假新闻？//@饼干姐:？？？//@赵脱俗: 这次是哪家媒体干的？？//@iBingo:好嘛又是假的？以后还能信吗？？？？",
        "uid": "2269443552/",
        "followers_count": "386904",
        "statuses_count": "23774",
        "verified": 1,
        "user_created_at": "2011-07-26",
        "has_description": 1,
        "parent": "4526554346495258"
    },
    {
        "mid": "4526581415968904",
        "has_multimedia": 1,
        "comments_count": 24,
        "reposts_count": 34,
        "attitudes_count": 51,
        "t": "1594704572000",
        "text": "这特么也是假新闻？//@跳跳兲虎: ？？？？？？？？？？？？？？//@霜叶: 草？又特么假新闻？//@饼干姐:？？？//@赵脱俗: 这次是哪家媒体干的？？//@iBingo:好嘛又是假的？以后还能信吗？？？？",
        "uid": "1176222671/",
        "followers_count": "755563",
        "statuses_count": "18587",
        "verified": 1,
        "user_created_at": "2010-03-04",
        "has_description": 1,
        "parent": "4526579847714939"
    },
    {
        "mid": "4526905950939809",
        "has_multimedia": 1,
        "comments_count": 0,
        "reposts_count": 0,
        "attitudes_count": 0,
        "t": "1594781947000",
        "text": "……//@昭明:？//@海瞰ME艾塔://@逸昀_KagaMirror:？？？？？？？//@Braum先森:这特么也是假新闻？//@跳跳兲虎: ？？？？？？？？？？？？？？//@霜叶: 草？又特么假新闻？//@饼干姐:？？？//@赵脱俗: 这次是哪家媒体干的？？//@iBingo:好嘛又是假的？以后还能信吗？？？？",
        "uid": "2105407455/",
        "followers_count": "282",
        "statuses_count": "14093",
        "verified": 0,
        "user_created_at": "2011-04-25",
        "has_description": 1,
        "parent": "4526581415968904"
    },
    {
        "mid": "4526899713838649",
        "has_multimedia": 1,
        "comments_count": 0,
        "reposts_count": 0,
        "attitudes_count": 0,
        "t": "1594780459000",
        "text": "？？//@大坏人-R://@锦衣夜行青行灯: //@海瞰ME艾塔://@逸昀_KagaMirror:？？？？？？？//@Braum先森:这特么也是假新闻？//@跳跳兲虎: ？？？？？？？？？？？？？？//@霜叶: 草？又特么假新闻？//@饼干姐:？？？//@赵脱俗: 这次是哪家媒体干的？？",
        "uid": "2277827630/",
        "followers_count": "1297",
        "statuses_count": "12602",
        "verified": 0,
        "user_created_at": "2011-07-31",
        "has_description": 1,
        "parent": "4526581415968904"
    },
    {
        "mid": "4526883473984654",
        "has_multimedia": 1,
        "comments_count": 0,
        "reposts_count": 0,
        "attitudes_count": 0,
        "t": "1594776587000",
        "text": "又特么假的//@昭明:？//@海瞰ME艾塔://@逸昀_KagaMirror:？？？？？？？//@Braum先森:这特么也是假新闻？//@跳跳兲虎: ？？？？？？？？？？？？？？//@霜叶: 草？又特么假新闻？//@饼干姐:？？？//@赵脱俗: 这次是哪家媒体干的？？//@iBingo:好嘛又是假的？以后还能信吗？？？？",
        "uid": "1777232113/",
        "followers_count": "167",
        "statuses_count": "4970",
        "verified": 0,
        "user_created_at": "2010-10-10",
        "has_description": 1,
        "parent": "4526581415968904"
    },
    {
        "mid": "4526942752442589",
        "has_multimedia": 1,
        "comments_count": 0,
        "reposts_count": 0,
        "attitudes_count": 0,
        "t": "1594790720000",
        "text": "……//@昭明:？//@海瞰ME艾塔://@逸昀_KagaMirror:？？？？？？？//@Braum先森:这特么也是假新闻？//@跳跳兲虎: ？？？？？？？？？？？？？？//@霜叶: 草？又特么假新闻？//@饼干姐:？？？//@赵脱俗: 这次是哪家媒体干的？？//@iBingo:好嘛又是假的？以后还能信吗？？？？",
        "uid": "3310654033/",
        "followers_count": "146",
        "statuses_count": "12262",
        "verified": 0,
        "user_created_at": "2013-06-15",
        "has_description": 1,
        "parent": "4526579847714939"
    },
    {
        "mid": "4526914125337126",
        "has_multimedia": 1,
        "comments_count": 0,
        "reposts_count": 0,
        "attitudes_count": 0,
        "t": "1594783895000",
        "text": "//@锦衣夜行青行灯://@海瞰ME艾塔://@逸昀_KagaMirror:？？？？？？？//@Braum先森:这特么也是假新闻？//@跳跳兲虎: ？？？？？？？？？？？？？？//@霜叶: 草？又特么假新闻？//@饼干姐:？？？//@赵脱俗: 这次是哪家媒体干的？？//@iBingo:好嘛又是假的？以后还能信吗？？？？",
        "uid": "2250697892/",
        "followers_count": "227",
        "statuses_count": "31210",
        "verified": 1,
        "user_created_at": "2011-07-16",
        "has_description": 1,
        "parent": "4526579847714939"
    },
    {
        "mid": "4526629840632430",
        "has_multimedia": 1,
        "comments_count": 6,
        "reposts_count": 32,
        "attitudes_count": 10,
        "t": "1594716117000",
        "text": "？？？//@霜叶:草？又特么假新闻？//@饼干姐:？？？//@赵脱俗: 这次是哪家媒体干的？？//@iBingo:好嘛又是假的？以后还能信吗？？？？",
        "uid": "2984695154/",
        "followers_count": "729955",
        "statuses_count": "21560",
        "verified": 1,
        "user_created_at": "2012-09-03",
        "has_description": 1,
        "parent": "4526554346495258"
    },
    {
        "mid": "4527039359486232",
        "has_multimedia": 1,
        "comments_count": 0,
        "reposts_count": 0,
        "attitudes_count": 0,
        "t": "1594813753000",
        "text": "//@中二化学于老师:？？？//@霜叶:草？又特么假新闻？//@饼干姐:？？？//@赵脱俗: 这次是哪家媒体干的？？//@iBingo:好嘛又是假的？以后还能信吗？？？？",
        "uid": "5890668002/",
        "followers_count": "129",
        "statuses_count": "17262",
        "verified": 0,
        "user_created_at": "2016-04-01",
        "has_description": 1,
        "parent": "4526629840632430"
    },
    {
        "mid": "4526908362824427",
        "has_multimedia": 1,
        "comments_count": 0,
        "reposts_count": 0,
        "attitudes_count": 0,
        "t": "1594782521000",
        "text": "草//@长生椿: 好累//@中二化学于老师:？？？//@霜叶:草？又特么假新闻？//@饼干姐:？？？//@赵脱俗: 这次是哪家媒体干的？？//@iBingo:好嘛又是假的？以后还能信吗？？？？",
        "uid": "5718662160/",
        "followers_count": "221",
        "statuses_count": "9000",
        "verified": 0,
        "user_created_at": "2015-10-05",
        "has_description": 1,
        "parent": "4526629840632430"
    },
    {
        "mid": "4526753462987437",
        "has_multimedia": 1,
        "comments_count": 6,
        "reposts_count": 32,
        "attitudes_count": 10,
        "t": "1594716060000",
        "text": "？？？//@霜叶:草？又特么假新闻？//@饼干姐:？？？//@赵脱俗: 这次是哪家媒体干的？？//@iBingo:好嘛又是假的？以后还能信吗？？？？",
        "uid": "3553023522/",
        "followers_count": "888",
        "statuses_count": "29893",
        "verified": 1,
        "user_created_at": "2013-06-22",
        "has_description": 1,
        "parent": "4526629840632430"
    },
    {
        "mid": "4526556812422591",
        "has_multimedia": 1,
        "comments_count": 3,
        "reposts_count": 70,
        "attitudes_count": 3,
        "t": "1594698706000",
        "text": "这个……//@饼干姐:？？？//@赵脱俗: 这次是哪家媒体干的？？//@iBingo:好嘛又是假的？以后还能信吗？？？？",
        "uid": "1809098785/",
        "followers_count": "1366877",
        "statuses_count": "21256",
        "verified": 1,
        "user_created_at": "2010-09-03",
        "has_description": 1,
        "parent": "4526553809682395"
    },
    {
        "mid": "4526557283203587",
        "has_multimedia": 1,
        "comments_count": 2,
        "reposts_count": 24,
        "attitudes_count": 13,
        "t": "1594698818000",
        "text": "//@梦遗唐朝: 这个……//@饼干姐:？？？//@赵脱俗: 这次是哪家媒体干的？？//@iBingo:好嘛又是假的？以后还能信吗？？？？",
        "uid": "1805019382/",
        "followers_count": "227657",
        "statuses_count": "79452",
        "verified": 1,
        "user_created_at": "2010-09-01",
        "has_description": 1,
        "parent": "4526556812422591"
    },
    {
        "mid": "4526611062414711",
        "has_multimedia": 1,
        "comments_count": 0,
        "reposts_count": 0,
        "attitudes_count": 0,
        "t": "1594711640000",
        "text": "呵呵//@一群甜甜伦://@梦遗唐朝: 这个……//@饼干姐:？？？//@赵脱俗: 这次是哪家媒体干的？？//@iBingo:好嘛又是假的？以后还能信吗？？？？",
        "uid": "6751506262/",
        "followers_count": "56",
        "statuses_count": "2475",
        "verified": 0,
        "user_created_at": "2018-10-08",
        "has_description": 1,
        "parent": "4526557283203587"
    },
    {
        "mid": "4526605157074465",
        "has_multimedia": 1,
        "comments_count": 0,
        "reposts_count": 0,
        "attitudes_count": 0,
        "t": "1594710232000",
        "text": "又被骗了，害，以及感谢打码//@一群甜甜伦://@梦遗唐朝: 这个……//@饼干姐:？？？//@赵脱俗: 这次是哪家媒体干的？？//@iBingo:好嘛又是假的？以后还能信吗？？？？",
        "uid": "6347527901/",
        "followers_count": "195",
        "statuses_count": "6941",
        "verified": 0,
        "user_created_at": "2017-08-20",
        "has_description": 0,
        "parent": "4526557283203587"
    },
    {
        "mid": "4526583845821664",
        "has_multimedia": 1,
        "comments_count": 2,
        "reposts_count": 24,
        "attitudes_count": 13,
        "t": "1594698780000",
        "text": "//@梦遗唐朝: 这个……//@饼干姐:？？？//@赵脱俗: 这次是哪家媒体干的？？//@iBingo:好嘛又是假的？以后还能信吗？？？？",
        "uid": "2781617025/",
        "followers_count": "358",
        "statuses_count": "11778",
        "verified": 0,
        "user_created_at": "2012-05-24",
        "has_description": 1,
        "parent": "4526557283203587"
    },
    {
        "mid": "4526912423243279",
        "has_multimedia": 1,
        "comments_count": 0,
        "reposts_count": 0,
        "attitudes_count": 0,
        "t": "1594783490000",
        "text": "//@长蛆: //@我是阿册啊: 呵呵//@一群甜甜伦://@梦遗唐朝: 这个……//@饼干姐:？？？//@赵脱俗: 这次是哪家媒体干的？？//@iBingo:好嘛又是假的？以后还能信吗？？？？",
        "uid": "3154980543/",
        "followers_count": "162",
        "statuses_count": "38958",
        "verified": 0,
        "user_created_at": "2012-11-22",
        "has_description": 0,
        "parent": "4526556812422591"
    },
    {
        "mid": "4526896093931209",
        "has_multimedia": 1,
        "comments_count": 0,
        "reposts_count": 0,
        "attitudes_count": 0,
        "t": "1594779597000",
        "text": "//@打奥特曼de小怪兽:我就说那把刀插的不对吧，重心应该在刀柄，怎么可能刃插脑袋上。//@驭酒者: //@梦遗唐朝:这个……//@饼干姐:？？？//@赵脱俗: 这次是哪家媒体干的？？//@iBingo:好嘛又是假的？以后还能信吗？？？？",
        "uid": "5994435226/",
        "followers_count": "142",
        "statuses_count": "5079",
        "verified": 0,
        "user_created_at": "2016-08-01",
        "has_description": 1,
        "parent": "4526556812422591"
    },
    {
        "mid": "4527268175020606",
        "has_multimedia": 1,
        "comments_count": 0,
        "reposts_count": 0,
        "attitudes_count": 0,
        "t": "1594868307000",
        "text": "啥？假的？？！//@梦遗唐朝:这个……//@饼干姐:？？？//@赵脱俗: 这次是哪家媒体干的？？//@iBingo:好嘛又是假的？以后还能信吗？？？？",
        "uid": "1926911931/",
        "followers_count": "1086",
        "statuses_count": "38398",
        "verified": 1,
        "user_created_at": "2011-01-19",
        "has_description": 1,
        "parent": "4526553809682395"
    },
    {
        "mid": "4526559942072107",
        "has_multimedia": 1,
        "comments_count": 0,
        "reposts_count": 17,
        "attitudes_count": 3,
        "t": "1594699451000",
        "text": "呵呵//@赵脱俗:这次是哪家媒体干的？？//@iBingo:好嘛又是假的？以后还能信吗？？？？",
        "uid": "1251161973/",
        "followers_count": "120554",
        "statuses_count": "32498",
        "verified": 1,
        "user_created_at": "2010-08-03",
        "has_description": 1,
        "parent": "4526552937670104"
    },
    {
        "mid": "4526656402336512",
        "has_multimedia": 1,
        "comments_count": 0,
        "reposts_count": 0,
        "attitudes_count": 0,
        "t": "1594722449000",
        "text": "//@一只黄果果:呵呵//@赵脱俗:这次是哪家媒体干的？？//@iBingo:好嘛又是假的？以后还能信吗？？？？",
        "uid": "1816634995/",
        "followers_count": "269",
        "statuses_count": "39764",
        "verified": 0,
        "user_created_at": "2010-09-10",
        "has_description": 1,
        "parent": "4526559942072107"
    },
    {
        "mid": "4526637875896285",
        "has_multimedia": 1,
        "comments_count": 0,
        "reposts_count": 1,
        "attitudes_count": 0,
        "t": "1594700940000",
        "text": "//@一只黄果果: 呵呵//@赵脱俗:这次是哪家媒体干的？？//@iBingo:好嘛又是假的？以后还能信吗？？？？",
        "uid": "2172359960/",
        "followers_count": "252",
        "statuses_count": "6931",
        "verified": 1,
        "user_created_at": "2011-06-13",
        "has_description": 0,
        "parent": "4526559942072107"
    },
    {
        "mid": "4526599711783848",
        "has_multimedia": 1,
        "comments_count": 0,
        "reposts_count": 0,
        "attitudes_count": 0,
        "t": "1594708934000",
        "text": "//@一只黄果果:呵呵//@赵脱俗:这次是哪家媒体干的？？//@iBingo:好嘛又是假的？以后还能信吗？？？？",
        "uid": "1734034451/",
        "followers_count": "305",
        "statuses_count": "57427",
        "verified": 0,
        "user_created_at": "2010-04-24",
        "has_description": 0,
        "parent": "4526559942072107"
    },
    {
        "mid": "4526560587167603",
        "has_multimedia": 1,
        "comments_count": 0,
        "reposts_count": 14,
        "attitudes_count": 1,
        "t": "1594699605000",
        "text": "//@赵脱俗:这次是哪家媒体干的？？//@iBingo:好嘛又是假的？以后还能信吗？？？？",
        "uid": "1646324894/",
        "followers_count": "40700",
        "statuses_count": "61339",
        "verified": 1,
        "user_created_at": "2009-09-10",
        "has_description": 1,
        "parent": "4526552937670104"
    },
    {
        "mid": "4526658943961391",
        "has_multimedia": 1,
        "comments_count": 0,
        "reposts_count": 0,
        "attitudes_count": 0,
        "t": "1594723055000",
        "text": "//@眼儿媚滴春:无语//@黄飘飘://@赵脱俗:这次是哪家媒体干的？？//@iBingo:好嘛又是假的？以后还能信吗？？？？",
        "uid": "2135902124/",
        "followers_count": "496",
        "statuses_count": "74566",
        "verified": 0,
        "user_created_at": "2011-05-06",
        "has_description": 1,
        "parent": "4526560587167603"
    },
    {
        "mid": "4526616430592428",
        "has_multimedia": 1,
        "comments_count": 0,
        "reposts_count": 14,
        "attitudes_count": 1,
        "t": "1594699560000",
        "text": "//@赵脱俗:这次是哪家媒体干的？？//@iBingo:好嘛又是假的？以后还能信吗？？？？",
        "uid": "1151193800/",
        "followers_count": "591",
        "statuses_count": "75000",
        "verified": 0,
        "user_created_at": "2012-06-09",
        "has_description": 1,
        "parent": "4526560587167603"
    },
    {
        "mid": "4526607362817330",
        "has_multimedia": 1,
        "comments_count": 0,
        "reposts_count": 0,
        "attitudes_count": 0,
        "t": "1594710758000",
        "text": "//@黄飘飘://@赵脱俗:这次是哪家媒体干的？？//@iBingo:好嘛又是假的？以后还能信吗？？？？",
        "uid": "1622939377/",
        "followers_count": "476",
        "statuses_count": "40067",
        "verified": 0,
        "user_created_at": "2010-04-26",
        "has_description": 0,
        "parent": "4526560587167603"
    },
    {
        "mid": "4526841962671167",
        "has_multimedia": 1,
        "comments_count": 28,
        "reposts_count": 41,
        "attitudes_count": 477,
        "t": "1594766691000",
        "text": "转发微博",
        "uid": "6064752668/",
        "followers_count": "287914",
        "statuses_count": "7419",
        "verified": 0,
        "user_created_at": "2016-11-06",
        "has_description": 1,
        "parent": "4526551351833002"
    },
    {
        "mid": "4527321883345130",
        "has_multimedia": 1,
        "comments_count": 0,
        "reposts_count": 0,
        "attitudes_count": 0,
        "t": "1594881112000",
        "text": "//@黑历史打脸bot:转发微博",
        "uid": "3633695784/",
        "followers_count": "82",
        "statuses_count": "25043",
        "verified": 0,
        "user_created_at": "2013-07-17",
        "has_description": 1,
        "parent": "4526841962671167"
    },
    {
        "mid": "4526938040937655",
        "has_multimedia": 1,
        "comments_count": 0,
        "reposts_count": 0,
        "attitudes_count": 0,
        "t": "1594789598000",
        "text": "无语了 //@黑历史打脸bot: 转发微博",
        "uid": "5237472494/",
        "followers_count": "65",
        "statuses_count": "26515",
        "verified": 0,
        "user_created_at": "2014-07-30",
        "has_description": 1,
        "parent": "4526841962671167"
    },
    {
        "mid": "4526923730755149",
        "has_multimedia": 1,
        "comments_count": 0,
        "reposts_count": 0,
        "attitudes_count": 0,
        "t": "1594786186000",
        "text": "啊这//@黑历史打脸bot:转发微博",
        "uid": "3198313643/",
        "followers_count": "145",
        "statuses_count": "8966",
        "verified": 0,
        "user_created_at": "2012-12-21",
        "has_description": 1,
        "parent": "4526841962671167"
    },
    {
        "mid": "4526601448359638",
        "has_multimedia": 1,
        "comments_count": 15,
        "reposts_count": 18,
        "attitudes_count": 42,
        "t": "1594709348000",
        "text": "。。。",
        "uid": "5734325998/",
        "followers_count": "1404730",
        "statuses_count": "11817",
        "verified": 1,
        "user_created_at": "2015-10-22",
        "has_description": 1,
        "parent": "4526551351833002"
    },
    {
        "mid": "4526640925820475",
        "has_multimedia": 1,
        "comments_count": 0,
        "reposts_count": 0,
        "attitudes_count": 0,
        "t": "1594718760000",
        "text": "。。。//@差评君:。。。",
        "uid": "1669416205/",
        "followers_count": "260",
        "statuses_count": "18354",
        "verified": 1,
        "user_created_at": "2010-05-29",
        "has_description": 1,
        "parent": "4526601448359638"
    },
    {
        "mid": "4526638526296145",
        "has_multimedia": 1,
        "comments_count": 0,
        "reposts_count": 0,
        "attitudes_count": 0,
        "t": "1594718187000",
        "text": "折叠刀高空坠落是谁造的遥？？？//@差评君:。。。",
        "uid": "1555773247/",
        "followers_count": "276",
        "statuses_count": "22884",
        "verified": 0,
        "user_created_at": "2010-12-24",
        "has_description": 1,
        "parent": "4526601448359638"
    },
    {
        "mid": "4526625872769247",
        "has_multimedia": 1,
        "comments_count": 0,
        "reposts_count": 0,
        "attitudes_count": 0,
        "t": "1594715171000",
        "text": "。。。。//@差评君:。。。",
        "uid": "6315655669/",
        "followers_count": "29",
        "statuses_count": "897",
        "verified": 0,
        "user_created_at": "2017-07-12",
        "has_description": 1,
        "parent": "4526601448359638"
    }
]