[
    {
        "mid": "4526535728008477",
        "has_multimedia": 1,
        "comments_count": 194,
        "reposts_count": 12,
        "attitudes_count": 3176,
        "t": "1594693678000",
        "text": "#防范365# 【消失的“手办”】近日，黄浦区一家店铺在整理货品时发现少了6个日本原装手办，在查看商场监控后发现一名白衣男子竟越过店家设置的拦截线，堂而皇之地“顺”走了手办目前涉案嫌疑人已被黄浦警方采取刑事强制措施。蜀黍提示：拦截线仅防君子难防蟊贼，各位商家要长个心眼加强货品的看护与存放哦@警民直通车-上海 L警民直通车-黄浦的微博视频",
        "uid": "2662506284/",
        "followers_count": "79166",
        "statuses_count": "4402",
        "verified": 1,
        "has_description": 1,
        "parent": "0",
        "user_created_at": "2012-01-11"
    },
    {
        "mid": "4526859805000299",
        "has_multimedia": 1,
        "comments_count": 0,
        "reposts_count": 0,
        "attitudes_count": 0,
        "t": "1594770945000",
        "text": "回复@合格_铲屎官:每日一问，请问26号那个咬掉救人英雄耳朵的强奸未遂犯，抓获了吗？//@合格_铲屎官:警察蜀黍你好，请问26日那天强奸未遂并导致一名路人受伤的犯罪嫌疑人抓到了吗？（别视而不见好吗）",
        "uid": "1216391237/",
        "followers_count": "262",
        "statuses_count": "2477",
        "verified": 0,
        "user_created_at": "2010-06-11",
        "has_description": 1,
        "parent": "4526535728008477"
    },
    {
        "mid": "4526718768356472",
        "has_multimedia": 1,
        "comments_count": 0,
        "reposts_count": 0,
        "attitudes_count": 0,
        "t": "1594737319000",
        "text": "仁济医院？那个是浦东的//@七荤八素过日脚: 在市中心强奸妇女+致人Ⅷ级伤残的强奸犯找到了伐？打医生的本事倒是一只鼎嘛",
        "uid": "7386982528/",
        "followers_count": "107",
        "statuses_count": "1377",
        "verified": 0,
        "user_created_at": "2020-02-05",
        "has_description": 0,
        "parent": "4526535728008477"
    },
    {
        "mid": "4526694150894972",
        "has_multimedia": 1,
        "comments_count": 0,
        "reposts_count": 0,
        "attitudes_count": 0,
        "t": "1594731450000",
        "text": "强奸犯抓到了吗？",
        "uid": "2236120461/",
        "followers_count": "326",
        "statuses_count": "3364",
        "verified": 0,
        "user_created_at": "2011-07-09",
        "has_description": 1,
        "parent": "4526535728008477"
    },
    {
        "mid": "4526683098818625",
        "has_multimedia": 1,
        "comments_count": 0,
        "reposts_count": 0,
        "attitudes_count": 0,
        "t": "1594728815000",
        "text": "眼睛不在嘛还是耳朵没在呢，我想起来了，你们辖区有个咬耳朵的！把眼睛咬掉了所以看不到大家的消息！希望小编可以转达你们领导这件事情呢不然以后遭殃的可能是你们的女性亲属，也没有人会见义勇为，不然会被咬掉耳朵！罪犯p事儿没有呢！",
        "uid": "6461668693/",
        "followers_count": "206",
        "statuses_count": "798",
        "verified": 0,
        "user_created_at": "2018-02-13",
        "has_description": 1,
        "parent": "4526535728008477"
    },
    {
        "mid": "4526677243792377",
        "has_multimedia": 1,
        "comments_count": 0,
        "reposts_count": 0,
        "attitudes_count": 0,
        "t": "1594727419000",
        "text": "小偷小摸，抓到好",
        "uid": "6332029364/",
        "followers_count": "6",
        "statuses_count": "188",
        "verified": 0,
        "user_created_at": "2017-08-04",
        "has_description": 0,
        "parent": "4526535728008477"
    },
    {
        "mid": "4526618696140273",
        "has_multimedia": 1,
        "comments_count": 0,
        "reposts_count": 0,
        "attitudes_count": 0,
        "t": "1594713460000",
        "text": "上海市黄浦区大白天路边强奸未遂，恶意伤人咬掉耳朵，到底怎么说了？上海竟然可以发生这种事！！！",
        "uid": "7415644345/",
        "followers_count": "20",
        "statuses_count": "64",
        "verified": 0,
        "user_created_at": "2020-03-19",
        "has_description": 1,
        "parent": "4526535728008477"
    },
    {
        "mid": "4526570146779972",
        "has_multimedia": 1,
        "comments_count": 0,
        "reposts_count": 1,
        "attitudes_count": 18,
        "t": "1594701885000",
        "text": "#上海咬耳狼人# 这件事你们看到了没？照片都有抓不到？强奸加故意伤害！",
        "uid": "5721126198/",
        "followers_count": "121",
        "statuses_count": "112",
        "verified": 0,
        "user_created_at": "2015-10-08",
        "has_description": 0,
        "parent": "4526535728008477"
    }
]