[
    {
        "mid": "4526536252083793",
        "has_multimedia": 1,
        "comments_count": 237,
        "reposts_count": 59,
        "attitudes_count": 1321,
        "t": "1594693803000",
        "text": "【余永定：疫情以来中国有多少人失业？政府该不该直接发钱？】很多人羡慕日本政府发钱。疫情前期，按人头发钱，确实降低了感染几率。很多没有储蓄不得不上班的人，会选择呆在家里。但这也会导致道德风险，比如有些人把钱存起来，拿去炒股。直接发钱是有必要的，但不能解决根本问题，保持经济增长，健全我国的失业保险体系，才是最终的解决途径。L微丢的秒拍视频",
        "uid": "1887344341/",
        "followers_count": "12568157",
        "statuses_count": "110544",
        "verified": 1,
        "has_description": 1,
        "parent": "0",
        "user_created_at": "2010-12-09"
    },
    {
        "mid": "4526757640737139",
        "has_multimedia": 1,
        "comments_count": 0,
        "reposts_count": 0,
        "attitudes_count": 0,
        "t": "1594746587000",
        "text": "//@虹衍:发钱还不如想办法增加工作岗位！//@莫把梗当真:不能发钱！这只能助长不劳而获的歪风邪气，并且有一就有二，越发不可收拾，绝对不能开这个口子！",
        "uid": "6891016651/",
        "followers_count": "72",
        "statuses_count": "730",
        "verified": 0,
        "user_created_at": "2018-12-18",
        "has_description": 0,
        "parent": "4526536252083793"
    },
    {
        "mid": "4526756692690268",
        "has_multimedia": 1,
        "comments_count": 0,
        "reposts_count": 0,
        "attitudes_count": 0,
        "t": "1594746361000",
        "text": "【疫情以来中国有多少人失业？政府该不该直接发钱？】防疫抗疫需要政策、税收上的优惠去引导，当然不排除有些钻空子的资本钻营获利。但若发钱变纸的可能性更大，虽然咱也很想能发钱，但又不愿意手里为数不多的钱再度贬值得更不值钱。",
        "uid": "2030117162/",
        "followers_count": "1497",
        "statuses_count": "28059",
        "verified": 0,
        "user_created_at": "2011-03-22",
        "has_description": 1,
        "parent": "4526536252083793"
    }
]