[
    {
        "mid": "4526536156486666",
        "has_multimedia": 1,
        "comments_count": 585,
        "reposts_count": 348,
        "attitudes_count": 12093,
        "t": "1594693781000",
        "text": "#消防员接力转移140多只羊#【积水围困羊圈愁坏主人，江苏#消防员4小时接力救出140只羊#】2020年7月12日，江苏连云港。因受强降雨影响，路面积水较深，居民家有140多只羊被困在积水中，十分着急，消防员闻讯后立即赶往现场处置。通过里外接力的方式，约4个小时的救援，140多只羊全部被安全转移。@一手Video L一手video的秒拍视频 2上海",
        "uid": "6004281123/",
        "followers_count": "22964025",
        "statuses_count": "68061",
        "verified": 1,
        "has_description": 1,
        "parent": "0",
        "user_created_at": "2016-08-16"
    },
    {
        "mid": "4527319194278583",
        "has_multimedia": 1,
        "comments_count": 0,
        "reposts_count": 0,
        "attitudes_count": 0,
        "t": "1594880472000",
        "text": "保护人民群众的财产安全",
        "uid": "1931814313/",
        "followers_count": "175",
        "statuses_count": "13",
        "verified": 0,
        "user_created_at": "2011-01-23",
        "has_description": 1,
        "parent": "4526536156486666"
    },
    {
        "mid": "4526950096147212",
        "has_multimedia": 1,
        "comments_count": 0,
        "reposts_count": 0,
        "attitudes_count": 0,
        "t": "1594792471000",
        "text": "//@和谐双塘:转发微博",
        "uid": "6399189019/",
        "followers_count": "36",
        "statuses_count": "32664",
        "verified": 0,
        "user_created_at": "2017-10-30",
        "has_description": 0,
        "parent": "4526536156486666"
    },
    {
        "mid": "4526949785777006",
        "has_multimedia": 1,
        "comments_count": 0,
        "reposts_count": 0,
        "attitudes_count": 0,
        "t": "1594792398000",
        "text": "//@和谐双塘:转发微博",
        "uid": "6399189019/",
        "followers_count": "36",
        "statuses_count": "32664",
        "verified": 0,
        "user_created_at": "2017-10-30",
        "has_description": 0,
        "parent": "4526536156486666"
    }
]