[
    {
        "mid": "4526536403793051",
        "has_multimedia": 1,
        "comments_count": 179,
        "reposts_count": 154,
        "attitudes_count": 2254,
        "t": "1594693840000",
        "text": "【直播！湖北#武汉应对汛情发布会#】今天上午，湖北省武汉市政府新闻办召开“武汉应对高水位汛情工作举措”新闻发布会，介绍当前防汛形势和应对举措。关注！（总台央视记者佘利霞 高重） L央视新闻的微博视频 . ​​​​",
        "uid": "2656274875/",
        "followers_count": "111914252",
        "statuses_count": "130425",
        "verified": 1,
        "has_description": 1,
        "parent": "0",
        "user_created_at": "2012-03-07"
    },
    {
        "mid": "4527285682311524",
        "has_multimedia": 1,
        "comments_count": 0,
        "reposts_count": 0,
        "attitudes_count": 0,
        "t": "1594872481000",
        "text": "转发微博",
        "uid": "6786433422/",
        "followers_count": "52",
        "statuses_count": "90",
        "verified": 0,
        "user_created_at": "2018-10-21",
        "has_description": 1,
        "parent": "4526536403793051"
    },
    {
        "mid": "4526913618270685",
        "has_multimedia": 1,
        "comments_count": 0,
        "reposts_count": 1,
        "attitudes_count": 0,
        "t": "1594781760000",
        "text": "转发微博",
        "uid": "2819561510/",
        "followers_count": "19",
        "statuses_count": "443",
        "verified": 0,
        "user_created_at": "2012-06-01",
        "has_description": 0,
        "parent": "4526536403793051"
    },
    {
        "mid": "4526905266899731",
        "has_multimedia": 1,
        "comments_count": 0,
        "reposts_count": 1,
        "attitudes_count": 0,
        "t": "1594781783000",
        "text": "转发微博",
        "uid": "3539102955/",
        "followers_count": "50547",
        "statuses_count": "27787",
        "verified": 1,
        "has_description": 1,
        "parent": "4526536403793051",
        "user_created_at": "2013-06-17"
    }
]