[
    {
        "mid": "4526552992456765",
        "has_multimedia": 1,
        "comments_count": 252,
        "reposts_count": 113,
        "attitudes_count": 1791,
        "t": "1594697795000",
        "text": "【#熊孩子撞坏45万玻璃城堡家长担责#：已第一时间留下联系方式】7月10日，上海玻璃博物馆官博发文表示，5月30日，网红展品玻璃城堡遭小观众破坏。据悉，这件展品花费500小时完成，重达60公斤，包含30000个部件，并由24K黄金装饰。馆方工作人员表示，涉事小观众家长第一时间留下了联系方式，并主动表示愿意配合博物馆解决后续事宜，承担后果。  L021视频的微博视频",
        "uid": "1618051664/",
        "followers_count": "80644318",
        "statuses_count": "186982",
        "verified": 1,
        "has_description": 1,
        "parent": "0",
        "user_created_at": "2009-08-28"
    },
    {
        "mid": "4527271312888301",
        "has_multimedia": 1,
        "comments_count": 0,
        "reposts_count": 0,
        "attitudes_count": 0,
        "t": "1594869056000",
        "text": "家长不能太纵容孩子",
        "uid": "7151168692/",
        "followers_count": "29",
        "statuses_count": "116",
        "verified": 0,
        "user_created_at": "2019-05-20",
        "has_description": 0,
        "parent": "4526552992456765"
    },
    {
        "mid": "4527053087447473",
        "has_multimedia": 1,
        "comments_count": 0,
        "reposts_count": 0,
        "attitudes_count": 0,
        "t": "1594817027000",
        "text": "转发微博",
        "uid": "6612576462/",
        "followers_count": "316",
        "statuses_count": "7633",
        "verified": 0,
        "user_created_at": "2018-07-25",
        "has_description": 1,
        "parent": "4526552992456765"
    }
]