[
    {
        "mid": "4526554493115619",
        "has_multimedia": 1,
        "comments_count": 365,
        "reposts_count": 420,
        "attitudes_count": 10436,
        "t": "1594698153000",
        "text": "【#消防员怀抱小男孩问长大你也去救人呀#？】近日，安徽芜湖多地遭受洪涝灾害，消防持续救援。一位小男孩被消防员抱着，坐在橡皮艇上转移，却仍显得紧张不安。消防员对男孩说：“男子汉怕什么”，“以后你也当解放军救别人，怎么样？”#消防员洪水中救人时有多暖#？看↓点赞！L中国消防的微博视频 @中国消防",
        "uid": "2656274875/",
        "followers_count": "111907713",
        "statuses_count": "130393",
        "verified": 1,
        "has_description": 1,
        "parent": "0",
        "user_created_at": "2012-03-07"
    },
    {
        "mid": "4527332604250927",
        "has_multimedia": 1,
        "comments_count": 0,
        "reposts_count": 0,
        "attitudes_count": 0,
        "t": "1594883668000",
        "text": "好暖",
        "uid": "2515850911/",
        "followers_count": "181",
        "statuses_count": "531",
        "verified": 0,
        "user_created_at": "2011-12-07",
        "has_description": 1,
        "parent": "4526554493115619"
    },
    {
        "mid": "4527201867008816",
        "has_multimedia": 1,
        "comments_count": 0,
        "reposts_count": 0,
        "attitudes_count": 0,
        "t": "1594852499000",
        "text": "18年后，或许会有这个故事的续集……",
        "uid": "3078395815/",
        "followers_count": "80",
        "statuses_count": "248",
        "verified": 0,
        "user_created_at": "2013-01-12",
        "has_description": 0,
        "parent": "4526554493115619"
    },
    {
        "mid": "4527087866355037",
        "has_multimedia": 1,
        "comments_count": 0,
        "reposts_count": 0,
        "attitudes_count": 0,
        "t": "1594825319000",
        "text": "也许这小孩就当了将军呢",
        "uid": "1922157173/",
        "followers_count": "1365",
        "statuses_count": "6974",
        "verified": 1,
        "user_created_at": "2011-01-15",
        "has_description": 1,
        "parent": "4526554493115619"
    }
]