[
    {
        "mid": "4526554720400474",
        "has_multimedia": 1,
        "comments_count": 775,
        "reposts_count": 895,
        "attitudes_count": 20999,
        "t": "1594698207000",
        "text": "【好暖！#被救小男孩为消防员擦汗#】据@江西消防 7月13日，江西抚州消防赶往鄱阳昌洲乡北丰村营救被困人员。到达安全点后，消防员陈子安在为一名小男孩脱救生衣时，小男孩见消防叔叔满头大汗，默默伸出手为叔叔擦汗。#你载我上岸我为你擦汗#，都是可爱的人 ​​​​",
        "uid": "2803301701/",
        "followers_count": "119797982",
        "statuses_count": "120556",
        "verified": 1,
        "has_description": 1,
        "parent": "0",
        "user_created_at": "2012-07-22"
    },
    {
        "mid": "4526996639812770",
        "has_multimedia": 1,
        "comments_count": 0,
        "reposts_count": 0,
        "attitudes_count": 1,
        "t": "1594803569000",
        "text": "好暖心！#被救小男孩为消防员擦汗#",
        "uid": "3607366170/",
        "followers_count": "1178",
        "statuses_count": "179",
        "verified": 0,
        "user_created_at": "2013-07-22",
        "has_description": 1,
        "parent": "4526554720400474"
    },
    {
        "mid": "4526937676557926",
        "has_multimedia": 1,
        "comments_count": 0,
        "reposts_count": 0,
        "attitudes_count": 0,
        "t": "1594789511000",
        "text": "",
        "uid": "5214148854/",
        "followers_count": "117",
        "statuses_count": "351",
        "verified": 0,
        "user_created_at": "2014-07-12",
        "has_description": 1,
        "parent": "4526554720400474"
    }
]