[
    {
        "mid": "4526538777980483",
        "has_multimedia": 1,
        "comments_count": 1551,
        "reposts_count": 1273,
        "attitudes_count": 18162,
        "t": "1594694406000",
        "text": "【#中国人权研究会发文揭美国贫富严重分化#】今天，中国人权研究会发表题为《贫富分化导致美国人权问题日益严重》的文章。文章指出，美国收入分配两极分化，贫困率居高不下。近半美国家庭无法维持基本生活；低收入群体面临饥饿威胁；美国每年都有数百万人因交不起房租而被赶出住房。研究显示，美国无家可归者受疫情影响可能一年内激增45%…详情→O中国人权研究会文章：贫富分化导致美国人权问... L央视新闻的微博视频",
        "uid": "2656274875/",
        "followers_count": "111882245",
        "statuses_count": "130348",
        "verified": 1,
        "has_description": 1,
        "parent": "0",
        "user_created_at": "2012-03-07"
    },
    {
        "mid": "4527007880548595",
        "has_multimedia": 1,
        "comments_count": 0,
        "reposts_count": 0,
        "attitudes_count": 0,
        "t": "1594806249000",
        "text": "",
        "uid": "3296702067/",
        "followers_count": "219",
        "statuses_count": "785",
        "verified": 0,
        "user_created_at": "2013-03-01",
        "has_description": 1,
        "parent": "4526538777980483"
    },
    {
        "mid": "4526993116338037",
        "has_multimedia": 1,
        "comments_count": 0,
        "reposts_count": 0,
        "attitudes_count": 0,
        "t": "1594802729000",
        "text": "转发微博",
        "uid": "2532496731/",
        "followers_count": "32",
        "statuses_count": "1939",
        "verified": 0,
        "user_created_at": "2012-01-06",
        "has_description": 0,
        "parent": "4526538777980483"
    },
    {
        "mid": "4526982367645326",
        "has_multimedia": 1,
        "comments_count": 0,
        "reposts_count": 0,
        "attitudes_count": 0,
        "t": "1594800166000",
        "text": "转发微博",
        "uid": "7318734876/",
        "followers_count": "1",
        "statuses_count": "4",
        "verified": 0,
        "user_created_at": "2019-10-13",
        "has_description": 1,
        "parent": "4526538777980483"
    },
    {
        "mid": "4526961013662884",
        "has_multimedia": 1,
        "comments_count": 0,
        "reposts_count": 0,
        "attitudes_count": 0,
        "t": "1594795075000",
        "text": "转发微博",
        "uid": "6222933365/",
        "followers_count": "12",
        "statuses_count": "660",
        "verified": 0,
        "user_created_at": "2017-04-30",
        "has_description": 1,
        "parent": "4526538777980483"
    }
]