[
    {
        "mid": "4526555211143827",
        "has_multimedia": 1,
        "comments_count": 388,
        "reposts_count": 270,
        "attitudes_count": 3291,
        "t": "1594698324000",
        "text": "【干得漂亮！香港市民以一敌众现场怒怼黄之锋】7月11日，日前宣布退出“香港众志”的黄之锋为反对派议员站街叫嚣。期间，一位香港市民独自上前，怒斥黄之锋“汉奸走狗”“卖国贼”，并要求黄之锋交代“香港众志”捐款用途。黄之锋一度哑口，只是否认该指控。网友：这段街头battle真解气！  L青蜂侠Bee的微博视频",
        "uid": "3937348351/",
        "followers_count": "14636420",
        "statuses_count": "38712",
        "verified": 1,
        "has_description": 1,
        "parent": "0",
        "user_created_at": "2013-12-20"
    },
    {
        "mid": "4527315684172740",
        "has_multimedia": 1,
        "comments_count": 0,
        "reposts_count": 0,
        "attitudes_count": 0,
        "t": "1594879635000",
        "text": "//@深圳网警:哑口无言是因为的确心虚，矢口否认是因为贪财惜命。只想说大哥好样的！！！解气！！",
        "uid": "7406261894/",
        "followers_count": "19",
        "statuses_count": "1198",
        "verified": 0,
        "user_created_at": "2020-03-05",
        "has_description": 0,
        "parent": "4526555211143827"
    },
    {
        "mid": "4527187006325986",
        "has_multimedia": 1,
        "comments_count": 0,
        "reposts_count": 0,
        "attitudes_count": 0,
        "t": "1594848956000",
        "text": "//@陆锡鑫:干得好！不过看到黄之锋这个猴子还这么嚣张，国安法要加快推进，坚决实施，打掉这些曱甴的嚣张气焰。",
        "uid": "2459929005/",
        "followers_count": "3184",
        "statuses_count": "44537",
        "verified": 0,
        "user_created_at": "2011-11-12",
        "has_description": 1,
        "parent": "4526555211143827"
    },
    {
        "mid": "4527143884687499",
        "has_multimedia": 1,
        "comments_count": 0,
        "reposts_count": 0,
        "attitudes_count": 0,
        "t": "1594838675000",
        "text": "转发微博",
        "uid": "5124302433/",
        "followers_count": "129",
        "statuses_count": "15419",
        "verified": 0,
        "user_created_at": "2014-08-14",
        "has_description": 0,
        "parent": "4526555211143827"
    }
]