[
    {
        "mid": "4526555114680936",
        "has_multimedia": 1,
        "comments_count": 213,
        "reposts_count": 159,
        "attitudes_count": 2896,
        "t": "1594698301000",
        "text": "【#玩VR游戏三秒摔出一脸伤# 质疑防护措施没到位？】前几天下午，梁先生和朋友到杭州下沙一家游戏馆，体验VR游戏，结果游戏太刺激了，梁先生没有做好准备，一头栽倒在地，而且是脸部着地，他认为游戏馆的防护措施做得不到位。  L1818黄金眼的微博视频 ​​​​",
        "uid": "2334162530/",
        "followers_count": "6455967",
        "statuses_count": "54169",
        "verified": 1,
        "has_description": 1,
        "parent": "0",
        "user_created_at": "2011-08-23"
    },
    {
        "mid": "4526557420488940",
        "has_multimedia": 1,
        "comments_count": 2,
        "reposts_count": 91,
        "attitudes_count": 9,
        "t": "1594698850000",
        "text": "hhhhhhhhhhh",
        "uid": "2269710922/",
        "followers_count": "839282",
        "statuses_count": "41762",
        "verified": 1,
        "user_created_at": "2011-07-26",
        "has_description": 1,
        "parent": "4526555114680936"
    },
    {
        "mid": "4526881535969628",
        "has_multimedia": 1,
        "comments_count": 1,
        "reposts_count": 84,
        "attitudes_count": 0,
        "t": "1594776126000",
        "text": "沉浸式体验啊//@鋼筆様子:hhhhhhhhhhh",
        "uid": "1443415740/",
        "followers_count": "16296",
        "statuses_count": "41469",
        "verified": 1,
        "user_created_at": "2010-07-02",
        "has_description": 1,
        "parent": "4526557420488940"
    },
    {
        "mid": "4526882333390032",
        "has_multimedia": 1,
        "comments_count": 14,
        "reposts_count": 83,
        "attitudes_count": 25,
        "t": "1594776316000",
        "text": "还得买保险//@榴莲_Alex:沉浸式体验啊//@鋼筆様子:hhhhhhhhhhh",
        "uid": "1670183810/",
        "followers_count": "4472627",
        "statuses_count": "54557",
        "verified": 1,
        "user_created_at": "2009-12-14",
        "has_description": 1,
        "parent": "4526881535969628"
    },
    {
        "mid": "4526935923075796",
        "has_multimedia": 1,
        "comments_count": 22,
        "reposts_count": 67,
        "attitudes_count": 133,
        "t": "1594789093000",
        "text": "//@PS3保罗: 还得买保险//@榴莲_Alex:沉浸式体验啊//@鋼筆様子:hhhhhhhhhhh",
        "uid": "1111681197/",
        "followers_count": "1160348",
        "statuses_count": "95503",
        "verified": 1,
        "user_created_at": "2009-08-28",
        "has_description": 1,
        "parent": "4526882333390032"
    },
    {
        "mid": "4526936451295657",
        "has_multimedia": 1,
        "comments_count": 35,
        "reposts_count": 25,
        "attitudes_count": 214,
        "t": "1594789218000",
        "text": "//@来去之间://@PS3保罗: 还得买保险//@榴莲_Alex:沉浸式体验啊//@鋼筆様子:hhhhhhhhhhh",
        "uid": "3825067581/",
        "followers_count": "3258496",
        "statuses_count": "18886",
        "verified": 1,
        "user_created_at": "2014-04-03",
        "has_description": 1,
        "parent": "4526935923075796"
    },
    {
        "mid": "4526987157539704",
        "has_multimedia": 1,
        "comments_count": 0,
        "reposts_count": 0,
        "attitudes_count": 0,
        "t": "1594801307000",
        "text": "太惨了//@园姐://@来去之间://@PS3保罗: 还得买保险//@榴莲_Alex:沉浸式体验啊//@鋼筆様子:hhhhhhhhhhh",
        "uid": "1863923813/",
        "followers_count": "2000",
        "statuses_count": "4868",
        "verified": 0,
        "user_created_at": "2010-11-16",
        "has_description": 1,
        "parent": "4526936451295657"
    },
    {
        "mid": "4526984648561039",
        "has_multimedia": 1,
        "comments_count": 35,
        "reposts_count": 25,
        "attitudes_count": 214,
        "t": "1594789200000",
        "text": "//@来去之间://@PS3保罗: 还得买保险//@榴莲_Alex:沉浸式体验啊//@鋼筆様子:hhhhhhhhhhh",
        "uid": "6138027731/",
        "followers_count": "629",
        "statuses_count": "52952",
        "verified": 0,
        "user_created_at": "2017-02-18",
        "has_description": 0,
        "parent": "4526936451295657"
    },
    {
        "mid": "4526973508229946",
        "has_multimedia": 1,
        "comments_count": 0,
        "reposts_count": 0,
        "attitudes_count": 0,
        "t": "1594798054000",
        "text": "//@园姐://@来去之间://@PS3保罗: 还得买保险//@榴莲_Alex:沉浸式体验啊//@鋼筆様子:hhhhhhhhhhh",
        "uid": "2510913447/",
        "followers_count": "3454",
        "statuses_count": "5440",
        "verified": 1,
        "user_created_at": "2011-12-04",
        "has_description": 1,
        "parent": "4526936451295657"
    },
    {
        "mid": "4526991284734674",
        "has_multimedia": 1,
        "comments_count": 0,
        "reposts_count": 0,
        "attitudes_count": 0,
        "t": "1594802291000",
        "text": "TM没人动你自己往前还TM怪人家太真实//@来去之间://@PS3保罗: 还得买保险//@榴莲_Alex:沉浸式体验啊//@鋼筆様子:hhhhhhhhhhh",
        "uid": "3203391902/",
        "followers_count": "17",
        "statuses_count": "616",
        "verified": 0,
        "user_created_at": "2013-02-26",
        "has_description": 1,
        "parent": "4526935923075796"
    },
    {
        "mid": "4526989802840576",
        "has_multimedia": 1,
        "comments_count": 0,
        "reposts_count": 0,
        "attitudes_count": 0,
        "t": "1594801939000",
        "text": "//@园姐://@来去之间://@PS3保罗: 还得买保险//@榴莲_Alex:沉浸式体验啊//@鋼筆様子:hhhhhhhhhhh",
        "uid": "6440871825/",
        "followers_count": "289",
        "statuses_count": "10000",
        "verified": 0,
        "user_created_at": "2017-12-21",
        "has_description": 1,
        "parent": "4526935923075796"
    },
    {
        "mid": "4527018723347905",
        "has_multimedia": 1,
        "comments_count": 22,
        "reposts_count": 67,
        "attitudes_count": 133,
        "t": "1594789080000",
        "text": "//@PS3保罗: 还得买保险//@榴莲_Alex:沉浸式体验啊//@鋼筆様子:hhhhhhhhhhh",
        "uid": "2643236880/",
        "followers_count": "116",
        "statuses_count": "29241",
        "verified": 0,
        "user_created_at": "2012-02-28",
        "has_description": 1,
        "parent": "4526882333390032"
    },
    {
        "mid": "4526991925940377",
        "has_multimedia": 1,
        "comments_count": 22,
        "reposts_count": 67,
        "attitudes_count": 133,
        "t": "1594789080000",
        "text": "//@PS3保罗: 还得买保险//@榴莲_Alex:沉浸式体验啊//@鋼筆様子:hhhhhhhhhhh",
        "uid": "6361921619/",
        "followers_count": "49",
        "statuses_count": "729",
        "verified": 0,
        "user_created_at": "2017-09-05",
        "has_description": 0,
        "parent": "4526882333390032"
    },
    {
        "mid": "4527045360495463",
        "has_multimedia": 1,
        "comments_count": 0,
        "reposts_count": 0,
        "attitudes_count": 1,
        "t": "1594815185000",
        "text": "1818//@来去之间://@PS3保罗: 还得买保险//@榴莲_Alex:沉浸式体验啊//@鋼筆様子:hhhhhhhhhhh",
        "uid": "6009011563/",
        "followers_count": "277",
        "statuses_count": "1359",
        "verified": 0,
        "user_created_at": "2016-08-23",
        "has_description": 0,
        "parent": "4526881535969628"
    },
    {
        "mid": "4527023705298092",
        "has_multimedia": 1,
        "comments_count": 0,
        "reposts_count": 0,
        "attitudes_count": 0,
        "t": "1594810021000",
        "text": "//@园姐://@来去之间://@PS3保罗: 还得买保险//@榴莲_Alex:沉浸式体验啊//@鋼筆様子:hhhhhhhhhhh",
        "uid": "3410379392/",
        "followers_count": "3268",
        "statuses_count": "57130",
        "verified": 1,
        "user_created_at": "2013-05-03",
        "has_description": 1,
        "parent": "4526881535969628"
    },
    {
        "mid": "4527081050866872",
        "has_multimedia": 1,
        "comments_count": 0,
        "reposts_count": 0,
        "attitudes_count": 0,
        "t": "1594823693000",
        "text": "倒霉孩子//@来去之间://@PS3保罗: 还得买保险//@榴莲_Alex:沉浸式体验啊//@鋼筆様子:hhhhhhhhhhh",
        "uid": "5231884217/",
        "followers_count": "174",
        "statuses_count": "2010",
        "verified": 0,
        "user_created_at": "2014-07-25",
        "has_description": 0,
        "parent": "4526557420488940"
    },
    {
        "mid": "4527064265006606",
        "has_multimedia": 1,
        "comments_count": 0,
        "reposts_count": 0,
        "attitudes_count": 0,
        "t": "1594819691000",
        "text": "//@园姐://@来去之间://@PS3保罗: 还得买保险//@榴莲_Alex:沉浸式体验啊//@鋼筆様子:hhhhhhhhhhh",
        "uid": "5031772416/",
        "followers_count": "1754",
        "statuses_count": "51379",
        "verified": 0,
        "user_created_at": "2014-02-09",
        "has_description": 1,
        "parent": "4526557420488940"
    },
    {
        "mid": "4526938217615097",
        "has_multimedia": 1,
        "comments_count": 22,
        "reposts_count": 16,
        "attitudes_count": 89,
        "t": "1594789639000",
        "text": "大家注意安全……VR 游戏是有这个风险……而且事后看视频的话，别人会觉得这你都能受伤好傻，二次伤害……",
        "uid": "6351230063/",
        "followers_count": "66812",
        "statuses_count": "8751",
        "verified": 0,
        "user_created_at": "2017-08-24",
        "has_description": 1,
        "parent": "4526555114680936"
    },
    {
        "mid": "4527288240579127",
        "has_multimedia": 1,
        "comments_count": 22,
        "reposts_count": 16,
        "attitudes_count": 89,
        "t": "1594789620000",
        "text": "大家注意安全……VR 游戏是有这个风险……而且事后看视频的话，别人会觉得这你都能受伤好傻，二次伤害……",
        "uid": "2423584823/",
        "followers_count": "278",
        "statuses_count": "3480",
        "verified": 0,
        "user_created_at": "2011-10-22",
        "has_description": 1,
        "parent": "4526938217615097"
    },
    {
        "mid": "4527283870634164",
        "has_multimedia": 1,
        "comments_count": 0,
        "reposts_count": 0,
        "attitudes_count": 0,
        "t": "1594872049000",
        "text": "回复@兴奋202004:咦突然发现我能发评论了。//@兴奋202004:这个我觉得店家责任真的有点大。根本就是毫无防护啊//@拉瓦铀:大家注意安全……VR 游戏是有这个风险……而且事后看视频的话，别人会觉得这你都能受伤好傻，二次伤害……",
        "uid": "7430980495/",
        "followers_count": "16",
        "statuses_count": "1374",
        "verified": 0,
        "user_created_at": "2020-04-06",
        "has_description": 1,
        "parent": "4526938217615097"
    },
    {
        "mid": "4527283707325352",
        "has_multimedia": 1,
        "comments_count": 0,
        "reposts_count": 0,
        "attitudes_count": 0,
        "t": "1594872011000",
        "text": "这个我觉得店家责任真的有点大。根本就是毫无防护啊//@拉瓦铀:大家注意安全……VR 游戏是有这个风险……而且事后看视频的话，别人会觉得这你都能受伤好傻，二次伤害……",
        "uid": "7430980495/",
        "followers_count": "16",
        "statuses_count": "1374",
        "verified": 0,
        "user_created_at": "2020-04-06",
        "has_description": 1,
        "parent": "4526938217615097"
    },
    {
        "mid": "4527484085209846",
        "has_multimedia": 1,
        "comments_count": 2,
        "reposts_count": 1,
        "attitudes_count": 6,
        "t": "1594776840000",
        "text": "//@PS3保罗:还得买保险//@榴莲_Alex:沉浸式体验啊//@鋼筆様子:hhhhhhhhhhh",
        "uid": "2608920787/",
        "followers_count": "132",
        "statuses_count": "4788",
        "verified": 0,
        "user_created_at": "2012-02-01",
        "has_description": 1,
        "parent": "4526555114680936"
    }
]