[
    {
        "mid": "4526538781279906",
        "has_multimedia": 1,
        "comments_count": 341,
        "reposts_count": 5194,
        "attitudes_count": 15127,
        "t": "1594694407000",
        "text": "#新华直播# 清洁、绿色、低碳、环境友好……7月14日，让我们跟随镜头，#云游中国石油最大炼厂#，看检修之后的大连石化的崭新状态，了解石化企业践行绿色发展背后的故事，见证石化产业发展力量。 L新华网的微博视频 . ​​​​",
        "uid": "2810373291/",
        "followers_count": "72393436",
        "statuses_count": "110554",
        "verified": 1,
        "has_description": 1,
        "parent": "0",
        "user_created_at": "2020-01-01"
    },
    {
        "mid": "4526575078530633",
        "has_multimedia": 1,
        "comments_count": 184,
        "reposts_count": 144,
        "attitudes_count": 1159,
        "t": "1594703060000",
        "text": "绿色、低碳、清洁，你能和石油炼厂联系一起吗？你来看看就知道！#云游中国石油最大炼厂#",
        "uid": "1240607081/",
        "followers_count": "1326086",
        "statuses_count": "11392",
        "verified": 1,
        "user_created_at": "2009-08-28",
        "has_description": 1,
        "parent": "4526538781279906"
    },
    {
        "mid": "4527235002274684",
        "has_multimedia": 1,
        "comments_count": 0,
        "reposts_count": 0,
        "attitudes_count": 0,
        "t": "1594860399000",
        "text": "//@旅行啦文龙:绿色、低碳、清洁，你能和石油炼厂联系一起吗？你来看看就知道！#云游中国石油最大炼厂#",
        "uid": "7317728899/",
        "followers_count": "220",
        "statuses_count": "8498",
        "verified": 0,
        "user_created_at": "2019-10-11",
        "has_description": 0,
        "parent": "4526575078530633"
    },
    {
        "mid": "4527090453974635",
        "has_multimedia": 1,
        "comments_count": 0,
        "reposts_count": 0,
        "attitudes_count": 0,
        "t": "1594825935000",
        "text": "//@旅行啦文龙:绿色、低碳、清洁，你能和石油炼厂联系一起吗？你来看看就知道！#云游中国石油最大炼厂#",
        "uid": "7308097145/",
        "followers_count": "2436",
        "statuses_count": "28839",
        "verified": 1,
        "user_created_at": "2019-09-19",
        "has_description": 0,
        "parent": "4526575078530633"
    },
    {
        "mid": "4526969858924221",
        "has_multimedia": 1,
        "comments_count": 184,
        "reposts_count": 144,
        "attitudes_count": 1159,
        "t": "1594703040000",
        "text": "绿色、低碳、清洁，你能和石油炼厂联系一起吗？你来看看就知道！#云游中国石油最大炼厂#",
        "uid": "5389334094/",
        "followers_count": "47462",
        "statuses_count": "197",
        "verified": 1,
        "user_created_at": "2014-11-26",
        "has_description": 1,
        "parent": "4526575078530633"
    },
    {
        "mid": "4526552606664179",
        "has_multimedia": 1,
        "comments_count": 155,
        "reposts_count": 124,
        "attitudes_count": 427,
        "t": "1594697703000",
        "text": "看别具一格的大连石化～ 爬山逛公园，看鱼儿畅游，海鸥翱翔，跟着直播到大连石化公司最雅、最高、最甜、最老、最萌、最靓的景点和最美的海岸线“打卡”吧！ #云游中国石油最大炼厂# @大连石化公司  @中国石油",
        "uid": "1571131002/",
        "followers_count": "1292906",
        "statuses_count": "1265",
        "verified": 1,
        "user_created_at": "2010-06-09",
        "has_description": 1,
        "parent": "4526538781279906"
    }
]