[
    {
        "mid": "4526539205866099",
        "has_multimedia": 1,
        "comments_count": 838,
        "reposts_count": 1259,
        "attitudes_count": 19816,
        "t": "1594694508000",
        "text": "【父子变战友！#一段大堤上有5对父子兵#】七旬老村支书请战未果，鼓励儿孙上堤防汛；曾在部队参加抗洪抢险的儿子，指导首次参加防汛的父亲巡堤；翁婿报名参战，再度携手巡堤…在武汉汉阳沿江堤段，有5对#防汛父子兵#在此值守。“不畏艰险，敢于担当，这是我们家的传承。”赞！O一段大堤，5对“父子兵”！ ​​​​",
        "uid": "2803301701/",
        "followers_count": "119785676",
        "statuses_count": "120547",
        "verified": 1,
        "has_description": 1,
        "parent": "0",
        "user_created_at": "2012-07-22"
    },
    {
        "mid": "4526656415760245",
        "has_multimedia": 1,
        "comments_count": 0,
        "reposts_count": 12,
        "attitudes_count": 1,
        "t": "1594722453000",
        "text": "上阵父子兵",
        "uid": "3173507705/",
        "followers_count": "1004",
        "statuses_count": "8245",
        "verified": 0,
        "user_created_at": "2012-12-04",
        "has_description": 1,
        "parent": "4526539205866099"
    },
    {
        "mid": "4526717438703801",
        "has_multimedia": 1,
        "comments_count": 0,
        "reposts_count": 0,
        "attitudes_count": 0,
        "t": "1594737001000",
        "text": "//@佛心蛊://@控弦司-于流渊: 上阵父子兵",
        "uid": "5687085966/",
        "followers_count": "399",
        "statuses_count": "7867",
        "verified": 0,
        "user_created_at": "2015-08-26",
        "has_description": 1,
        "parent": "4526656415760245"
    },
    {
        "mid": "4526704855675904",
        "has_multimedia": 1,
        "comments_count": 0,
        "reposts_count": 0,
        "attitudes_count": 0,
        "t": "1594734002000",
        "text": "//@佛心蛊://@控弦司-于流渊: 上阵父子兵",
        "uid": "1842770590/",
        "followers_count": "169",
        "statuses_count": "7564",
        "verified": 0,
        "user_created_at": "2011-12-28",
        "has_description": 1,
        "parent": "4526656415760245"
    },
    {
        "mid": "4526703722716518",
        "has_multimedia": 1,
        "comments_count": 0,
        "reposts_count": 0,
        "attitudes_count": 0,
        "t": "1594733732000",
        "text": "//@佛心蛊://@控弦司-于流渊: 上阵父子兵",
        "uid": "1813525572/",
        "followers_count": "548",
        "statuses_count": "19766",
        "verified": 0,
        "user_created_at": "2010-09-13",
        "has_description": 1,
        "parent": "4526656415760245"
    },
    {
        "mid": "4526663533472172",
        "has_multimedia": 1,
        "comments_count": 1,
        "reposts_count": 12,
        "attitudes_count": 40,
        "t": "1594724150000",
        "text": "要平安",
        "uid": "5281683265/",
        "followers_count": "150059",
        "statuses_count": "20024",
        "verified": 1,
        "user_created_at": "2014-09-04",
        "has_description": 1,
        "parent": "4526539205866099"
    },
    {
        "mid": "4526708205633889",
        "has_multimedia": 1,
        "comments_count": 0,
        "reposts_count": 0,
        "attitudes_count": 0,
        "t": "1594734801000",
        "text": "//@吾六一061:要平安",
        "uid": "5647413791/",
        "followers_count": "71",
        "statuses_count": "4103",
        "verified": 0,
        "user_created_at": "2015-07-07",
        "has_description": 1,
        "parent": "4526663533472172"
    },
    {
        "mid": "4526691974074176",
        "has_multimedia": 1,
        "comments_count": 0,
        "reposts_count": 0,
        "attitudes_count": 0,
        "t": "1594730930000",
        "text": "大家平安//@吾六一061:要平安",
        "uid": "5460781334/",
        "followers_count": "234",
        "statuses_count": "20750",
        "verified": 0,
        "user_created_at": "2015-01-03",
        "has_description": 1,
        "parent": "4526663533472172"
    },
    {
        "mid": "4526675092035770",
        "has_multimedia": 1,
        "comments_count": 0,
        "reposts_count": 1,
        "attitudes_count": 0,
        "t": "1594726906000",
        "text": "//@吾六一061:要平安",
        "uid": "1710112885/",
        "followers_count": "200",
        "statuses_count": "1457",
        "verified": 0,
        "user_created_at": "2010-11-07",
        "has_description": 1,
        "parent": "4526663533472172"
    },
    {
        "mid": "4527273007385755",
        "has_multimedia": 1,
        "comments_count": 0,
        "reposts_count": 0,
        "attitudes_count": 0,
        "t": "1594869460000",
        "text": "转发微博",
        "uid": "7480081874/",
        "followers_count": "1",
        "statuses_count": "6",
        "verified": 0,
        "user_created_at": "2020-07-13",
        "has_description": 0,
        "parent": "4526539205866099"
    }
]