[
    {
        "mid": "4526556380620923",
        "has_multimedia": 1,
        "comments_count": 113,
        "reposts_count": 48,
        "attitudes_count": 770,
        "t": "1594698603000",
        "text": "#泰国女子中千万彩票后租滑翔伞撒钱#【泰国一女子中千万彩票后 租滑翔伞撒钱和黄金 数千民众欢呼争抢】7月12日，泰国一女子中彩票赢得9000万泰铢（约2000万人民币）后，在自己生日当天租滑翔伞从空中抛撒现金和黄金给邻里乡亲。该女子对当地记者说：“今天我想把幸福分享给我的兄弟姐妹和其他参加派对的客人。” L海客新闻的秒拍视频",
        "uid": "1974576991/",
        "followers_count": "28211870",
        "statuses_count": "190616",
        "verified": 1,
        "has_description": 1,
        "parent": "0",
        "user_created_at": "2011-02-17"
    },
    {
        "mid": "4527353102083129",
        "has_multimedia": 1,
        "comments_count": 1,
        "reposts_count": 0,
        "attitudes_count": 0,
        "t": "1594888556000",
        "text": "玩大了！任性",
        "uid": "1302044284/",
        "followers_count": "29628",
        "statuses_count": "10309",
        "verified": 1,
        "user_created_at": "2009-08-28",
        "has_description": 1,
        "parent": "4526556380620923"
    },
    {
        "mid": "4526601042176725",
        "has_multimedia": 1,
        "comments_count": 0,
        "reposts_count": 0,
        "attitudes_count": 0,
        "t": "1594709251000",
        "text": "2000万，可以在我家对面楼盘买一套中型房",
        "uid": "1229196132/",
        "followers_count": "555",
        "statuses_count": "6076",
        "verified": 1,
        "user_created_at": "2009-11-10",
        "has_description": 1,
        "parent": "4526556380620923"
    }
]