[
    {
        "mid": "4526539893429679",
        "has_multimedia": 1,
        "comments_count": 1875,
        "reposts_count": 2454,
        "attitudes_count": 86849,
        "t": "1594694672000",
        "text": "【世卫组织：#洪水接触的所有食物需丢弃#】近日，世卫组织官微发出提醒，洪涝可能会增加水和病媒传播疾病的传播，包括伤寒，霍乱，疟疾和黄热病等。世卫组织提示，如果发生洪涝，需要注意保护水源，包括：将所有饮用水和准备食物的水氯化或煮沸；不使用洪水洗碗，洗漱和准备食物。如果接触过洪水，务必用肥皂和水洗手；避免步行或开车经过水灾或有积水的地区；丢弃与洪水接触的所有食物等。",
        "uid": "1784473157/",
        "followers_count": "67403662",
        "statuses_count": "145688",
        "verified": 1,
        "has_description": 1,
        "parent": "0",
        "user_created_at": "2010-07-26"
    },
    {
        "mid": "4526623812392833",
        "has_multimedia": 1,
        "comments_count": 124,
        "reposts_count": 134,
        "attitudes_count": 2191,
        "t": "1594714680000",
        "text": "2020一定会好起来的🙏🙏🙏（安全起见洪水接触过的所有食物一定不要吃啊！）",
        "uid": "5267942841/",
        "followers_count": "10829546",
        "statuses_count": "13803",
        "verified": 1,
        "user_created_at": "2014-08-26",
        "has_description": 1,
        "parent": "4526539893429679"
    },
    {
        "mid": "4526690006573688",
        "has_multimedia": 1,
        "comments_count": 0,
        "reposts_count": 0,
        "attitudes_count": 0,
        "t": "1594730461000",
        "text": "转发微博",
        "uid": "6807264451/",
        "followers_count": "2",
        "statuses_count": "52",
        "verified": 0,
        "user_created_at": "2020-07-12",
        "has_description": 0,
        "parent": "4526623812392833"
    },
    {
        "mid": "4526689986120742",
        "has_multimedia": 1,
        "comments_count": 0,
        "reposts_count": 0,
        "attitudes_count": 0,
        "t": "1594730456000",
        "text": "转发微博",
        "uid": "7479642154/",
        "followers_count": "2",
        "statuses_count": "45",
        "verified": 0,
        "user_created_at": "2020-07-12",
        "has_description": 0,
        "parent": "4526623812392833"
    },
    {
        "mid": "4526689961667558",
        "has_multimedia": 1,
        "comments_count": 0,
        "reposts_count": 0,
        "attitudes_count": 0,
        "t": "1594730450000",
        "text": "转发微博",
        "uid": "7479317965/",
        "followers_count": "2",
        "statuses_count": "45",
        "verified": 0,
        "user_created_at": "2020-07-12",
        "has_description": 0,
        "parent": "4526623812392833"
    },
    {
        "mid": "4526689961666540",
        "has_multimedia": 1,
        "comments_count": 0,
        "reposts_count": 0,
        "attitudes_count": 0,
        "t": "1594730450000",
        "text": "转发微博",
        "uid": "7479318020/",
        "followers_count": "2",
        "statuses_count": "48",
        "verified": 0,
        "user_created_at": "2020-07-12",
        "has_description": 0,
        "parent": "4526623812392833"
    },
    {
        "mid": "4526664548096802",
        "has_multimedia": 1,
        "comments_count": 1,
        "reposts_count": 17,
        "attitudes_count": 32,
        "t": "1594724391000",
        "text": "这个提示更详细些，反正凡是使用来洗手洗澡洗水果菜品煮饭漱口洗脸的水如果受灾以后条件艰苦没有自来水，日常使用水都全部烧开以后备用。身体少接触洪水漫过的地区和水体。",
        "uid": "1949856727/",
        "followers_count": "162951",
        "statuses_count": "17845",
        "verified": 0,
        "user_created_at": "2011-02-04",
        "has_description": 1,
        "parent": "4526539893429679"
    },
    {
        "mid": "4527240152354819",
        "has_multimedia": 1,
        "comments_count": 0,
        "reposts_count": 0,
        "attitudes_count": 0,
        "t": "1594861627000",
        "text": "//@淡色调冷杉:这个提示更详细些，反正凡是使用来洗手洗澡洗水果菜品煮饭漱口洗脸的水如果受灾以后条件艰苦没有自来水，日常使用水都全部烧开以后备用。身体少接触洪水漫过的地区和水体。",
        "uid": "3957870670/",
        "followers_count": "183",
        "statuses_count": "698",
        "verified": 0,
        "user_created_at": "2013-12-27",
        "has_description": 1,
        "parent": "4526664548096802"
    },
    {
        "mid": "4526838129118480",
        "has_multimedia": 1,
        "comments_count": 0,
        "reposts_count": 0,
        "attitudes_count": 0,
        "t": "1594765777000",
        "text": "//@淡色调冷杉:这个提示更详细些，反正凡是使用来洗手洗澡洗水果菜品煮饭漱口洗脸的水如果受灾以后条件艰苦没有自来水，日常使用水都全部烧开以后备用。身体少接触洪水漫过的地区和水体。",
        "uid": "1838558824/",
        "followers_count": "1423",
        "statuses_count": "47952",
        "verified": 1,
        "user_created_at": "2010-11-02",
        "has_description": 1,
        "parent": "4526664548096802"
    },
    {
        "mid": "4526751461765631",
        "has_multimedia": 1,
        "comments_count": 0,
        "reposts_count": 0,
        "attitudes_count": 0,
        "t": "1594745114000",
        "text": "//@淡色调冷杉:这个提示更详细些，反正凡是使用来洗手洗澡洗水果菜品煮饭漱口洗脸的水如果受灾以后条件艰苦没有自来水，日常使用水都全部烧开以后备用。身体少接触洪水漫过的地区和水体。",
        "uid": "1459900464/",
        "followers_count": "662",
        "statuses_count": "142790",
        "verified": 0,
        "user_created_at": "2010-07-22",
        "has_description": 1,
        "parent": "4526664548096802"
    },
    {
        "mid": "4526713063307846",
        "has_multimedia": 1,
        "comments_count": 0,
        "reposts_count": 0,
        "attitudes_count": 0,
        "t": "1594735958000",
        "text": "//@淡色调冷杉:这个提示更详细些，反正凡是使用来洗手洗澡洗水果菜品煮饭漱口洗脸的水如果受灾以后条件艰苦没有自来水，日常使用水都全部烧开以后备用。身体少接触洪水漫过的地区和水体。",
        "uid": "2654119810/",
        "followers_count": "133",
        "statuses_count": "2923",
        "verified": 1,
        "user_created_at": "2012-01-06",
        "has_description": 1,
        "parent": "4526664548096802"
    },
    {
        "mid": "4526614840471760",
        "has_multimedia": 1,
        "comments_count": 45,
        "reposts_count": 15,
        "attitudes_count": 131,
        "t": "1594712541000",
        "text": "意外无常，重视健康，勿强求财富，水灾之后面临更严峻健康问题，之前说过一次，再重申一次🙏🙏",
        "uid": "6008537272/",
        "followers_count": "48559",
        "statuses_count": "1290",
        "verified": 0,
        "user_created_at": "2016-08-23",
        "has_description": 1,
        "parent": "4526539893429679"
    },
    {
        "mid": "4527210834957188",
        "has_multimedia": 1,
        "comments_count": 45,
        "reposts_count": 15,
        "attitudes_count": 131,
        "t": "1594712520000",
        "text": "意外无常，重视健康，勿强求财富，水灾之后面临更严峻健康问题，之前说过一次，再重申一次🙏🙏",
        "uid": "1881099873/",
        "followers_count": "370",
        "statuses_count": "6264",
        "verified": 0,
        "user_created_at": "2010-12-03",
        "has_description": 1,
        "parent": "4526614840471760"
    },
    {
        "mid": "4527041234082669",
        "has_multimedia": 1,
        "comments_count": 0,
        "reposts_count": 0,
        "attitudes_count": 0,
        "t": "1594814201000",
        "text": "//@宝说闲聊:意外无常，重视健康，勿强求财富，水灾之后面临更严峻健康问题，之前说过一次，再重申一次🙏🙏",
        "uid": "6055739511/",
        "followers_count": "65",
        "statuses_count": "4359",
        "verified": 0,
        "user_created_at": "2016-10-30",
        "has_description": 1,
        "parent": "4526614840471760"
    },
    {
        "mid": "4527022980727283",
        "has_multimedia": 1,
        "comments_count": 0,
        "reposts_count": 0,
        "attitudes_count": 0,
        "t": "1594809848000",
        "text": "//@宝说闲聊:意外无常，重视健康，勿强求财富，水灾之后面临更严峻健康问题，之前说过一次，再重申一次🙏🙏",
        "uid": "6359307076/",
        "followers_count": "327",
        "statuses_count": "480",
        "verified": 0,
        "user_created_at": "2017-09-06",
        "has_description": 1,
        "parent": "4526614840471760"
    },
    {
        "mid": "4526716209454545",
        "has_multimedia": 1,
        "comments_count": 0,
        "reposts_count": 0,
        "attitudes_count": 0,
        "t": "1594736709000",
        "text": "转发微博",
        "uid": "5507435663/",
        "followers_count": "185",
        "statuses_count": "2084",
        "verified": 0,
        "user_created_at": "2015-02-03",
        "has_description": 0,
        "parent": "4526614840471760"
    },
    {
        "mid": "4527248377651004",
        "has_multimedia": 1,
        "comments_count": 0,
        "reposts_count": 0,
        "attitudes_count": 0,
        "t": "1594863588000",
        "text": "//@万籁股份:洪水接触过的水和食品都要丢弃，有条件的要用次氯酸消毒剂喷洒消毒哦",
        "uid": "6313614719/",
        "followers_count": "5",
        "statuses_count": "12",
        "verified": 0,
        "user_created_at": "2017-07-10",
        "has_description": 0,
        "parent": "4526539893429679"
    }
]