[
    {
        "mid": "4526540274533908",
        "has_multimedia": 1,
        "comments_count": 556,
        "reposts_count": 339,
        "attitudes_count": 4563,
        "t": "1594694763000",
        "text": "【情欲陷阱——中国企业高管的致命伤】网络上周流传一段德士上的情欲视频，男主角疑似在香港上市的大陆房地产企业高管黄永年，有妇之夫搭上公关公司市场部女职员的桥段引起议论纷纷。近年阿里巴巴“太子爷”蒋凡、京东老板刘强东等爆出婚外情或陷入情欲丑闻后，都牵动起公司股价下跌，涉事公司也都是“手起刀落”。情色案件是企业高管的致命伤。（到联合早报网看全文）",
        "uid": "1654134123/",
        "followers_count": "3094788",
        "statuses_count": "51629",
        "verified": 1,
        "has_description": 1,
        "parent": "0",
        "user_created_at": "2009-10-16"
    },
    {
        "mid": "4527321987685083",
        "has_multimedia": 1,
        "comments_count": 0,
        "reposts_count": 0,
        "attitudes_count": 0,
        "t": "1594881138000",
        "text": "//@你的微博太过官方都不说想我:这题真难倒我了//@铁齿铜牙呜喵喵:男的不阉了不能出门不就完了。男的除了犯罪战争，有适合干的事？//@青朴桑耶:说明男的不适合当高管呗",
        "uid": "7407917965/",
        "followers_count": "12",
        "statuses_count": "999",
        "verified": 0,
        "user_created_at": "2020-03-07",
        "has_description": 1,
        "parent": "4526540274533908"
    },
    {
        "mid": "4527211879597735",
        "has_multimedia": 1,
        "comments_count": 0,
        "reposts_count": 0,
        "attitudes_count": 0,
        "t": "1594854886000",
        "text": "转发微博",
        "uid": "1816015217/",
        "followers_count": "120",
        "statuses_count": "13860",
        "verified": 0,
        "user_created_at": "2011-09-19",
        "has_description": 1,
        "parent": "4526540274533908"
    },
    {
        "mid": "4527037593420682",
        "has_multimedia": 1,
        "comments_count": 0,
        "reposts_count": 0,
        "attitudes_count": 0,
        "t": "1594813332000",
        "text": "//@一生哥情感解说:这种事情无法杜绝的 人一有钱就变坏了的 没办法控制的",
        "uid": "5124477720/",
        "followers_count": "230",
        "statuses_count": "4660",
        "verified": 0,
        "user_created_at": "2014-09-01",
        "has_description": 0,
        "parent": "4526540274533908"
    }
]