[
    {
        "mid": "4526556615164184",
        "has_multimedia": 1,
        "comments_count": 175,
        "reposts_count": 523,
        "attitudes_count": 1332,
        "t": "1594698659000",
        "text": "【你们就是安全感！】就算大雨让这座城市倾倒，我会给你怀抱！背着、抱着、举着，小心保护着...洪水中，#消防员救娃的N种有爱姿势#，心都要被融化了~向最可爱的人致敬！#关注南方暴雨# ​​​​",
        "uid": "2286908003/",
        "followers_count": "76194662",
        "statuses_count": "178550",
        "verified": 1,
        "has_description": 1,
        "parent": "0",
        "user_created_at": "2011-08-05"
    },
    {
        "mid": "4526725545383539",
        "has_multimedia": 1,
        "comments_count": 129,
        "reposts_count": 227,
        "attitudes_count": 951,
        "t": "1594738934000",
        "text": "#民民夜话#【宝贝，别怕】@我滴爸爸：就算大雨倾盆，我也护你安稳//@Iraqis-YIBO：把祖国的未来抱着，背着，举着，保护着//@少年少年ing：最温暖的、最有安全感的怀抱。//@乐清公安：你们就是安全感！//@面姐的微笑：他们就是守护神，有他们在，再大的灾难也不怕！",
        "uid": "2286908003/",
        "followers_count": "76194662",
        "statuses_count": "178550",
        "verified": 1,
        "has_description": 1,
        "parent": "4526556615164184",
        "user_created_at": "2011-08-05"
    },
    {
        "mid": "4527618467042351",
        "has_multimedia": 1,
        "comments_count": 0,
        "reposts_count": 0,
        "attitudes_count": 0,
        "t": "1594951824000",
        "text": "//@人民网:#民民夜话#【宝贝，别怕】@我滴爸爸：就算大雨倾盆，我也护你安稳//@Iraqis-YIBO：把祖国的未来抱着，背着，举着，保护着//@少年少年ing：最温暖的、最有安全感的怀抱。//@乐清公安：你们就是安全感！//@面姐的微笑：他们就是守护神，有他们在，再大的灾难也不怕！",
        "uid": "5134125736/",
        "followers_count": "55",
        "statuses_count": "1035",
        "verified": 0,
        "user_created_at": "2014-05-07",
        "has_description": 1,
        "parent": "4526725545383539"
    },
    {
        "mid": "4527418666923990",
        "has_multimedia": 1,
        "comments_count": 0,
        "reposts_count": 0,
        "attitudes_count": 0,
        "t": "1594904188000",
        "text": "危难时刻，总有这样的身影//@人民网:#民民夜话#【宝贝，别怕】@我滴爸爸：就算大雨倾盆，我也护你安稳//@Iraqis-YIBO：把祖国的未来抱着，背着，举着，保护着//@少年少年ing：最温暖的、最有安全感的怀抱。",
        "uid": "3757535074/",
        "followers_count": "180902",
        "statuses_count": "5748",
        "verified": 1,
        "has_description": 1,
        "parent": "4526725545383539",
        "user_created_at": "2013-08-29"
    },
    {
        "mid": "4527376178616505",
        "has_multimedia": 1,
        "comments_count": 129,
        "reposts_count": 227,
        "attitudes_count": 951,
        "t": "1594738920000",
        "text": "#民民夜话#【宝贝，别怕】@我滴爸爸：就算大雨倾盆，我也护你安稳//@Iraqis-YIBO：把祖国的未来抱着，背着，举着，保护着//@少年少年ing：最温暖的、最有安全感的怀抱。//@乐清公安：你们就是安全感！//@面姐的微笑：他们就是守护神，有他们在，再大的灾难也不怕！",
        "uid": "6508201184/",
        "followers_count": "3",
        "statuses_count": "94",
        "verified": 0,
        "user_created_at": "2018-03-16",
        "has_description": 1,
        "parent": "4526725545383539"
    },
    {
        "mid": "4526605848180007",
        "has_multimedia": 1,
        "comments_count": 24,
        "reposts_count": 22,
        "attitudes_count": 29,
        "t": "1594710396000",
        "text": "【你们就是安全感！】",
        "uid": "5012408811/",
        "followers_count": "32961",
        "statuses_count": "33700",
        "verified": 1,
        "has_description": 1,
        "parent": "4526556615164184",
        "user_created_at": "2014-01-27"
    },
    {
        "mid": "4526873416378355",
        "has_multimedia": 1,
        "comments_count": 0,
        "reposts_count": 0,
        "attitudes_count": 0,
        "t": "1594774189000",
        "text": "2//@兰山环境:【你们就是安全感！】",
        "uid": "6003548859/",
        "followers_count": "3",
        "statuses_count": "1432",
        "verified": 0,
        "user_created_at": "2016-08-17",
        "has_description": 0,
        "parent": "4526605848180007"
    },
    {
        "mid": "4526872653000563",
        "has_multimedia": 1,
        "comments_count": 0,
        "reposts_count": 0,
        "attitudes_count": 0,
        "t": "1594774007000",
        "text": "//@兰山环境:【你们就是安全感！】",
        "uid": "7415329629/",
        "followers_count": "3",
        "statuses_count": "1682",
        "verified": 0,
        "user_created_at": "2020-03-18",
        "has_description": 1,
        "parent": "4526605848180007"
    },
    {
        "mid": "4526872438488743",
        "has_multimedia": 1,
        "comments_count": 0,
        "reposts_count": 0,
        "attitudes_count": 0,
        "t": "1594773957000",
        "text": "//@兰山环境:【你们就是安全感！】",
        "uid": "6253435274/",
        "followers_count": "53",
        "statuses_count": "1345",
        "verified": 0,
        "user_created_at": "2017-05-22",
        "has_description": 0,
        "parent": "4526605848180007"
    },
    {
        "mid": "4527620505740165",
        "has_multimedia": 1,
        "comments_count": 0,
        "reposts_count": 0,
        "attitudes_count": 0,
        "t": "1594952310000",
        "text": "好//@人民网:#民民夜话#【宝贝，别怕】@我滴爸爸：就算大雨倾盆，我也护你安稳//@Iraqis-YIBO：把祖国的未来抱着，背着，举着，保护着//@少年少年ing：最温暖的、最有安全感的怀抱。//@乐清公安：你们就是安全感！//@面姐的微笑：他们就是守护神，有他们在，再大的灾难也不怕！",
        "uid": "6273507562/",
        "followers_count": "9",
        "statuses_count": "953",
        "verified": 0,
        "user_created_at": "2017-06-06",
        "has_description": 1,
        "parent": "4526556615164184"
    }
]