[
    {
        "mid": "4526556498967708",
        "has_multimedia": 1,
        "comments_count": 204,
        "reposts_count": 296,
        "attitudes_count": 6217,
        "t": "1594698631000",
        "text": "【45元单车骑25年，83岁抠门教授捐款近70万元】近日，广州中医药大学关心下一代助学基金收到一笔20万元捐款。这笔捐款来自该校83岁退休教授肖鑫和，熟悉他的人常笑称他为\"抠门教授\"。他的衣服一穿就是几十年，一辆自行车也骑了25年。生活中省吃俭用的他，却已累计捐款19次，总额达677390元。致敬！ ​​​​",
        "uid": "5467852665/",
        "followers_count": "11357817",
        "statuses_count": "23845",
        "verified": 1,
        "has_description": 1,
        "parent": "0",
        "user_created_at": "2015-01-09"
    },
    {
        "mid": "4527383078764724",
        "has_multimedia": 1,
        "comments_count": 0,
        "reposts_count": 0,
        "attitudes_count": 0,
        "t": "1594895702000",
        "text": "转发微博",
        "uid": "6551056279/",
        "followers_count": "10",
        "statuses_count": "515",
        "verified": 0,
        "user_created_at": "2018-05-16",
        "has_description": 0,
        "parent": "4526556498967708"
    },
    {
        "mid": "4527363382052504",
        "has_multimedia": 1,
        "comments_count": 0,
        "reposts_count": 0,
        "attitudes_count": 0,
        "t": "1594891006000",
        "text": "非常令人尊敬！！！",
        "uid": "6331490644/",
        "followers_count": "117",
        "statuses_count": "498",
        "verified": 0,
        "user_created_at": "2017-08-01",
        "has_description": 0,
        "parent": "4526556498967708"
    },
    {
        "mid": "4527301313954992",
        "has_multimedia": 1,
        "comments_count": 0,
        "reposts_count": 0,
        "attitudes_count": 0,
        "t": "1594876208000",
        "text": "躺在医院值班房里看到这个消息，下午手术有了动力",
        "uid": "5475014292/",
        "followers_count": "30",
        "statuses_count": "32",
        "verified": 0,
        "user_created_at": "2015-02-11",
        "has_description": 0,
        "parent": "4526556498967708"
    }
]