[
    {
        "mid": "4526540790829544",
        "has_multimedia": 1,
        "comments_count": 654,
        "reposts_count": 149,
        "attitudes_count": 4488,
        "t": "1594694886000",
        "text": "#下药男子称本意为恶作剧#【#深圳# #女孩吃饭遭男伴暗中下药#  男子疑回应：本意恶作剧 想看女生反应】疑似下药男子知乎账号与网友对话截图曝光，回应此事称，自己本意恶作剧，没有考虑后果。自己一时糊涂想看看女生反应，并表示自己悔恨万分。对网上热议表示：这些还好，其他已咨询律师。7月12日，有网友发微博称，自己在深圳某自助餐厅吃饭时，被同行男子在自己的水杯内“下药”，店员发现后及时将杯子收走并好心提醒她。7月13日下午，福田区公安机关已经受理此事，并介入调查。L凤凰网视频的微博视频 2深圳",
        "uid": "5242835172/",
        "followers_count": "865668",
        "statuses_count": "43347",
        "verified": 1,
        "has_description": 1,
        "parent": "0",
        "user_created_at": "2014-08-06"
    },
    {
        "mid": "4527231534367486",
        "has_multimedia": 1,
        "comments_count": 0,
        "reposts_count": 0,
        "attitudes_count": 0,
        "t": "1594859571000",
        "text": "//@船到桥头自然沉201806:想搞野就搞野啦，诸多辩驳。进去坐啦",
        "uid": "5898346041/",
        "followers_count": "111",
        "statuses_count": "9813",
        "verified": 0,
        "user_created_at": "2016-04-14",
        "has_description": 0,
        "parent": "4526540790829544"
    },
    {
        "mid": "4526728863669705",
        "has_multimedia": 1,
        "comments_count": 0,
        "reposts_count": 0,
        "attitudes_count": 0,
        "t": "1594739726000",
        "text": "呵呵",
        "uid": "1939804910/",
        "followers_count": "277",
        "statuses_count": "58",
        "verified": 0,
        "user_created_at": "2011-05-18",
        "has_description": 1,
        "parent": "4526540790829544"
    }
]