[
    {
        "mid": "4526556553127492",
        "has_multimedia": 1,
        "comments_count": 377,
        "reposts_count": 127,
        "attitudes_count": 1890,
        "t": "1594698644000",
        "text": "日本政府今天在内阁会议上通过的2020年版《防卫白皮书》，涉及中国部分: 中国“继续试图改变”东海和南海的现状；报告还抹黑称，中国应对冠状病毒造成混乱期间的“宣传”和“虚假信息”负责。点名”中国“只考虑建立于己有利的国际秩序，不掩饰以扩大自身影响力为目的加强国家间竞争的野心”，日本有必要引起重视。#神吐槽#",
        "uid": "5393135816/",
        "followers_count": "1207374",
        "statuses_count": "27116",
        "verified": 1,
        "user_created_at": "2015-02-09",
        "has_description": 1,
        "parent": "0"
    },
    {
        "mid": "4526709258790937",
        "has_multimedia": 1,
        "comments_count": 49,
        "reposts_count": 14,
        "attitudes_count": 109,
        "t": "1594735052000",
        "text": "日本这个白皮书的内容极度荒谬，里面还指责中国在新冠病毒疫情中向全世界推广中医，是“宣传虚假信息”的阴谋，造成了外国的“社会不稳和混乱”。",
        "uid": "1142487595/",
        "followers_count": "48990",
        "statuses_count": "2555",
        "verified": 1,
        "user_created_at": "2010-11-07",
        "has_description": 1,
        "parent": "4526556553127492"
    },
    {
        "mid": "4527293786232441",
        "has_multimedia": 1,
        "comments_count": 0,
        "reposts_count": 0,
        "attitudes_count": 0,
        "t": "1594874414000",
        "text": "//@南海的浪涛:日本这个白皮书的内容极度荒谬，里面还指责中国在新冠病毒疫情中向全世界推广中医，是“宣传虚假信息”的阴谋，造成了外国的“社会不稳和混乱”。",
        "uid": "6571290734/",
        "followers_count": "49",
        "statuses_count": "5100",
        "verified": 0,
        "user_created_at": "2018-06-10",
        "has_description": 0,
        "parent": "4526709258790937"
    },
    {
        "mid": "4526841375980209",
        "has_multimedia": 1,
        "comments_count": 49,
        "reposts_count": 14,
        "attitudes_count": 109,
        "t": "1594735020000",
        "text": "日本这个白皮书的内容极度荒谬，里面还指责中国在新冠病毒疫情中向全世界推广中医，是“宣传虚假信息”的阴谋，造成了外国的“社会不稳和混乱”。",
        "uid": "1937964940/",
        "verified": 1,
        "user_created_at": "2011-02-14",
        "has_description": 1,
        "parent": "4526709258790937",
        "followers_count": "819",
        "statuses_count": "27890"
    },
    {
        "mid": "4526772957618104",
        "has_multimedia": 1,
        "comments_count": 49,
        "reposts_count": 14,
        "attitudes_count": 109,
        "t": "1594735020000",
        "text": "日本这个白皮书的内容极度荒谬，里面还指责中国在新冠病毒疫情中向全世界推广中医，是“宣传虚假信息”的阴谋，造成了外国的“社会不稳和混乱”。",
        "uid": "1831388594/",
        "followers_count": "190",
        "statuses_count": "4940",
        "verified": 0,
        "user_created_at": "2010-09-27",
        "has_description": 0,
        "parent": "4526709258790937"
    },
    {
        "mid": "4527350592571288",
        "has_multimedia": 1,
        "comments_count": 0,
        "reposts_count": 0,
        "attitudes_count": 0,
        "t": "1594887957000",
        "text": "安倍也还是怕旧主子啊，新主人对你绝对不会这样，明明去年都弃暗投明重新站队了，今年又秃噜回去了",
        "uid": "1443152285/",
        "followers_count": "2187",
        "statuses_count": "5012",
        "verified": 1,
        "user_created_at": "2011-03-15",
        "has_description": 1,
        "parent": "4526556553127492"
    },
    {
        "mid": "4527300711024065",
        "has_multimedia": 1,
        "comments_count": 0,
        "reposts_count": 0,
        "attitudes_count": 0,
        "t": "1594876064000",
        "text": "//@南海的浪涛: 日本这个白皮书的内容极度荒谬，里面还指责中国在新冠病毒疫情中向全世界推广中医，是“宣传虚假信息”的阴谋，造成了外国的“社会不稳和混乱”。",
        "uid": "1837090244/",
        "followers_count": "2019",
        "statuses_count": "59882",
        "verified": 0,
        "user_created_at": "2010-10-01",
        "has_description": 1,
        "parent": "4526556553127492"
    }
]