[
    {
        "mid": "4526541280864111",
        "has_multimedia": 1,
        "comments_count": 245,
        "reposts_count": 323,
        "attitudes_count": 2135,
        "t": "1594695003000",
        "text": "溃堤有多么可怕，看了这个视频你就明白了 L制造-原理的微博视频 ​​​​",
        "uid": "1974576991/",
        "followers_count": "28200097",
        "statuses_count": "190518",
        "verified": 1,
        "has_description": 1,
        "parent": "0",
        "user_created_at": "2011-02-17"
    },
    {
        "mid": "4526542468552572",
        "has_multimedia": 1,
        "comments_count": 27,
        "reposts_count": 12,
        "attitudes_count": 131,
        "t": "1594695285000",
        "text": "有点哈人……早上给吓清醒了",
        "uid": "5428982095/",
        "followers_count": "561777",
        "statuses_count": "2843",
        "verified": 1,
        "user_created_at": "2015-01-17",
        "has_description": 1,
        "parent": "4526541280864111"
    },
    {
        "mid": "4526675583096217",
        "has_multimedia": 1,
        "comments_count": 0,
        "reposts_count": 0,
        "attitudes_count": 0,
        "t": "1594727023000",
        "text": "//@国电武术馆馆长:有点哈人……早上给吓清醒了",
        "uid": "5459638907/",
        "followers_count": "113",
        "statuses_count": "2482",
        "verified": 0,
        "user_created_at": "2015-01-02",
        "has_description": 1,
        "parent": "4526542468552572"
    },
    {
        "mid": "4526584650646288",
        "has_multimedia": 1,
        "comments_count": 27,
        "reposts_count": 12,
        "attitudes_count": 131,
        "t": "1594695240000",
        "text": "有点哈人……早上给吓清醒了",
        "uid": "6401327358/",
        "followers_count": "53",
        "statuses_count": "228",
        "verified": 1,
        "user_created_at": "2017-11-02",
        "has_description": 1,
        "parent": "4526542468552572"
    },
    {
        "mid": "4526579253154201",
        "has_multimedia": 1,
        "comments_count": 0,
        "reposts_count": 0,
        "attitudes_count": 0,
        "t": "1594704056000",
        "text": "艹//@国电武术馆馆长:有点哈人……早上给吓清醒了",
        "uid": "3739140873/",
        "followers_count": "49",
        "statuses_count": "36",
        "verified": 0,
        "user_created_at": "2013-08-23",
        "has_description": 1,
        "parent": "4526542468552572"
    },
    {
        "mid": "4527103830393891",
        "has_multimedia": 1,
        "comments_count": 0,
        "reposts_count": 0,
        "attitudes_count": 0,
        "t": "1594829124000",
        "text": "转发微博",
        "uid": "5531584292/",
        "followers_count": "79",
        "statuses_count": "1177",
        "verified": 0,
        "user_created_at": "2015-02-22",
        "has_description": 1,
        "parent": "4526541280864111"
    },
    {
        "mid": "4526995289511385",
        "has_multimedia": 1,
        "comments_count": 0,
        "reposts_count": 0,
        "attitudes_count": 0,
        "t": "1594803247000",
        "text": "转发微博",
        "uid": "3237864304/",
        "followers_count": "279594",
        "statuses_count": "37418",
        "verified": 1,
        "has_description": 1,
        "parent": "4526541280864111",
        "user_created_at": "2013-03-25"
    }
]