[
    {
        "mid": "4526557602204190",
        "has_multimedia": 1,
        "comments_count": 96,
        "reposts_count": 11,
        "attitudes_count": 69,
        "t": "1594698894000",
        "text": "#午间天气# 东门已经37℃！！！全市大部分地区33℃以上，午间炎热，你是选择外出觅食还是室内就餐？本菌和烤肉之间，只差一撮辣椒面孜然粉，午饭都省了呢~ ​​​​",
        "uid": "1871802012/",
        "followers_count": "1999932",
        "statuses_count": "57554",
        "verified": 1,
        "has_description": 1,
        "parent": "0",
        "user_created_at": "2010-11-09"
    },
    {
        "mid": "4526648500724287",
        "has_multimedia": 1,
        "comments_count": 0,
        "reposts_count": 0,
        "attitudes_count": 0,
        "t": "1594720565000",
        "text": "转发微博",
        "uid": "3271069490/",
        "followers_count": "572",
        "statuses_count": "13820",
        "verified": 0,
        "user_created_at": "2013-04-17",
        "has_description": 1,
        "parent": "4526557602204190"
    },
    {
        "mid": "4526584453870629",
        "has_multimedia": 1,
        "comments_count": 0,
        "reposts_count": 0,
        "attitudes_count": 0,
        "t": "1594705296000",
        "text": "转发微博",
        "uid": "1772666700/",
        "followers_count": "836",
        "statuses_count": "19580",
        "verified": 0,
        "user_created_at": "2010-07-28",
        "has_description": 1,
        "parent": "4526557602204190"
    },
    {
        "mid": "4526572067338849",
        "has_multimedia": 1,
        "comments_count": 0,
        "reposts_count": 0,
        "attitudes_count": 0,
        "t": "1594702342000",
        "text": "感觉在燃烧//@深圳特区报:转发微博",
        "uid": "1698272931/",
        "followers_count": "113",
        "statuses_count": "2063",
        "verified": 0,
        "user_created_at": "2010-02-22",
        "has_description": 1,
        "parent": "4526557602204190"
    }
]