[
    {
        "mid": "4526541281774532",
        "has_multimedia": 1,
        "comments_count": 1869,
        "reposts_count": 913,
        "attitudes_count": 28395,
        "t": "1594695003000",
        "text": "【#贵州省独山县回应烧掉400亿#：切实推进形象工程问题整改】7月12日晚，微博账户名为@观视频工作室 发布视频，视频画面中主持人实地走访了位于贵州省黔南州独山县的标志性景点，包括号称拥有顶级硬件设施的独山县古风博物院、预估造价3000万的独山钟楼，及造价花费2亿的天下第一水司楼等。视频中主持人质疑，独山县位于贵州黔南州，只有一个街道和8个乡镇，借了400亿的债打造的景观，部分却已成为烂尾景区。视频播出后，引发网友关注。对此，7月13日贵州省黔南州独山县委宣传部工作人员告诉媒体，已经注意到相关舆情，正在核实、收集相关资料。对视频中主持人的说法，工作人员回应称“这个情况是不实的”。7月14日，独山县官方又对纪录片质疑做出最新回应。据独山县政府网站，2019年以来，按照中央、省、州有关要求，独山县新一任领导班子针对此前因盲目举债、乱铺摊子遗留的形象工程、政绩工程、烂尾工程问题，坚持实事求是，按客观规律办事，不断匡正发展理念、净化政治生态、规范决策行为、加强项目管理，切实推进问题整改……O贵州省独山县回应“烧掉400亿”：切实推进形象...",
        "uid": "1988800805/",
        "followers_count": "12336970",
        "statuses_count": "99047",
        "verified": 1,
        "has_description": 1,
        "parent": "0",
        "user_created_at": "2012-01-01"
    },
    {
        "mid": "4526982345885642",
        "has_multimedia": 1,
        "comments_count": 0,
        "reposts_count": 0,
        "attitudes_count": 0,
        "t": "1594800160000",
        "text": "有毒吧400亿打水漂//@盒饭必须加鸡腿://@peter_xiang:按照中央…坚持…不断…加强…切实…推进…坚决…杜绝…举一反三…巩固…相结合",
        "uid": "2111716997/",
        "followers_count": "161",
        "statuses_count": "13599",
        "verified": 0,
        "user_created_at": "2014-08-19",
        "has_description": 1,
        "parent": "4526541281774532"
    },
    {
        "mid": "4526970996889308",
        "has_multimedia": 1,
        "comments_count": 0,
        "reposts_count": 0,
        "attitudes_count": 0,
        "t": "1594797455000",
        "text": "老中央了//@peter_xiang:按照中央…坚持…不断…加强…切实…推进…坚决…杜绝…举一反三…巩固…相结合",
        "uid": "5305691749/",
        "followers_count": "190",
        "statuses_count": "8782",
        "verified": 0,
        "user_created_at": "2014-09-23",
        "has_description": 1,
        "parent": "4526541281774532"
    },
    {
        "mid": "4526968026273471",
        "has_multimedia": 1,
        "comments_count": 0,
        "reposts_count": 0,
        "attitudes_count": 0,
        "t": "1594796747000",
        "text": "希望能越来越好",
        "uid": "6775741491/",
        "followers_count": "353635",
        "statuses_count": "268",
        "verified": 1,
        "user_created_at": "2018-11-19",
        "has_description": 1,
        "parent": "4526541281774532"
    },
    {
        "mid": "4526964432023023",
        "has_multimedia": 1,
        "comments_count": 0,
        "reposts_count": 0,
        "attitudes_count": 0,
        "t": "1594795890000",
        "text": "真相只有一个，官官相护。",
        "uid": "5080725968/",
        "followers_count": "40",
        "statuses_count": "446",
        "verified": 0,
        "user_created_at": "2014-03-22",
        "has_description": 1,
        "parent": "4526541281774532"
    }
]