[
    {
        "mid": "4526558045985013",
        "has_multimedia": 1,
        "comments_count": 481,
        "reposts_count": 535,
        "attitudes_count": 645,
        "t": "1594699000000",
        "text": "#我国平均每天新增122家游戏企业#有报告显示，今年上半年我国新增游戏企业超过2.2万家，平均每天新增122家，消费者在游戏应用上的支出估计达到366亿美元。你为什么游戏氪过金？ ​​​​",
        "uid": "5150774534/",
        "followers_count": "5364175",
        "statuses_count": "5023",
        "verified": 1,
        "user_created_at": "2014-05-23",
        "has_description": 1,
        "parent": "0"
    },
    {
        "mid": "4527120158818824",
        "has_multimedia": 1,
        "comments_count": 0,
        "reposts_count": 0,
        "attitudes_count": 0,
        "t": "1594833017000",
        "text": "有屁用，钱都让腾讯，网易挣了，后面也就喝口汤",
        "uid": "2083932817/",
        "followers_count": "110",
        "statuses_count": "158",
        "verified": 0,
        "user_created_at": "2011-04-27",
        "has_description": 0,
        "parent": "4526558045985013"
    },
    {
        "mid": "4527037421460488",
        "has_multimedia": 1,
        "comments_count": 0,
        "reposts_count": 0,
        "attitudes_count": 0,
        "t": "1594813292000",
        "text": "剑网三 王者荣耀 奇迹暖暖 恋与制作人",
        "uid": "1774561193/",
        "followers_count": "118",
        "statuses_count": "381",
        "verified": 0,
        "user_created_at": "2011-07-07",
        "has_description": 0,
        "parent": "4526558045985013"
    }
]