[
    {
        "mid": "4526558800564691",
        "has_multimedia": 1,
        "comments_count": 364,
        "reposts_count": 38,
        "attitudes_count": 1910,
        "t": "1594699180000",
        "text": "本来想去照觉县，美姑县，布拖县等几个最贫困的县市看看，碍于只要我微博一提到彝族，留言就会偏向负面，所以无论我怎么写微博，地下评论都是一致的负面，而评论最后需要我个人承担，让我到负担压力很大……所以今天我取消去凉山山区县的行程，直接去攀枝花…… 2西昌市 ​​​​",
        "uid": "5274336717/",
        "followers_count": "605777",
        "statuses_count": "7210",
        "verified": 1,
        "user_created_at": "2014-09-01",
        "has_description": 0,
        "parent": "0"
    },
    {
        "mid": "4527107918533572",
        "has_multimedia": 1,
        "comments_count": 0,
        "reposts_count": 0,
        "attitudes_count": 0,
        "t": "1594830100000",
        "text": "//@语帝：回复@鸡本宫:国内的穆穆虽然心系麦加，起码没不承认自己是中国人，去百度黑彝吧、彝zu吧看看，按照那些帖子的意思，人家压根就不认为自己是中国人，还会觉得汉族是入侵者，还妄想恢复奴隶制，抓汉人当娃子",
        "uid": "3478530927/",
        "followers_count": "140",
        "statuses_count": "3260",
        "verified": 0,
        "user_created_at": "2014-03-04",
        "has_description": 0,
        "parent": "4526558800564691"
    },
    {
        "mid": "4526741907607449",
        "has_multimedia": 1,
        "comments_count": 0,
        "reposts_count": 1,
        "attitudes_count": 0,
        "t": "1594742836000",
        "text": "//@语帝：回复@鸡本宫:国内的穆穆虽然心系麦加，起码没不承认自己是中国人，去百度黑彝吧、彝zu吧看看，按照那些帖子的意思，人家压根就不认为自己是中国人，还会觉得汉族是入侵者，还妄想恢复奴隶制，抓汉人当娃子",
        "uid": "7000816948/",
        "followers_count": "24",
        "statuses_count": "2515",
        "verified": 0,
        "user_created_at": "2019-02-18",
        "has_description": 0,
        "parent": "4526558800564691"
    },
    {
        "mid": "4526713957471001",
        "has_multimedia": 1,
        "comments_count": 0,
        "reposts_count": 0,
        "attitudes_count": 0,
        "t": "1594736172000",
        "text": "//@没头脑有些不高兴:推荐一本书《我的凉山兄弟》。一个哈佛的社会学博士经过十年的田野调查写成的，对凉山地区历史、现状、及问题研究很详实，书很好看！",
        "uid": "1743861172/",
        "followers_count": "306",
        "statuses_count": "1220",
        "verified": 0,
        "user_created_at": "2010-05-19",
        "has_description": 1,
        "parent": "4526558800564691"
    }
]