[
    {
        "mid": "4526558646392515",
        "has_multimedia": 1,
        "comments_count": 201,
        "reposts_count": 38,
        "attitudes_count": 834,
        "t": "1594699143000",
        "text": "【#男子半夜致电客服要钱去炒股#】近日，一男子半夜致电支付宝客服，表示急需用钱，要求提前取出定期理财产品。该男子说“我不要利息，可以扣违约金”，原因是要去炒股。支付宝数据显示，追涨杀跌、频繁操作是普通用户理财的两大误区，1年频繁操作5次以上的基民，1年下来平均仅赚了5%，而买基金后1年半不动的用户，平均能赚50%。你认同该男子做法吗？L都市时报的秒拍视频",
        "uid": "2334162530/",
        "followers_count": "6444006",
        "statuses_count": "54162",
        "verified": 1,
        "has_description": 1,
        "parent": "0",
        "user_created_at": "2011-08-23"
    },
    {
        "mid": "4527364623835879",
        "has_multimedia": 1,
        "comments_count": 0,
        "reposts_count": 0,
        "attitudes_count": 0,
        "t": "1594891303000",
        "text": "转发微博",
        "uid": "6619289680/",
        "followers_count": "10814",
        "statuses_count": "13996",
        "verified": 1,
        "has_description": 1,
        "parent": "4526558646392515",
        "user_created_at": "2018-08-01"
    },
    {
        "mid": "4526615046207803",
        "has_multimedia": 1,
        "comments_count": 0,
        "reposts_count": 0,
        "attitudes_count": 0,
        "t": "1594712589000",
        "text": "该跑路了",
        "uid": "3616591961/",
        "followers_count": "140",
        "statuses_count": "1462",
        "verified": 0,
        "user_created_at": "2013-08-05",
        "has_description": 1,
        "parent": "4526558646392515"
    }
]