[
    {
        "mid": "4526542934171731",
        "has_multimedia": 1,
        "comments_count": 149,
        "reposts_count": 26,
        "attitudes_count": 915,
        "t": "1594695397000",
        "text": "陈平教授：美国过海关得一个小时，中国两分钟就完事。我分享了 L绿草如茵70626的微博视频 ​​​​",
        "uid": "1747150823/",
        "followers_count": "1229008",
        "statuses_count": "18749",
        "verified": 1,
        "user_created_at": "2010-05-26",
        "has_description": 1,
        "parent": "0"
    },
    {
        "mid": "4527273548189308",
        "has_multimedia": 1,
        "comments_count": 0,
        "reposts_count": 0,
        "attitudes_count": 0,
        "t": "1594869588000",
        "text": "转发微博",
        "uid": "7459328391/",
        "followers_count": "1",
        "statuses_count": "162",
        "verified": 0,
        "user_created_at": "2020-05-24",
        "has_description": 0,
        "parent": "4526542934171731"
    },
    {
        "mid": "4527263960009466",
        "has_multimedia": 1,
        "comments_count": 0,
        "reposts_count": 0,
        "attitudes_count": 0,
        "t": "1594867302000",
        "text": "既然这样，为什么80年代还跑美国去留学？",
        "uid": "3269558204/",
        "followers_count": "372",
        "statuses_count": "3303",
        "verified": 1,
        "has_description": 1,
        "parent": "4526542934171731",
        "user_created_at": "2013-04-16"
    },
    {
        "mid": "4527016029821727",
        "has_multimedia": 1,
        "comments_count": 0,
        "reposts_count": 0,
        "attitudes_count": 0,
        "t": "1594808192000",
        "text": "//@老戴by:转发",
        "uid": "1769249027/",
        "followers_count": "430",
        "statuses_count": "2058",
        "verified": 0,
        "user_created_at": "2010-07-06",
        "has_description": 0,
        "parent": "4526542934171731"
    }
]