[
    {
        "mid": "4526543287087721",
        "has_multimedia": 1,
        "comments_count": 581,
        "reposts_count": 132,
        "attitudes_count": 7033,
        "t": "1594695481000",
        "text": "独山的回应（原来那个水司楼是准备做酒店啊，得多少客流量才能撑起来这么大一酒店。。。） ​​​​",
        "uid": "2382356540/",
        "followers_count": "4636135",
        "statuses_count": "14375",
        "verified": 1,
        "user_created_at": "2011-09-08",
        "has_description": 1,
        "parent": "0"
    },
    {
        "mid": "4526880030478392",
        "has_multimedia": 1,
        "comments_count": 0,
        "reposts_count": 0,
        "attitudes_count": 0,
        "t": "1594775767000",
        "text": "//@peter_xiang:按照中央…坚持…不断…加强…切实…推进…坚决…杜绝…举一反三…巩固…相结合",
        "uid": "1900691487/",
        "followers_count": "757",
        "statuses_count": "26576",
        "verified": 0,
        "user_created_at": "2010-12-23",
        "has_description": 1,
        "parent": "4526543287087721"
    },
    {
        "mid": "4526814749372128",
        "has_multimedia": 1,
        "comments_count": 0,
        "reposts_count": 0,
        "attitudes_count": 0,
        "t": "1594760203000",
        "text": "转发微博",
        "uid": "6662786819/",
        "followers_count": "21",
        "statuses_count": "410",
        "verified": 0,
        "user_created_at": "2018-08-26",
        "has_description": 0,
        "parent": "4526543287087721"
    },
    {
        "mid": "4526740620317175",
        "has_multimedia": 1,
        "comments_count": 0,
        "reposts_count": 0,
        "attitudes_count": 0,
        "t": "1594742528000",
        "text": "学习学习//@peter_xiang:按照中央…坚持…不断…加强…切实…推进…坚决…杜绝…举一反三…巩固…相结合",
        "uid": "6403672504/",
        "followers_count": "66",
        "statuses_count": "473",
        "verified": 0,
        "user_created_at": "2017-11-04",
        "has_description": 1,
        "parent": "4526543287087721"
    }
]