[
    {
        "mid": "4526543546711233",
        "has_multimedia": 1,
        "comments_count": 946,
        "reposts_count": 266,
        "attitudes_count": 5778,
        "t": "1594695543000",
        "text": "【#女子收养207只流浪狗遭家人反对#：外人来家里像进动物园】兰州的刘女士收养了207只流浪狗，但家人并不同意她的做法，85岁父亲说外人来家里会觉得像进了动物园。目前，由于体力和经济能力有限，刘女士无力照看这些狗狗，她希望有爱心人士能领养，为狗狗找一个去处。L一手video的秒拍视频 ​​​​",
        "uid": "1618051664/",
        "followers_count": "80601237",
        "statuses_count": "186906",
        "verified": 1,
        "has_description": 1,
        "parent": "0",
        "user_created_at": "2009-08-28"
    },
    {
        "mid": "4526996115526337",
        "has_multimedia": 1,
        "comments_count": 0,
        "reposts_count": 0,
        "attitudes_count": 0,
        "t": "1594803444000",
        "text": "非常敬佩那些倾尽所有救助动物的人。这种付出很伟大，很辛苦。虽然不能面面俱到但真的不是个人能力所能及的。希望国家，社会和各界能多给予理解、帮助。🙏🙏 领养代替购买，绝育代替捕杀",
        "uid": "6067397716/",
        "followers_count": "107",
        "statuses_count": "220",
        "verified": 0,
        "user_created_at": "2016-11-11",
        "has_description": 1,
        "parent": "4526543546711233"
    },
    {
        "mid": "4526832756062489",
        "has_multimedia": 1,
        "comments_count": 0,
        "reposts_count": 0,
        "attitudes_count": 0,
        "t": "1594764496000",
        "text": "心地善良的人找领养吧🙏🙏收养领养代替购买🙏🙏",
        "uid": "1102682370/",
        "followers_count": "438",
        "statuses_count": "12464",
        "verified": 0,
        "user_created_at": "2014-03-01",
        "has_description": 0,
        "parent": "4526543546711233"
    },
    {
        "mid": "4526770386725655",
        "has_multimedia": 1,
        "comments_count": 0,
        "reposts_count": 0,
        "attitudes_count": 0,
        "t": "1594749626000",
        "text": "轉發微博",
        "uid": "5339588192/",
        "followers_count": "597",
        "statuses_count": "21884",
        "verified": 0,
        "user_created_at": "2014-10-22",
        "has_description": 1,
        "parent": "4526543546711233"
    },
    {
        "mid": "4526748978963528",
        "has_multimedia": 1,
        "comments_count": 0,
        "reposts_count": 0,
        "attitudes_count": 1,
        "t": "1594744522000",
        "text": "🙏🙏🙏//@我和世界有个争吵: 请大家帮帮她，一个转发也好请当地志愿者协助帮她找一下领养",
        "uid": "5829904881/",
        "followers_count": "667",
        "statuses_count": "6105",
        "verified": 0,
        "user_created_at": "2016-01-14",
        "has_description": 1,
        "parent": "4526543546711233"
    },
    {
        "mid": "4526744982375025",
        "has_multimedia": 1,
        "comments_count": 0,
        "reposts_count": 0,
        "attitudes_count": 0,
        "t": "1594743569000",
        "text": "转发微博",
        "uid": "5158287322/",
        "followers_count": "233",
        "statuses_count": "818",
        "verified": 0,
        "user_created_at": "2014-05-30",
        "has_description": 1,
        "parent": "4526543546711233"
    },
    {
        "mid": "4526743421430697",
        "has_multimedia": 1,
        "comments_count": 3,
        "reposts_count": 13,
        "attitudes_count": 7,
        "t": "1594702560000",
        "text": "附近能领养的去领养一只吧。",
        "uid": "1222250944/",
        "followers_count": "626",
        "statuses_count": "753",
        "verified": 1,
        "user_created_at": "2010-09-08",
        "has_description": 1,
        "parent": "4526543546711233"
    },
    {
        "mid": "4526720059035178",
        "has_multimedia": 1,
        "comments_count": 0,
        "reposts_count": 0,
        "attitudes_count": 1,
        "t": "1594737626000",
        "text": "希望 @回忆专用小马甲 帮忙转一下，各位那边附近的能领养就最好了",
        "uid": "1716361220/",
        "followers_count": "45",
        "statuses_count": "18188",
        "verified": 0,
        "user_created_at": "2010-03-22",
        "has_description": 1,
        "parent": "4526543546711233"
    },
    {
        "mid": "4526716276761715",
        "has_multimedia": 1,
        "comments_count": 0,
        "reposts_count": 0,
        "attitudes_count": 0,
        "t": "1594736724000",
        "text": "阿弥陀佛",
        "uid": "2896212961/",
        "followers_count": "69",
        "statuses_count": "18550",
        "verified": 0,
        "user_created_at": "2012-07-22",
        "has_description": 0,
        "parent": "4526543546711233"
    }
]