[
    {
        "mid": "4526543878206208",
        "has_multimedia": 1,
        "comments_count": 113,
        "reposts_count": 71,
        "attitudes_count": 308,
        "t": "1594695622000",
        "text": "【台湾蓝绿“立委”再次上演“全武行”，玻璃碎一地，还有人流血 】台湾“监察院长”被提名人陈菊14日上午到“立法院”作报告，国民党团凌晨出击，兵分两路守住陈菊可能进入的侧门，并在“议场”前后门守侯，要阻止陈菊进议场完成报告。国民党团“立委”一早从前后门进“议场”要先抢占领主席台，“蓝委”与“绿委”、警卫在后门发生严重推挤。推挤中大门玻璃破裂，国民党“立委”费鸿泰也受伤流血，其右手被划出一道伤口，血流不止。“蓝委”高喊有人已经受伤，要求叫救护车。而“议场”内，主席台已经被“蓝委”占领，质询台、备询台也被推翻。7点15分左右，陈菊避开“蓝委”驻守的路口，在多重警力戒护下改从镇江街口进入院区。@环视频  L环视频的微博视频",
        "uid": "1686546714/",
        "followers_count": "20706374",
        "statuses_count": "98408",
        "verified": 1,
        "has_description": 1,
        "parent": "0",
        "user_created_at": "2010-01-26"
    },
    {
        "mid": "4526926166860455",
        "has_multimedia": 1,
        "comments_count": 0,
        "reposts_count": 0,
        "attitudes_count": 0,
        "t": "1594786767000",
        "text": "国民党内斗内行，外斗外行，民进党现在摆明了一党独大，根本不在乎在野党的反抗，就是要把陈菊送上监察院长的位置。正如政委说的，国民党从去年踢掉郭台铭，推韩国瑜出来选举，就已经输了，岛内生态已经完全绿化，身份政治盛行，国民党输掉了年轻人的青睐，目前看来完全没有翻盘的可能。",
        "uid": "3631134225/",
        "followers_count": "287",
        "statuses_count": "1986",
        "verified": 1,
        "user_created_at": "2013-08-06",
        "has_description": 0,
        "parent": "4526543878206208"
    },
    {
        "mid": "4526853228825453",
        "has_multimedia": 1,
        "comments_count": 0,
        "reposts_count": 0,
        "attitudes_count": 0,
        "t": "1594769377000",
        "text": "绿营用陈菊就把社会的焦点从最应该注意的“约聘人员任满三年，可担任有职称职等的职务”的聘约人员人事条例挪开了。陈菊明确表示她是最后一任“监察院长”，这是台湾当局“宪改”的重要内容，“宪改”的潘多拉盒子一打开，文章就多了，蓝营的对策总是那么愚蠢，完全指望不上，大陆要做好所有选项的准备",
        "uid": "1406492162/",
        "followers_count": "1750",
        "statuses_count": "13026",
        "verified": 0,
        "user_created_at": "2011-02-12",
        "has_description": 1,
        "parent": "4526543878206208"
    },
    {
        "mid": "4526729010108096",
        "has_multimedia": 1,
        "comments_count": 15,
        "reposts_count": 9,
        "attitudes_count": 46,
        "t": "1594695840000",
        "text": "又双叒叕来了（我为什么又说又。。？",
        "uid": "1907266911/",
        "followers_count": "688",
        "statuses_count": "5235",
        "verified": 0,
        "user_created_at": "2010-12-30",
        "has_description": 0,
        "parent": "4526543878206208"
    }
]