[
    {
        "mid": "4526543801505876",
        "has_multimedia": 1,
        "comments_count": 364,
        "reposts_count": 110,
        "attitudes_count": 3163,
        "t": "1594695604000",
        "text": "【#男子拿硫酸泼10个月大外甥获死刑#】2006年，邓某和妻子感情不和，妻子带孩子回娘家，邓某多次托妹夫去劝，但结果都是不欢而散。“我前后给了她家3万多块钱，她们还这样对我！”邓某认为是妹夫从中作梗，否则妻子不会如此决绝。为报复妹夫，邓某拿硫酸泼妹夫10个月大的儿子，他的外甥，孩子死亡，邓某出逃。2019年，邓某被抓。今年5月，法院二审判处邓某死刑。（正义网）O男子为泄愤拿硫酸泼10个月大的外甥被判死刑",
        "uid": "2286908003/",
        "followers_count": "76191283",
        "statuses_count": "178503",
        "verified": 1,
        "has_description": 1,
        "parent": "0",
        "user_created_at": "2011-08-05"
    },
    {
        "mid": "4527010565687624",
        "has_multimedia": 1,
        "comments_count": 0,
        "reposts_count": 0,
        "attitudes_count": 0,
        "t": "1594806888000",
        "text": "怎么能下得去手",
        "uid": "5436792112/",
        "followers_count": "61",
        "statuses_count": "5567",
        "verified": 0,
        "user_created_at": "2015-01-24",
        "has_description": 1,
        "parent": "4526543801505876"
    },
    {
        "mid": "4526926124921780",
        "has_multimedia": 1,
        "comments_count": 0,
        "reposts_count": 0,
        "attitudes_count": 0,
        "t": "1594786757000",
        "text": "#男子拿硫酸泼10个月大外甥获死刑#",
        "uid": "5102711092/",
        "followers_count": "304427",
        "statuses_count": "959",
        "verified": 1,
        "has_description": 1,
        "parent": "4526543801505876",
        "user_created_at": "2014-04-10"
    },
    {
        "mid": "4526886010791491",
        "has_multimedia": 1,
        "comments_count": 0,
        "reposts_count": 0,
        "attitudes_count": 0,
        "t": "1594777193000",
        "text": "【#男子拿硫酸泼10个月大外甥获死刑#】",
        "uid": "1093952161/",
        "followers_count": "1311",
        "statuses_count": "32391",
        "verified": 1,
        "has_description": 1,
        "parent": "4526543801505876",
        "user_created_at": "2011-08-29"
    }
]