[
    {
        "mid": "4526559778656539",
        "has_multimedia": 1,
        "comments_count": 652,
        "reposts_count": 74,
        "attitudes_count": 1512,
        "t": "1594699413000",
        "text": "#深圳爆料# 论坛网友island226发帖：建议深圳公交新增粤语报站，撤销非报站相关播报作为一个广东城市，粤语是本市常用语言之一，为了方便本地、广东其他地区及港澳市民，建议深圳公交新增粤语播报，与深圳地铁看齐，方便乘客出行。另外，我注意到深圳公交经常加插一些与报站无关的播报，如果可以的话，请尽量减少跟报站不相关的播报，让乘客安静一下，各种宣传实在是太吵了，可以贴告示代替的。还有就是最近发现新增了一个：距离下一站还有x分钟，这个永远都不准的，建议不要报出来误导乘客了，经常听到播报说还有3分钟，结果30秒就到了，而且也是很滋扰！",
        "uid": "2934114502/",
        "followers_count": "1139809",
        "statuses_count": "25909",
        "verified": 1,
        "user_created_at": "2012-08-29",
        "has_description": 1,
        "parent": "0"
    },
    {
        "mid": "4527506160091519",
        "has_multimedia": 1,
        "comments_count": 0,
        "reposts_count": 0,
        "attitudes_count": 0,
        "t": "1594925048000",
        "text": "放出这种微博是挑事的吧……",
        "uid": "2760749251/",
        "followers_count": "86",
        "statuses_count": "611",
        "verified": 0,
        "user_created_at": "2012-05-11",
        "has_description": 1,
        "parent": "4526559778656539"
    },
    {
        "mid": "4527313302066085",
        "has_multimedia": 1,
        "comments_count": 0,
        "reposts_count": 0,
        "attitudes_count": 0,
        "t": "1594879067000",
        "text": "回复@风e信子:改革开放起粤语曾是深圳的通用语、曾经200多万户籍人口一半以上人会听说或听粤语、地铁报站有粤语、深圳电视台00年代初开办粤语频道，粤语在深圳改革开放以来的历史地位和影响不可小觑。国语是通用语言方便大家且推普效果较好，粤语在生活中传承和使用也不与之矛盾，适当重视地方文化保护传承是好事。",
        "uid": "1305162417/",
        "followers_count": "272",
        "statuses_count": "670",
        "verified": 0,
        "user_created_at": "2010-06-13",
        "has_description": 0,
        "parent": "4526559778656539"
    }
]