[
    {
        "mid": "4526544079278142",
        "has_multimedia": 1,
        "comments_count": 182,
        "reposts_count": 78,
        "attitudes_count": 2181,
        "t": "1594695670000",
        "text": "【泰国一女子中千万彩票后，用滑翔伞从空中撒给数千民众】#泰国女子中千万彩票撒钱给乡亲# 7月12日，泰国乌隆他尼府一女子中彩票喜提9000万泰铢（约2000万人民币）后，用滑翔伞从空中撒钱给3000位邻里乡亲，民众在底下欢呼争抢。最终该女子共散财约30万泰铢（约6.7万元人民币）。L世面的秒拍视频 ​​​​",
        "uid": "1323527941/",
        "followers_count": "21268111",
        "statuses_count": "83926",
        "verified": 1,
        "has_description": 1,
        "parent": "0",
        "user_created_at": "2009-10-15"
    },
    {
        "mid": "4526852548726881",
        "has_multimedia": 1,
        "comments_count": 0,
        "reposts_count": 0,
        "attitudes_count": 0,
        "t": "1594769214000",
        "text": "羡慕🙏",
        "uid": "2691870203/",
        "followers_count": "250",
        "statuses_count": "3142",
        "verified": 0,
        "user_created_at": "2012-04-02",
        "has_description": 1,
        "parent": "4526544079278142"
    },
    {
        "mid": "4526628963958849",
        "has_multimedia": 1,
        "comments_count": 0,
        "reposts_count": 0,
        "attitudes_count": 0,
        "t": "1594715907000",
        "text": "等我……我也……嘤嘤嘤",
        "uid": "3211366361/",
        "followers_count": "521",
        "statuses_count": "11995",
        "verified": 0,
        "user_created_at": "2013-01-01",
        "has_description": 1,
        "parent": "4526544079278142"
    }
]