[
    {
        "mid": "4526560981850023",
        "has_multimedia": 1,
        "comments_count": 197,
        "reposts_count": 134,
        "attitudes_count": 1468,
        "t": "1594699700000",
        "text": "#民民直播#【#张文宏做客人民好医生# 解答疫情防控常态化的注意事项】7月14日12:00-13:00，“人民好医生”客户端特邀上海市新冠肺炎临床救治专家组组长，公共卫生专家组共同组长张文宏做客直播间，围绕新冠肺炎疫情防护、疫苗研究进展等热点问题进行解答，敬请关注！ L人民网的微博视频 . ​​​​",
        "uid": "2286908003/",
        "followers_count": "76193727",
        "statuses_count": "178542",
        "verified": 1,
        "has_description": 1,
        "parent": "0",
        "user_created_at": "2011-08-05"
    },
    {
        "mid": "4527050771662432",
        "has_multimedia": 1,
        "comments_count": 0,
        "reposts_count": 0,
        "attitudes_count": 0,
        "t": "1594816474000",
        "text": "宏粉兵团超话 //@枫太太:宏粉兵团超话     人民好医生",
        "uid": "6376097515/",
        "followers_count": "20",
        "statuses_count": "211",
        "verified": 0,
        "user_created_at": "2017-12-05",
        "has_description": 0,
        "parent": "4526560981850023"
    },
    {
        "mid": "4526926154272431",
        "has_multimedia": 1,
        "comments_count": 0,
        "reposts_count": 0,
        "attitudes_count": 0,
        "t": "1594786763000",
        "text": "//@华山感染: 转发微博",
        "uid": "2260070117/",
        "followers_count": "1147",
        "statuses_count": "18055",
        "verified": 1,
        "user_created_at": "2011-07-21",
        "has_description": 1,
        "parent": "4526560981850023"
    },
    {
        "mid": "4526915555589399",
        "has_multimedia": 1,
        "comments_count": 0,
        "reposts_count": 0,
        "attitudes_count": 0,
        "t": "1594784236000",
        "text": "转发微博",
        "uid": "6314164687/",
        "followers_count": "2",
        "statuses_count": "197",
        "verified": 0,
        "user_created_at": "2017-07-11",
        "has_description": 1,
        "parent": "4526560981850023"
    }
]