[
    {
        "mid": "4526545710331903",
        "has_multimedia": 1,
        "comments_count": 118,
        "reposts_count": 75,
        "attitudes_count": 621,
        "t": "1594696058000",
        "text": "记得去年在北京跟某视新闻的几个老师小聚，其中一位三十来岁，聪明能干又肯吃苦，一个人拎着暗访机跑到某市待了十几天，调查出当地几家民营医院用公交车一车一车的拉着老人假住院骗保的事实，在焦点访谈中播出。虽然我比他大几岁，真是挺佩服他的闯劲儿。年初又跟他联系，他说已经淡出记者工作，我问为啥，他说去年用了一整年时间调查采写了三个报道，就发出去一个，不想做了。他现在在给广告公司做些宣传片，策划拍摄编辑，养家糊口。",
        "uid": "1907166177/",
        "followers_count": "4800076",
        "statuses_count": "19947",
        "verified": 1,
        "user_created_at": "2013-08-14",
        "has_description": 1,
        "parent": "0"
    },
    {
        "mid": "4526548772263444",
        "has_multimedia": 1,
        "comments_count": 7,
        "reposts_count": 16,
        "attitudes_count": 43,
        "t": "1594696789000",
        "text": "国内现在不需要调查记者了，也没有他们生存的空间。最好混的记者就是报道国际新闻的：胡编乱造也没事儿，也不用吃苦受累去采访，也不会犯错误，大家还爱看。真是一个好职业。",
        "uid": "1688192603/",
        "followers_count": "79529",
        "statuses_count": "4442",
        "verified": 1,
        "user_created_at": "2010-01-31",
        "has_description": 1,
        "parent": "4526545710331903"
    },
    {
        "mid": "4526697527515470",
        "has_multimedia": 0,
        "comments_count": 0,
        "reposts_count": 0,
        "attitudes_count": 0,
        "t": "1594732254000",
        "text": "看看人家胡叼盘那混的//@托马斯大官人：国内现在不需要调查记者了，也没有他们生存的空间。最好混的记者就是报道国际新闻的：胡编乱造也没事儿，也不用吃苦受累去采访，也不会犯错误，大家还爱看。真是一个好职业。",
        "uid": "5186924983/",
        "followers_count": "5",
        "statuses_count": "330",
        "verified": 0,
        "user_created_at": "2014-06-20",
        "has_description": 1,
        "parent": "4526548772263444"
    },
    {
        "mid": "4526671553086554",
        "has_multimedia": 0,
        "comments_count": 0,
        "reposts_count": 0,
        "attitudes_count": 0,
        "t": "1594726062000",
        "text": "中国的调查记者被“关”了。/@托马斯大官人:国内现在不需要调查记者了，也没有他们生存的空间。最好混的记者就是报道国际新闻的：胡编乱造也没事儿，也不用吃苦受累去采访，也不会犯错误，大家还爱看。真是一个好职业。",
        "uid": "7474484488/",
        "followers_count": "151",
        "statuses_count": "489",
        "verified": 0,
        "user_created_at": "2020-06-25",
        "has_description": 1,
        "parent": "4526548772263444"
    },
    {
        "mid": "4526594826611510",
        "has_multimedia": 1,
        "comments_count": 0,
        "reposts_count": 0,
        "attitudes_count": 0,
        "t": "1594707768000",
        "text": "//@托马斯大官人:国内现在不需要调查记者了，也没有他们生存的空间。最好混的记者就是报道国际新闻的：胡编乱造也没事儿，也不用吃苦受累去采访，也不会犯错误，大家还爱看。真是一个好职业。",
        "uid": "6995420622/",
        "followers_count": "106",
        "statuses_count": "2884",
        "verified": 0,
        "user_created_at": "2019-02-14",
        "has_description": 1,
        "parent": "4526548772263444"
    },
    {
        "mid": "4526592057251358",
        "has_multimedia": 0,
        "comments_count": 0,
        "reposts_count": 0,
        "attitudes_count": 0,
        "t": "1594707109000",
        "text": "//@缥缈空间2020:/@角楼吹风: //@托马斯大官人:国内现在不需要调查记者了，也没有他们生存的空间。最好混的记者就是报道国际新闻的：胡编乱造也没事儿，也不用吃苦受累去采访，也不会犯错误，大家还爱看。真是一个好职业。",
        "uid": "1714449040/",
        "followers_count": "9164",
        "statuses_count": "680",
        "verified": 1,
        "user_created_at": "2010-03-19",
        "has_description": 1,
        "parent": "4526548772263444"
    },
    {
        "mid": "4526905132629694",
        "has_multimedia": 0,
        "comments_count": 0,
        "reposts_count": 0,
        "attitudes_count": 0,
        "t": "1594781751000",
        "text": "因为不是正能量//@布列侬:为什么不让发呢？",
        "uid": "5265314523/",
        "followers_count": "159",
        "statuses_count": "549",
        "verified": 0,
        "user_created_at": "2014-08-29",
        "has_description": 0,
        "parent": "4526545710331903"
    },
    {
        "mid": "4526826137316879",
        "has_multimedia": 0,
        "comments_count": 0,
        "reposts_count": 0,
        "attitudes_count": 0,
        "t": "1594762918000",
        "text": "转发微博",
        "uid": "2516211650/",
        "followers_count": "1755",
        "statuses_count": "21214",
        "verified": 1,
        "user_created_at": "2011-11-05",
        "has_description": 1,
        "parent": "4526545710331903"
    }
]