[
    {
        "mid": "4526561682469665",
        "has_multimedia": 1,
        "comments_count": 179,
        "reposts_count": 103,
        "attitudes_count": 996,
        "t": "1594699867000",
        "text": "在过去7天，美国有5天新冠单日确诊超过6万人。而佛罗里达州就贡献了1/4的患者。如果把佛罗里达视为一个国家的话，佛州单日确诊人数是继美国，巴西和印度之后，位居全球第四，超越了任何欧洲国家。即使与在两个多月前新冠疫情最严重的纽约州相比，佛州单日确诊人数也超越了纽约的记录（最高纪录是4月10日，12847）。  这几天特朗普与耿直boy福奇的故事大家可能都听说了，虽然今天特朗普和白宫极力否认排挤福奇，但是福奇两个多月没有向特朗普通报疫情，也没有在白宫与特朗普会晤是事实。特朗普也公开批评他之前犯了很多错误，白宫副幕僚长，贸易顾问等人集体围攻福奇。如果换成任何其他高级官员，这都是乌纱帽不保的先兆。但是福奇，特朗普不敢动，也不能动。福奇周围的朋友说，最近他也很郁闷，但是身经百战的老先生不会主动辞职的 ！今天公号更新（搜#冰汝看美国#）《美国每天新冠确诊6万，佛州“跻身”全球第四，这个锅竟然要他背？》",
        "uid": "2174585797/",
        "followers_count": "1912498",
        "statuses_count": "4401",
        "verified": 1,
        "user_created_at": "2011-06-12",
        "has_description": 1,
        "parent": "0"
    },
    {
        "mid": "4527605989246629",
        "has_multimedia": 1,
        "comments_count": 5,
        "reposts_count": 6,
        "attitudes_count": 24,
        "t": "1594924380000",
        "text": "可参考，美国疫情防控状况现在确实是全世界都不得不面对的问题",
        "uid": "7215259116/",
        "followers_count": "12",
        "statuses_count": "244",
        "verified": 0,
        "user_created_at": "2019-07-03",
        "has_description": 0,
        "parent": "4526561682469665"
    },
    {
        "mid": "4527591455725389",
        "has_multimedia": 1,
        "comments_count": 0,
        "reposts_count": 2,
        "attitudes_count": 0,
        "t": "1594943700000",
        "text": "转发微博",
        "uid": "7195268403/",
        "followers_count": "342",
        "statuses_count": "30020",
        "verified": 0,
        "user_created_at": "2019-06-15",
        "has_description": 1,
        "parent": "4526561682469665"
    },
    {
        "mid": "4527586619427476",
        "has_multimedia": 1,
        "comments_count": 0,
        "reposts_count": 0,
        "attitudes_count": 0,
        "t": "1594944231000",
        "text": "我每天看得都麻木了//@阿里海牙科维奇:转发微博",
        "uid": "1932897893/",
        "followers_count": "85361",
        "statuses_count": "62630",
        "verified": 1,
        "user_created_at": "2011-01-24",
        "has_description": 1,
        "parent": "4526561682469665"
    }
]