[
    {
        "mid": "4526545710536914",
        "has_multimedia": 1,
        "comments_count": 9095,
        "reposts_count": 5104,
        "attitudes_count": 419468,
        "t": "1594696059000",
        "text": "【#研究癌症获奖小学生实验记录#显示：不太了解基因】#小学生研究癌症获奖事件进展梳理#：①有网友质疑，该项研究的水平已达硕士甚至博士水准；②网站上展示的部分实验记录中，这名小学生写道：“老师们给了我一个基因…我上网搜了一下什么叫基因”；“不太了解基因”…③中科院昆明动物研究所回应称，此获奖项目学生系该所研究员之子，研究所目前已成立调查组。 °小学生研究癌症获全国大奖？官方最新回应",
        "uid": "2656274875/",
        "followers_count": "111872399",
        "statuses_count": "130295",
        "verified": 1,
        "has_description": 1,
        "parent": "0",
        "user_created_at": "2012-03-07"
    },
    {
        "mid": "4526571387456542",
        "has_multimedia": 1,
        "comments_count": 104,
        "reposts_count": 63,
        "attitudes_count": 659,
        "t": "1594702180000",
        "text": "一个普通的医学生，上完内科外科、生理生化……对这个研究的内容可能都还只是一知半解，如果这位小学生真的能理解研究内容甚至研究机制了，那真的是很难得的天才了",
        "uid": "2212518065/",
        "followers_count": "5198431",
        "statuses_count": "16849",
        "verified": 1,
        "has_description": 1,
        "parent": "4526545710536914",
        "user_created_at": "2020-01-01"
    },
    {
        "mid": "4526638744937427",
        "has_multimedia": 1,
        "comments_count": 0,
        "reposts_count": 0,
        "attitudes_count": 0,
        "t": "1594718239000",
        "text": "可能带着上一世的记忆吧//@丁香医生:一个普通的医学生，上完内科外科、生理生化……对这个研究的内容可能都还只是一知半解，如果这位小学生真的能理解研究内容甚至研究机制了，那真的是很难得的天才了",
        "uid": "3342111542/",
        "followers_count": "234",
        "statuses_count": "14602",
        "verified": 0,
        "user_created_at": "2013-04-19",
        "has_description": 1,
        "parent": "4526571387456542"
    },
    {
        "mid": "4526637107991814",
        "has_multimedia": 1,
        "comments_count": 0,
        "reposts_count": 0,
        "attitudes_count": 0,
        "t": "1594717850000",
        "text": "//@丁香医生: 一个普通的医学生，上完内科外科、生理生化……对这个研究的内容可能都还只是一知半解，如果这位小学生真的能理解研究内容甚至研究机制了，那真的是很难得的天才了",
        "uid": "1890062404/",
        "followers_count": "6309",
        "statuses_count": "81179",
        "verified": 0,
        "user_created_at": "2010-12-06",
        "has_description": 1,
        "parent": "4526571387456542"
    },
    {
        "mid": "4526636801942322",
        "has_multimedia": 1,
        "comments_count": 0,
        "reposts_count": 0,
        "attitudes_count": 0,
        "t": "1594717777000",
        "text": "这么牛逼的题目才三等奖？？？一等奖岂不是要逆天？！？//@丁香医生:一个普通的医学生，上完内科外科、生理生化……对这个研究的内容可能都还只是一知半解，如果这位小学生真的能理解研究内容甚至研究机制了，那真的是很难得的天才了",
        "uid": "5512557175/",
        "followers_count": "438",
        "statuses_count": "10277",
        "verified": 0,
        "user_created_at": "2015-02-06",
        "has_description": 1,
        "parent": "4526571387456542"
    },
    {
        "mid": "4526632218032211",
        "has_multimedia": 1,
        "comments_count": 0,
        "reposts_count": 0,
        "attitudes_count": 0,
        "t": "1594716684000",
        "text": "你自己笨而已，井底之蛙，不懂优秀的人有多优秀。//@丁香医生:一个普通的医学生，上完内科外科、生理生化……对这个研究的内容可能都还只是一知半解，如果这位小学生真的能理解研究内容甚至研究机制了，那真的是很难得的天才了",
        "uid": "2737368827/",
        "followers_count": "229",
        "statuses_count": "9810",
        "verified": 0,
        "user_created_at": "2012-04-27",
        "has_description": 1,
        "parent": "4526571387456542"
    },
    {
        "mid": "4526631568293476",
        "has_multimedia": 1,
        "comments_count": 0,
        "reposts_count": 0,
        "attitudes_count": 0,
        "t": "1594716529000",
        "text": "回复@_蛇哥_:NEW TYPE吗？！！后浪已经进化到下一个阶段了？人类出现了亚种？//@_蛇哥_:知识已经编码进dna了//@丁香医生:一个普通的医学生，上完内科外科、生理生化……对这个研究的内容可能都还只是一知半解，如果这位小学生真的能理解研究内容甚至研究机制了，那真的是很难得的天才了",
        "uid": "2737368827/",
        "followers_count": "229",
        "statuses_count": "9810",
        "verified": 0,
        "user_created_at": "2012-04-27",
        "has_description": 1,
        "parent": "4526571387456542"
    },
    {
        "mid": "4526626928991726",
        "has_multimedia": 1,
        "comments_count": 0,
        "reposts_count": 0,
        "attitudes_count": 0,
        "t": "1594715423000",
        "text": "小学生搞什么科技创新//@丁香医生:一个普通的医学生，上完内科外科、生理生化……对这个研究的内容可能都还只是一知半解，如果这位小学生真的能理解研究内容甚至研究机制了，那真的是很难得的天才了",
        "uid": "2405436904/",
        "followers_count": "30",
        "statuses_count": "27459",
        "verified": 0,
        "user_created_at": "2011-09-18",
        "has_description": 0,
        "parent": "4526571387456542"
    },
    {
        "mid": "4526624232128148",
        "has_multimedia": 1,
        "comments_count": 0,
        "reposts_count": 0,
        "attitudes_count": 0,
        "t": "1594714779000",
        "text": "持续关注//@丁香医生:一个普通的医学生，上完内科外科、生理生化……对这个研究的内容可能都还只是一知半解，如果这位小学生真的能理解研究内容甚至研究机制了，那真的是很难得的天才了",
        "uid": "5394183453/",
        "followers_count": "11",
        "statuses_count": "344",
        "verified": 0,
        "user_created_at": "2014-12-01",
        "has_description": 1,
        "parent": "4526571387456542"
    },
    {
        "mid": "4526620297331297",
        "has_multimedia": 1,
        "comments_count": 0,
        "reposts_count": 0,
        "attitudes_count": 1,
        "t": "1594713842000",
        "text": "就说一句，这位小朋友知道结直肠在哪儿吗？//@丁香医生:一个普通的医学生，上完内科外科、生理生化……对这个研究的内容可能都还只是一知半解，如果这位小学生真的能理解研究内容甚至研究机制了，那真的是很难得的天才了",
        "uid": "2866922144/",
        "followers_count": "91",
        "statuses_count": "539",
        "verified": 0,
        "user_created_at": "2012-07-11",
        "has_description": 1,
        "parent": "4526571387456542"
    },
    {
        "mid": "4526620256069799",
        "has_multimedia": 1,
        "comments_count": 0,
        "reposts_count": 0,
        "attitudes_count": 0,
        "t": "1594713832000",
        "text": "想起来前阵子看到的中小学生参与的xx奖 怕不是…//@丁香医生:一个普通的医学生，上完内科外科、生理生化……对这个研究的内容可能都还只是一知半解，如果这位小学生真的能理解研究内容甚至研究机制了，那真的是很难得的天才了",
        "uid": "5095472547/",
        "followers_count": "206",
        "statuses_count": "8384",
        "verified": 0,
        "user_created_at": "2014-04-01",
        "has_description": 1,
        "parent": "4526571387456542"
    },
    {
        "mid": "4526572733910235",
        "has_multimedia": 1,
        "comments_count": 108,
        "reposts_count": 51,
        "attitudes_count": 778,
        "t": "1594702501000",
        "text": "就这才三等奖，那一等奖的是什么神仙",
        "uid": "7010131150/",
        "followers_count": "1086101",
        "statuses_count": "7703",
        "verified": 1,
        "user_created_at": "2019-02-25",
        "has_description": 1,
        "parent": "4526545710536914"
    },
    {
        "mid": "4526641411920575",
        "has_multimedia": 1,
        "comments_count": 0,
        "reposts_count": 0,
        "attitudes_count": 0,
        "t": "1594718876000",
        "text": "//@ricoooo-://@帝吧官微:就这才三等奖，那一等奖的是什么神仙",
        "uid": "6469529992/",
        "followers_count": "30",
        "statuses_count": "545",
        "verified": 0,
        "user_created_at": "2018-01-24",
        "has_description": 1,
        "parent": "4526572733910235"
    },
    {
        "mid": "4526639687403291",
        "has_multimedia": 1,
        "comments_count": 108,
        "reposts_count": 52,
        "attitudes_count": 782,
        "t": "1594702500000",
        "text": "就这才三等奖，那一等奖的是什么神仙",
        "uid": "5948987998/",
        "followers_count": "265",
        "statuses_count": "6215",
        "verified": 0,
        "user_created_at": "2016-06-09",
        "has_description": 0,
        "parent": "4526572733910235"
    },
    {
        "mid": "4526639448806165",
        "has_multimedia": 1,
        "comments_count": 0,
        "reposts_count": 0,
        "attitudes_count": 0,
        "t": "1594718408000",
        "text": "//@防务微观察:可能得了诺贝尔？//@帝吧官微:就这才三等奖，那一等奖的是什么神仙",
        "uid": "5650170433/",
        "followers_count": "106",
        "statuses_count": "7724",
        "verified": 0,
        "user_created_at": "2015-07-11",
        "has_description": 1,
        "parent": "4526572733910235"
    },
    {
        "mid": "4526638647224328",
        "has_multimedia": 1,
        "comments_count": 0,
        "reposts_count": 0,
        "attitudes_count": 0,
        "t": "1594718217000",
        "text": "心痛//@He_HELIUM:不是就是他们爸妈手下800一个月劳务费的研究生做的成果嘛兴许这些科研民工还不用800呢。",
        "uid": "5254048563/",
        "followers_count": "245",
        "statuses_count": "17245",
        "verified": 0,
        "user_created_at": "2014-08-16",
        "has_description": 0,
        "parent": "4526572733910235"
    },
    {
        "mid": "4526637456072928",
        "has_multimedia": 1,
        "comments_count": 0,
        "reposts_count": 0,
        "attitudes_count": 0,
        "t": "1594717933000",
        "text": "诺贝尔委员会仿佛收到了爱因斯坦的相对论论文，不敢发奖//@防务微观察:可能得了诺贝尔？//@帝吧官微:就这才三等奖，那一等奖的是什么神仙",
        "uid": "1933055487/",
        "followers_count": "8315",
        "statuses_count": "23720",
        "verified": 0,
        "user_created_at": "2011-01-24",
        "has_description": 1,
        "parent": "4526572733910235"
    },
    {
        "mid": "4526631534926230",
        "has_multimedia": 1,
        "comments_count": 20,
        "reposts_count": 5,
        "attitudes_count": 32,
        "t": "1594714500000",
        "text": "可能得了诺贝尔？//@帝吧官微:就这才三等奖，那一等奖的是什么神仙",
        "uid": "6482942181/",
        "followers_count": "29",
        "statuses_count": "145",
        "verified": 0,
        "user_created_at": "2018-02-09",
        "has_description": 0,
        "parent": "4526572733910235"
    },
    {
        "mid": "4526630045725279",
        "has_multimedia": 1,
        "comments_count": 0,
        "reposts_count": 0,
        "attitudes_count": 0,
        "t": "1594716166000",
        "text": "//@帝吧官微:就这才三等奖，那一等奖的是什么神仙",
        "uid": "7314961323/",
        "followers_count": "6",
        "statuses_count": "55",
        "verified": 0,
        "user_created_at": "2019-10-05",
        "has_description": 0,
        "parent": "4526572733910235"
    },
    {
        "mid": "4526629969450319",
        "has_multimedia": 1,
        "comments_count": 108,
        "reposts_count": 52,
        "attitudes_count": 782,
        "t": "1594702500000",
        "text": "就这才三等奖，那一等奖的是什么神仙",
        "uid": "6517390496/",
        "followers_count": "58",
        "statuses_count": "3624",
        "verified": 0,
        "user_created_at": "2018-03-30",
        "has_description": 0,
        "parent": "4526572733910235"
    },
    {
        "mid": "4526628284528351",
        "has_multimedia": 1,
        "comments_count": 0,
        "reposts_count": 0,
        "attitudes_count": 0,
        "t": "1594715745000",
        "text": "//@帝吧官微:就这才三等奖，那一等奖的是什么神仙",
        "uid": "3215165341/",
        "followers_count": "382",
        "statuses_count": "120552",
        "verified": 0,
        "user_created_at": "2013-01-08",
        "has_description": 0,
        "parent": "4526572733910235"
    },
    {
        "mid": "4526627470730529",
        "has_multimedia": 1,
        "comments_count": 108,
        "reposts_count": 52,
        "attitudes_count": 783,
        "t": "1594702500000",
        "text": "就这才三等奖，那一等奖的是什么神仙",
        "uid": "7089297781/",
        "followers_count": "10",
        "statuses_count": "176",
        "verified": 0,
        "user_created_at": "2019-04-20",
        "has_description": 0,
        "parent": "4526572733910235"
    },
    {
        "mid": "4526547802852743",
        "has_multimedia": 1,
        "comments_count": 3,
        "reposts_count": 38,
        "attitudes_count": 16,
        "t": "1594696557000",
        "text": "学阀的各种不要脸",
        "uid": "5545046106/",
        "followers_count": "946077",
        "statuses_count": "16088",
        "verified": 1,
        "user_created_at": "2015-03-08",
        "has_description": 1,
        "parent": "4526545710536914"
    },
    {
        "mid": "4526642045406148",
        "has_multimedia": 1,
        "comments_count": 1,
        "reposts_count": 0,
        "attitudes_count": 0,
        "t": "1594719026000",
        "text": "//@猫叔乌有之://@要逆袭的虫子哥: 恶臭//@吴小咖是个好孩子:各种大赛都可以查一查//@编辑态:这个动作有点大，到央视了ps:这不算学阀，顶多算小学阀……//@宣和一人:学阀的各种不要脸",
        "uid": "1532742051/",
        "followers_count": "56387",
        "statuses_count": "6500",
        "verified": 1,
        "user_created_at": "2011-03-19",
        "has_description": 1,
        "parent": "4526547802852743"
    },
    {
        "mid": "4526631601056558",
        "has_multimedia": 1,
        "comments_count": 0,
        "reposts_count": 1,
        "attitudes_count": 0,
        "t": "1594716537000",
        "text": "//@要逆袭的虫子哥: 恶臭//@吴小咖是个好孩子:各种大赛都可以查一查//@编辑态:这个动作有点大，到央视了ps:这不算学阀，顶多算小学阀……//@宣和一人:学阀的各种不要脸",
        "uid": "3435039440/",
        "followers_count": "6884",
        "statuses_count": "11381",
        "verified": 0,
        "user_created_at": "2013-05-08",
        "has_description": 0,
        "parent": "4526547802852743"
    },
    {
        "mid": "4526618360717840",
        "has_multimedia": 1,
        "comments_count": 0,
        "reposts_count": 0,
        "attitudes_count": 0,
        "t": "1594713379000",
        "text": "//@宣和一人:学阀的各种不要脸",
        "uid": "1769927817/",
        "followers_count": "251",
        "statuses_count": "13981",
        "verified": 0,
        "user_created_at": "2010-07-07",
        "has_description": 1,
        "parent": "4526547802852743"
    },
    {
        "mid": "4526617156731119",
        "has_multimedia": 1,
        "comments_count": 0,
        "reposts_count": 0,
        "attitudes_count": 0,
        "t": "1594713092000",
        "text": "//@野生观察员:这人只是学阀的手下//@编辑态:这个动作有点大，到央视了ps:这不算学阀，段位不算很高……//@宣和一人:学阀的各种不要脸",
        "uid": "6511190948/",
        "followers_count": "97",
        "statuses_count": "1940",
        "verified": 0,
        "user_created_at": "2018-03-22",
        "has_description": 1,
        "parent": "4526547802852743"
    },
    {
        "mid": "4526602593249364",
        "has_multimedia": 1,
        "comments_count": 0,
        "reposts_count": 0,
        "attitudes_count": 0,
        "t": "1594709621000",
        "text": "//@宣和一人:学阀的各种不要脸",
        "uid": "3991697056/",
        "followers_count": "299",
        "statuses_count": "48160",
        "verified": 0,
        "user_created_at": "2014-01-22",
        "has_description": 1,
        "parent": "4526547802852743"
    },
    {
        "mid": "4526590895420731",
        "has_multimedia": 1,
        "comments_count": 3,
        "reposts_count": 8,
        "attitudes_count": 4,
        "t": "1594701420000",
        "text": "各种大赛都可以查一查//@编辑态:这个动作有点大，到央视了ps:这不算学阀，顶多算小学阀……//@宣和一人:学阀的各种不要脸",
        "uid": "7296049651/",
        "followers_count": "15",
        "statuses_count": "885",
        "verified": 0,
        "user_created_at": "2019-08-30",
        "has_description": 1,
        "parent": "4526547802852743"
    },
    {
        "mid": "4526588605720627",
        "has_multimedia": 1,
        "comments_count": 0,
        "reposts_count": 0,
        "attitudes_count": 0,
        "t": "1594706286000",
        "text": "//@野生观察员: 这人只是学阀的手下//@编辑态:这个动作有点大，到央视了ps:这不算学阀，段位不算很高……//@宣和一人:学阀的各种不要脸",
        "uid": "1862140662/",
        "followers_count": "108100",
        "statuses_count": "8621",
        "verified": 1,
        "user_created_at": "2010-10-25",
        "has_description": 1,
        "parent": "4526547802852743"
    },
    {
        "mid": "4526585430097607",
        "has_multimedia": 1,
        "comments_count": 4,
        "reposts_count": 2,
        "attitudes_count": 9,
        "t": "1594701840000",
        "text": "？//@宣和一人:学阀的各种不要脸",
        "uid": "7411123729/",
        "followers_count": "24",
        "statuses_count": "2477",
        "verified": 0,
        "user_created_at": "2020-03-11",
        "has_description": 0,
        "parent": "4526547802852743"
    },
    {
        "mid": "4526583169693321",
        "has_multimedia": 1,
        "comments_count": 0,
        "reposts_count": 2,
        "attitudes_count": 0,
        "t": "1594704989000",
        "text": "这人只是学阀的手下//@编辑态:这个动作有点大，到央视了ps:这不算学阀，段位不算很高……//@宣和一人:学阀的各种不要脸",
        "uid": "2387764683/",
        "followers_count": "3342",
        "statuses_count": "4837",
        "verified": 0,
        "user_created_at": "2011-09-28",
        "has_description": 0,
        "parent": "4526547802852743"
    },
    {
        "mid": "4526642455678755",
        "has_multimedia": 1,
        "comments_count": 0,
        "reposts_count": 0,
        "attitudes_count": 0,
        "t": "1594719125000",
        "text": "//@导演金刚jingang:小学生课外业余研究可以，但不能研究报告或成果造假，好事成了坏事。",
        "uid": "5622886068/",
        "followers_count": "425",
        "statuses_count": "3904",
        "verified": 0,
        "user_created_at": "2016-12-23",
        "has_description": 1,
        "parent": "4526545710536914"
    },
    {
        "mid": "4526642406350902",
        "has_multimedia": 1,
        "comments_count": 0,
        "reposts_count": 0,
        "attitudes_count": 0,
        "t": "1594719113000",
        "text": "转发微博",
        "uid": "5627437568/",
        "followers_count": "151",
        "statuses_count": "836",
        "verified": 0,
        "user_created_at": "2015-06-09",
        "has_description": 1,
        "parent": "4526545710536914"
    },
    {
        "mid": "4526642222068987",
        "has_multimedia": 1,
        "comments_count": 0,
        "reposts_count": 0,
        "attitudes_count": 0,
        "t": "1594719069000",
        "text": "学术造假，从娃娃抓起",
        "uid": "2235866997/",
        "followers_count": "302",
        "statuses_count": "2884",
        "verified": 0,
        "user_created_at": "2011-07-09",
        "has_description": 1,
        "parent": "4526545710536914"
    },
    {
        "mid": "4526642199986261",
        "has_multimedia": 1,
        "comments_count": 0,
        "reposts_count": 0,
        "attitudes_count": 0,
        "t": "1594719064000",
        "text": "啊这，，，别的不说为什么家长这么执着于把小孩包装成神童……",
        "uid": "3739988261/",
        "followers_count": "206",
        "statuses_count": "7255",
        "verified": 0,
        "user_created_at": "2013-08-23",
        "has_description": 1,
        "parent": "4526545710536914"
    },
    {
        "mid": "4526642104589335",
        "has_multimedia": 1,
        "comments_count": 34,
        "reposts_count": 17,
        "attitudes_count": 86,
        "t": "1594717620000",
        "text": "想起了核心期刊《银行家》发表主编10岁儿子散文",
        "uid": "1818666635/",
        "followers_count": "745",
        "statuses_count": "7632",
        "verified": 0,
        "user_created_at": "2010-09-12",
        "has_description": 1,
        "parent": "4526545710536914"
    },
    {
        "mid": "4526641936660714",
        "has_multimedia": 1,
        "comments_count": 35,
        "reposts_count": 17,
        "attitudes_count": 89,
        "t": "1594717620000",
        "text": "想起了核心期刊《银行家》发表主编10岁儿子散文",
        "uid": "7419054740/",
        "followers_count": "72",
        "statuses_count": "846",
        "verified": 0,
        "user_created_at": "2020-03-24",
        "has_description": 0,
        "parent": "4526545710536914"
    },
    {
        "mid": "4526641890076103",
        "has_multimedia": 1,
        "comments_count": 0,
        "reposts_count": 0,
        "attitudes_count": 0,
        "t": "1594718990000",
        "text": "找到利益源头//@一觉金陵梦:婆婆，这一切的根源，在这里 ¡评论配图",
        "uid": "7358719956/",
        "followers_count": "4",
        "statuses_count": "221",
        "verified": 0,
        "user_created_at": "2019-12-20",
        "has_description": 1,
        "parent": "4526545710536914"
    },
    {
        "mid": "4526641788779583",
        "has_multimedia": 1,
        "comments_count": 0,
        "reposts_count": 0,
        "attitudes_count": 0,
        "t": "1594718966000",
        "text": "",
        "uid": "6021826344/",
        "followers_count": "143",
        "statuses_count": "370",
        "verified": 0,
        "user_created_at": "2016-09-08",
        "has_description": 1,
        "parent": "4526545710536914"
    }
]