[
    {
        "mid": "4526562236321309",
        "has_multimedia": 1,
        "comments_count": 695,
        "reposts_count": 815,
        "attitudes_count": 16462,
        "t": "1594699998000",
        "text": "【#消防员用塑料盆小心护送生病宝宝#】12日，江西上饶鄱阳镇一9个月大的宝宝突发疾病，消防员立即赶往现场。途中，橡皮艇无法继续行进，消防员们便将宝宝放进塑料盆，蹚着齐腰的洪水，小心护送到安全区域。网友：大可爱保护小可爱，真暖！另外，看来#家里备个大盆挺有必要#！L江西消防的微博视频 @江西消防",
        "uid": "2656274875/",
        "followers_count": "111902083",
        "statuses_count": "130373",
        "verified": 1,
        "has_description": 1,
        "parent": "0",
        "user_created_at": "2012-03-07"
    },
    {
        "mid": "4526562761083688",
        "has_multimedia": 1,
        "comments_count": 9,
        "reposts_count": 20,
        "attitudes_count": 88,
        "t": "1594700124000",
        "text": "好暖的。我们国家的人民子弟兵，一看见就知道是希望来了。",
        "uid": "1889280741/",
        "followers_count": "448016",
        "statuses_count": "25798",
        "verified": 1,
        "user_created_at": "2010-12-11",
        "has_description": 1,
        "parent": "4526562236321309"
    },
    {
        "mid": "4526722818896905",
        "has_multimedia": 1,
        "comments_count": 0,
        "reposts_count": 0,
        "attitudes_count": 0,
        "t": "1594738284000",
        "text": "天啊 小心翼翼的模样太暖心//@小虫甲:好暖的。我们国家的人民子弟兵，一看见就知道是希望来了。",
        "uid": "5151158070/",
        "followers_count": "324",
        "statuses_count": "2205",
        "verified": 1,
        "user_created_at": "2014-05-24",
        "has_description": 1,
        "parent": "4526562761083688"
    },
    {
        "mid": "4526643819892049",
        "has_multimedia": 1,
        "comments_count": 9,
        "reposts_count": 20,
        "attitudes_count": 88,
        "t": "1594700100000",
        "text": "好暖的。我们国家的人民子弟兵，一看见就知道是希望来了。",
        "uid": "6035601003/",
        "followers_count": "638",
        "statuses_count": "69595",
        "verified": 0,
        "user_created_at": "2016-10-01",
        "has_description": 1,
        "parent": "4526562761083688"
    },
    {
        "mid": "4526601306879503",
        "has_multimedia": 1,
        "comments_count": 0,
        "reposts_count": 0,
        "attitudes_count": 0,
        "t": "1594709313000",
        "text": "//@小虫甲:好暖的。我们国家的人民子弟兵，一看见就知道是希望来了。",
        "uid": "5779325783/",
        "followers_count": "43",
        "statuses_count": "6780",
        "verified": 0,
        "user_created_at": "2015-12-02",
        "has_description": 0,
        "parent": "4526562761083688"
    },
    {
        "mid": "4526595740557363",
        "has_multimedia": 1,
        "comments_count": 0,
        "reposts_count": 0,
        "attitudes_count": 0,
        "t": "1594707987000",
        "text": "感动！//@小虫甲:好暖的。我们国家的人民子弟兵，一看见就知道是希望来了。",
        "uid": "2416239371/",
        "followers_count": "78",
        "statuses_count": "9618",
        "verified": 0,
        "user_created_at": "2011-10-18",
        "has_description": 1,
        "parent": "4526562761083688"
    },
    {
        "mid": "4526562391192926",
        "has_multimedia": 1,
        "comments_count": 1,
        "reposts_count": 14,
        "attitudes_count": 50,
        "t": "1594700036000",
        "text": "肉肉小宝宝，好可爱，不要害怕呀。",
        "uid": "1258582703/",
        "followers_count": "299191",
        "statuses_count": "12416",
        "verified": 1,
        "user_created_at": "2009-10-31",
        "has_description": 1,
        "parent": "4526562236321309"
    },
    {
        "mid": "4526711813924442",
        "has_multimedia": 1,
        "comments_count": 0,
        "reposts_count": 0,
        "attitudes_count": 0,
        "t": "1594735661000",
        "text": "//@黄葵红锦墨旱莲:啊小屁嘟和小脚丫//@安神补脑戒咖啡://@白饭如霜:肉肉小宝宝，好可爱，不要害怕呀。",
        "uid": "2613372197/",
        "followers_count": "42",
        "statuses_count": "16816",
        "verified": 0,
        "user_created_at": "2012-02-11",
        "has_description": 0,
        "parent": "4526562391192926"
    },
    {
        "mid": "4526709581739306",
        "has_multimedia": 1,
        "comments_count": 0,
        "reposts_count": 0,
        "attitudes_count": 0,
        "t": "1594735129000",
        "text": "//@黄葵红锦墨旱莲:啊小屁嘟和小脚丫//@安神补脑戒咖啡://@白饭如霜:肉肉小宝宝，好可爱，不要害怕呀。",
        "uid": "1787810604/",
        "followers_count": "88",
        "statuses_count": "10333",
        "verified": 0,
        "user_created_at": "2010-08-08",
        "has_description": 1,
        "parent": "4526562391192926"
    },
    {
        "mid": "4526643166024796",
        "has_multimedia": 1,
        "comments_count": 1,
        "reposts_count": 14,
        "attitudes_count": 50,
        "t": "1594699980000",
        "text": "肉肉小宝宝，好可爱，不要害怕呀。",
        "uid": "1762811281/",
        "followers_count": "536",
        "statuses_count": "5736",
        "verified": 0,
        "user_created_at": "2010-09-24",
        "has_description": 1,
        "parent": "4526562391192926"
    },
    {
        "mid": "4526619714178331",
        "has_multimedia": 1,
        "comments_count": 0,
        "reposts_count": 0,
        "attitudes_count": 0,
        "t": "1594713702000",
        "text": "军民鱼水情//@白饭如霜: 肉肉小宝宝，好可爱，不要害怕呀。",
        "uid": "1241151841/",
        "followers_count": "262",
        "statuses_count": "10950",
        "verified": 0,
        "user_created_at": "2011-03-25",
        "has_description": 1,
        "parent": "4526562391192926"
    },
    {
        "mid": "4527063296645335",
        "has_multimedia": 1,
        "comments_count": 0,
        "reposts_count": 0,
        "attitudes_count": 0,
        "t": "1594819461000",
        "text": "转发微博",
        "uid": "2569691550/",
        "followers_count": "3484",
        "statuses_count": "48717",
        "verified": 1,
        "has_description": 1,
        "parent": "4526562236321309",
        "user_created_at": "2011-11-29"
    }
]