[
    {
        "mid": "4526562416756725",
        "has_multimedia": 1,
        "comments_count": 134,
        "reposts_count": 24,
        "attitudes_count": 1474,
        "t": "1594700042000",
        "text": "sdfj的工作人员是不是真的对小孩占便宜?这个事情不能用，真的假的，来评判，占便宜本身就是一个比较模糊的概念。我来解读一下排面的信息，首先，工作人员基于自己可以完全控制小孩子，所以有职务之便，第二工作人员对小孩子也是喜欢得不得了，看到又帅又新鲜，又有才华的小朋友，谁不爱呢，至于喜欢做出的一些行为，不同的人有不同的解读，当然也不乏有非分之想的工作人员，以及心术不正的工作人员假借喜欢之名，假借关心之名，占便宜。这个事情之前没人干涉，现在已经有高压在监控了，所以会比以前好很多，是否会完全杜绝呢，你们自己想。 LKK塔罗娱乐酱的微博视频",
        "uid": "6820375422/",
        "followers_count": "74473",
        "statuses_count": "6711",
        "verified": 0,
        "user_created_at": "2018-11-05",
        "has_description": 1,
        "parent": "0"
    },
    {
        "mid": "4527074012307634",
        "has_multimedia": 1,
        "comments_count": 0,
        "reposts_count": 0,
        "attitudes_count": 0,
        "t": "1594822016000",
        "text": "求权志龙和宋智孝的关系，双方对对方的印象",
        "uid": "5985500874/",
        "followers_count": "92",
        "statuses_count": "182",
        "verified": 0,
        "user_created_at": "2016-07-16",
        "has_description": 0,
        "parent": "4526562416756725"
    },
    {
        "mid": "4526950074920463",
        "has_multimedia": 1,
        "comments_count": 0,
        "reposts_count": 0,
        "attitudes_count": 0,
        "t": "1594792467000",
        "text": "//@沐雪雪ya:金银花什么时候离开sdfj",
        "uid": "7412305767/",
        "followers_count": "24",
        "statuses_count": "623",
        "verified": 0,
        "user_created_at": "2020-03-13",
        "has_description": 1,
        "parent": "4526562416756725"
    },
    {
        "mid": "4526922904213035",
        "has_multimedia": 1,
        "comments_count": 0,
        "reposts_count": 0,
        "attitudes_count": 0,
        "t": "1594785988000",
        "text": "金银花快滚吧",
        "uid": "7393740912/",
        "followers_count": "1",
        "statuses_count": "4",
        "verified": 0,
        "user_created_at": "2020-02-16",
        "has_description": 0,
        "parent": "4526562416756725"
    }
]