[
    {
        "mid": "4526562127532323",
        "has_multimedia": 1,
        "comments_count": 665,
        "reposts_count": 266,
        "attitudes_count": 6650,
        "t": "1594699973000",
        "text": "【#山东1000多名军人赴安徽抗洪# 冒雨行军十余个小时】连日来安徽安庆持续强降雨，截至7月11日下午14时长江安庆站水位18.05米，超过警戒水位1.35米。7月12日，正在山东某地进行濒海训练的陆军第71集团军某合成旅召开抗洪抢险部署会，迅速集结1000多名官兵连续行军十余个小时、千余公里。兵分三路分赴望江县、怀宁县、大观区、安庆城区等四个县区，执行外护圩加固、城区防洪机动等任务。L有料的秒拍视频",
        "uid": "3182698757/",
        "followers_count": "1857518",
        "statuses_count": "55824",
        "verified": 1,
        "has_description": 1,
        "parent": "0",
        "user_created_at": "2012-12-11"
    },
    {
        "mid": "4527353621905548",
        "has_multimedia": 1,
        "comments_count": 0,
        "reposts_count": 0,
        "attitudes_count": 0,
        "t": "1594888679000",
        "text": "//@Hi是心动吖:没赢过一场网络争议，没输过一场民族大义",
        "uid": "3259946541/",
        "followers_count": "86",
        "statuses_count": "80",
        "verified": 0,
        "user_created_at": "2013-08-17",
        "has_description": 1,
        "parent": "4526562127532323"
    },
    {
        "mid": "4527353542214561",
        "has_multimedia": 1,
        "comments_count": 0,
        "reposts_count": 0,
        "attitudes_count": 0,
        "t": "1594888660000",
        "text": "转发微博",
        "uid": "1929976453/",
        "followers_count": "210",
        "statuses_count": "1170",
        "verified": 0,
        "user_created_at": "2011-01-21",
        "has_description": 1,
        "parent": "4526562127532323"
    }
]