[
    {
        "mid": "4526563427216318",
        "has_multimedia": 1,
        "comments_count": 628,
        "reposts_count": 1031,
        "attitudes_count": 4867,
        "t": "1594700283000",
        "text": "前段时间，俄罗斯东部有个地方迎来了历史中反常的高温，这个地方名叫上扬斯克，位于北极圈内，以凛冽的严寒著称于世，该地在19世纪的某个冬季曾经出现过零下67.6摄氏度的极端低温，但是在2020年6月20号，当地气温竟然高达38摄氏度，足以让人在北极圈内中暑晕厥。然而，这种反常高温并不是某个局部地区的特例，高温浪潮已经横扫全球。森林大火、洪涝灾害、粮食减产、海岛覆没、蝗灾蔓延、传染病扩散、地缘政治风波等等，据学界推测都是气候变化带来的直接或间接后果，从我个人感觉来看，气候变化的速度这些年在明显加快，其引发的后果已经给现实生活带来越发真切的冲击，咱们国家当下正遭遇的洪水很可能就是一例。之前比较悲观的学者认为，全球气候变化的巨大惯性已经形成，就算是从今天开始，全人类集体把碳排放压到0（实际上不可能），全球变暖的进程也不会停止，而是会长期持续下去。在我小时候，电视台的科普节目就已经在说气候变化的危害，但那时候所有人都觉得这是一个离生活非常遥远的事情，科学家们才应该去在乎，老百姓没必要跟着起哄。但以现在这个趋势来看，气候变化即使对于普通人来说，也已经到了不在乎不行的程度，特别是很多年轻人在安家立业乃至规划自己的未来时，把气候变化作为一个严肃的考量因素绝对是十分必要的。前几天，我看到了一个科教片，说的正是和气候变化相关的主题，我记得我第一次看到相关内容的时候还在上小学，回想起当时的情景，我就忍不住感慨：“天呢，当时我还以为这事与自己无关呢...”",
        "uid": "5992829552/",
        "followers_count": "4758492",
        "statuses_count": "6297",
        "verified": 1,
        "user_created_at": "2016-07-28",
        "has_description": 1,
        "parent": "0"
    },
    {
        "mid": "4526613612686241",
        "has_multimedia": 1,
        "comments_count": 0,
        "reposts_count": 127,
        "attitudes_count": 1,
        "t": "1594712248000",
        "text": "魔幻现实主义环保故事",
        "uid": "1771299270/",
        "followers_count": "6779",
        "statuses_count": "5918",
        "verified": 0,
        "user_created_at": "2010-07-23",
        "has_description": 1,
        "parent": "4526563427216318"
    },
    {
        "mid": "4527127754440950",
        "has_multimedia": 1,
        "comments_count": 0,
        "reposts_count": 0,
        "attitudes_count": 0,
        "t": "1594834828000",
        "text": "//@棉花糖和小金猪:穷死还是地球先死，是个问题。//@飞鸿印血:魔幻现实主义环保故事",
        "uid": "1934896015/",
        "followers_count": "384",
        "statuses_count": "18110",
        "verified": 0,
        "user_created_at": "2011-01-26",
        "has_description": 1,
        "parent": "4526613612686241"
    },
    {
        "mid": "4527077917995758",
        "has_multimedia": 1,
        "comments_count": 0,
        "reposts_count": 0,
        "attitudes_count": 0,
        "t": "1594822947000",
        "text": "地球才不care这环境适不适合人类咧//@飞鸿印血:魔幻现实主义环保故事",
        "uid": "1779705124/",
        "followers_count": "119",
        "statuses_count": "1660",
        "verified": 0,
        "user_created_at": "2010-07-31",
        "has_description": 1,
        "parent": "4526613612686241"
    },
    {
        "mid": "4526974834154162",
        "has_multimedia": 1,
        "comments_count": 0,
        "reposts_count": 0,
        "attitudes_count": 0,
        "t": "1594798370000",
        "text": "//@棉花糖和小金猪:穷死还是地球先死，是个问题。//@飞鸿印血:魔幻现实主义环保故事",
        "uid": "1856789300/",
        "followers_count": "116",
        "statuses_count": "8322",
        "verified": 0,
        "user_created_at": "2010-10-17",
        "has_description": 1,
        "parent": "4526613612686241"
    },
    {
        "mid": "4526567323383082",
        "has_multimedia": 1,
        "comments_count": 23,
        "reposts_count": 52,
        "attitudes_count": 25,
        "t": "1594701212000",
        "text": "哎…",
        "uid": "6327054758/",
        "followers_count": "2193056",
        "statuses_count": "4331",
        "verified": 1,
        "user_created_at": "2017-07-30",
        "has_description": 1,
        "parent": "4526563427216318"
    },
    {
        "mid": "4527103461037961",
        "has_multimedia": 1,
        "comments_count": 0,
        "reposts_count": 0,
        "attitudes_count": 0,
        "t": "1594829037000",
        "text": "//@王爽_宇宙奥德赛:哎…",
        "uid": "1788382347/",
        "followers_count": "803",
        "statuses_count": "7987",
        "verified": 0,
        "user_created_at": "2010-08-06",
        "has_description": 0,
        "parent": "4526567323383082"
    },
    {
        "mid": "4526757980288229",
        "has_multimedia": 1,
        "comments_count": 0,
        "reposts_count": 0,
        "attitudes_count": 0,
        "t": "1594746668000",
        "text": "//@王爽_宇宙奥德赛: 哎…",
        "uid": "1947812534/",
        "followers_count": "3331",
        "statuses_count": "9986",
        "verified": 0,
        "user_created_at": "2011-05-19",
        "has_description": 1,
        "parent": "4526567323383082"
    },
    {
        "mid": "4526705681525578",
        "has_multimedia": 1,
        "comments_count": 0,
        "reposts_count": 0,
        "attitudes_count": 0,
        "t": "1594734199000",
        "text": "增长的极限//@王爽_宇宙奥德赛: 哎…",
        "uid": "2916796873/",
        "followers_count": "411",
        "statuses_count": "905",
        "verified": 0,
        "user_created_at": "2012-08-11",
        "has_description": 1,
        "parent": "4526567323383082"
    },
    {
        "mid": "4526698370773035",
        "has_multimedia": 1,
        "comments_count": 4,
        "reposts_count": 50,
        "attitudes_count": 11,
        "t": "1594732456000",
        "text": "地球正在开启HARD模式...",
        "uid": "5520097422/",
        "followers_count": "917535",
        "statuses_count": "5354",
        "verified": 1,
        "user_created_at": "2015-02-14",
        "has_description": 1,
        "parent": "4526563427216318"
    },
    {
        "mid": "4526759900565180",
        "has_multimedia": 1,
        "comments_count": 5,
        "reposts_count": 30,
        "attitudes_count": 15,
        "t": "1594747126000",
        "text": "而我们就是在HARD模式里受虐的角色//@谢田谢摘星:地球正在开启HARD模式...",
        "uid": "5572529792/",
        "followers_count": "935175",
        "statuses_count": "3429",
        "verified": 1,
        "user_created_at": "2015-03-25",
        "has_description": 1,
        "parent": "4526698370773035"
    },
    {
        "mid": "4526903913346109",
        "has_multimedia": 1,
        "comments_count": 0,
        "reposts_count": 0,
        "attitudes_count": 0,
        "t": "1594781460000",
        "text": "//@我是科学家iScientist: 而我们就是在HARD模式里受虐的角色//@谢田谢摘星:地球正在开启HARD模式...",
        "uid": "5509358160/",
        "followers_count": "6",
        "statuses_count": "216",
        "verified": 0,
        "user_created_at": "2015-03-17",
        "has_description": 1,
        "parent": "4526759900565180"
    },
    {
        "mid": "4526880688234383",
        "has_multimedia": 1,
        "comments_count": 0,
        "reposts_count": 0,
        "attitudes_count": 0,
        "t": "1594775924000",
        "text": "//@我是科学家iScientist:而我们就是在HARD模式里受虐的角色//@谢田谢摘星:地球正在开启HARD模式...",
        "uid": "3700062105/",
        "followers_count": "360",
        "statuses_count": "6255",
        "verified": 0,
        "user_created_at": "2013-08-16",
        "has_description": 1,
        "parent": "4526759900565180"
    },
    {
        "mid": "4526872443047846",
        "has_multimedia": 1,
        "comments_count": 0,
        "reposts_count": 0,
        "attitudes_count": 0,
        "t": "1594773958000",
        "text": "请撑到我死，谢谢//@我是科学家iScientist:而我们就是在HARD模式里受虐的角色//@谢田谢摘星:地球正在开启HARD模式...",
        "uid": "1857293100/",
        "followers_count": "341",
        "statuses_count": "60177",
        "verified": 0,
        "user_created_at": "2010-10-17",
        "has_description": 1,
        "parent": "4526759900565180"
    },
    {
        "mid": "4527178039165623",
        "has_multimedia": 1,
        "comments_count": 5,
        "reposts_count": 30,
        "attitudes_count": 15,
        "t": "1594747080000",
        "text": "而我们就是在HARD模式里受虐的角色//@谢田谢摘星:地球正在开启HARD模式...",
        "uid": "1585402922/",
        "followers_count": "204",
        "statuses_count": "9747",
        "verified": 0,
        "user_created_at": "2011-08-16",
        "has_description": 1,
        "parent": "4526698370773035"
    },
    {
        "mid": "4526929271955701",
        "has_multimedia": 1,
        "comments_count": 0,
        "reposts_count": 0,
        "attitudes_count": 0,
        "t": "1594787507000",
        "text": "太快了，我记得初中那会看到气候变暖对我国影响之一就是降水带北移，彼时帝都周围干旱，我还寻思那挺好啊。谁想到台风也跟着北移到长江以南了呢。//@我是科学家iScientist:而我们就是在HARD模式里受虐的角色//@谢田谢摘星:地球正在开启HARD模式...",
        "uid": "1455209712/",
        "followers_count": "225",
        "statuses_count": "14292",
        "verified": 0,
        "user_created_at": "2010-04-02",
        "has_description": 1,
        "parent": "4526698370773035"
    }
]