[
    {
        "mid": "4526563365191833",
        "has_multimedia": 1,
        "comments_count": 322,
        "reposts_count": 433,
        "attitudes_count": 131,
        "t": "1594700268000",
        "text": "NHK京阿尼纵火案纪录片《那里的你已不在~京阿尼放火事件》完整中字视频 36人牺牲的京阿尼放火事件。现场状况极其惨烈，甚至逝者家属辨认遗体都十分困难。事情经过了1年，逝者家属们经历着不为人知的痛苦。LKiseri的微博视频 ​​​​",
        "uid": "1886419032/",
        "followers_count": "6133333",
        "statuses_count": "6684",
        "verified": 1,
        "user_created_at": "2010-12-02",
        "has_description": 1,
        "parent": "0"
    },
    {
        "mid": "4527285291453771",
        "has_multimedia": 1,
        "comments_count": 0,
        "reposts_count": 0,
        "attitudes_count": 0,
        "t": "1594872388000",
        "text": ".",
        "uid": "1805026300/",
        "followers_count": "1411",
        "statuses_count": "44687",
        "verified": 1,
        "user_created_at": "2010-09-01",
        "has_description": 1,
        "parent": "4526563365191833"
    },
    {
        "mid": "4527045365995406",
        "has_multimedia": 1,
        "comments_count": 0,
        "reposts_count": 0,
        "attitudes_count": 0,
        "t": "1594815186000",
        "text": "转发微博",
        "uid": "6030483900/",
        "followers_count": "181",
        "statuses_count": "1878",
        "verified": 0,
        "user_created_at": "2016-09-25",
        "has_description": 1,
        "parent": "4526563365191833"
    },
    {
        "mid": "4526932479810064",
        "has_multimedia": 1,
        "comments_count": 0,
        "reposts_count": 0,
        "attitudes_count": 0,
        "t": "1594788272000",
        "text": "扮演转来看",
        "uid": "2404695221/",
        "followers_count": "794",
        "statuses_count": "530",
        "verified": 1,
        "user_created_at": "2011-10-10",
        "has_description": 0,
        "parent": "4526563365191833"
    }
]