[
    {
        "mid": "4526564019378308",
        "has_multimedia": 1,
        "comments_count": 118,
        "reposts_count": 53,
        "attitudes_count": 1134,
        "t": "1594700424000",
        "text": "【#餐厅还原女孩吃饭遭男伴下药经过#：男士投放白色粉末，并用手指搅动，神情紧张】广东深圳，女孩在餐厅吃饭遭男同伴下药一事引发关注。事发餐厅详述事件经过以及相关细节：7月4日，店员发现女士离开餐桌取餐时，男士向女士水杯投放白色粉末，并用手指搅动，四处张望神情紧张；店员以续水为由直接取走该水杯，并伺机告知女士其随行男士的可疑行为；用餐期间，店员对该男士进行监控，以防不测。@一手Video L一手video的秒拍视频",
        "uid": "6004281123/",
        "followers_count": "22965671",
        "statuses_count": "68132",
        "verified": 1,
        "has_description": 1,
        "parent": "0",
        "user_created_at": "2016-08-16"
    },
    {
        "mid": "4527571112821914",
        "has_multimedia": 1,
        "comments_count": 0,
        "reposts_count": 0,
        "attitudes_count": 0,
        "t": "1594940534000",
        "text": "转发微博",
        "uid": "6124105382/",
        "followers_count": "25",
        "statuses_count": "2760",
        "verified": 0,
        "user_created_at": "2017-01-26",
        "has_description": 0,
        "parent": "4526564019378308"
    },
    {
        "mid": "4527477245087424",
        "has_multimedia": 1,
        "comments_count": 0,
        "reposts_count": 0,
        "attitudes_count": 0,
        "t": "1594918154000",
        "text": "转发微博",
        "uid": "1707816772/",
        "followers_count": "114",
        "statuses_count": "480",
        "verified": 0,
        "user_created_at": "2010-03-09",
        "has_description": 0,
        "parent": "4526564019378308"
    },
    {
        "mid": "4527263128754269",
        "has_multimedia": 1,
        "comments_count": 0,
        "reposts_count": 0,
        "attitudes_count": 0,
        "t": "1594867105000",
        "text": "转发微博",
        "uid": "6157439768/",
        "followers_count": "22",
        "statuses_count": "187",
        "verified": 0,
        "user_created_at": "2017-03-04",
        "has_description": 0,
        "parent": "4526564019378308"
    }
]