[
    {
        "mid": "4526564320624097",
        "has_multimedia": 0,
        "comments_count": 2225,
        "reposts_count": 2224,
        "attitudes_count": 30702,
        "t": "1594700496000",
        "text": "因工作人员核实不严格、工作失误出现了被通缉人员的信息错误，已予以纠正，并对相关人员进行了严厉批评教育。感谢大家的批评监督。 ​​​​",
        "uid": "2676217373/",
        "followers_count": "4268923",
        "statuses_count": "9045",
        "verified": 1,
        "has_description": 1,
        "parent": "0",
        "user_created_at": "2012-03-22"
    },
    {
        "mid": "4526633023344269",
        "has_multimedia": 1,
        "comments_count": 40,
        "reposts_count": 324,
        "attitudes_count": 316,
        "t": "1594716875000",
        "text": "请问什么样的“失误”能精准的改变且只改变被通缉人员民族成分？",
        "uid": "1458470903/",
        "followers_count": "1186284",
        "statuses_count": "29265",
        "verified": 1,
        "user_created_at": "2011-08-29",
        "has_description": 1,
        "parent": "4526564320624097"
    },
    {
        "mid": "4526638597826809",
        "has_multimedia": 0,
        "comments_count": 44,
        "reposts_count": 68,
        "attitudes_count": 365,
        "t": "1594718205000",
        "text": "这事情真的挺无语的//@烧伤超人阿宝:请问什么样的“失误”能精准的改变且只改变被通缉人员民族成分？",
        "uid": "2382064902/",
        "followers_count": "1541951",
        "statuses_count": "17297",
        "verified": 1,
        "user_created_at": "2011-09-24",
        "has_description": 1,
        "parent": "4526633023344269"
    },
    {
        "mid": "4526947508789126",
        "has_multimedia": 0,
        "comments_count": 44,
        "reposts_count": 68,
        "attitudes_count": 365,
        "t": "1594718160000",
        "text": "这事情真的挺无语的//@烧伤超人阿宝:请问什么样的“失误”能精准的改变且只改变被通缉人员民族成分？",
        "uid": "7303444022/",
        "verified": 0,
        "user_created_at": "2019-09-09",
        "has_description": 0,
        "parent": "4526638597826809",
        "followers_count": "26",
        "statuses_count": "4265"
    },
    {
        "mid": "4526912066484064",
        "has_multimedia": 0,
        "comments_count": 0,
        "reposts_count": 0,
        "attitudes_count": 0,
        "t": "1594783405000",
        "text": "//@北京金戈戈://@sven_shi:这事情真的挺无语的//@烧伤超人阿宝:请问什么样的“失误”能精准的改变且只改变被通缉人员民族成分？",
        "uid": "5384917488/",
        "followers_count": "696",
        "statuses_count": "17196",
        "verified": 0,
        "user_created_at": "2014-11-23",
        "has_description": 1,
        "parent": "4526638597826809"
    },
    {
        "mid": "4526848677147116",
        "has_multimedia": 0,
        "comments_count": 0,
        "reposts_count": 0,
        "attitudes_count": 0,
        "t": "1594768291000",
        "text": "反正我不信！！是它们故意的！//@苏瑾就是慕容芷:骗鬼呢//@sven_shi:这事情真的挺无语的//@烧伤超人阿宝:请问什么样的“失误”能精准的改变且只改变被通缉人员民族成分？",
        "uid": "7403130876/",
        "followers_count": "194",
        "statuses_count": "2141",
        "verified": 0,
        "user_created_at": "2020-03-01",
        "has_description": 1,
        "parent": "4526638597826809"
    },
    {
        "mid": "4527207512539285",
        "has_multimedia": 0,
        "comments_count": 0,
        "reposts_count": 0,
        "attitudes_count": 0,
        "t": "1594853844000",
        "text": "两面人//@大红矛:@平安宁夏 你们的队伍里有“两面人”。//@习五一: //@疫苗与科学:同问//@烧伤超人阿宝:请问什么样的“失误”能精准的改变且只改变被通缉人员民族成分？",
        "uid": "7456072712/",
        "followers_count": "12",
        "statuses_count": "280",
        "verified": 0,
        "user_created_at": "2020-05-15",
        "has_description": 1,
        "parent": "4526633023344269"
    },
    {
        "mid": "4527144069499132",
        "has_multimedia": 1,
        "comments_count": 0,
        "reposts_count": 0,
        "attitudes_count": 1,
        "t": "1594838718000",
        "text": "//@漠南莽漢: 宁夏人背叛中华文化体系，令国人痛惜！@平安宁夏 这地方何时能皈依中华文化体系？//@习五一://@疫苗与科学:同问//@烧伤超人阿宝:请问什么样的“失误”能精准的改变且只改变被通缉人员民族成分？",
        "uid": "1665804680/",
        "followers_count": "235",
        "statuses_count": "21553",
        "verified": 0,
        "user_created_at": "2010-07-22",
        "has_description": 0,
        "parent": "4526633023344269"
    },
    {
        "mid": "4526689998166339",
        "has_multimedia": 1,
        "comments_count": 11,
        "reposts_count": 87,
        "attitudes_count": 104,
        "t": "1594730460000",
        "text": "真的是工作失误吗//@赵翻身翻身:复制粘贴回族自动变汉族？宁夏的电脑都这么清真？是不是机箱上贴着清真啊，回民永不可能犯罪！",
        "uid": "1813359803/",
        "followers_count": "764252",
        "statuses_count": "23626",
        "verified": 1,
        "user_created_at": "2010-09-07",
        "has_description": 1,
        "parent": "4526564320624097"
    },
    {
        "mid": "4527003074922423",
        "has_multimedia": 1,
        "comments_count": 11,
        "reposts_count": 87,
        "attitudes_count": 104,
        "t": "1594730460000",
        "text": "真的是工作失误吗//@赵翻身翻身:复制粘贴回族自动变汉族？宁夏的电脑都这么清真？是不是机箱上贴着清真啊，回民永不可能犯罪！",
        "uid": "3263116204/",
        "followers_count": "28",
        "statuses_count": "1829",
        "verified": 0,
        "user_created_at": "2013-03-15",
        "has_description": 0,
        "parent": "4526689998166339"
    },
    {
        "mid": "4526978633929752",
        "has_multimedia": 1,
        "comments_count": 0,
        "reposts_count": 0,
        "attitudes_count": 0,
        "t": "1594799276000",
        "text": "//@剡羽咩咩游戏寡妇: //@JoannaBlue: 真的是工作失误吗//@赵翻身翻身:复制粘贴回族自动变汉族？宁夏的电脑都这么清真？是不是机箱上贴着清真啊，回民永不可能犯罪！",
        "uid": "1798259363/",
        "followers_count": "500",
        "statuses_count": "73293",
        "verified": 0,
        "user_created_at": "2010-08-19",
        "has_description": 1,
        "parent": "4526689998166339"
    },
    {
        "mid": "4527269853532921",
        "has_multimedia": 0,
        "comments_count": 0,
        "reposts_count": 0,
        "attitudes_count": 0,
        "t": "1594868708000",
        "text": "基因是汉人的，心一定要是阿拉伯的//@德国超哥:晓得了 你用右手上厕所，不信看你发的内容  ¡查看图片  //@雨夜春梦36:国家政府部门的官微评论区被穆黑和皇汉攻陷，肆无忌惮的谩骂，栽赃！可见皇汉和极端民粹主义猖狂到何种地步！",
        "uid": "1064427613/",
        "followers_count": "1607",
        "statuses_count": "6040",
        "verified": 0,
        "user_created_at": "2011-10-27",
        "has_description": 0,
        "parent": "4526564320624097"
    }
]