[
    {
        "mid": "4526564769763866",
        "has_multimedia": 1,
        "comments_count": 203,
        "reposts_count": 30,
        "attitudes_count": 806,
        "t": "1594700603000",
        "text": "【#11岁哥哥下水营救2岁落水妹妹双双溺亡# 】7月13日，湖南益阳，桃江县灰山港镇天子坡村一处水塘边，一对兄妹不慎落水双双溺亡。14日北青-北京头条记者从灰山港镇政府获悉，遇难者是2岁的女童及其11岁的哥哥，哥哥背着妹妹要去游乐场玩耍，途经事发池塘时，妹妹不慎落水，哥哥下水营救，但因池塘水较深，营救未果，两人被打捞上来送医抢救无效死亡。据介绍，两名孩子是天子坡村人，目前，善后事宜正在处理中。（北青-北京头条记者 戴幼卿 剪辑 张香梅）L本地号外的秒拍视频",
        "uid": "5908906616/",
        "followers_count": "5156",
        "statuses_count": "402",
        "verified": 1,
        "has_description": 1,
        "parent": "0",
        "user_created_at": "2016-04-26"
    },
    {
        "mid": "4526788090946574",
        "has_multimedia": 1,
        "comments_count": 0,
        "reposts_count": 0,
        "attitudes_count": 0,
        "t": "1594753847000",
        "text": "没常识可不行……救落水者很恐怖的，你游到身边时他会像水鬼一样死死的拖住你……这个需要特别训练过才懂的//@黯夜夜夜夜夜:………………我到现在还挺怕掉水里的…",
        "uid": "2782097195/",
        "followers_count": "52",
        "statuses_count": "2818",
        "verified": 0,
        "user_created_at": "2012-05-25",
        "has_description": 1,
        "parent": "4526564769763866"
    },
    {
        "mid": "4526784950017354",
        "has_multimedia": 1,
        "comments_count": 0,
        "reposts_count": 0,
        "attitudes_count": 0,
        "t": "1594753097000",
        "text": "心塞",
        "uid": "3915131215/",
        "followers_count": "55",
        "statuses_count": "5659",
        "verified": 0,
        "user_created_at": "2013-11-23",
        "has_description": 0,
        "parent": "4526564769763866"
    }
]