[
    {
        "mid": "4526564802447153",
        "has_multimedia": 1,
        "comments_count": 98,
        "reposts_count": 28,
        "attitudes_count": 1053,
        "t": "1594700611000",
        "text": "网友投稿 ​​​​",
        "uid": "6064752668/",
        "followers_count": "288488",
        "statuses_count": "7450",
        "verified": 0,
        "user_created_at": "2016-11-06",
        "has_description": 1,
        "parent": "0"
    },
    {
        "mid": "4527404305875153",
        "has_multimedia": 1,
        "comments_count": 0,
        "reposts_count": 0,
        "attitudes_count": 0,
        "t": "1594900763000",
        "text": "转发微博",
        "uid": "1936969325/",
        "followers_count": "203",
        "statuses_count": "8443",
        "verified": 0,
        "user_created_at": "2011-01-28",
        "has_description": 1,
        "parent": "4526564802447153"
    },
    {
        "mid": "4526873932272149",
        "has_multimedia": 1,
        "comments_count": 0,
        "reposts_count": 0,
        "attitudes_count": 0,
        "t": "1594774313000",
        "text": "转发微博",
        "uid": "5205041360/",
        "followers_count": "10",
        "statuses_count": "2594",
        "verified": 0,
        "user_created_at": "2014-07-05",
        "has_description": 0,
        "parent": "4526564802447153"
    },
    {
        "mid": "4526785515585588",
        "has_multimedia": 1,
        "comments_count": 0,
        "reposts_count": 0,
        "attitudes_count": 0,
        "t": "1594753233000",
        "text": "转发微博",
        "uid": "3633695784/",
        "followers_count": "82",
        "statuses_count": "25136",
        "verified": 0,
        "user_created_at": "2013-07-17",
        "has_description": 1,
        "parent": "4526564802447153"
    }
]