[
    {
        "mid": "4526565189472410",
        "has_multimedia": 1,
        "comments_count": 1200,
        "reposts_count": 2109,
        "attitudes_count": 41098,
        "t": "1594700703000",
        "text": "【#98年洪灾获救男孩成为抗洪战士#】“1998年，洪水淹没了我的家乡，幸亏救援官兵及时赶到，把我们全家送到安置点。如今我成为一名武警战士，要守护家乡！”江西鄱阳湖水位已超1998年，武警江西总队官兵全力抗洪。曾经年少的他们，如今穿上迷彩奋战，守护一方百姓的平安。L央视军事的微博视频 ​​​​",
        "uid": "2803301701/",
        "followers_count": "119761225",
        "statuses_count": "120510",
        "verified": 1,
        "has_description": 1,
        "parent": "0",
        "user_created_at": "2012-07-22"
    },
    {
        "mid": "4526607673064278",
        "has_multimedia": 1,
        "comments_count": 40,
        "reposts_count": 23,
        "attitudes_count": 259,
        "t": "1594710832000",
        "text": "//@北极星少女-姜贞羽:曾经那个少年也成为了英雄#98年洪灾获救男孩成为抗洪战士#",
        "uid": "2621678411/",
        "followers_count": "4042962",
        "statuses_count": "12955",
        "verified": 1,
        "user_created_at": "2012-02-18",
        "has_description": 1,
        "parent": "4526565189472410"
    },
    {
        "mid": "4526909122286997",
        "has_multimedia": 1,
        "comments_count": 40,
        "reposts_count": 23,
        "attitudes_count": 259,
        "t": "1594710780000",
        "text": "//@北极星少女-姜贞羽:曾经那个少年也成为了英雄#98年洪灾获救男孩成为抗洪战士#",
        "uid": "5629410310/",
        "followers_count": "204",
        "statuses_count": "982",
        "verified": 0,
        "user_created_at": "2015-06-13",
        "has_description": 1,
        "parent": "4526607673064278"
    },
    {
        "mid": "4526894069174326",
        "has_multimedia": 1,
        "comments_count": 0,
        "reposts_count": 0,
        "attitudes_count": 0,
        "t": "1594779113000",
        "text": "长大后我就成了你//@钢小侠://@北极星少女-姜贞羽:曾经那个少年也成为了英雄#98年洪灾获救男孩成为抗洪战士#",
        "uid": "7366783613/",
        "followers_count": "316",
        "statuses_count": "48",
        "verified": 0,
        "user_created_at": "2020-01-03",
        "has_description": 0,
        "parent": "4526607673064278"
    },
    {
        "mid": "4526881157785307",
        "has_multimedia": 1,
        "comments_count": 0,
        "reposts_count": 0,
        "attitudes_count": 0,
        "t": "1594776035000",
        "text": "好样的//@钢小侠://@北极星少女-姜贞羽:曾经那个少年也成为了英雄#98年洪灾获救男孩成为抗洪战士#",
        "uid": "5225340454/",
        "followers_count": "749",
        "statuses_count": "8512",
        "verified": 0,
        "user_created_at": "2014-07-20",
        "has_description": 1,
        "parent": "4526607673064278"
    },
    {
        "mid": "4526842097236511",
        "has_multimedia": 1,
        "comments_count": 0,
        "reposts_count": 0,
        "attitudes_count": 0,
        "t": "1594766723000",
        "text": "//@钢小侠://@北极星少女-姜贞羽:曾经那个少年也成为了英雄",
        "uid": "5234586361/",
        "followers_count": "420",
        "statuses_count": "9369",
        "verified": 0,
        "user_created_at": "2014-07-28",
        "has_description": 1,
        "parent": "4526607673064278"
    },
    {
        "mid": "4526731647600042",
        "has_multimedia": 1,
        "comments_count": 0,
        "reposts_count": 0,
        "attitudes_count": 0,
        "t": "1594740389000",
        "text": "//@钢小侠://@北极星少女-姜贞羽:曾经那个少年也成为了英雄#98年洪灾获救男孩成为抗洪战士#",
        "uid": "5499621764/",
        "followers_count": "2250",
        "statuses_count": "9865",
        "verified": 1,
        "user_created_at": "2015-01-28",
        "has_description": 1,
        "parent": "4526607673064278"
    },
    {
        "mid": "4526709837249810",
        "has_multimedia": 1,
        "comments_count": 0,
        "reposts_count": 0,
        "attitudes_count": 0,
        "t": "1594735189000",
        "text": "真的是应了那句话  长大后我就成了你//@钢小侠://@北极星少女-姜贞羽:曾经那个少年也成为了英雄#98年洪灾获救男孩成为抗洪战士#",
        "uid": "5421932175/",
        "followers_count": "71",
        "statuses_count": "970",
        "verified": 0,
        "user_created_at": "2014-12-15",
        "has_description": 1,
        "parent": "4526607673064278"
    },
    {
        "mid": "4526680431843389",
        "has_multimedia": 1,
        "comments_count": 0,
        "reposts_count": 0,
        "attitudes_count": 0,
        "t": "1594728179000",
        "text": "@钢小侠://@北极星少女-姜贞羽:曾经那个少年也成为了英雄#98年洪灾获救男孩成为抗洪战士#",
        "uid": "5234586361/",
        "followers_count": "420",
        "statuses_count": "9369",
        "verified": 0,
        "user_created_at": "2014-07-28",
        "has_description": 1,
        "parent": "4526607673064278"
    },
    {
        "mid": "4526656029400426",
        "has_multimedia": 1,
        "comments_count": 0,
        "reposts_count": 0,
        "attitudes_count": 0,
        "t": "1594722361000",
        "text": "//@钢小侠://@北极星少女-姜贞羽:曾经那个少年也成为了英雄#98年洪灾获救男孩成为抗洪战士#",
        "uid": "3523163203/",
        "followers_count": "401",
        "statuses_count": "10343",
        "verified": 1,
        "user_created_at": "2013-06-10",
        "has_description": 1,
        "parent": "4526607673064278"
    },
    {
        "mid": "4527000348627942",
        "has_multimedia": 1,
        "comments_count": 40,
        "reposts_count": 23,
        "attitudes_count": 259,
        "t": "1594710780000",
        "text": "//@北极星少女-姜贞羽:曾经那个少年也成为了英雄#98年洪灾获救男孩成为抗洪战士#",
        "uid": "6540881002/",
        "followers_count": "581",
        "statuses_count": "14724",
        "verified": 0,
        "user_created_at": "2018-05-03",
        "has_description": 1,
        "parent": "4526565189472410"
    },
    {
        "mid": "4526956483287772",
        "has_multimedia": 1,
        "comments_count": 40,
        "reposts_count": 23,
        "attitudes_count": 259,
        "t": "1594710780000",
        "text": "//@北极星少女-姜贞羽:曾经那个少年也成为了英雄#98年洪灾获救男孩成为抗洪战士#",
        "uid": "7247179462/",
        "followers_count": "55",
        "statuses_count": "2118",
        "verified": 0,
        "user_created_at": "2019-07-21",
        "has_description": 1,
        "parent": "4526565189472410"
    },
    {
        "mid": "4526949587850799",
        "has_multimedia": 1,
        "comments_count": 0,
        "reposts_count": 0,
        "attitudes_count": 0,
        "t": "1594792350000",
        "text": "//@和谐双塘:转发微博",
        "uid": "6399189019/",
        "followers_count": "36",
        "statuses_count": "32664",
        "verified": 0,
        "user_created_at": "2017-10-30",
        "has_description": 0,
        "parent": "4526565189472410"
    },
    {
        "mid": "4526939031315214",
        "has_multimedia": 1,
        "comments_count": 0,
        "reposts_count": 0,
        "attitudes_count": 0,
        "t": "1594789834000",
        "text": "转发微博",
        "uid": "6972208755/",
        "followers_count": "15",
        "statuses_count": "154",
        "verified": 0,
        "user_created_at": "2019-01-24",
        "has_description": 0,
        "parent": "4526565189472410"
    },
    {
        "mid": "4526926813310521",
        "has_multimedia": 1,
        "comments_count": 0,
        "reposts_count": 0,
        "attitudes_count": 0,
        "t": "1594786921000",
        "text": "精神传承，点赞",
        "uid": "1181746521/",
        "followers_count": "58",
        "statuses_count": "1001",
        "verified": 0,
        "user_created_at": "2013-08-14",
        "has_description": 0,
        "parent": "4526565189472410"
    }
]