[
    {
        "mid": "4526567684010433",
        "has_multimedia": 1,
        "comments_count": 286,
        "reposts_count": 638,
        "attitudes_count": 306,
        "t": "1594701298000",
        "text": "#小孩被挂峭壁上拍照#【#官方回应小孩被挂峭壁上拍照#：相关部门已加强巡逻】7月12日，有网友爆料在北京房山红井路公路旁，一大人把孩子挂在峭壁上，双手拉着孩子拍照，引发网友热议。视频显示，孩子悬空峭壁的外面，摇摇欲坠十分危险。13日，记者从房山区宣传部了解到，当地已对此采取相关措施。（封面新闻）L封面新闻的微博视频 2北京 #北京身边事#",
        "uid": "2952435102/",
        "followers_count": "4847299",
        "statuses_count": "16661",
        "verified": 1,
        "user_created_at": "2012-08-16",
        "has_description": 1,
        "parent": "0"
    },
    {
        "mid": "4526568657694987",
        "has_multimedia": 1,
        "comments_count": 102,
        "reposts_count": 108,
        "attitudes_count": 2,
        "t": "1594701529000",
        "text": "官方回应北京一小孩被挂峭壁上拍照：相关部门已加强巡逻！",
        "uid": "2143399741/",
        "followers_count": "1213807",
        "statuses_count": "15110",
        "verified": 1,
        "user_created_at": "2011-05-26",
        "has_description": 1,
        "parent": "4526567684010433"
    },
    {
        "mid": "4526582885429169",
        "has_multimedia": 1,
        "comments_count": 0,
        "reposts_count": 0,
        "attitudes_count": 0,
        "t": "1594704922000",
        "text": "看得我心惊肉跳的",
        "uid": "6834831926/",
        "followers_count": "33",
        "statuses_count": "183",
        "verified": 0,
        "user_created_at": "2018-11-11",
        "has_description": 0,
        "parent": "4526567684010433"
    }
]