[
    {
        "mid": "4526568716326501",
        "has_multimedia": 1,
        "comments_count": 524,
        "reposts_count": 1185,
        "attitudes_count": 2205,
        "t": "1594701543000",
        "text": "【美媒：#特朗普上任3年半说谎超2万次#】《华盛顿邮报》7月13日报道，特朗普担任美国总统以来已累计发表虚假或误导性的言论超过20000次。在疫情期间，特朗普在几个月内就发表了一千多次虚假或误导性言论。（视频来源：CBC Washington Post MSNBC Today）°美媒：特朗普上任3年半说谎超2万次 L澎湃新闻的微博视频 ​​​​",
        "uid": "5044281310/",
        "followers_count": "24899886",
        "statuses_count": "69701",
        "verified": 1,
        "has_description": 1,
        "parent": "0",
        "user_created_at": "2012-01-01"
    },
    {
        "mid": "4527112486392364",
        "has_multimedia": 1,
        "comments_count": 0,
        "reposts_count": 0,
        "attitudes_count": 0,
        "t": "1594831189000",
        "text": "转发微博",
        "uid": "1939562142/",
        "followers_count": "96",
        "statuses_count": "142",
        "verified": 0,
        "user_created_at": "2011-02-15",
        "has_description": 1,
        "parent": "4526568716326501"
    },
    {
        "mid": "4527025462806339",
        "has_multimedia": 1,
        "comments_count": 0,
        "reposts_count": 0,
        "attitudes_count": 0,
        "t": "1594810440000",
        "text": "不愧是你阿川",
        "uid": "6658571528/",
        "followers_count": "10",
        "statuses_count": "23",
        "verified": 0,
        "user_created_at": "2018-08-24",
        "has_description": 1,
        "parent": "4526568716326501"
    }
]