[
    {
        "mid": "4526569144787310",
        "has_multimedia": 1,
        "comments_count": 211,
        "reposts_count": 93,
        "attitudes_count": 400,
        "t": "1594701646000",
        "text": "好的，这就去塔克拉玛干买地去；多年后一定可以成为超越北上广深的存在。 ​​​​",
        "uid": "3808007273/",
        "followers_count": "3447842",
        "statuses_count": "43852",
        "verified": 1,
        "user_created_at": "2013-09-20",
        "has_description": 1,
        "parent": "0"
    },
    {
        "mid": "4527013577461206",
        "has_multimedia": 1,
        "comments_count": 8,
        "reposts_count": 51,
        "attitudes_count": 7,
        "t": "1594807606000",
        "text": "太有道理了",
        "uid": "1540883530/",
        "followers_count": "31434",
        "statuses_count": "11801",
        "verified": 1,
        "user_created_at": "2011-02-09",
        "has_description": 1,
        "parent": "4526569144787310"
    },
    {
        "mid": "4527090060238341",
        "has_multimedia": 1,
        "comments_count": 0,
        "reposts_count": 0,
        "attitudes_count": 0,
        "t": "1594825842000",
        "text": "哈哈哈哈哈哈这是什么逻辑鬼才//@于赓哲 :我一看，早在我黑名单里躺着，说明我拉黑的水平还是可以的//@北条早苗 :太有道理了",
        "uid": "3254818190/",
        "followers_count": "258",
        "statuses_count": "2020",
        "verified": 1,
        "user_created_at": "2013-04-11",
        "has_description": 0,
        "parent": "4527013577461206"
    },
    {
        "mid": "4527089660727691",
        "has_multimedia": 1,
        "comments_count": 0,
        "reposts_count": 0,
        "attitudes_count": 0,
        "t": "1594825747000",
        "text": "//@于赓哲:我一看，早在我黑名单里躺着，说明我拉黑的水平还是可以的//@北条早苗:太有道理了",
        "uid": "1685402790/",
        "followers_count": "2281",
        "statuses_count": "92124",
        "verified": 0,
        "user_created_at": "2010-01-22",
        "has_description": 0,
        "parent": "4527013577461206"
    },
    {
        "mid": "4527088750561866",
        "has_multimedia": 1,
        "comments_count": 0,
        "reposts_count": 0,
        "attitudes_count": 0,
        "t": "1594825529000",
        "text": "哈哈哈//@于赓哲:我一看，早在我黑名单里躺着，说明我拉黑的水平还是可以的//@北条早苗:太有道理了",
        "uid": "1652296050/",
        "followers_count": "324",
        "statuses_count": "9089",
        "verified": 0,
        "user_created_at": "2009-10-08",
        "has_description": 0,
        "parent": "4527013577461206"
    },
    {
        "mid": "4527274461760518",
        "has_multimedia": 1,
        "comments_count": 0,
        "reposts_count": 0,
        "attitudes_count": 0,
        "t": "1594869806000",
        "text": "那你们都去吧我来替你们坚守第一道防线！//@于赓哲: 我一看，早在我黑名单里躺着，说明我拉黑的水平还是可以的//@北条早苗:太有道理了",
        "uid": "5374187496/",
        "followers_count": "6",
        "statuses_count": "3852",
        "verified": 0,
        "user_created_at": "2014-11-16",
        "has_description": 1,
        "parent": "4526569144787310"
    },
    {
        "mid": "4527122020567949",
        "has_multimedia": 1,
        "comments_count": 0,
        "reposts_count": 0,
        "attitudes_count": 0,
        "t": "1594833462000",
        "text": "人早晚都要死，在天堂买房最保险//@贫道张胖子:去青藏高原买房还靠谱点，起码能预防全球水位上涨//@早期文明比较研究工作坊 :我外婆之前在山里的老厂屯了好多生活物资，她说等打仗了我们家还得从武汉撤回去//@于赓哲 :我一看，早在我黑名单里躺着，说明我拉黑的水平还是可以的//",
        "uid": "3958315942/",
        "followers_count": "109",
        "statuses_count": "11417",
        "verified": 0,
        "user_created_at": "2013-12-28",
        "has_description": 1,
        "parent": "4526569144787310"
    }
]