[
    {
        "mid": "4526569090056711",
        "has_multimedia": 1,
        "comments_count": 606,
        "reposts_count": 1348,
        "attitudes_count": 3358,
        "t": "1594701633000",
        "text": "【转发帮扩！#南昌新建致信在外乡亲返乡抗洪#】连日来，受上游来水、鄱阳湖顶托和连续强降雨的影响，南昌新建滨湖地区水位快速上涨，多个站点水位创历史新高。13日，南昌新建防汛抗旱指挥部发布《致新建区广大人民群众的一封信》，号召全区父老乡亲和在外奋斗的乡梓们，立即集结、迅速行动，投入到抗洪抢险一线。O网页链接",
        "uid": "2803301701/",
        "followers_count": "119784556",
        "statuses_count": "120547",
        "verified": 1,
        "has_description": 1,
        "parent": "0",
        "user_created_at": "2012-07-22"
    },
    {
        "mid": "4526570407244529",
        "has_multimedia": 1,
        "comments_count": 1,
        "reposts_count": 79,
        "attitudes_count": 19,
        "t": "1594701947000",
        "text": "大家关注一下！",
        "uid": "3655831647/",
        "followers_count": "80169",
        "statuses_count": "18244",
        "verified": 1,
        "user_created_at": "2013-11-29",
        "has_description": 1,
        "parent": "4526569090056711"
    },
    {
        "mid": "4526570943151570",
        "has_multimedia": 1,
        "comments_count": 3,
        "reposts_count": 64,
        "attitudes_count": 63,
        "t": "1594702075000",
        "text": "转首页，关注！//@营养不可缺少:大家关注一下！",
        "uid": "2542121925/",
        "followers_count": "120890",
        "statuses_count": "9963",
        "verified": 1,
        "user_created_at": "2013-08-06",
        "has_description": 1,
        "parent": "4526570407244529"
    },
    {
        "mid": "4526871960352252",
        "has_multimedia": 1,
        "comments_count": 0,
        "reposts_count": 2,
        "attitudes_count": 0,
        "t": "1594773842000",
        "text": "//@吃瓜不可错过:转首页，关注！//@营养不可缺少:大家关注一下！",
        "uid": "2674538655/",
        "followers_count": "1469",
        "statuses_count": "10125",
        "verified": 0,
        "user_created_at": "2012-11-29",
        "has_description": 1,
        "parent": "4526570943151570"
    },
    {
        "mid": "4526832621642496",
        "has_multimedia": 1,
        "comments_count": 0,
        "reposts_count": 0,
        "attitudes_count": 0,
        "t": "1594764464000",
        "text": "//@吃瓜不可错过:转首页，关注！//@营养不可缺少:大家关注一下！",
        "uid": "6235060752/",
        "followers_count": "10",
        "statuses_count": "989",
        "verified": 0,
        "user_created_at": "2017-05-06",
        "has_description": 0,
        "parent": "4526570943151570"
    },
    {
        "mid": "4526732898752010",
        "has_multimedia": 1,
        "comments_count": 0,
        "reposts_count": 0,
        "attitudes_count": 0,
        "t": "1594740688000",
        "text": "//@吃瓜不可错过: 转首页，关注！//@营养不可缺少:大家关注一下！",
        "uid": "6233987897/",
        "followers_count": "6",
        "statuses_count": "529",
        "verified": 0,
        "user_created_at": "2017-05-09",
        "has_description": 0,
        "parent": "4526570943151570"
    },
    {
        "mid": "4526933889885566",
        "has_multimedia": 1,
        "comments_count": 0,
        "reposts_count": 1,
        "attitudes_count": 0,
        "t": "1594788540000",
        "text": "🙏//@逍遥小茜茜://@吃瓜不可错过:转首页，关注！//@营养不可缺少:大家关注一下！",
        "uid": "5717430977/",
        "followers_count": "271",
        "statuses_count": "3355",
        "verified": 0,
        "user_created_at": "2015-10-04",
        "has_description": 1,
        "parent": "4526570407244529"
    },
    {
        "mid": "4526933696683328",
        "has_multimedia": 1,
        "comments_count": 0,
        "reposts_count": 1,
        "attitudes_count": 0,
        "t": "1594788562000",
        "text": "🙏//@逍遥小茜茜://@吃瓜不可错过:转首页，关注！//@营养不可缺少:大家关注一下！",
        "uid": "2216582613/",
        "followers_count": "710",
        "statuses_count": "17986",
        "verified": 1,
        "user_created_at": "2011-07-04",
        "has_description": 1,
        "parent": "4526570407244529"
    }
]