[
    {
        "mid": "4526569693745127",
        "has_multimedia": 1,
        "comments_count": 963,
        "reposts_count": 120,
        "attitudes_count": 8421,
        "t": "1594701777000",
        "text": "观点：发现小孩子有可能遇到危险应第一时间报警并在避免孩子受到惊吓的情况下进行救助，而不是先琢磨拍视频赚流量！拍不着孩子坠楼就改做道德婊？细思极恐。不能排除拍摄者意图拍摄到小孩儿坠楼视频以博眼球的恶意！为啥不去谴责物业公司管理疏漏、不去谴责监护人未尽义务，而去抹黑孩子的权利意识？常识：一个正常社会要把孩子当孩子，把成年人当成年人。流氓逻辑：因为成年人（家长）没有看好孩子、成年人（物业）没有管理好楼顶天台、成年人（拍摄、传播）没有尊重未成年人的人格尊严和隐私，所以要谴责未成年人。#隐秘的角落##天台蓝衣服女孩#L燃新闻的秒拍视频",
        "uid": "1222221682/",
        "followers_count": "1574451",
        "statuses_count": "30449",
        "verified": 1,
        "user_created_at": "2009-11-05",
        "has_description": 1,
        "parent": "0"
    },
    {
        "mid": "4526570263732605",
        "has_multimedia": 1,
        "comments_count": 9,
        "reposts_count": 33,
        "attitudes_count": 4,
        "t": "1594701912000",
        "text": "我赞同这样的观点。",
        "uid": "2937067297/",
        "followers_count": "25708",
        "statuses_count": "17321",
        "verified": 1,
        "user_created_at": "2012-09-02",
        "has_description": 1,
        "parent": "4526569693745127"
    },
    {
        "mid": "4527149657096655",
        "has_multimedia": 1,
        "comments_count": 0,
        "reposts_count": 0,
        "attitudes_count": 0,
        "t": "1594840051000",
        "text": "//@芥末开门2020:网暴女孩，潜意识里是因为她不仅不逊顺，还敢反抗和攻击大人。大人权威被挑战，就用铁拳打倒小孩。这是我们日常秩序的一部分。//@干净么食安:这也是我第一时间的认知。除非有更多的证据，我不会把这个小女孩子想的很恶。//@小璐10:这么大的小孩调皮，追求新奇刺激好玩，安全意识很弱。",
        "uid": "2778465364/",
        "followers_count": "226",
        "statuses_count": "1119",
        "verified": 0,
        "user_created_at": "2012-05-25",
        "has_description": 1,
        "parent": "4526570263732605"
    },
    {
        "mid": "4526922149502024",
        "has_multimedia": 1,
        "comments_count": 0,
        "reposts_count": 0,
        "attitudes_count": 0,
        "t": "1594785809000",
        "text": "蓝衣女威胁了另外两个孩子的生命//@牙医妈妈在德国:很多成年人，自己做人都做不好，却一天到晚要求“完美”且“听话”的小孩。 就是因为他们要从孩子的“驯服”来体现自己的“高位”。  //@芥末开门2020:网暴女孩，潜意识里是因为她不仅不逊顺，还敢反抗和攻击大人。大人权威被挑战，就用铁拳打倒小孩",
        "uid": "6193881941/",
        "followers_count": "53",
        "statuses_count": "3842",
        "verified": 0,
        "user_created_at": "2017-04-04",
        "has_description": 1,
        "parent": "4526570263732605"
    },
    {
        "mid": "4526857867128492",
        "has_multimedia": 1,
        "comments_count": 7,
        "reposts_count": 14,
        "attitudes_count": 43,
        "t": "1594709040000",
        "text": "网暴女孩，潜意识里是因为她不仅不逊顺，还敢反抗和攻击大人。大人权威被挑战，就用铁拳打倒小孩。这是我们日常秩序的一部分。//@干净么食安:这也是我第一时间的认知。除非有更多的证据，我不会把这个小女孩子想的很恶。//@小璐10:这么大的小孩子调皮的很，追求新奇刺激好玩，安全意识很弱。",
        "uid": "2527947162/",
        "followers_count": "252",
        "statuses_count": "13466",
        "verified": 0,
        "user_created_at": "2011-11-11",
        "has_description": 0,
        "parent": "4526570263732605"
    },
    {
        "mid": "4527385225728094",
        "has_multimedia": 1,
        "comments_count": 0,
        "reposts_count": 0,
        "attitudes_count": 0,
        "t": "1594896215000",
        "text": "要是我我也会第一时间拿手机拍的，为的就是防止你这种泼脏水的人！",
        "uid": "6338835202/",
        "followers_count": "179",
        "statuses_count": "855",
        "verified": 0,
        "user_created_at": "2017-10-14",
        "has_description": 1,
        "parent": "4526569693745127"
    },
    {
        "mid": "4527380074607121",
        "has_multimedia": 1,
        "comments_count": 0,
        "reposts_count": 0,
        "attitudes_count": 0,
        "t": "1594894987000",
        "text": "@草原上的陈冠希",
        "uid": "2382560375/",
        "followers_count": "1747",
        "statuses_count": "36",
        "verified": 0,
        "user_created_at": "2011-09-26",
        "has_description": 1,
        "parent": "4526569693745127"
    }
]