[
    {
        "mid": "4526585837772687",
        "has_multimedia": 1,
        "comments_count": 506,
        "reposts_count": 218,
        "attitudes_count": 3949,
        "t": "1594705626000",
        "text": "【正在直播：村庄被淹，#直击江西洪灾救援现场#】受暴雨洪灾影响，江西九江城门乡红旗村被淹没，搜救部队火速到达现场救援被困村民，@人民日报 联动@红星新闻 带你直击救援现场！ L人民日报的微博视频 . ​​​​",
        "uid": "2803301701/",
        "followers_count": "119763433",
        "statuses_count": "120515",
        "verified": 1,
        "has_description": 1,
        "parent": "0",
        "user_created_at": "2012-07-22"
    },
    {
        "mid": "4526907758605891",
        "has_multimedia": 1,
        "comments_count": 0,
        "reposts_count": 0,
        "attitudes_count": 0,
        "t": "1594782378000",
        "text": "转发微博",
        "uid": "7284555094/",
        "followers_count": "3",
        "statuses_count": "81",
        "verified": 0,
        "user_created_at": "2019-08-17",
        "has_description": 0,
        "parent": "4526585837772687"
    },
    {
        "mid": "4526896334231008",
        "has_multimedia": 1,
        "comments_count": 0,
        "reposts_count": 0,
        "attitudes_count": 0,
        "t": "1594779654000",
        "text": "转发微博",
        "uid": "5448230095/",
        "followers_count": "4469",
        "statuses_count": "45893",
        "verified": 0,
        "user_created_at": "2014-12-26",
        "has_description": 0,
        "parent": "4526585837772687"
    },
    {
        "mid": "4526847150939905",
        "has_multimedia": 1,
        "comments_count": 0,
        "reposts_count": 0,
        "attitudes_count": 0,
        "t": "1594767928000",
        "text": "转发微博",
        "uid": "7448134842/",
        "followers_count": "1",
        "statuses_count": "10",
        "verified": 0,
        "user_created_at": "2020-05-01",
        "has_description": 0,
        "parent": "4526585837772687"
    },
    {
        "mid": "4526844400234060",
        "has_multimedia": 1,
        "comments_count": 0,
        "reposts_count": 0,
        "attitudes_count": 0,
        "t": "1594767272000",
        "text": "转发微博",
        "uid": "5522859619/",
        "followers_count": "2374",
        "statuses_count": "82179",
        "verified": 0,
        "user_created_at": "2015-02-17",
        "has_description": 1,
        "parent": "4526585837772687"
    },
    {
        "mid": "4526843330424298",
        "has_multimedia": 1,
        "comments_count": 0,
        "reposts_count": 0,
        "attitudes_count": 0,
        "t": "1594767016000",
        "text": "愿平安",
        "uid": "6886066355/",
        "followers_count": "23",
        "statuses_count": "51",
        "verified": 0,
        "user_created_at": "2018-12-15",
        "has_description": 1,
        "parent": "4526585837772687"
    }
]