[
    {
        "mid": "4526569764258098",
        "has_multimedia": 1,
        "comments_count": 563,
        "reposts_count": 414,
        "attitudes_count": 10743,
        "t": "1594701793000",
        "text": "【师徒团聚#诈骗师徒先后被同一民警抓获#】近日，广东@佛山禅城公安 抓获一诈骗嫌疑人刘某。办案民警翻查其手机取证时，发现其有个“师父”，已在去年被抓获。刘某特地保存了“师父”被抓的新闻，想提醒自己“小心”。然而法网恢恢，抓获二人的正是同一位民警↓网友：一定是特别的缘分L广州日报的微博视频（视频@广州日报 ）",
        "uid": "2656274875/",
        "followers_count": "111905608",
        "statuses_count": "130386",
        "verified": 1,
        "has_description": 1,
        "parent": "0",
        "user_created_at": "2012-03-07"
    },
    {
        "mid": "4527251188883848",
        "has_multimedia": 1,
        "comments_count": 0,
        "reposts_count": 0,
        "attitudes_count": 0,
        "t": "1594864258000",
        "text": "监狱系统班再续师生之缘",
        "uid": "1991212545/",
        "followers_count": "117",
        "statuses_count": "111",
        "verified": 0,
        "user_created_at": "2011-02-25",
        "has_description": 1,
        "parent": "4526569764258098"
    },
    {
        "mid": "4526918268983792",
        "has_multimedia": 1,
        "comments_count": 0,
        "reposts_count": 0,
        "attitudes_count": 0,
        "t": "1594784883000",
        "text": "学生贷款平台相关案件，请赶快处理",
        "uid": "3516316247/",
        "followers_count": "64",
        "statuses_count": "154",
        "verified": 0,
        "user_created_at": "2013-06-05",
        "has_description": 1,
        "parent": "4526569764258098"
    }
]