[
    {
        "mid": "4526586555235092",
        "has_multimedia": 1,
        "comments_count": 461,
        "reposts_count": 834,
        "attitudes_count": 768,
        "t": "1594705797000",
        "text": "【美舞蹈演员仓库里跳“月球漫步” 动作似行云流水】近日，美国舞蹈演员Javier Romero分享了一段极其流畅的“月球漫步”动作，被网友们称为“有史以来最流畅的”。哈维尔身穿黑色夹克和牛仔裤，搭配一双白色运动鞋。他毫不费力地在地板上滑动，进行一系列的转身和慢动作，展示着让人难以置信的花式步法。视频发布后，有网友留言说：他的鞋上有轮子吗？L环视频的微博视频",
        "uid": "2196932955/",
        "followers_count": "3765466",
        "statuses_count": "7667",
        "verified": 1,
        "user_created_at": "2011-06-25",
        "has_description": 1,
        "parent": "0"
    },
    {
        "mid": "4526688388417981",
        "has_multimedia": 1,
        "comments_count": 0,
        "reposts_count": 0,
        "attitudes_count": 0,
        "t": "1594730076000",
        "text": "这个太靠谱了",
        "uid": "7479659668/",
        "followers_count": "2",
        "statuses_count": "47",
        "verified": 0,
        "user_created_at": "2020-07-12",
        "has_description": 0,
        "parent": "4526586555235092"
    },
    {
        "mid": "4526688353968633",
        "has_multimedia": 1,
        "comments_count": 0,
        "reposts_count": 0,
        "attitudes_count": 0,
        "t": "1594730068000",
        "text": "转发微博",
        "uid": "7479506372/",
        "followers_count": "2",
        "statuses_count": "48",
        "verified": 0,
        "user_created_at": "2020-07-12",
        "has_description": 0,
        "parent": "4526586555235092"
    },
    {
        "mid": "4526688321056944",
        "has_multimedia": 1,
        "comments_count": 0,
        "reposts_count": 0,
        "attitudes_count": 0,
        "t": "1594730060000",
        "text": "转发微博",
        "uid": "7479506372/",
        "followers_count": "2",
        "statuses_count": "48",
        "verified": 0,
        "user_created_at": "2020-07-12",
        "has_description": 0,
        "parent": "4526586555235092"
    }
]