[
    {
        "mid": "4526570540699478",
        "has_multimedia": 1,
        "comments_count": 215,
        "reposts_count": 187,
        "attitudes_count": 1258,
        "t": "1594701979000",
        "text": "【集结！出发！2000多名人民子弟兵驰援九江】皖东腹地某野外驻训场，第71集团军某合成旅2000多名官兵，跨省机动，驰援江西九江抗洪一线！网友：是你们给了大家安全感，请平安归来！L央视军事的微博视频 ​​​ ​​​​",
        "uid": "5467852665/",
        "followers_count": "11356586",
        "statuses_count": "23837",
        "verified": 1,
        "has_description": 1,
        "parent": "0",
        "user_created_at": "2015-01-09"
    },
    {
        "mid": "4526965618483970",
        "has_multimedia": 1,
        "comments_count": 0,
        "reposts_count": 0,
        "attitudes_count": 0,
        "t": "1594796173000",
        "text": "一定要平平安安",
        "uid": "3586160015/",
        "followers_count": "42",
        "statuses_count": "4398",
        "verified": 0,
        "user_created_at": "2013-07-05",
        "has_description": 0,
        "parent": "4526570540699478"
    },
    {
        "mid": "4526807916997015",
        "has_multimedia": 1,
        "comments_count": 0,
        "reposts_count": 3,
        "attitudes_count": 0,
        "t": "1594758573000",
        "text": "转发微博",
        "uid": "2812969717/",
        "followers_count": "1313565",
        "statuses_count": "131505",
        "verified": 1,
        "user_created_at": "2012-07-31",
        "has_description": 1,
        "parent": "4526570540699478"
    },
    {
        "mid": "4526724693539293",
        "has_multimedia": 1,
        "comments_count": 0,
        "reposts_count": 0,
        "attitudes_count": 1,
        "t": "1594738731000",
        "text": "请务必要回来，一个都不能少。",
        "uid": "7417051814/",
        "followers_count": "1066",
        "statuses_count": "156",
        "verified": 0,
        "user_created_at": "2020-03-21",
        "has_description": 1,
        "parent": "4526570540699478"
    }
]