[
    {
        "mid": "4526586999374315",
        "has_multimedia": 1,
        "comments_count": 146,
        "reposts_count": 18,
        "attitudes_count": 662,
        "t": "1594705903000",
        "text": "港府终于聘用内地公司来检测病毒检测过程都在香港，每次300元香港华大基因研发中心，总部在大埔工业邨。据内地媒体报道，华大基因营运的“火眼实验室”已在北京、武汉、深圳及天津等13个城市启动，每日检测量达16万人次。中国检验认证集团，其下属的国检(澳门)卫生检测有限公司，自5月7日起承办为澳门居民、外地顾员等提供病毒检测服务，截至7月3日，该公司已在澳门完成10万人次的检测工作，日检测量1800次。",
        "uid": "1760189314/",
        "followers_count": "1047106",
        "statuses_count": "16619",
        "verified": 1,
        "user_created_at": "2010-06-15",
        "has_description": 1,
        "parent": "0"
    },
    {
        "mid": "4527176429076875",
        "has_multimedia": 1,
        "comments_count": 0,
        "reposts_count": 0,
        "attitudes_count": 0,
        "t": "1594846434000",
        "text": "转发微博",
        "uid": "6982844450/",
        "followers_count": "8",
        "statuses_count": "1142",
        "verified": 0,
        "user_created_at": "2019-02-03",
        "has_description": 1,
        "parent": "4526586999374315"
    },
    {
        "mid": "4526966378696857",
        "has_multimedia": 1,
        "comments_count": 0,
        "reposts_count": 0,
        "attitudes_count": 1,
        "t": "1594796353000",
        "text": "我觉得不放心的可以自己掏钱去做2000块的本港检测。你有不放心的自由，但是不能绑架全体纳税人为你的不放心多花钱，或者绑架的士司机、清洁工这些需要检测的人多花钱。谁反对，谁买单。business is business",
        "uid": "2260093211/",
        "followers_count": "120",
        "statuses_count": "521",
        "verified": 0,
        "user_created_at": "2011-07-20",
        "has_description": 1,
        "parent": "4526586999374315"
    }
]