[
    {
        "mid": "4526587020583006",
        "has_multimedia": 1,
        "comments_count": 425,
        "reposts_count": 1168,
        "attitudes_count": 3886,
        "t": "1594705908000",
        "text": "【转发提醒！#世卫提示洪涝后如何保护健康#：#丢弃与洪水接触的食物#】发生洪涝，如何保护自己和家人安全？@世界卫生组织 提示，洪涝可能会增加水和病媒传播疾病的传播。建议：①将所有饮用水和准备食物的水氯化或煮沸；②#世卫组织提示勿用洪水洗碗洗漱#和准备食物；③丢弃与洪水接触的所有食物…戳↓ ​​​​",
        "uid": "2803301701/",
        "followers_count": "119784173",
        "statuses_count": "120546",
        "verified": 1,
        "has_description": 1,
        "parent": "0",
        "user_created_at": "2012-07-22"
    },
    {
        "mid": "4526647103374216",
        "has_multimedia": 1,
        "comments_count": 17,
        "reposts_count": 48,
        "attitudes_count": 4,
        "t": "1594720233000",
        "text": "【转发提醒！#世卫提示洪涝后如何保护健康#：#丢弃与洪水接触的食物#】",
        "uid": "2096558565/",
        "followers_count": "931584",
        "statuses_count": "43784",
        "verified": 1,
        "has_description": 1,
        "parent": "4526587020583006",
        "user_created_at": "2011-04-20"
    },
    {
        "mid": "4527257323840254",
        "has_multimedia": 1,
        "comments_count": 0,
        "reposts_count": 0,
        "attitudes_count": 0,
        "t": "1594865721000",
        "text": "//@月牙湖在线: //@秦淮发布:【转发提醒！#世卫提示洪涝后如何保护健康#：#丢弃与洪水接触的食物#】",
        "uid": "5969427459/",
        "followers_count": "745",
        "statuses_count": "95718",
        "verified": 1,
        "has_description": 1,
        "parent": "4526647103374216",
        "user_created_at": "2016-06-24"
    },
    {
        "mid": "4527245731301947",
        "has_multimedia": 1,
        "comments_count": 0,
        "reposts_count": 0,
        "attitudes_count": 0,
        "t": "1594862956000",
        "text": "//@秦淮发布: 【转发提醒！#世卫提示洪涝后如何保护健康#：#丢弃与洪水接触的食物#】",
        "uid": "5969427459/",
        "followers_count": "745",
        "statuses_count": "95718",
        "verified": 1,
        "has_description": 1,
        "parent": "4526647103374216",
        "user_created_at": "2016-06-24"
    },
    {
        "mid": "4527244397258021",
        "has_multimedia": 1,
        "comments_count": 0,
        "reposts_count": 0,
        "attitudes_count": 0,
        "t": "1594862639000",
        "text": "//@幸福夫子庙: //@秦淮发布: 【转发提醒！#世卫提示洪涝后如何保护健康#：#丢弃与洪水接触的食物#】",
        "uid": "2802232660/",
        "followers_count": "194",
        "statuses_count": "41284",
        "verified": 1,
        "has_description": 1,
        "parent": "4526647103374216",
        "user_created_at": "2012-05-11"
    },
    {
        "mid": "4526613952439890",
        "has_multimedia": 1,
        "comments_count": 0,
        "reposts_count": 22,
        "attitudes_count": 5,
        "t": "1594712329000",
        "text": "【转发提醒！#世卫提示洪涝后如何保护健康#：#丢弃与洪水接触的食物#】发生洪涝，如何保护自己和家人安全？建议：①将所有饮用水和准备食物的水氯化或煮沸；②#世卫组织提示勿用洪水洗碗洗漱#和准备食物；③丢弃与洪水接触的所有食物…",
        "uid": "1919688583/",
        "followers_count": "1888940",
        "statuses_count": "22876",
        "verified": 1,
        "has_description": 1,
        "parent": "4526587020583006",
        "user_created_at": "2012-01-01"
    },
    {
        "mid": "4526940856358839",
        "has_multimedia": 1,
        "comments_count": 0,
        "reposts_count": 22,
        "attitudes_count": 5,
        "t": "1594712280000",
        "text": "【转发提醒！#世卫提示洪涝后如何保护健康#：#丢弃与洪水接触的食物#】发生洪涝，如何保护自己和家人安全？建议：①将所有饮用水和准备食物的水氯化或煮沸；②#世卫组织提示勿用洪水洗碗洗漱#和准备食物；③丢弃与洪水接触的所有食物…",
        "uid": "2535067947/",
        "followers_count": "127",
        "statuses_count": "375",
        "verified": 0,
        "user_created_at": "2011-12-16",
        "has_description": 0,
        "parent": "4526613952439890"
    },
    {
        "mid": "4526873931190834",
        "has_multimedia": 1,
        "comments_count": 0,
        "reposts_count": 0,
        "attitudes_count": 0,
        "t": "1594774313000",
        "text": "//@长三角铁路: 【转发提醒！#世卫提示洪涝后如何保护健康#：#丢弃与洪水接触的食物#】发生洪涝，如何保护自己和家人安全？建议：①将所有饮用水和准备食物的水氯化或煮沸；②#世卫组织提示勿用洪水洗碗洗漱#和准备食物；③丢弃与洪水接触的所有食物…",
        "uid": "6366227582/",
        "followers_count": "5",
        "statuses_count": "49",
        "verified": 0,
        "user_created_at": "2017-09-16",
        "has_description": 0,
        "parent": "4526613952439890"
    },
    {
        "mid": "4526870186453728",
        "has_multimedia": 1,
        "comments_count": 0,
        "reposts_count": 22,
        "attitudes_count": 5,
        "t": "1594712280000",
        "text": "【转发提醒！#世卫提示洪涝后如何保护健康#：#丢弃与洪水接触的食物#】发生洪涝，如何保护自己和家人安全？建议：①将所有饮用水和准备食物的水氯化或煮沸；②#世卫组织提示勿用洪水洗碗洗漱#和准备食物；③丢弃与洪水接触的所有食物…",
        "uid": "3162032660/",
        "followers_count": "20351",
        "statuses_count": "9475",
        "verified": 1,
        "has_description": 1,
        "parent": "4526613952439890",
        "user_created_at": "2013-01-22"
    },
    {
        "mid": "4526602959085921",
        "has_multimedia": 1,
        "comments_count": 17,
        "reposts_count": 19,
        "attitudes_count": 9,
        "t": "1594709708000",
        "text": "#关注新冠肺炎# 【#世卫提示洪涝后如何保护健康#】#丢弃与洪水接触的食物##世卫组织提示勿用洪水洗碗洗漱#和准备食物",
        "uid": "5915215161/",
        "followers_count": "379087",
        "statuses_count": "72863",
        "verified": 1,
        "has_description": 1,
        "parent": "4526587020583006",
        "user_created_at": "2016-05-03"
    },
    {
        "mid": "4526997063179170",
        "has_multimedia": 1,
        "comments_count": 0,
        "reposts_count": 0,
        "attitudes_count": 0,
        "t": "1594803670000",
        "text": "//@重庆检察: #关注新冠肺炎# 【#世卫提示洪涝后如何保护健康#】#丢弃与洪水接触的食物##世卫组织提示勿用洪水洗碗洗漱#和准备食物",
        "uid": "2507581672/",
        "followers_count": "17782",
        "statuses_count": "5173",
        "verified": 1,
        "has_description": 1,
        "parent": "4526602959085921",
        "user_created_at": "2011-11-01"
    },
    {
        "mid": "4526907473386874",
        "has_multimedia": 1,
        "comments_count": 2,
        "reposts_count": 0,
        "attitudes_count": 0,
        "t": "1594782309000",
        "text": "#关注新冠肺炎# 【#世卫提示洪涝后如何保护健康#】",
        "uid": "5928571392/",
        "followers_count": "7417",
        "statuses_count": "46093",
        "verified": 1,
        "has_description": 1,
        "parent": "4526602959085921",
        "user_created_at": "2016-05-11"
    },
    {
        "mid": "4526880490866578",
        "has_multimedia": 1,
        "comments_count": 0,
        "reposts_count": 0,
        "attitudes_count": 0,
        "t": "1594775876000",
        "text": "//@重庆检察:#关注新冠肺炎# 【#世卫提示洪涝后如何保护健康#】#丢弃与洪水接触的食物##世卫组织提示勿用洪水洗碗洗漱#和准备食物",
        "uid": "3536775713/",
        "followers_count": "3240",
        "statuses_count": "16125",
        "verified": 1,
        "has_description": 1,
        "parent": "4526602959085921",
        "user_created_at": "2013-06-13"
    }
]