[
    {
        "mid": "4526571467492867",
        "has_multimedia": 1,
        "comments_count": 2065,
        "reposts_count": 1236,
        "attitudes_count": 33610,
        "t": "1594702200000",
        "text": "【#成都14岁女生之死# 其母：女儿看到小区有人跳楼时笑了，回家后不到10秒就跳楼了】6月28日，四川成都发生一起坠楼事件，14岁女孩祝小小（化名）从自家11楼坠亡。其母亲告诉记者，当晚，她和小小进入小区，看到旁边一单元有人坠楼。路过时小小笑了一声。谁知一进家门，小小便朝客厅窗户走去，踩上凳子跳楼身亡。朱琴华称，女儿生前曾遭到成都一企业老板，46岁邱某的伤害。2019年8月，女儿第一次被胁迫与邱某发生关系时还未满14岁。L七环视频的微博视频",
        "uid": "2028810631/",
        "followers_count": "31316658",
        "statuses_count": "65946",
        "verified": 1,
        "has_description": 1,
        "parent": "0",
        "user_created_at": "2012-01-01"
    },
    {
        "mid": "4526669874829757",
        "has_multimedia": 1,
        "comments_count": 0,
        "reposts_count": 58,
        "attitudes_count": 0,
        "t": "1594725662000",
        "text": "在这些人眼里生命如同蝼蚁希望这种社会毒虫可以麻利的去死一死小姑娘本来可以看到很多美好的风景与人事",
        "uid": "5506412069/",
        "followers_count": "67",
        "statuses_count": "2116",
        "verified": 0,
        "user_created_at": "2015-02-02",
        "has_description": 1,
        "parent": "4526571467492867"
    },
    {
        "mid": "4526884253883938",
        "has_multimedia": 1,
        "comments_count": 1,
        "reposts_count": 17,
        "attitudes_count": 6,
        "t": "1594731840000",
        "text": "操。//@嘤嘤嘤哭泣的小绵羊:裆底下那二两肉真的可以把人类变成畜生吗//@披上马甲来看你:在这些人眼里生命如同蝼蚁希望这种社会毒虫可以麻利的去死一死小姑娘本来可以看到很多美好的风景与人事",
        "uid": "5730779715/",
        "followers_count": "10",
        "statuses_count": "11062",
        "verified": 0,
        "user_created_at": "2015-10-18",
        "has_description": 1,
        "parent": "4526669874829757"
    },
    {
        "mid": "4526882840746095",
        "has_multimedia": 1,
        "comments_count": 0,
        "reposts_count": 0,
        "attitudes_count": 0,
        "t": "1594776436000",
        "text": "//@嘤嘤嘤哭泣的小绵羊:裆底下那二两肉真的可以把人类变成畜生吗//@披上马甲来看你:在这些人眼里生命如同蝼蚁希望这种社会毒虫可以麻利的去死一死小姑娘本来可以看到很多美好的风景与人事",
        "uid": "3989624446/",
        "followers_count": "95",
        "statuses_count": "6649",
        "verified": 0,
        "user_created_at": "2014-01-22",
        "has_description": 1,
        "parent": "4526669874829757"
    },
    {
        "mid": "4526882190703146",
        "has_multimedia": 1,
        "comments_count": 0,
        "reposts_count": 0,
        "attitudes_count": 0,
        "t": "1594776282000",
        "text": "//@夏小天M:好歹让那男的入个狱吧。但我记得有规定是对方必须得“清楚对方未满14岁”//@嘤嘤嘤哭泣的小绵羊: 裆底下那二两肉真的可以把人类变成畜生吗//@披上马甲来看你:在这些人眼里生命如同蝼蚁希望这种社会毒虫可以麻利的去死一死小姑娘本来可以看到很多美好的风景与人事",
        "uid": "2876768841/",
        "followers_count": "279",
        "statuses_count": "6002",
        "verified": 0,
        "user_created_at": "2012-07-08",
        "has_description": 1,
        "parent": "4526669874829757"
    },
    {
        "mid": "4526880616716815",
        "has_multimedia": 1,
        "comments_count": 0,
        "reposts_count": 0,
        "attitudes_count": 0,
        "t": "1594775906000",
        "text": "//@嘤嘤嘤哭泣的小绵羊: 裆底下那二两肉真的可以把人类变成畜生吗//@披上马甲来看你:在这些人眼里生命如同蝼蚁希望这种社会毒虫可以麻利的去死一死小姑娘本来可以看到很多美好的风景与人事",
        "uid": "5608228185/",
        "followers_count": "78",
        "statuses_count": "6878",
        "verified": 0,
        "user_created_at": "2015-05-15",
        "has_description": 1,
        "parent": "4526669874829757"
    },
    {
        "mid": "4526874505768941",
        "has_multimedia": 1,
        "comments_count": 0,
        "reposts_count": 0,
        "attitudes_count": 0,
        "t": "1594774450000",
        "text": "//@咸鱼的青鱼://@嘤嘤嘤哭泣的小绵羊: 裆底下那二两肉真的可以把人类变成畜生吗//@披上马甲来看你:在这些人眼里生命如同蝼蚁希望这种社会毒虫可以麻利的去死一死小姑娘本来可以看到很多美好的风景与人事",
        "uid": "1870977133/",
        "followers_count": "411",
        "statuses_count": "1017",
        "verified": 0,
        "user_created_at": "2010-11-23",
        "has_description": 1,
        "parent": "4526669874829757"
    },
    {
        "mid": "4526866822964700",
        "has_multimedia": 1,
        "comments_count": 0,
        "reposts_count": 1,
        "attitudes_count": 0,
        "t": "1594772618000",
        "text": "好歹让那男的入个狱吧。但我记得有规定是对方必须得“清楚对方未满14岁”//@咸鱼的青鱼://@嘤嘤嘤哭泣的小绵羊: 裆底下那二两肉真的可以把人类变成畜生吗//@披上马甲来看你:在这些人眼里生命如同蝼蚁希望这种社会毒虫可以麻利的去死一死小姑娘本来可以看到很多美好的风景与人事",
        "uid": "1724848505/",
        "followers_count": "5933",
        "statuses_count": "14115",
        "verified": 1,
        "user_created_at": "2010-04-04",
        "has_description": 1,
        "parent": "4526669874829757"
    },
    {
        "mid": "4526865778586256",
        "has_multimedia": 1,
        "comments_count": 0,
        "reposts_count": 0,
        "attitudes_count": 0,
        "t": "1594772369000",
        "text": "//@嘤嘤嘤哭泣的小绵羊:裆底下那二两肉真的可以把人类变成畜生吗//@披上马甲来看你:在这些人眼里生命如同蝼蚁希望这种社会毒虫可以麻利的去死一死小姑娘本来可以看到很多美好的风景与人事",
        "uid": "6722956536/",
        "followers_count": "28",
        "statuses_count": "2644",
        "verified": 0,
        "user_created_at": "2018-09-25",
        "has_description": 1,
        "parent": "4526669874829757"
    },
    {
        "mid": "4526691068461648",
        "has_multimedia": 1,
        "comments_count": 10,
        "reposts_count": 57,
        "attitudes_count": 30,
        "t": "1594730714000",
        "text": "裆底下那二两肉真的可以把人类变成畜生吗//@披上马甲来看你:在这些人眼里生命如同蝼蚁希望这种社会毒虫可以麻利的去死一死小姑娘本来可以看到很多美好的风景与人事",
        "uid": "2295281083/",
        "followers_count": "566993",
        "statuses_count": "7733",
        "verified": 0,
        "user_created_at": "2011-08-10",
        "has_description": 1,
        "parent": "4526571467492867"
    },
    {
        "mid": "4526695795749878",
        "has_multimedia": 1,
        "comments_count": 1,
        "reposts_count": 17,
        "attitudes_count": 6,
        "t": "1594731841000",
        "text": "操。//@嘤嘤嘤哭泣的小绵羊:裆底下那二两肉真的可以把人类变成畜生吗//@披上马甲来看你:在这些人眼里生命如同蝼蚁希望这种社会毒虫可以麻利的去死一死小姑娘本来可以看到很多美好的风景与人事",
        "uid": "3069549735/",
        "followers_count": "391223",
        "statuses_count": "68106",
        "verified": 1,
        "user_created_at": "2012-10-27",
        "has_description": 1,
        "parent": "4526691068461648"
    },
    {
        "mid": "4526789014416734",
        "has_multimedia": 1,
        "comments_count": 0,
        "reposts_count": 0,
        "attitudes_count": 0,
        "t": "1594754067000",
        "text": "星星们坠落，然而恶魔们从没被抓到过//@老八厂长:操。//@嘤嘤嘤哭泣的小绵羊:裆底下那二两肉真的可以把人类变成畜生吗//@披上马甲来看你:在这些人眼里生命如同蝼蚁希望这种社会毒虫可以麻利的去死一死小姑娘本来可以看到很多美好的风景与人事",
        "uid": "2157023532/",
        "followers_count": "2699",
        "statuses_count": "29776",
        "verified": 1,
        "user_created_at": "2011-06-03",
        "has_description": 1,
        "parent": "4526695795749878"
    },
    {
        "mid": "4526751252859688",
        "has_multimedia": 1,
        "comments_count": 0,
        "reposts_count": 2,
        "attitudes_count": 0,
        "t": "1594739940000",
        "text": "//@老八厂长:操。//@嘤嘤嘤哭泣的小绵羊:裆底下那二两肉真的可以把人类变成畜生吗//@披上马甲来看你:在这些人眼里生命如同蝼蚁希望这种社会毒虫可以麻利的去死一死小姑娘本来可以看到很多美好的风景与人事",
        "uid": "1957306857/",
        "followers_count": "838",
        "statuses_count": "7196",
        "verified": 1,
        "user_created_at": "2011-02-08",
        "has_description": 1,
        "parent": "4526695795749878"
    },
    {
        "mid": "4526736325342373",
        "has_multimedia": 1,
        "comments_count": 0,
        "reposts_count": 0,
        "attitudes_count": 0,
        "t": "1594741505000",
        "text": "畜生不如!//@喵学长://@老八厂长:操。//@嘤嘤嘤哭泣的小绵羊:裆底下那二两肉真的可以把人类变成畜生吗//@披上马甲来看你:在这些人眼里生命如同蝼蚁希望这种社会毒虫可以麻利的去死一死小姑娘本来可以看到很多美好的风景与人事",
        "uid": "7416393805/",
        "followers_count": "1",
        "statuses_count": "29",
        "verified": 0,
        "user_created_at": "2020-03-20",
        "has_description": 1,
        "parent": "4526695795749878"
    },
    {
        "mid": "4526729941345283",
        "has_multimedia": 1,
        "comments_count": 0,
        "reposts_count": 2,
        "attitudes_count": 0,
        "t": "1594739983000",
        "text": "//@老八厂长:操。//@嘤嘤嘤哭泣的小绵羊:裆底下那二两肉真的可以把人类变成畜生吗//@披上马甲来看你:在这些人眼里生命如同蝼蚁希望这种社会毒虫可以麻利的去死一死小姑娘本来可以看到很多美好的风景与人事",
        "uid": "1835333280/",
        "followers_count": "6862",
        "statuses_count": "38735",
        "verified": 1,
        "user_created_at": "2010-11-15",
        "has_description": 1,
        "parent": "4526695795749878"
    },
    {
        "mid": "4526722169103281",
        "has_multimedia": 1,
        "comments_count": 1,
        "reposts_count": 17,
        "attitudes_count": 6,
        "t": "1594731840000",
        "text": "操。//@嘤嘤嘤哭泣的小绵羊:裆底下那二两肉真的可以把人类变成畜生吗//@披上马甲来看你:在这些人眼里生命如同蝼蚁希望这种社会毒虫可以麻利的去死一死小姑娘本来可以看到很多美好的风景与人事",
        "uid": "5690149138/",
        "followers_count": "175",
        "statuses_count": "5058",
        "verified": 0,
        "user_created_at": "2015-08-30",
        "has_description": 1,
        "parent": "4526695795749878"
    },
    {
        "mid": "4526709787003911",
        "has_multimedia": 1,
        "comments_count": 0,
        "reposts_count": 0,
        "attitudes_count": 0,
        "t": "1594735178000",
        "text": "//@老八厂长:操。//@嘤嘤嘤哭泣的小绵羊:裆底下那二两肉真的可以把人类变成畜生吗//@披上马甲来看你:在这些人眼里生命如同蝼蚁希望这种社会毒虫可以麻利的去死一死小姑娘本来可以看到很多美好的风景与人事",
        "uid": "6066124026/",
        "followers_count": "53",
        "statuses_count": "143",
        "verified": 0,
        "user_created_at": "2016-11-18",
        "has_description": 1,
        "parent": "4526695795749878"
    },
    {
        "mid": "4526707971307424",
        "has_multimedia": 1,
        "comments_count": 0,
        "reposts_count": 0,
        "attitudes_count": 0,
        "t": "1594734745000",
        "text": "心痛//@老八厂长 :操。//@嘤嘤嘤哭泣的小绵羊 :裆底下那二两肉真的可以把人类变成畜生吗//@披上马甲来看你 :在这些人眼里生命如同蝼蚁希望这种社会毒虫可以麻利的去死一死小姑娘本来可以看到很多美好的风景与人事",
        "uid": "5963360592/",
        "followers_count": "278",
        "statuses_count": "18255",
        "verified": 0,
        "user_created_at": "2016-06-19",
        "has_description": 1,
        "parent": "4526695795749878"
    },
    {
        "mid": "4526968470605588",
        "has_multimedia": 1,
        "comments_count": 1,
        "reposts_count": 17,
        "attitudes_count": 6,
        "t": "1594731840000",
        "text": "操。//@嘤嘤嘤哭泣的小绵羊:裆底下那二两肉真的可以把人类变成畜生吗//@披上马甲来看你:在这些人眼里生命如同蝼蚁希望这种社会毒虫可以麻利的去死一死小姑娘本来可以看到很多美好的风景与人事",
        "uid": "5502006779/",
        "followers_count": "137",
        "statuses_count": "18169",
        "verified": 0,
        "user_created_at": "2015-01-31",
        "has_description": 0,
        "parent": "4526571467492867"
    },
    {
        "mid": "4526959365300364",
        "has_multimedia": 1,
        "comments_count": 0,
        "reposts_count": 0,
        "attitudes_count": 0,
        "t": "1594794682000",
        "text": "转发微博",
        "uid": "5845608184/",
        "followers_count": "172",
        "statuses_count": "31033",
        "verified": 0,
        "user_created_at": "2016-02-01",
        "has_description": 0,
        "parent": "4526571467492867"
    },
    {
        "mid": "4526947395022035",
        "has_multimedia": 1,
        "comments_count": 0,
        "reposts_count": 0,
        "attitudes_count": 0,
        "t": "1594791828000",
        "text": "对未成年人的强暴，这就是畜生行为、社会法制如果不对这种极重的刑法，那么正义的法制根本无法体现，在调查事实本生的同时，这就是非常值得我们重视的问题，希望以此为戒、告诫那些有这种行为还没有实施这种行为人的行动后果，希望警方能严惩不贷、追责到底。",
        "uid": "6075644929/",
        "followers_count": "50",
        "statuses_count": "446",
        "verified": 0,
        "user_created_at": "2016-12-03",
        "has_description": 1,
        "parent": "4526571467492867"
    },
    {
        "mid": "4526945079761217",
        "has_multimedia": 1,
        "comments_count": 0,
        "reposts_count": 0,
        "attitudes_count": 0,
        "t": "1594791276000",
        "text": "//@陨石老刀:又涉及到被性侵！//@徐勇凌鹤舞凌霄:挖挖挖",
        "uid": "2314801287/",
        "followers_count": "1226",
        "statuses_count": "58462",
        "verified": 0,
        "user_created_at": "2011-08-21",
        "has_description": 0,
        "parent": "4526571467492867"
    },
    {
        "mid": "4526942281898594",
        "has_multimedia": 1,
        "comments_count": 0,
        "reposts_count": 0,
        "attitudes_count": 1,
        "t": "1594790609000",
        "text": "无语了",
        "uid": "7315241933/",
        "followers_count": "3",
        "statuses_count": "41",
        "verified": 0,
        "user_created_at": "2019-10-06",
        "has_description": 1,
        "parent": "4526571467492867"
    },
    {
        "mid": "4526935385934252",
        "has_multimedia": 1,
        "comments_count": 0,
        "reposts_count": 0,
        "attitudes_count": 0,
        "t": "1594788964000",
        "text": "哎",
        "uid": "1108633022/",
        "followers_count": "112",
        "statuses_count": "351",
        "verified": 0,
        "user_created_at": "2014-03-08",
        "has_description": 1,
        "parent": "4526571467492867"
    },
    {
        "mid": "4526932437612009",
        "has_multimedia": 1,
        "comments_count": 0,
        "reposts_count": 0,
        "attitudes_count": 0,
        "t": "1594788262000",
        "text": "转发微博",
        "uid": "5897754607/",
        "followers_count": "29",
        "statuses_count": "315",
        "verified": 0,
        "user_created_at": "2016-04-13",
        "has_description": 1,
        "parent": "4526571467492867"
    }
]