[
    {
        "mid": "4526588073122760",
        "has_multimedia": 1,
        "comments_count": 214,
        "reposts_count": 530,
        "attitudes_count": 2056,
        "t": "1594706159000",
        "text": "【#当当网追回被抢公章#】#当当网运营恢复正常#7月14日，中新网记者从当当网获悉，在政府部门的帮助下，当当网追回了被抢公章和其他文件，运营恢复正常。此前，李国庆带人抢走当当网公章。7月7日，李国庆再次带人闯入当当网，撬开保险柜，拿走资料，后被行政拘留。（李金磊） ​​​​",
        "uid": "1784473157/",
        "followers_count": "67405857",
        "statuses_count": "145730",
        "verified": 1,
        "has_description": 1,
        "parent": "0",
        "user_created_at": "2010-07-26"
    },
    {
        "mid": "4526588764425286",
        "has_multimedia": 1,
        "comments_count": 17,
        "reposts_count": 26,
        "attitudes_count": 70,
        "t": "1594706324000",
        "text": "可以以当当网公章的视角写一篇文：大家好，我是当当章，我本来只是躺在柜子里的一个乖宝宝，偶尔拿屁股盖个戳。没想到，我卷入了宫斗大戏，被弄成了人质。",
        "uid": "1852299857/",
        "followers_count": "1418220",
        "statuses_count": "23529",
        "verified": 1,
        "user_created_at": "2010-11-09",
        "has_description": 1,
        "parent": "4526588073122760"
    },
    {
        "mid": "4526685125568228",
        "has_multimedia": 1,
        "comments_count": 0,
        "reposts_count": 0,
        "attitudes_count": 0,
        "t": "1594729298000",
        "text": "//@屠龙的胭脂井:太可怜了疫情期间好不容易接了一个活儿，竟然还要拘留。//@超级无敌大魔王YY:据说帮李国庆开锁的开锁师傅也要一起被拘留",
        "uid": "5544197724/",
        "followers_count": "65",
        "statuses_count": "174",
        "verified": 0,
        "user_created_at": "2015-03-07",
        "has_description": 0,
        "parent": "4526588764425286"
    },
    {
        "mid": "4526658026214386",
        "has_multimedia": 1,
        "comments_count": 0,
        "reposts_count": 0,
        "attitudes_count": 1,
        "t": "1594722837000",
        "text": "像贩毒犯黄毅清一样，自己作死，通过公权力介入，闹剧才消停。。//@超级无敌大魔王YY:据说帮李国庆开锁的开锁师傅也要一起被拘留",
        "uid": "6261393911/",
        "followers_count": "4",
        "statuses_count": "101",
        "verified": 0,
        "user_created_at": "2017-05-26",
        "has_description": 0,
        "parent": "4526588764425286"
    },
    {
        "mid": "4526653546515906",
        "has_multimedia": 1,
        "comments_count": 0,
        "reposts_count": 0,
        "attitudes_count": 0,
        "t": "1594721769000",
        "text": "可以作为连续剧番外//@屠龙的胭脂井:可以以当当网公章的视角写一篇文：大家好，我是当当章，我本来只是躺在柜子里的一个乖宝宝，偶尔拿屁股盖个戳。没想到，我卷入了宫斗大戏，被弄成了人质。",
        "uid": "1699008075/",
        "followers_count": "464",
        "statuses_count": "16821",
        "verified": 0,
        "user_created_at": "2010-02-23",
        "has_description": 1,
        "parent": "4526588764425286"
    },
    {
        "mid": "4526645221090267",
        "has_multimedia": 1,
        "comments_count": 10,
        "reposts_count": 20,
        "attitudes_count": 81,
        "t": "1594719784000",
        "text": "庆帝把内库抢过来没几天，就又丢了……",
        "uid": "1242388827/",
        "followers_count": "681286",
        "statuses_count": "62878",
        "verified": 1,
        "user_created_at": "2010-01-25",
        "has_description": 1,
        "parent": "4526588073122760"
    },
    {
        "mid": "4527000947104052",
        "has_multimedia": 1,
        "comments_count": 0,
        "reposts_count": 0,
        "attitudes_count": 0,
        "t": "1594804596000",
        "text": "有被笑到//@荀夜羽:庆帝把内库抢过来没几天，就又丢了……",
        "uid": "3778168680/",
        "followers_count": "84",
        "statuses_count": "1127",
        "verified": 0,
        "user_created_at": "2013-09-07",
        "has_description": 1,
        "parent": "4526645221090267"
    },
    {
        "mid": "4526666673995376",
        "has_multimedia": 1,
        "comments_count": 0,
        "reposts_count": 1,
        "attitudes_count": 1,
        "t": "1594724580000",
        "text": "哈又来一次？？？//@荀夜羽:庆帝把内库抢过来没几天，就又丢了……",
        "uid": "1995666625/",
        "followers_count": "987",
        "statuses_count": "26891",
        "verified": 1,
        "user_created_at": "2011-02-27",
        "has_description": 1,
        "parent": "4526645221090267"
    },
    {
        "mid": "4526666293345383",
        "has_multimedia": 1,
        "comments_count": 0,
        "reposts_count": 0,
        "attitudes_count": 0,
        "t": "1594724808000",
        "text": "看起来感情破裂了//@荀夜羽:庆帝把内库抢过来没几天，就又丢了……",
        "uid": "1750140734/",
        "followers_count": "631",
        "statuses_count": "17037",
        "verified": 0,
        "user_created_at": "2010-06-03",
        "has_description": 0,
        "parent": "4526645221090267"
    },
    {
        "mid": "4526939022405975",
        "has_multimedia": 1,
        "comments_count": 25,
        "reposts_count": 13,
        "attitudes_count": 149,
        "t": "1594789832000",
        "text": "这里有个问题，之前官方说李国庆的股东会合法，拿了公章也合法，现在又说不合法，你这是开玩笑呢？这置法律于何地啊？他夫妻俩闹就算了，政府、法院可千万不能让他们带坑里了。",
        "uid": "1298535315/",
        "followers_count": "4176553",
        "statuses_count": "38327",
        "verified": 1,
        "user_created_at": "2009-08-28",
        "has_description": 1,
        "parent": "4526588073122760"
    },
    {
        "mid": "4527234246772353",
        "has_multimedia": 1,
        "comments_count": 0,
        "reposts_count": 0,
        "attitudes_count": 0,
        "t": "1594860218000",
        "text": "一句话断官司。李国庆做法不妥，俞渝心智阴毒。//@占豪:这里有个问题，之前官方说李国庆的股东会合法，拿了公章也合法，现在又说不合法，你这是开玩笑呢？这置法律于何地啊？他夫妻俩闹就算了，政府、法院可千万不能让他们带坑里了。",
        "uid": "6383645688/",
        "followers_count": "5668",
        "statuses_count": "1899",
        "verified": 1,
        "user_created_at": "2017-10-15",
        "has_description": 1,
        "parent": "4526939022405975"
    },
    {
        "mid": "4527215431124381",
        "has_multimedia": 1,
        "comments_count": 0,
        "reposts_count": 0,
        "attitudes_count": 0,
        "t": "1594855732000",
        "text": "//@占豪: 这里有个问题，之前官方说李国庆的股东会合法，拿了公章也合法，现在又说不合法，你这是开玩笑呢？这置法律于何地啊？他夫妻俩闹就算了，政府、法院可千万不能让他们带坑里了。",
        "uid": "1718529102/",
        "followers_count": "131",
        "statuses_count": "2601",
        "verified": 0,
        "user_created_at": "2011-02-13",
        "has_description": 0,
        "parent": "4526939022405975"
    },
    {
        "mid": "4527066051773399",
        "has_multimedia": 1,
        "comments_count": 0,
        "reposts_count": 0,
        "attitudes_count": 0,
        "t": "1594820117000",
        "text": "//@占豪: 这里有个问题，之前官方说李国庆的股东会合法，拿了公章也合法，现在又说不合法，你这是开玩笑呢？这置法律于何地啊？他夫妻俩闹就算了，政府、法院可千万不能让他们带坑里了。",
        "uid": "1406153732/",
        "followers_count": "117",
        "statuses_count": "5516",
        "verified": 0,
        "user_created_at": "2009-12-16",
        "has_description": 0,
        "parent": "4526939022405975"
    }
]