[
    {
        "mid": "4526572369590491",
        "has_multimedia": 1,
        "comments_count": 178,
        "reposts_count": 302,
        "attitudes_count": 2240,
        "t": "1594702415000",
        "text": "【辛苦了！#2.4万官兵奋战江西抗洪一线#】江西多地连日来发生洪涝灾害。据国家防总公布的数据显示，目前已有2.4万多名官兵奋战在江西抗洪一线。第71集团军某合成旅官兵连夜赶赴大坝抢险；第72集团军某旅官兵从驻训场直奔一线；火箭军某旅官兵行军250多公里到达受灾点；东部战区空军某部官兵乘轮渡火速驰援；武警江西总队官兵已连续奋战多日……谢谢你们！#子弟兵在抗洪一线#",
        "uid": "6189120710/",
        "followers_count": "1964039",
        "statuses_count": "11299",
        "verified": 1,
        "has_description": 1,
        "parent": "0",
        "user_created_at": "2017-09-22"
    },
    {
        "mid": "4527468600629845",
        "has_multimedia": 1,
        "comments_count": 0,
        "reposts_count": 0,
        "attitudes_count": 0,
        "t": "1594916093000",
        "text": "转发微博",
        "uid": "3218453457/",
        "followers_count": "389",
        "statuses_count": "3723",
        "verified": 0,
        "user_created_at": "2013-01-10",
        "has_description": 1,
        "parent": "4526572369590491"
    },
    {
        "mid": "4527459225044487",
        "has_multimedia": 1,
        "comments_count": 0,
        "reposts_count": 0,
        "attitudes_count": 0,
        "t": "1594913857000",
        "text": "转发微博",
        "uid": "7287265730/",
        "followers_count": "7",
        "statuses_count": "115",
        "verified": 0,
        "user_created_at": "2019-08-20",
        "has_description": 0,
        "parent": "4526572369590491"
    }
]