[
    {
        "mid": "4526588642759260",
        "has_multimedia": 1,
        "comments_count": 96,
        "reposts_count": 6,
        "attitudes_count": 13512,
        "t": "1594706295000",
        "text": "来说说你的晚餐时间一般是几点？ R呆十三的微博投票 ​​​​",
        "uid": "2891529877/",
        "followers_count": "20268647",
        "statuses_count": "37728",
        "verified": 1,
        "user_created_at": "2012-09-03",
        "has_description": 1,
        "parent": "0"
    },
    {
        "mid": "4526753341411137",
        "has_multimedia": 1,
        "comments_count": 0,
        "reposts_count": 0,
        "attitudes_count": 0,
        "t": "1594745561000",
        "text": "我参与了@呆十三 发起的投票【你的晚餐时间一般是几点？】，我投给了“17:00-18:00”这个选项，你也快来表态吧~",
        "uid": "6596855025/",
        "followers_count": "74",
        "statuses_count": "1653",
        "verified": 0,
        "user_created_at": "2018-07-09",
        "has_description": 1,
        "parent": "4526588642759260"
    },
    {
        "mid": "4526739747387383",
        "has_multimedia": 1,
        "comments_count": 0,
        "reposts_count": 0,
        "attitudes_count": 0,
        "t": "1594742320000",
        "text": "我参与了@呆十三 发起的投票【你的晚餐时间一般是几点？】，我投给了“20:00-22:00”这个选项，你也快来表态吧~，19：30放学，回家已经20：00了。",
        "uid": "5707811283/",
        "followers_count": "8",
        "statuses_count": "135",
        "verified": 0,
        "user_created_at": "2015-09-21",
        "has_description": 1,
        "parent": "4526588642759260"
    }
]