[
    {
        "mid": "4526572738798946",
        "has_multimedia": 1,
        "comments_count": 331,
        "reposts_count": 88,
        "attitudes_count": 2249,
        "t": "1594702503000",
        "text": "【#孩子上幼儿园脸上有血痕# 监控发现多个问题】宁波孙先生的儿子今年三岁，正在上幼儿园。孙先生说，七月七号那天接儿子的时候，发现儿子的脸上有一道血痕，儿子还说不想上学了。之后他去幼儿园调取监控，发现了一些问题。  L1818黄金眼的微博视频 ​​​​",
        "uid": "2334162530/",
        "followers_count": "6442178",
        "statuses_count": "54161",
        "verified": 1,
        "has_description": 1,
        "parent": "0",
        "user_created_at": "2011-08-23"
    },
    {
        "mid": "4527364468638660",
        "has_multimedia": 1,
        "comments_count": 0,
        "reposts_count": 0,
        "attitudes_count": 0,
        "t": "1594891265000",
        "text": "转发微博",
        "uid": "6619289680/",
        "followers_count": "10814",
        "statuses_count": "13996",
        "verified": 1,
        "has_description": 1,
        "parent": "4526572738798946",
        "user_created_at": "2018-08-01"
    },
    {
        "mid": "4527357769288802",
        "has_multimedia": 1,
        "comments_count": 0,
        "reposts_count": 1,
        "attitudes_count": 1,
        "t": "1594785480000",
        "text": "赔偿根本不是受害家庭的诉求，他们诉求就是让园方和老师受到该有的惩罚，阻止其他小朋友再入魔爪。朋友看了孩子上课十五天的视频，每一天都有老师打人，打巴掌，拖到盲区的情况，朋友目前已经崩溃因为投诉无门，因为作为一个母亲无法保护自己孩子，希望黄金眼能够继续跟进还原所有真相@西门町吃在宁波",
        "uid": "1664235872/",
        "followers_count": "3707",
        "statuses_count": "1566",
        "verified": 1,
        "user_created_at": "2010-05-23",
        "has_description": 1,
        "parent": "4526572738798946"
    }
]