[
    {
        "mid": "4526572885971843",
        "has_multimedia": 1,
        "comments_count": 323,
        "reposts_count": 395,
        "attitudes_count": 1646,
        "t": "1594702538000",
        "text": "#一鹿公益#鹿晗粉丝666联盟健康体育室已落地于湖南省怀化市麻阳苗族自治县飞山学校(体育室包含篮球、羽毛球拍、跳绳等体育器材)，芦苇姐姐真的很暖心，为了保护小朋友们，反馈图中都用小花朵遮挡了。星辰与大海都是来路与归途中的点缀，和鹿晗一起护童年美好，助梦想飞翔！ ​​​​",
        "uid": "6343916471/",
        "followers_count": "7664627",
        "statuses_count": "11609",
        "verified": 1,
        "user_created_at": "2017-08-18",
        "has_description": 1,
        "parent": "0"
    },
    {
        "mid": "4527071684461981",
        "has_multimedia": 1,
        "comments_count": 0,
        "reposts_count": 0,
        "attitudes_count": 0,
        "t": "1594821460000",
        "text": "与鹿晗一起做公益",
        "uid": "2539455333/",
        "followers_count": "200",
        "statuses_count": "161",
        "verified": 0,
        "user_created_at": "2011-12-19",
        "has_description": 1,
        "parent": "4526572885971843"
    },
    {
        "mid": "4527004949779695",
        "has_multimedia": 1,
        "comments_count": 0,
        "reposts_count": 0,
        "attitudes_count": 0,
        "t": "1594805550000",
        "text": "鹿晗超话#一鹿公益# 一起来！",
        "uid": "7479511357/",
        "followers_count": "3",
        "statuses_count": "66",
        "verified": 0,
        "user_created_at": "2020-07-12",
        "has_description": 0,
        "parent": "4526572885971843"
    },
    {
        "mid": "4526943338341454",
        "has_multimedia": 1,
        "comments_count": 0,
        "reposts_count": 0,
        "attitudes_count": 0,
        "t": "1594790861000",
        "text": "一鹿公益",
        "uid": "1887850262/",
        "followers_count": "69",
        "statuses_count": "49",
        "verified": 0,
        "user_created_at": "2013-01-03",
        "has_description": 1,
        "parent": "4526572885971843"
    }
]