[
    {
        "mid": "4526589348283162",
        "has_multimedia": 1,
        "comments_count": 257,
        "reposts_count": 162,
        "attitudes_count": 1324,
        "t": "1594706463000",
        "text": "【终于等到你！#江苏有望20日出梅#】7月11-13日，江苏出现了入梅后第八次强降水过程，其中11-12日主雨带位于沿淮和淮北地区，出现大到暴雨、局部大暴雨，13日降水趋于减弱，西南部出现中到大雨、局部暴雨。预计14-16日，沿江和苏南有较强降水过程，局部将伴有短时强降水和雷暴大风等强对流天气，累计雨量60～120毫米，局部地区150毫米左右。17-19日主要降雨区北抬至沿江及以北地区。20日后随着副高增强西进北抬，主雨带将位于我省沿淮和淮北地区，淮河以南地区降水明显减弱，有望出梅。（记者 于丹丹）O@江苏气象：别催了！下完这波，20日有望出梅",
        "uid": "1653603955/",
        "followers_count": "18293982",
        "statuses_count": "167548",
        "verified": 1,
        "has_description": 1,
        "parent": "0",
        "user_created_at": "2009-10-14"
    },
    {
        "mid": "4526987539221170",
        "has_multimedia": 1,
        "comments_count": 0,
        "reposts_count": 0,
        "attitudes_count": 0,
        "t": "1594801398000",
        "text": "求求你出梅吧，这日子没法过了！",
        "uid": "6010766524/",
        "followers_count": "91",
        "statuses_count": "157",
        "verified": 0,
        "user_created_at": "2016-08-24",
        "has_description": 1,
        "parent": "4526589348283162"
    },
    {
        "mid": "4526948136618892",
        "has_multimedia": 1,
        "comments_count": 0,
        "reposts_count": 0,
        "attitudes_count": 0,
        "t": "1594792004000",
        "text": "转发微博",
        "uid": "5743875397/",
        "followers_count": "219",
        "statuses_count": "743",
        "verified": 0,
        "user_created_at": "2015-10-28",
        "has_description": 1,
        "parent": "4526589348283162"
    },
    {
        "mid": "4526937130775112",
        "has_multimedia": 1,
        "comments_count": 0,
        "reposts_count": 0,
        "attitudes_count": 0,
        "t": "1594789381000",
        "text": "转发微博",
        "uid": "1810591315/",
        "followers_count": "303",
        "statuses_count": "4587",
        "verified": 0,
        "user_created_at": "2010-09-04",
        "has_description": 0,
        "parent": "4526589348283162"
    }
]