[
    {
        "mid": "4526590246330715",
        "has_multimedia": 1,
        "comments_count": 232,
        "reposts_count": 150,
        "attitudes_count": 2003,
        "t": "1594706677000",
        "text": "国家网信办即日起启动为期2个月的“清朗”未成年人暑期网络环境专项整治。此次专项将重点整治网课学习版块生态、网站不良动画动漫产品、恶意弹窗、无底线追星等存在价值导向问题的不良信息和行为、游戏平台诱导未成年人充值消费等问题。欢迎广大网民登录举报中心官网（www.12377.cn），或下载安装“网络举报”客户端积极参与监督举报，为广大未成年人营造健康的网络环境。 °国家网信办启动2020“清朗”未成年人暑期网络环...",
        "uid": "1142640130/",
        "followers_count": "1088927",
        "statuses_count": "5957",
        "verified": 1,
        "has_description": 1,
        "parent": "0",
        "user_created_at": "2014-07-01"
    },
    {
        "mid": "4527343123832643",
        "has_multimedia": 1,
        "comments_count": 0,
        "reposts_count": 0,
        "attitudes_count": 0,
        "t": "1594886177000",
        "text": "转发微博",
        "uid": "7068731194/",
        "followers_count": "1",
        "statuses_count": "441",
        "verified": 0,
        "user_created_at": "2019-04-07",
        "has_description": 1,
        "parent": "4526590246330715"
    },
    {
        "mid": "4527342284446357",
        "has_multimedia": 1,
        "comments_count": 0,
        "reposts_count": 0,
        "attitudes_count": 0,
        "t": "1594885977000",
        "text": "什么时候开始执行呢",
        "uid": "2994214952/",
        "followers_count": "134",
        "statuses_count": "1098",
        "verified": 0,
        "user_created_at": "2012-09-08",
        "has_description": 1,
        "parent": "4526590246330715"
    },
    {
        "mid": "4527332033562185",
        "has_multimedia": 1,
        "comments_count": 0,
        "reposts_count": 0,
        "attitudes_count": 0,
        "t": "1594883532000",
        "text": "转发微博",
        "uid": "7459722881/",
        "followers_count": "8",
        "statuses_count": "1639",
        "verified": 0,
        "user_created_at": "2020-05-26",
        "has_description": 0,
        "parent": "4526590246330715"
    }
]