[
    {
        "mid": "4526574248993419",
        "has_multimedia": 1,
        "comments_count": 588,
        "reposts_count": 7,
        "attitudes_count": 1052,
        "t": "1594702863000",
        "text": "“不睡午觉党”中午刷剧看小说追综艺时间，咱们就聊聊相关话题哈～尽量不要歪楼哈，谢谢。 ​​​​",
        "uid": "1904797913/",
        "followers_count": "1400845",
        "statuses_count": "42099",
        "verified": 0,
        "user_created_at": "2011-01-14",
        "has_description": 1,
        "parent": "0"
    },
    {
        "mid": "4527123832242865",
        "has_multimedia": 0,
        "comments_count": 0,
        "reposts_count": 0,
        "attitudes_count": 0,
        "t": "1594833894000",
        "text": "转发微博",
        "uid": "5875996022/",
        "followers_count": "27",
        "statuses_count": "102",
        "verified": 0,
        "user_created_at": "2016-03-08",
        "has_description": 1,
        "parent": "4526574248993419"
    },
    {
        "mid": "4526595778412703",
        "has_multimedia": 1,
        "comments_count": 0,
        "reposts_count": 0,
        "attitudes_count": 0,
        "t": "1594707995000",
        "text": "转发",
        "uid": "3963793519/",
        "followers_count": "9",
        "statuses_count": "60",
        "verified": 0,
        "user_created_at": "2013-12-30",
        "has_description": 0,
        "parent": "4526574248993419"
    },
    {
        "mid": "4526591340972445",
        "has_multimedia": 0,
        "comments_count": 0,
        "reposts_count": 0,
        "attitudes_count": 0,
        "t": "1594706937000",
        "text": "淘宝店铺锅小酱牛排锅这家大家千万不要去买，锅巨重，2kg,而且运费险只抵扣10元，其他他们也不赔付，客服态度恶劣，特别拽，之前还和你说没事放心拍，退换无忧的，现在说没质量问题不承担运费，然后态度极其差，不怕投诉，还说你去吧，简直无语根本就是欺骗消费者",
        "uid": "1774351877/",
        "followers_count": "170",
        "statuses_count": "1159",
        "verified": 0,
        "user_created_at": "2010-07-13",
        "has_description": 1,
        "parent": "4526574248993419"
    }
]