[
    {
        "mid": "4526591042321002",
        "has_multimedia": 1,
        "comments_count": 67,
        "reposts_count": 61,
        "attitudes_count": 1490,
        "t": "1594706866000",
        "text": "【14日起强降雨将重回江淮江汉 多地联动直击#抗洪救援直播#】7月12日，国家防总决定将防汛Ⅲ级应急响应提升至Ⅱ级。#我们视频正在直播#，分赴江西九江湖口、甘肃天水、湖北荆州监利水文站 、江西鄱阳、江西永修等多地直击抗洪救援。同时我们将连线气象专家，解读南方多地强降雨。#聚焦2020抗洪抢险#。@我们直播  O新京报我们视频的微博直播 .",
        "uid": "6124642021/",
        "followers_count": "12587015",
        "statuses_count": "65906",
        "verified": 1,
        "has_description": 1,
        "parent": "0",
        "user_created_at": "2017-02-06"
    },
    {
        "mid": "4527438275545898",
        "has_multimedia": 1,
        "comments_count": 0,
        "reposts_count": 2,
        "attitudes_count": 6,
        "t": "1594718520000",
        "text": "【探访被洪水围困“孤岛” 鄱阳莲湖乡村民出入需乘船】近日，受洪水影响，鄱阳县莲湖乡与外界交通被阻断。7月14日，@我们直播 将跟随救援队进入被困村庄，为“孤岛”居民运送生活物资。",
        "uid": "5635909715/",
        "followers_count": "31",
        "statuses_count": "632",
        "verified": 0,
        "user_created_at": "2015-06-21",
        "has_description": 1,
        "parent": "4526591042321002"
    },
    {
        "mid": "4527017179056923",
        "has_multimedia": 1,
        "comments_count": 0,
        "reposts_count": 0,
        "attitudes_count": 0,
        "t": "1594808465000",
        "text": "//@新京报我们视频:【湖北洪湖北岸告急：直击抢险队筑子堤防汛抗洪】7月12日18时，湖北洪湖全市进入紧急防汛期。14日，记者赶赴湖北洪湖北岸，直击村民筑子堤封堵。",
        "uid": "2650428802/",
        "followers_count": "385",
        "statuses_count": "753",
        "verified": 0,
        "user_created_at": "2012-01-11",
        "has_description": 1,
        "parent": "4526591042321002"
    },
    {
        "mid": "4526969091885525",
        "has_multimedia": 1,
        "comments_count": 0,
        "reposts_count": 0,
        "attitudes_count": 0,
        "t": "1594797000000",
        "text": "转发微博",
        "uid": "5559233390/",
        "followers_count": "274",
        "statuses_count": "7834",
        "verified": 0,
        "user_created_at": "2015-03-17",
        "has_description": 0,
        "parent": "4526591042321002"
    }
]