[
    {
        "mid": "4526574706128426",
        "has_multimedia": 1,
        "comments_count": 111,
        "reposts_count": 30,
        "attitudes_count": 4417,
        "t": "1594702971000",
        "text": "【小调查】你对日本疫情怎么看？ R凤凰李淼的微博投票 ​​​​",
        "uid": "1916468595/",
        "followers_count": "1054120",
        "statuses_count": "8032",
        "verified": 1,
        "user_created_at": "2011-01-09",
        "has_description": 1,
        "parent": "0"
    },
    {
        "mid": "4527031138386560",
        "has_multimedia": 1,
        "comments_count": 0,
        "reposts_count": 0,
        "attitudes_count": 0,
        "t": "1594811793000",
        "text": "我参与了@凤凰李淼 发起的投票【如何看日本当前疫情？】，我投给了“不安全、忧虑疫情爆发”这个选项，你也快来表态吧~",
        "uid": "1790690601/",
        "followers_count": "778",
        "statuses_count": "10016",
        "verified": 0,
        "user_created_at": "2010-08-28",
        "has_description": 1,
        "parent": "4526574706128426"
    },
    {
        "mid": "4527029536164097",
        "has_multimedia": 1,
        "comments_count": 0,
        "reposts_count": 0,
        "attitudes_count": 0,
        "t": "1594811412000",
        "text": "//@凤凰李淼:欢迎踊跃投票！",
        "uid": "6981372063/",
        "followers_count": "51",
        "statuses_count": "4",
        "verified": 0,
        "user_created_at": "2019-02-02",
        "has_description": 0,
        "parent": "4526574706128426"
    },
    {
        "mid": "4527026705012163",
        "has_multimedia": 1,
        "comments_count": 3,
        "reposts_count": 1,
        "attitudes_count": 4,
        "t": "1594810737000",
        "text": "欢迎踊跃投票！",
        "uid": "1916468595/",
        "followers_count": "1054120",
        "statuses_count": "8032",
        "verified": 1,
        "user_created_at": "2011-01-09",
        "has_description": 1,
        "parent": "4526574706128426"
    },
    {
        "mid": "4526928780699019",
        "has_multimedia": 1,
        "comments_count": 0,
        "reposts_count": 0,
        "attitudes_count": 0,
        "t": "1594787389000",
        "text": "nhk新闻说疫情已经扩散了，那就是越来越严重了，不过个人不建议一窝蜂的跑回去，第一个疫情扩散是全球化的，谁也不能保证自己没有携带病毒，第二个虽然咱们国家控制得不错，但是也是花了很多人力物力，所以还是注意卫生，保持睡眠，补充营养比较重要。",
        "uid": "1583561765/",
        "followers_count": "1061",
        "statuses_count": "4100",
        "verified": 0,
        "user_created_at": "2010-12-26",
        "has_description": 1,
        "parent": "4526574706128426"
    },
    {
        "mid": "4526927513497705",
        "has_multimedia": 1,
        "comments_count": 0,
        "reposts_count": 0,
        "attitudes_count": 0,
        "t": "1594787088000",
        "text": "这个层主就是想当yxh赚钱一直火不了，所以就整天说立场摇摆，什么可能火说什么，然后说他一句就拉黑，整天只会聊聊，没粉就上李记者这里来蹭热度//@草莓气泡水-_:疫情刚开始的时候也是你们几个在说日本药丸吧？//@日本疫情播报:会比第一波更严重，日本恐怕暂时不能马上再次实施“紧急事态宣言",
        "uid": "1583561765/",
        "followers_count": "1061",
        "statuses_count": "4100",
        "verified": 0,
        "user_created_at": "2010-12-26",
        "has_description": 1,
        "parent": "4526574706128426"
    },
    {
        "mid": "4526848710743266",
        "has_multimedia": 1,
        "comments_count": 0,
        "reposts_count": 0,
        "attitudes_count": 0,
        "t": "1594768299000",
        "text": "我参与了@凤凰李淼 发起的投票【如何看日本当前疫情？】，我投给了“不安全、忧虑疫情爆发”这个选项，你也快来表态吧~",
        "uid": "5379113933/",
        "followers_count": "43",
        "statuses_count": "405",
        "verified": 0,
        "user_created_at": "2014-11-19",
        "has_description": 0,
        "parent": "4526574706128426"
    },
    {
        "mid": "4526716988678599",
        "has_multimedia": 1,
        "comments_count": 0,
        "reposts_count": 0,
        "attitudes_count": 0,
        "t": "1594736895000",
        "text": "我参与了@凤凰李淼 发起的投票【如何看日本当前疫情？】，我投给了“不安全、忧虑疫情爆发”这个选项，你也快来表态吧~",
        "uid": "1794443894/",
        "followers_count": "160",
        "statuses_count": "629",
        "verified": 0,
        "user_created_at": "2010-08-18",
        "has_description": 1,
        "parent": "4526574706128426"
    },
    {
        "mid": "4526683442470850",
        "has_multimedia": 1,
        "comments_count": 0,
        "reposts_count": 0,
        "attitudes_count": 0,
        "t": "1594728897000",
        "text": "我觉得为了学业还是会去的好……然而疫情……",
        "uid": "7436131546/",
        "followers_count": "25",
        "statuses_count": "601",
        "verified": 0,
        "user_created_at": "2020-04-12",
        "has_description": 1,
        "parent": "4526574706128426"
    }
]