[
    {
        "mid": "4526591587883302",
        "has_multimedia": 1,
        "comments_count": 82,
        "reposts_count": 41,
        "attitudes_count": 182,
        "t": "1594706997000",
        "text": "【#韩国28岁女主播突然离世#：月赚35万 只因这件事】日前，韩国知名主播朴素恩离世，年仅28岁，其妹妹网上公布了这一噩耗。朴素恩是韩国知名主播，月收入高达6000万韩元(约35万)↓↓朴素恩的妹妹透露了这一关键信息，再加上朴素恩一个多月前的这篇发文，其死因疑曝光↓↓O韩国28岁女主播突然离世:月赚35万 只因这件事 ​​​​",
        "uid": "2028810631/",
        "followers_count": "31383950",
        "statuses_count": "66032",
        "verified": 1,
        "has_description": 1,
        "parent": "0",
        "user_created_at": "2012-01-01"
    },
    {
        "mid": "4527617153697990",
        "has_multimedia": 1,
        "comments_count": 0,
        "reposts_count": 0,
        "attitudes_count": 0,
        "t": "1594951510000",
        "text": "转发微博",
        "uid": "6886901980/",
        "followers_count": "58",
        "statuses_count": "10502",
        "verified": 1,
        "user_created_at": "2018-12-15",
        "has_description": 1,
        "parent": "4526591587883302"
    },
    {
        "mid": "4526915572456612",
        "has_multimedia": 1,
        "comments_count": 0,
        "reposts_count": 0,
        "attitudes_count": 0,
        "t": "1594784241000",
        "text": "转发微博",
        "uid": "7295339096/",
        "followers_count": "2",
        "statuses_count": "390",
        "verified": 0,
        "user_created_at": "2019-08-30",
        "has_description": 0,
        "parent": "4526591587883302"
    },
    {
        "mid": "4526880131046346",
        "has_multimedia": 1,
        "comments_count": 0,
        "reposts_count": 0,
        "attitudes_count": 0,
        "t": "1594775791000",
        "text": "转发微博",
        "uid": "1757094451/",
        "followers_count": "5",
        "statuses_count": "19",
        "verified": 0,
        "user_created_at": "2010-06-12",
        "has_description": 0,
        "parent": "4526591587883302"
    }
]