[
    {
        "mid": "4526575381789423",
        "has_multimedia": 1,
        "comments_count": 133,
        "reposts_count": 27,
        "attitudes_count": 852,
        "t": "1594703133000",
        "text": "姓吴的，别再这儿玩儿春秋笔法了，时隔一年，我本早就把你当个屁放了，如果不是你最近拿和和爸和唐华健爸一次误解四处散发蛊惑，带节奏说“足球小将家长不和”，我不会搭理你个小人。赶紧把小将装备还回来！一年了，那么舍不得吗？ （PS:上面这位连0910都分不清，还掺合呢，我怪哪个孩子了） ​​​​",
        "uid": "1189615035/",
        "followers_count": "19155888",
        "statuses_count": "69541",
        "verified": 1,
        "user_created_at": "2009-08-28",
        "has_description": 1,
        "parent": "0"
    },
    {
        "mid": "4527056202767803",
        "has_multimedia": 1,
        "comments_count": 61,
        "reposts_count": 11,
        "attitudes_count": 378,
        "t": "1594714620000",
        "text": "//@梁钧皓Leo:其实人都需要懂感恩的，不管离开的时候有什么怨气或者不开心，但孩子还是在足球小将这个平台上得到了让孩子终生受益及回忆的美好时光，不赞美也就算了，实在不应该反目成仇，如果让孩子知道了，这是一个多么负能量的教育展现",
        "uid": "5322645659/",
        "followers_count": "376",
        "statuses_count": "6754",
        "verified": 0,
        "user_created_at": "2014-10-08",
        "has_description": 1,
        "parent": "4526575381789423"
    },
    {
        "mid": "4526731460334426",
        "has_multimedia": 1,
        "comments_count": 0,
        "reposts_count": 0,
        "attitudes_count": 0,
        "t": "1594740344000",
        "text": "没有长大的孩子。//@董路://@梁钧皓Leo:其实人都需要懂感恩的，不管离开的时候有什么怨气或者不开心，但孩子还是在足球小将这个平台上得到了让孩子终生受益及回忆的美好时光，不赞美也就算了，实在不应该反目成仇，如果让孩子知道了，这是一个多么负能量的教育展现",
        "uid": "7379123330/",
        "followers_count": "17",
        "statuses_count": "356",
        "verified": 0,
        "user_created_at": "2020-01-26",
        "has_description": 1,
        "parent": "4526575381789423"
    },
    {
        "mid": "4526709845671966",
        "has_multimedia": 1,
        "comments_count": 0,
        "reposts_count": 0,
        "attitudes_count": 0,
        "t": "1594735191000",
        "text": "支持董哥",
        "uid": "6436398910/",
        "followers_count": "97",
        "statuses_count": "2969",
        "verified": 0,
        "user_created_at": "2017-12-17",
        "has_description": 0,
        "parent": "4526575381789423"
    }
]