[
    {
        "mid": "4526591197243903",
        "has_multimedia": 1,
        "comments_count": 169,
        "reposts_count": 396,
        "attitudes_count": 3238,
        "t": "1594706904000",
        "text": "滴滴司机打110报警求闯红灯，还连说没办法了背后原因让人感动！#滴滴司机为送乘客去医院报警求闯红灯##司机为送乘客去医院报警求闯红灯#L中国长安网的微博视频 ​​​​",
        "uid": "5617030362/",
        "followers_count": "10310610",
        "statuses_count": "36267",
        "verified": 1,
        "has_description": 1,
        "parent": "0",
        "user_created_at": "2016-08-21"
    },
    {
        "mid": "4527618260992742",
        "has_multimedia": 1,
        "comments_count": 0,
        "reposts_count": 0,
        "attitudes_count": 0,
        "t": "1594951774000",
        "text": "//@佛剑牌折凳:好人一生平安//@三星望月寻剑仙 ://@永远支持春绯 ://@欲盖弥彰是不对的 :好人一生平安//@植树造林乌贼贼 : 好人一生平安//@游北君 :好人一生平安//@梦遗唐朝 : 为了拯救生命//@反射弧超长星人影九 :好人一生平安",
        "uid": "1931527712/",
        "followers_count": "760",
        "statuses_count": "13474",
        "verified": 0,
        "user_created_at": "2011-02-02",
        "has_description": 1,
        "parent": "4526591197243903"
    },
    {
        "mid": "4527604243110681",
        "has_multimedia": 1,
        "comments_count": 0,
        "reposts_count": 0,
        "attitudes_count": 0,
        "t": "1594948433000",
        "text": "好人一生平安//@佛剑牌折凳 :好人一生平安//@三星望月寻剑仙 ://@永远支持春绯 ://@欲盖弥彰是不对的 :好人一生平安//@植树造林乌贼贼 : 好人一生平安//@游北君 :好人一生平安//@梦遗唐朝 : 为了拯救生命//@反射弧超长星人影九 :好人一生平安",
        "uid": "2475171041/",
        "verified": 0,
        "user_created_at": "2012-01-01",
        "has_description": 1,
        "parent": "4526591197243903",
        "followers_count": "169",
        "statuses_count": "33278"
    },
    {
        "mid": "4527602653990117",
        "has_multimedia": 1,
        "comments_count": 0,
        "reposts_count": 0,
        "attitudes_count": 0,
        "t": "1594948053000",
        "text": "好人一生平安！//@诛砂:🙏//@三星望月寻剑仙://@欲盖弥彰是不对的:好人一生平安//@植树造林乌贼贼: 好人一生平安//@游北君:好人一生平安//@反射弧超长星人影九:好人一生平安//@湖北小熊锅:联系执勤交警带路也是一种方法，不过这位司机大哥确实 是好人，向你致敬。",
        "uid": "3833325006/",
        "followers_count": "42",
        "statuses_count": "14602",
        "verified": 0,
        "user_created_at": "2013-10-05",
        "has_description": 1,
        "parent": "4526591197243903"
    }
]