[
    {
        "mid": "4526576279100886",
        "has_multimedia": 1,
        "comments_count": 476,
        "reposts_count": 126,
        "attitudes_count": 1867,
        "t": "1594703347000",
        "text": "【小讨论：你怎么看所谓的#祖安文化#？】以对方母亲为圆心、直系亲戚为半径、生殖器为主武器、意淫为主技能，配以伦理、两性、家畜、宠物、殡葬行业等领域的特有动词及名词……这种追求骂人要有创意，脏话要足够恶毒的“祖安文化”，目前在网络走红，甚至在青少年群体中愈演愈烈，还有人自称“祖安男孩”“祖安女孩”。是时髦的“玩世不恭”，还是粗俗的“语言暴力”，你咋看，来聊聊↓",
        "uid": "5476386628/",
        "followers_count": "7872802",
        "statuses_count": "6122",
        "verified": 1,
        "has_description": 1,
        "parent": "0",
        "user_created_at": "2015-01-13"
    },
    {
        "mid": "4527232913768943",
        "has_multimedia": 1,
        "comments_count": 0,
        "reposts_count": 0,
        "attitudes_count": 0,
        "t": "1594859900000",
        "text": "一群神经病，骂人还文化",
        "uid": "1659224314/",
        "followers_count": "228",
        "statuses_count": "482",
        "verified": 0,
        "user_created_at": "2009-11-07",
        "has_description": 1,
        "parent": "4526576279100886"
    },
    {
        "mid": "4527091406341728",
        "has_multimedia": 1,
        "comments_count": 0,
        "reposts_count": 0,
        "attitudes_count": 0,
        "t": "1594826162000",
        "text": "总得让人发泄一下情绪吧，被工作、生活摧残了一天骂骂人没事吧。",
        "uid": "2809427403/",
        "followers_count": "255",
        "statuses_count": "557",
        "verified": 0,
        "user_created_at": "2012-09-19",
        "has_description": 0,
        "parent": "4526576279100886"
    },
    {
        "mid": "4527047277810387",
        "has_multimedia": 1,
        "comments_count": 0,
        "reposts_count": 0,
        "attitudes_count": 0,
        "t": "1594815641000",
        "text": "网络文化糟粕，久而久之成自然：“别人都是这么骂的”或者“你看别人骂的更难听”，这是最可怕的地方",
        "uid": "3707084887/",
        "followers_count": "37",
        "statuses_count": "158",
        "verified": 0,
        "user_created_at": "2013-08-08",
        "has_description": 1,
        "parent": "4526576279100886"
    }
]