[
    {
        "mid": "4526576295926075",
        "has_multimedia": 0,
        "comments_count": 121,
        "reposts_count": 113,
        "attitudes_count": 505,
        "t": "1594703351000",
        "text": "【付超到猛追湾街道开展走访调研】#成华动态#近日，区人大常委会副主任付超到猛追湾街道开展“三问四深入”走访调研。在交通银行成华支行，付超详细询问了该银行在疫情防控期间针对公司资金短缺推出的优惠信贷政策落实情况，以及在街道招商引资中所给予落户企业的支持和扶持情况。付超要求，街道要与驻辖区企业深化开展党建联建工作，做实做细企业服务，更好地为成华高质量发展作贡献。",
        "uid": "1748991991/",
        "followers_count": "425296",
        "statuses_count": "27159",
        "verified": 1,
        "has_description": 1,
        "parent": "0",
        "user_created_at": "2010-05-31"
    },
    {
        "mid": "4526676304673326",
        "has_multimedia": 0,
        "comments_count": 0,
        "reposts_count": 0,
        "attitudes_count": 0,
        "t": "1594727195000",
        "text": "//@隐形的长友颈鹿:转发微博",
        "uid": "2509005494/",
        "followers_count": "75",
        "statuses_count": "6",
        "verified": 0,
        "user_created_at": "2011-11-02",
        "has_description": 0,
        "parent": "4526576295926075"
    },
    {
        "mid": "4526676296257710",
        "has_multimedia": 0,
        "comments_count": 0,
        "reposts_count": 0,
        "attitudes_count": 0,
        "t": "1594727192000",
        "text": "7看他@阿尔卑斯饮品",
        "uid": "2509005494/",
        "followers_count": "75",
        "statuses_count": "6",
        "verified": 0,
        "user_created_at": "2011-11-02",
        "has_description": 0,
        "parent": "4526576295926075"
    },
    {
        "mid": "4526640497227397",
        "has_multimedia": 0,
        "comments_count": 0,
        "reposts_count": 0,
        "attitudes_count": 0,
        "t": "1594718657000",
        "text": "转发微博",
        "uid": "6807262183/",
        "followers_count": "3",
        "statuses_count": "48",
        "verified": 0,
        "user_created_at": "2020-07-12",
        "has_description": 0,
        "parent": "4526576295926075"
    }
]