[
    {
        "mid": "4526592611178298",
        "has_multimedia": 1,
        "comments_count": 227,
        "reposts_count": 234,
        "attitudes_count": 550,
        "t": "1594707241000",
        "text": "那些藏起胸部的中国女孩炎炎夏日，随着温度节节攀升的，还有女孩之间关于身材的话题。马甲线、直角肩、天鹅颈……种种好身材的“标准”里，有一个绕不开却不好意思公开讨论的关键词：胸。在被小胸女孩羡慕时，有些胸大的女生会说一句：“胸大其实挺烦的……”但这样的回答往往会收获其他人的白眼：你这分明是在炫耀！大胸到底会带来什么烦恼？“丰满”背后又存在着什么隐患？ °那些藏起胸部的中国女孩",
        "uid": "5648507852/",
        "followers_count": "4315534",
        "statuses_count": "12904",
        "verified": 1,
        "user_created_at": "2015-07-09",
        "has_description": 1,
        "parent": "0"
    },
    {
        "mid": "4526651256780429",
        "has_multimedia": 1,
        "comments_count": 0,
        "reposts_count": 0,
        "attitudes_count": 0,
        "t": "1594721223000",
        "text": "转发微博",
        "uid": "6429932984/",
        "followers_count": "77",
        "statuses_count": "613",
        "verified": 0,
        "user_created_at": "2017-12-10",
        "has_description": 0,
        "parent": "4526592611178298"
    },
    {
        "mid": "4526638912503792",
        "has_multimedia": 1,
        "comments_count": 0,
        "reposts_count": 1,
        "attitudes_count": 0,
        "t": "1594717080000",
        "text": "日本的内衣牌子对大胸比较有善",
        "uid": "3098155827/",
        "followers_count": "398",
        "statuses_count": "2437",
        "verified": 0,
        "user_created_at": "2012-11-08",
        "has_description": 1,
        "parent": "4526592611178298"
    },
    {
        "mid": "4526634042481964",
        "has_multimedia": 1,
        "comments_count": 0,
        "reposts_count": 1,
        "attitudes_count": 0,
        "t": "1594717119000",
        "text": "日本的内衣牌子对大胸比较有善",
        "uid": "2082711995/",
        "followers_count": "890",
        "statuses_count": "23793",
        "verified": 1,
        "user_created_at": "2011-04-12",
        "has_description": 1,
        "parent": "4526592611178298"
    }
]