[
    {
        "mid": "4526577306888049",
        "has_multimedia": 1,
        "comments_count": 302,
        "reposts_count": 262,
        "attitudes_count": 319,
        "t": "1594703592000",
        "text": "#人脸信息0.5元一份出售# 这类话题永远都是热搜常客呀。之前在微博上就很多人早讨论#人脸识别有风险# 现如今的生活中，人脸识别随处可见。许多手游通过人脸识别来防范未成年人沉迷游戏，一些游戏的新赛季来了，暑假也来了，难免很多人会在游戏身上花多点时间，误伤成年人的同时，还可能有信息泄漏的风险。很难想象如果未来约束未成年人饮酒，是不是也要开启人脸识别？",
        "uid": "5745879896/",
        "followers_count": "1164968",
        "statuses_count": "18959",
        "verified": 1,
        "user_created_at": "2015-10-29",
        "has_description": 1,
        "parent": "0"
    },
    {
        "mid": "4526661363966207",
        "has_multimedia": 1,
        "comments_count": 0,
        "reposts_count": 0,
        "attitudes_count": 0,
        "t": "1594723633000",
        "text": "喝个酒都要成年了吗",
        "uid": "2355257350/",
        "followers_count": "396",
        "statuses_count": "3364",
        "verified": 0,
        "user_created_at": "2011-08-29",
        "has_description": 1,
        "parent": "4526577306888049"
    },
    {
        "mid": "4526597237654378",
        "has_multimedia": 1,
        "comments_count": 0,
        "reposts_count": 0,
        "attitudes_count": 0,
        "t": "1594708344000",
        "text": "啊这不太好吧",
        "uid": "7437649386/",
        "followers_count": "4",
        "statuses_count": "142",
        "verified": 0,
        "user_created_at": "2020-04-16",
        "has_description": 1,
        "parent": "4526577306888049"
    },
    {
        "mid": "4526596050483896",
        "has_multimedia": 1,
        "comments_count": 0,
        "reposts_count": 0,
        "attitudes_count": 0,
        "t": "1594708060000",
        "text": "反正我不喜欢人脸识别",
        "uid": "7219976270/",
        "followers_count": "30",
        "statuses_count": "485",
        "verified": 0,
        "user_created_at": "2019-07-06",
        "has_description": 1,
        "parent": "4526577306888049"
    }
]