[
    {
        "mid": "4526577230865152",
        "has_multimedia": 0,
        "comments_count": 100,
        "reposts_count": 109,
        "attitudes_count": 536,
        "t": "1594703573000",
        "text": "【赵春淦会见四川旅投集团党委书记、董事长任丁】#成华新闻#近日，区委书记赵春淦会见四川旅投集团党委书记、董事长任丁，双方就推进相关文旅产业项目合作事宜展开交流座谈。 ​​​​",
        "uid": "1748991991/",
        "followers_count": "425322",
        "statuses_count": "27184",
        "verified": 1,
        "has_description": 1,
        "parent": "0",
        "user_created_at": "2010-05-31"
    },
    {
        "mid": "4526912288923517",
        "has_multimedia": 0,
        "comments_count": 0,
        "reposts_count": 0,
        "attitudes_count": 0,
        "t": "1594783458000",
        "text": "【赵春淦会见四川旅投集团党委书记、董事长任丁】",
        "uid": "3583542372/",
        "followers_count": "10931",
        "statuses_count": "10617",
        "verified": 1,
        "has_description": 1,
        "parent": "4526577230865152",
        "user_created_at": "2013-07-05"
    },
    {
        "mid": "4526642473103585",
        "has_multimedia": 0,
        "comments_count": 0,
        "reposts_count": 0,
        "attitudes_count": 0,
        "t": "1594719129000",
        "text": "【赵春淦会见四川旅投集团党委书记、董事长任丁】",
        "uid": "3242806970/",
        "followers_count": "1901",
        "statuses_count": "12081",
        "verified": 1,
        "has_description": 1,
        "parent": "4526577230865152",
        "user_created_at": "2013-03-28"
    },
    {
        "mid": "4526639192567692",
        "has_multimedia": 0,
        "comments_count": 0,
        "reposts_count": 0,
        "attitudes_count": 0,
        "t": "1594718346000",
        "text": "转发微博",
        "uid": "7479935015/",
        "followers_count": "2",
        "statuses_count": "46",
        "verified": 0,
        "user_created_at": "2020-07-12",
        "has_description": 0,
        "parent": "4526577230865152"
    }
]