[
    {
        "mid": "4526577276937289",
        "has_multimedia": 1,
        "comments_count": 459,
        "reposts_count": 176,
        "attitudes_count": 8097,
        "t": "1594703584000",
        "text": "【#下药男子回应本意是恶作剧#  还曾点赞“交往期出轨应该得到原谅”】\t#遭熟人下药女顾客拒绝接受道歉#后续：今年7月4日，在广东深圳某自助餐厅内，小雪被男性同伴赵某水杯里“下药”。被餐厅店员发现并报警。小雪和赵某的一名共同好友告诉封面新闻记者，赵某原为南京某大学校辩论队选手，目前在美国一所著名大学留学。一份网友与赵某的对话记录显示，他没有否认当天在餐厅“下药”的事，但解释称本意其实是“恶作剧”，药物是治疗性冷淡用途，当时他一时糊涂，想看看女生的反应，满足一下猎奇心理。事后，女孩拒绝赵某的道歉。赵某的社交平台信息被扒出，他曾点赞“交往期出轨应该得到原谅”的观点。°封面深镜 |深圳自助餐厅“下药”事件发酵 当事...  L封面新闻的微博视频",
        "uid": "1496814565/",
        "followers_count": "20680874",
        "statuses_count": "147210",
        "verified": 1,
        "has_description": 1,
        "parent": "0",
        "user_created_at": "2012-01-01"
    },
    {
        "mid": "4527332120867538",
        "has_multimedia": 1,
        "comments_count": 0,
        "reposts_count": 0,
        "attitudes_count": 0,
        "t": "1594883554000",
        "text": "//@拢龙今天也要快乐鸭:想知道什么反应自己吃不就完了，这样吧，这个赵某看起来很适合参与医学实验，不如就送去做人体实验好了，为我国的医学实验做贡献",
        "uid": "5834873908/",
        "followers_count": "407",
        "statuses_count": "2071",
        "verified": 0,
        "user_created_at": "2016-01-21",
        "has_description": 0,
        "parent": "4526577276937289"
    },
    {
        "mid": "4527077539980194",
        "has_multimedia": 1,
        "comments_count": 0,
        "reposts_count": 0,
        "attitudes_count": 0,
        "t": "1594822857000",
        "text": "转发微博",
        "uid": "6606681664/",
        "followers_count": "83",
        "statuses_count": "401",
        "verified": 0,
        "user_created_at": "2018-07-20",
        "has_description": 1,
        "parent": "4526577276937289"
    }
]