[
    {
        "mid": "4526593975028797",
        "has_multimedia": 1,
        "comments_count": 2874,
        "reposts_count": 859,
        "attitudes_count": 149416,
        "t": "1594707566000",
        "text": "【#生育是否为女性必选项#】近日，@秦岚 接受采访时谈及对于婚恋的看法，“前几年也有催婚的，说人不结婚就是不想负责任，我觉得很奇怪，为了结婚而结婚才是不负责任吧？她还霸气回怼了“生孩子是女人的义务”的说法，表示：“我的子宫使不使用，关你什么事？”你认为生育是否为女性必选项？#秦岚 我的子宫使不使用关你什么事# R头条新闻的微博投票",
        "uid": "1618051664/",
        "followers_count": "80596174",
        "statuses_count": "186894",
        "verified": 1,
        "has_description": 1,
        "parent": "0",
        "user_created_at": "2009-08-28"
    },
    {
        "mid": "4526983486737016",
        "has_multimedia": 1,
        "comments_count": 0,
        "reposts_count": 0,
        "attitudes_count": 0,
        "t": "1594800432000",
        "text": "倒也没说一直无忧无虑，还是会被老催婚，但怎么说绝对要比婚育的人更轻松自在，自己的钱自己花，想干啥干啥，也许很多人会觉得不结婚就是不负责任，但往往很多人被剩下了也不是说坚定不婚主义，只是遇来遇去遇不到自己喜欢又觉得合适的//@富豪:女人一旦放弃了婚育那和无忧无虑还没有什么区别！！！！",
        "uid": "7381401182/",
        "followers_count": "3",
        "statuses_count": "143",
        "verified": 0,
        "user_created_at": "2020-01-28",
        "has_description": 1,
        "parent": "4526593975028797"
    },
    {
        "mid": "4526980932669748",
        "has_multimedia": 1,
        "comments_count": 0,
        "reposts_count": 0,
        "attitudes_count": 0,
        "t": "1594799824000",
        "text": "2020了2020了2020了",
        "uid": "6516611465/",
        "followers_count": "77",
        "statuses_count": "3010",
        "verified": 0,
        "user_created_at": "2018-03-29",
        "has_description": 1,
        "parent": "4526593975028797"
    },
    {
        "mid": "4526979661536175",
        "has_multimedia": 1,
        "comments_count": 0,
        "reposts_count": 0,
        "attitudes_count": 0,
        "t": "1594799521000",
        "text": "我参与了@头条新闻 发起的投票【生育是否为女性必选项】，我投给了“自己的身体自己做主”这个选项，你也快来表态吧~",
        "uid": "6821742796/",
        "followers_count": "90",
        "statuses_count": "2375",
        "verified": 0,
        "user_created_at": "2018-11-05",
        "has_description": 0,
        "parent": "4526593975028797"
    },
    {
        "mid": "4526950225392485",
        "has_multimedia": 1,
        "comments_count": 0,
        "reposts_count": 0,
        "attitudes_count": 0,
        "t": "1594792503000",
        "text": "是你妈",
        "uid": "1882087090/",
        "followers_count": "1289",
        "statuses_count": "10963",
        "verified": 0,
        "user_created_at": "2010-11-22",
        "has_description": 1,
        "parent": "4526593975028797"
    },
    {
        "mid": "4526945838936358",
        "has_multimedia": 1,
        "comments_count": 0,
        "reposts_count": 0,
        "attitudes_count": 0,
        "t": "1594791457000",
        "text": "真佩服一些人“矢志不移”的“信仰”，所有的话题，最后的指向一定是让中国人越不团结越分崩离析越好，让中国人变得越少越好，让中华民族越早灭亡越好。",
        "uid": "3200885013/",
        "followers_count": "1979",
        "statuses_count": "3913",
        "verified": 0,
        "user_created_at": "2012-12-25",
        "has_description": 1,
        "parent": "4526593975028797"
    }
]