[
    {
        "mid": "4526593843773203",
        "has_multimedia": 1,
        "comments_count": 491,
        "reposts_count": 466,
        "attitudes_count": 2410,
        "t": "1594707535000",
        "text": "中国人权研究会文章：贫富分化导致美国人权问题日益严重美国虽然号称世界第一强国，但却非人人富足。揭开美国整体富强的面纱，看到的是贫富严重分化的冷酷现实。联合国极端贫困与人权问题特别报告员菲利普·奥尔斯顿在2018年5月发表的访美报告中指出，美国已经沦为贫富分化最严重的西方国家，约4000万美国人生活在贫困中，1850万美国人生活在极端贫困中，超过500万人的生活状态同第三世界绝对贫困人群相当。2020年新冠肺炎疫情暴发以来，美国政府应对疫情不力导致严重的人权灾难，美国社会的经济不平等进一步暴露和加剧，底层民众陷入更为艰难的生存困境。",
        "uid": "1887344341/",
        "followers_count": "12558009",
        "statuses_count": "110527",
        "verified": 1,
        "has_description": 1,
        "parent": "0",
        "user_created_at": "2010-12-09"
    },
    {
        "mid": "4526946019030212",
        "has_multimedia": 1,
        "comments_count": 111,
        "reposts_count": 22,
        "attitudes_count": 274,
        "t": "1594791500000",
        "text": "……这个有一说一，我是觉得吓得都不敢公布基尼系数的话，就别嘲讽人家了。扶贫虽然辛苦，但不是一切不合理事物的遮羞布。",
        "uid": "2264713730/",
        "followers_count": "4396190",
        "statuses_count": "18333",
        "verified": 1,
        "user_created_at": "2011-07-24",
        "has_description": 1,
        "parent": "4526593843773203"
    },
    {
        "mid": "4527086361116932",
        "has_multimedia": 1,
        "comments_count": 111,
        "reposts_count": 22,
        "attitudes_count": 274,
        "t": "1594791480000",
        "text": "……这个有一说一，我是觉得吓得都不敢公布基尼系数的话，就别嘲讽人家了。扶贫虽然辛苦，但不是一切不合理事物的遮羞布。",
        "uid": "5330039226/",
        "followers_count": "310",
        "statuses_count": "21188",
        "verified": 0,
        "user_created_at": "2014-10-15",
        "has_description": 0,
        "parent": "4526946019030212"
    },
    {
        "mid": "4527078424712706",
        "has_multimedia": 1,
        "comments_count": 111,
        "reposts_count": 22,
        "attitudes_count": 274,
        "t": "1594791480000",
        "text": "……这个有一说一，我是觉得吓得都不敢公布基尼系数的话，就别嘲讽人家了。扶贫虽然辛苦，但不是一切不合理事物的遮羞布。",
        "uid": "5405241940/",
        "followers_count": "246",
        "statuses_count": "27302",
        "verified": 0,
        "user_created_at": "2015-01-03",
        "has_description": 0,
        "parent": "4526946019030212"
    },
    {
        "mid": "4527066072232727",
        "has_multimedia": 1,
        "comments_count": 0,
        "reposts_count": 0,
        "attitudes_count": 0,
        "t": "1594820123000",
        "text": "//@防务微观察:……这个有一说一，我是觉得吓得都不敢公布基尼系数的话，就别嘲讽人家了。扶贫虽然辛苦，但不是一切不合理事物的遮羞布。",
        "uid": "2178233971/",
        "followers_count": "21",
        "statuses_count": "883",
        "verified": 0,
        "user_created_at": "2011-06-14",
        "has_description": 1,
        "parent": "4526946019030212"
    },
    {
        "mid": "4526943628530205",
        "has_multimedia": 1,
        "comments_count": 21,
        "reposts_count": 16,
        "attitudes_count": 52,
        "t": "1594790929000",
        "text": "论贫富差距，中国也存在着同样的问题，两国都应该引起重视。以前还能查到中国的基尼系数，现在都查不到了。",
        "uid": "1231668867/",
        "followers_count": "1237685",
        "statuses_count": "38125",
        "verified": 1,
        "user_created_at": "2009-08-28",
        "has_description": 1,
        "parent": "4526593843773203"
    },
    {
        "mid": "4527253730628402",
        "has_multimedia": 1,
        "comments_count": 0,
        "reposts_count": 0,
        "attitudes_count": 0,
        "t": "1594864864000",
        "text": "你知道美国优先指的是什么吗？//@王海:美国有美国优先的口号，中国为什么不能喊中国优先？建议人权研究会优先研究中国大陆。//@周蓬安:论贫富差距，中国也存在着同样的问题，两国都应该引起重视。以前还能查到中国的基尼系数，现在都查不到了。",
        "uid": "1034819492/",
        "followers_count": "956",
        "statuses_count": "10367",
        "verified": 0,
        "user_created_at": "2010-08-29",
        "has_description": 1,
        "parent": "4526943628530205"
    },
    {
        "mid": "4527136483050991",
        "has_multimedia": 1,
        "comments_count": 1,
        "reposts_count": 3,
        "attitudes_count": 17,
        "t": "1594828920000",
        "text": "美国有美国优先的口号，中国为什么不能喊中国优先？建议人权研究会优先研究中国大陆。//@周蓬安:论贫富差距，中国也存在着同样的问题，两国都应该引起重视。以前还能查到中国的基尼系数，现在都查不到了。",
        "uid": "1086051591/",
        "followers_count": "1457",
        "statuses_count": "17540",
        "verified": 1,
        "user_created_at": "2010-04-22",
        "has_description": 1,
        "parent": "4526943628530205"
    },
    {
        "mid": "4527106686197325",
        "has_multimedia": 1,
        "comments_count": 1,
        "reposts_count": 3,
        "attitudes_count": 17,
        "t": "1594828920000",
        "text": "美国有美国优先的口号，中国为什么不能喊中国优先？建议人权研究会优先研究中国大陆。//@周蓬安:论贫富差距，中国也存在着同样的问题，两国都应该引起重视。以前还能查到中国的基尼系数，现在都查不到了。",
        "uid": "1415593281/",
        "followers_count": "320",
        "statuses_count": "8003",
        "verified": 0,
        "user_created_at": "2010-06-16",
        "has_description": 0,
        "parent": "4526943628530205"
    },
    {
        "mid": "4527300086083010",
        "has_multimedia": 1,
        "comments_count": 0,
        "reposts_count": 0,
        "attitudes_count": 0,
        "t": "1594875916000",
        "text": "现在基尼系数应该还是0.6往上，中国先管好自己吧！",
        "uid": "6305309351/",
        "followers_count": "3",
        "statuses_count": "22",
        "verified": 0,
        "user_created_at": "2017-07-06",
        "has_description": 1,
        "parent": "4526593843773203"
    }
]