[
    {
        "mid": "4526594129677407",
        "has_multimedia": 1,
        "comments_count": 78,
        "reposts_count": 39,
        "attitudes_count": 336,
        "t": "1594707603000",
        "text": "【#河南焦作幼师投毒案明日开庭#，死亡幼儿家属望严惩】7月14日，澎湃新闻从“河南焦作幼师投毒案”受害幼儿家长处获悉，该案将于明天上午在焦作市中级人民法院开庭审理。王某云为焦作市解放区萌萌幼儿园（民办）教师。2019年3月27日，王某云向中班学生的八宝粥中投放亚硝酸钠，造成23名幼儿中毒。其中一名幼儿在抢救10个月后死亡。王某云涉嫌投放危险物质罪、故意伤害罪。死亡幼儿的母亲张女士告诉澎湃新闻案发至今，他们没有接到嫌疑人及其家属，以及幼儿园方面的道歉。抢救孩子的100多万医疗费，也是当地政府替嫌疑人和幼儿园先行垫付。°河南焦作幼师投毒案明日开庭，死亡幼儿家属望...¡查看图片",
        "uid": "5044281310/",
        "followers_count": "24907299",
        "statuses_count": "69754",
        "verified": 1,
        "has_description": 1,
        "parent": "0",
        "user_created_at": "2012-01-01"
    },
    {
        "mid": "4526923059136435",
        "has_multimedia": 1,
        "comments_count": 0,
        "reposts_count": 0,
        "attitudes_count": 0,
        "t": "1594786025000",
        "text": "//@情人的快樂最後都會變成一滴淚:这个歹毒的教师应该判死刑了吧，幼儿园没有道歉也没有赔偿部分医药费？也该整顿了",
        "uid": "3292759241/",
        "followers_count": "354",
        "statuses_count": "7422",
        "verified": 0,
        "user_created_at": "2013-02-25",
        "has_description": 1,
        "parent": "4526594129677407"
    }
]