[
    {
        "mid": "4526596645464260",
        "has_multimedia": 1,
        "comments_count": 310,
        "reposts_count": 72,
        "attitudes_count": 1374,
        "t": "1594708203000",
        "text": "【“承认耶稣是黑人，否则杀光所有人！” 美国男子机上大闹致航班迫降】11日，美国阿拉斯加航空公司一航班在西雅图紧急迫降。原因是机上一名乘客突然情绪失控，并大喊着威胁道，“除非你承认耶稣是黑人，否则我就杀了这架飞机上的所有人！”该男子还多次大喊“以耶稣的名义去死”。随后，包括一名机上警员在内的三名乘客和一名空乘人员合力制服了该男子在飞机紧急着陆后，该男子被关进了金县监狱，他因涉嫌骚扰而接受调查，其动机尚不清楚。L微丢的微博视频",
        "uid": "1974576991/",
        "followers_count": "28197208",
        "statuses_count": "190496",
        "verified": 1,
        "has_description": 1,
        "parent": "0",
        "user_created_at": "2011-02-17"
    },
    {
        "mid": "4526917803949046",
        "has_multimedia": 1,
        "comments_count": 0,
        "reposts_count": 0,
        "attitudes_count": 0,
        "t": "1594784773000",
        "text": "//@南津指星:突然站出来个白人佛教徒，说，你们必须承认释迦摩尼是白种人，不然杀光所有人，那这飞机的人岂不是要死仨次?//@说出吾名吓汝一眺:这下突然有个穆斯林突然站出来，说，你们必须承认真主是黄种人，不然杀光所有人那这飞机的人岂不是要死两次?",
        "uid": "7195115574/",
        "followers_count": "40",
        "statuses_count": "295",
        "verified": 0,
        "user_created_at": "2019-06-15",
        "has_description": 1,
        "parent": "4526596645464260"
    },
    {
        "mid": "4526830281973510",
        "has_multimedia": 1,
        "comments_count": 0,
        "reposts_count": 0,
        "attitudes_count": 0,
        "t": "1594763906000",
        "text": "转发微博",
        "uid": "1447461733/",
        "followers_count": "54",
        "statuses_count": "7836",
        "verified": 0,
        "user_created_at": "2013-08-15",
        "has_description": 1,
        "parent": "4526596645464260"
    },
    {
        "mid": "4526744579469780",
        "has_multimedia": 1,
        "comments_count": 0,
        "reposts_count": 0,
        "attitudes_count": 0,
        "t": "1594743472000",
        "text": "脑子掉水坑里了",
        "uid": "7392922295/",
        "followers_count": "19",
        "statuses_count": "1276",
        "verified": 0,
        "user_created_at": "2020-02-15",
        "has_description": 1,
        "parent": "4526596645464260"
    }
]