[
    {
        "mid": "4526596608745134",
        "has_multimedia": 1,
        "comments_count": 7670,
        "reposts_count": 3378,
        "attitudes_count": 11938,
        "t": "1594708193000",
        "text": "昨晚凌晨1点工作完打算去吃烤生蚝，结果路过看到益禾堂 没关门打算去买杯饮料喝喝，结果凑上去一看发现三个女店员因为一只老鼠而措手不及，结果就有了以下这则英雄救美的突如其来的#VLOG# 的更新了，然而她们最后决定把老鼠放了～#二十不惑# L庄杉树的微博视频 ​​​​",
        "uid": "1822335180/",
        "followers_count": "3332919",
        "statuses_count": "1098",
        "verified": 1,
        "user_created_at": "2010-09-19",
        "has_description": 1,
        "parent": "0"
    },
    {
        "mid": "4526633909027736",
        "has_multimedia": 1,
        "comments_count": 0,
        "reposts_count": 0,
        "attitudes_count": 0,
        "t": "1594717086000",
        "text": "三叔英勇哦",
        "uid": "6158580983/",
        "followers_count": "1",
        "statuses_count": "7",
        "verified": 0,
        "user_created_at": "2017-02-27",
        "has_description": 0,
        "parent": "4526596608745134"
    },
    {
        "mid": "4526633359741231",
        "has_multimedia": 1,
        "comments_count": 0,
        "reposts_count": 0,
        "attitudes_count": 0,
        "t": "1594716956000",
        "text": "三叔厉害了",
        "uid": "6158580983/",
        "followers_count": "1",
        "statuses_count": "7",
        "verified": 0,
        "user_created_at": "2017-02-27",
        "has_description": 0,
        "parent": "4526596608745134"
    },
    {
        "mid": "4526633305064887",
        "has_multimedia": 1,
        "comments_count": 0,
        "reposts_count": 0,
        "attitudes_count": 0,
        "t": "1594716942000",
        "text": "转发微博",
        "uid": "6158580983/",
        "followers_count": "1",
        "statuses_count": "7",
        "verified": 0,
        "user_created_at": "2017-02-27",
        "has_description": 0,
        "parent": "4526596608745134"
    }
]