[
    {
        "mid": "4526580703048367",
        "has_multimedia": 1,
        "comments_count": 486,
        "reposts_count": 71,
        "attitudes_count": 3755,
        "t": "1594704402000",
        "text": "突然想起来督工最近还要去西北某城市拍摄一个户外节目不过西北人民不要紧张，拿蛋卷保证，这次真的是看人文风景去的 ​​​​",
        "uid": "6060307497/",
        "followers_count": "1991812",
        "statuses_count": "4504",
        "verified": 1,
        "has_description": 1,
        "parent": "0",
        "user_created_at": "2016-11-02"
    },
    {
        "mid": "4527091921982409",
        "has_multimedia": 1,
        "comments_count": 0,
        "reposts_count": 0,
        "attitudes_count": 0,
        "t": "1594826286000",
        "text": "转发微博",
        "uid": "6228657463/",
        "followers_count": "166",
        "statuses_count": "853",
        "verified": 0,
        "user_created_at": "2017-05-01",
        "has_description": 1,
        "parent": "4526580703048367"
    },
    {
        "mid": "4527062855456921",
        "has_multimedia": 1,
        "comments_count": 0,
        "reposts_count": 0,
        "attitudes_count": 0,
        "t": "1594819356000",
        "text": "关于烂尾楼的视频，有一个叫小叔的博主做得非常好，聚焦北方各种房地产乱开发后的一地鸡毛，比如惊人的削山建地，大规模烂尾楼。",
        "uid": "1715935901/",
        "followers_count": "215",
        "statuses_count": "973",
        "verified": 0,
        "user_created_at": "2013-02-15",
        "has_description": 1,
        "parent": "4526580703048367"
    },
    {
        "mid": "4527019670734950",
        "has_multimedia": 1,
        "comments_count": 0,
        "reposts_count": 0,
        "attitudes_count": 0,
        "t": "1594809059000",
        "text": "转发微博",
        "uid": "6632383938/",
        "followers_count": "63",
        "statuses_count": "6470",
        "verified": 0,
        "user_created_at": "2018-08-12",
        "has_description": 0,
        "parent": "4526580703048367"
    }
]