[
    {
        "mid": "4526597929528994",
        "has_multimedia": 1,
        "comments_count": 488,
        "reposts_count": 413,
        "attitudes_count": 2917,
        "t": "1594708509000",
        "text": "【台湾政论节目盯上三峡大坝 前媒体人爆料：演得好的领4000台币】台湾某些政论（娱乐）节目又盯上了三峡大坝，捏造抹黑三峡大坝“豆腐渣”工程，靠卫星图片编造“坝体变形，面临溃堤”的谣言，甚至秀出“大坝崩溃，全中国完蛋”这样危言耸听之言。这些站不住脚的奇葩言论依旧屡见不鲜，台湾前媒体人杨世光就爆料了这些反智节目是如何制作的：东抓西凑编出剧本，嘉宾上场前要先背书，口沫横飞领3千，演得好的、夸张的、骂得凶的则可以领到4千台币。L微丢的微博视频",
        "uid": "1887344341/",
        "followers_count": "12544358",
        "statuses_count": "110472",
        "verified": 1,
        "has_description": 1,
        "parent": "0",
        "user_created_at": "2010-12-09"
    },
    {
        "mid": "4526623448007265",
        "has_multimedia": 1,
        "comments_count": 13,
        "reposts_count": 96,
        "attitudes_count": 64,
        "t": "1594714592000",
        "text": "哈哈哈哈张嘴就来～",
        "uid": "1730123695/",
        "followers_count": "1966076",
        "statuses_count": "67549",
        "verified": 1,
        "user_created_at": "2010-04-15",
        "has_description": 1,
        "parent": "4526597929528994"
    },
    {
        "mid": "4526625859138406",
        "has_multimedia": 1,
        "comments_count": 1,
        "reposts_count": 30,
        "attitudes_count": 5,
        "t": "1594715167000",
        "text": "领4000//@重工组长于彦舒:哈哈哈哈张嘴就来～",
        "uid": "1821885644/",
        "followers_count": "1336067",
        "statuses_count": "124017",
        "verified": 1,
        "user_created_at": "2010-09-19",
        "has_description": 1,
        "parent": "4526623448007265"
    },
    {
        "mid": "4526721552681201",
        "has_multimedia": 1,
        "comments_count": 0,
        "reposts_count": 0,
        "attitudes_count": 0,
        "t": "1594737983000",
        "text": "//@高槻全羊://@大祭司P://@月刊勇者KuMa君:领4000//@重工组长于彦舒:哈哈哈哈张嘴就来～",
        "uid": "5682011131/",
        "followers_count": "351",
        "statuses_count": "5083",
        "verified": 0,
        "user_created_at": "2015-08-21",
        "has_description": 1,
        "parent": "4526625859138406"
    },
    {
        "mid": "4526718487198412",
        "has_multimedia": 1,
        "comments_count": 1,
        "reposts_count": 30,
        "attitudes_count": 5,
        "t": "1594715160000",
        "text": "领4000//@重工组长于彦舒:哈哈哈哈张嘴就来～",
        "uid": "6027170022/",
        "followers_count": "55",
        "statuses_count": "6788",
        "verified": 0,
        "user_created_at": "2016-09-19",
        "has_description": 1,
        "parent": "4526625859138406"
    },
    {
        "mid": "4526712270003848",
        "has_multimedia": 1,
        "comments_count": 0,
        "reposts_count": 1,
        "attitudes_count": 0,
        "t": "1594735770000",
        "text": "//@大祭司P://@月刊勇者KuMa君:领4000//@重工组长于彦舒:哈哈哈哈张嘴就来～",
        "uid": "6859521668/",
        "followers_count": "191",
        "statuses_count": "4381",
        "verified": 1,
        "has_description": 1,
        "parent": "4526625859138406",
        "user_created_at": "2018-11-19"
    },
    {
        "mid": "4526694847945090",
        "has_multimedia": 1,
        "comments_count": 0,
        "reposts_count": 2,
        "attitudes_count": 1,
        "t": "1594728240000",
        "text": "才四千？//@黄前久美子厨_: 本质上是个搞笑节目//@罗德勇者:乆乆乆乆//@杀生地藏:1000块是脸皮钱//@月刊勇者KuMa君:领4000//@重工组长于彦舒:哈哈哈哈张嘴就来～",
        "uid": "5985904179/",
        "followers_count": "58",
        "statuses_count": "1654",
        "verified": 0,
        "user_created_at": "2016-07-19",
        "has_description": 0,
        "parent": "4526625859138406"
    },
    {
        "mid": "4526693916147959",
        "has_multimedia": 1,
        "comments_count": 0,
        "reposts_count": 0,
        "attitudes_count": 1,
        "t": "1594731393000",
        "text": "4000台币800人民币，，，//@黄前久美子厨_: 本质上是个搞笑节目//@罗德勇者:乆乆乆乆//@杀生地藏:1000块是脸皮钱//@月刊勇者KuMa君:领4000//@重工组长于彦舒:哈哈哈哈张嘴就来～",
        "uid": "3150626393/",
        "followers_count": "8471",
        "statuses_count": "77665",
        "verified": 0,
        "user_created_at": "2012-11-29",
        "has_description": 1,
        "parent": "4526625859138406"
    },
    {
        "mid": "4526691110142343",
        "has_multimedia": 1,
        "comments_count": 0,
        "reposts_count": 0,
        "attitudes_count": 0,
        "t": "1594730724000",
        "text": "4000？还是台币？//@前新瓶盖代币:才四千？//@黄前久美子厨_: 本质上是个搞笑节目//@罗德勇者:乆乆乆乆//@杀生地藏:1000块是脸皮钱//@月刊勇者KuMa君:领4000//@重工组长于彦舒:哈哈哈哈张嘴就来～",
        "uid": "7416563639/",
        "followers_count": "3",
        "statuses_count": "1889",
        "verified": 0,
        "user_created_at": "2020-03-21",
        "has_description": 1,
        "parent": "4526625859138406"
    },
    {
        "mid": "4526684832162725",
        "has_multimedia": 1,
        "comments_count": 0,
        "reposts_count": 0,
        "attitudes_count": 0,
        "t": "1594729228000",
        "text": "//@杀生地藏:1000块是脸皮钱//@月刊勇者KuMa君:领4000//@重工组长于彦舒:哈哈哈哈张嘴就来～",
        "uid": "2749077637/",
        "followers_count": "71",
        "statuses_count": "16574",
        "verified": 0,
        "user_created_at": "2012-09-11",
        "has_description": 0,
        "parent": "4526625859138406"
    },
    {
        "mid": "4526936090581462",
        "has_multimedia": 1,
        "comments_count": 7,
        "reposts_count": 24,
        "attitudes_count": 9,
        "t": "1594718100000",
        "text": "日本人都信他们自己被淹前天天说三峡要崩了//@狂乱魔王SSS:这玩意真有人信吗🙋",
        "uid": "3288730763/",
        "followers_count": "151",
        "statuses_count": "3427",
        "verified": 0,
        "user_created_at": "2013-02-20",
        "has_description": 1,
        "parent": "4526623448007265"
    },
    {
        "mid": "4526906807158363",
        "has_multimedia": 1,
        "comments_count": 0,
        "reposts_count": 0,
        "attitudes_count": 0,
        "t": "1594782151000",
        "text": "可以了，演技比肖战好多了才拿着点，肖战试试笔刷就有二十万//@电玩口袋社区:电视台政论节目的通告费是一笔相当可观的收入，有些没有特别有钱资方的政客还是要靠这个活着的//@月刊勇者KuMa君:领4000//@重工组长于彦舒:哈哈哈哈张嘴就来～",
        "uid": "6465698821/",
        "followers_count": "783",
        "statuses_count": "6629",
        "verified": 0,
        "user_created_at": "2018-01-20",
        "has_description": 1,
        "parent": "4526623448007265"
    },
    {
        "mid": "4526792067813063",
        "has_multimedia": 1,
        "comments_count": 0,
        "reposts_count": 0,
        "attitudes_count": 0,
        "t": "1594754794000",
        "text": "赚钱，不寒颤//@月刊勇者KuMa君:领4000//@重工组长于彦舒:哈哈哈哈张嘴就来～",
        "uid": "2782097195/",
        "followers_count": "52",
        "statuses_count": "2781",
        "verified": 0,
        "user_created_at": "2012-05-25",
        "has_description": 1,
        "parent": "4526623448007265"
    },
    {
        "mid": "4526789261984519",
        "has_multimedia": 1,
        "comments_count": 0,
        "reposts_count": 0,
        "attitudes_count": 0,
        "t": "1594754126000",
        "text": "绿营的节目真精彩啊每年都在说一样的题 只是今年被我们知道了而已//@zyuco:很多经常看到的台湾政论节目的确都是走这种浮夸风…不过该说不愧是国党吗，几十年如一日地想着放水淹老百姓//@菲特泰斯塔羅莎: 日本人都信他们自己被淹前天天说三峡要崩了//@狂乱魔王SSS:这玩意真有人信吗🙋",
        "uid": "1799405065/",
        "followers_count": "806",
        "statuses_count": "751",
        "verified": 1,
        "user_created_at": "2010-08-21",
        "has_description": 1,
        "parent": "4526623448007265"
    },
    {
        "mid": "4526771939482524",
        "has_multimedia": 1,
        "comments_count": 0,
        "reposts_count": 0,
        "attitudes_count": 1,
        "t": "1594749996000",
        "text": "笑尿//@黄前久美子厨_:本质上是个搞笑节目//@罗德勇者:乆乆乆乆//@杀生地藏:1000块是脸皮钱//@月刊勇者KuMa君:领4000//@重工组长于彦舒:哈哈哈哈张嘴就来～",
        "uid": "2911232617/",
        "followers_count": "304",
        "statuses_count": "27781",
        "verified": 1,
        "user_created_at": "2012-08-06",
        "has_description": 1,
        "parent": "4526623448007265"
    },
    {
        "mid": "4526750238029909",
        "has_multimedia": 1,
        "comments_count": 0,
        "reposts_count": 2,
        "attitudes_count": 0,
        "t": "1594743360000",
        "text": "很多经常看到的台湾政论节目的确都是走这种浮夸风…不过该说不愧是国党吗，几十年如一日地想着放水淹老百姓//@菲特泰斯塔羅莎: 日本人都信他们自己被淹前天天说三峡要崩了//@狂乱魔王SSS:这玩意真有人信吗🙋",
        "uid": "2416335217/",
        "followers_count": "342",
        "statuses_count": "5066",
        "verified": 0,
        "user_created_at": "2011-11-12",
        "has_description": 1,
        "parent": "4526623448007265"
    },
    {
        "mid": "4526744290697037",
        "has_multimedia": 1,
        "comments_count": 0,
        "reposts_count": 2,
        "attitudes_count": 0,
        "t": "1594743403000",
        "text": "很多经常看到的台湾政论节目的确都是走这种浮夸风…不过该说不愧是国党吗，几十年如一日地想着放水淹老百姓//@菲特泰斯塔羅莎: 日本人都信他们自己被淹前天天说三峡要崩了//@狂乱魔王SSS:这玩意真有人信吗🙋",
        "uid": "1831907544/",
        "followers_count": "1609",
        "statuses_count": "26785",
        "verified": 1,
        "user_created_at": "2011-01-03",
        "has_description": 1,
        "parent": "4526623448007265"
    },
    {
        "mid": "4526738912863814",
        "has_multimedia": 1,
        "comments_count": 13,
        "reposts_count": 96,
        "attitudes_count": 64,
        "t": "1594714560000",
        "text": "哈哈哈哈张嘴就来～",
        "uid": "2750173683/",
        "followers_count": "326",
        "statuses_count": "2275",
        "verified": 0,
        "user_created_at": "2012-06-09",
        "has_description": 1,
        "parent": "4526623448007265"
    },
    {
        "mid": "4526735788226964",
        "has_multimedia": 1,
        "comments_count": 13,
        "reposts_count": 96,
        "attitudes_count": 64,
        "t": "1594714560000",
        "text": "哈哈哈哈张嘴就来～",
        "uid": "3736026624/",
        "followers_count": "178",
        "statuses_count": "47741",
        "verified": 0,
        "user_created_at": "2013-08-22",
        "has_description": 1,
        "parent": "4526623448007265"
    },
    {
        "mid": "4526733292434345",
        "has_multimedia": 1,
        "comments_count": 0,
        "reposts_count": 0,
        "attitudes_count": 0,
        "t": "1594740782000",
        "text": "//@菲特泰斯塔羅莎: 日本人都信他们自己被淹前天天说三峡要崩了//@狂乱魔王SSS:这玩意真有人信吗🙋",
        "uid": "6499254620/",
        "followers_count": "404",
        "statuses_count": "18801",
        "verified": 0,
        "user_created_at": "2018-03-03",
        "has_description": 1,
        "parent": "4526623448007265"
    },
    {
        "mid": "4526685074009425",
        "has_multimedia": 1,
        "comments_count": 2,
        "reposts_count": 38,
        "attitudes_count": 2,
        "t": "1594729286000",
        "text": "唉，我们这边的小鲜肉们要是有他们一半的演技都不至于走到今天",
        "uid": "7062735335/",
        "followers_count": "34284",
        "statuses_count": "1565",
        "verified": 1,
        "has_description": 1,
        "parent": "4526597929528994",
        "user_created_at": "2020-01-01"
    },
    {
        "mid": "4526923114187938",
        "has_multimedia": 1,
        "comments_count": 0,
        "reposts_count": 0,
        "attitudes_count": 0,
        "t": "1594786038000",
        "text": "是谁？ 肖战！//@彼之良官方微博:唉，我们这边的小鲜肉们要是有他们一半的演技都不至于走到今天",
        "uid": "6258352192/",
        "followers_count": "6",
        "statuses_count": "713",
        "verified": 0,
        "user_created_at": "2017-05-29",
        "has_description": 0,
        "parent": "4526685074009425"
    },
    {
        "mid": "4526898162667715",
        "has_multimedia": 1,
        "comments_count": 14,
        "reposts_count": 32,
        "attitudes_count": 49,
        "t": "1594737960000",
        "text": "四千新台币不是连一千块都不到吗 //@不喜杜康我萃香: 感情还是演出来的……更弱智了//@彼之良官方微博: 唉，我们这边的小鲜肉们要是有他们一半的演技都不至于走到今天",
        "uid": "2684106363/",
        "followers_count": "124",
        "statuses_count": "8039",
        "verified": 0,
        "user_created_at": "2012-03-27",
        "has_description": 0,
        "parent": "4526685074009425"
    },
    {
        "mid": "4526889961845489",
        "has_multimedia": 1,
        "comments_count": 0,
        "reposts_count": 0,
        "attitudes_count": 0,
        "t": "1594778134000",
        "text": "//@不喜杜康我萃香: 感情还是演出来的……更弱智了//@彼之良官方微博: 唉，我们这边的小鲜肉们要是有他们一半的演技都不至于走到今天",
        "uid": "2396238305/",
        "followers_count": "232",
        "statuses_count": "2078",
        "verified": 0,
        "user_created_at": "2011-10-04",
        "has_description": 1,
        "parent": "4526685074009425"
    },
    {
        "mid": "4526882429815716",
        "has_multimedia": 1,
        "comments_count": 0,
        "reposts_count": 0,
        "attitudes_count": 1,
        "t": "1594776338000",
        "text": "//@青冥童子: 四千新台币不是连一千块都不到吗 //@不喜杜康我萃香: 感情还是演出来的……更弱智了//@彼之良官方微博: 唉，我们这边的小鲜肉们要是有他们一半的演技都不至于走到今天",
        "uid": "1974883705/",
        "followers_count": "855",
        "statuses_count": "4522",
        "verified": 0,
        "user_created_at": "2011-02-17",
        "has_description": 1,
        "parent": "4526685074009425"
    },
    {
        "mid": "4526877362662860",
        "has_multimedia": 1,
        "comments_count": 0,
        "reposts_count": 0,
        "attitudes_count": 0,
        "t": "1594775131000",
        "text": "为了几百块钱竞折腰//@打奥特曼de小怪兽:这些蠢节目能有受众有收视率，说白了，还是井蠢。//@捞岛风的viviani: 大概800块好像。一般只有3K，就是600左右，一单648都不到。//@青冥童子: 四千新台币不是连一千块都不到吗 //@不喜杜康我萃香: 感情还是演出来的……更弱智了",
        "uid": "1947294893/",
        "followers_count": "1660",
        "statuses_count": "51485",
        "verified": 1,
        "user_created_at": "2011-02-02",
        "has_description": 1,
        "parent": "4526685074009425"
    },
    {
        "mid": "4526862695148443",
        "has_multimedia": 1,
        "comments_count": 0,
        "reposts_count": 0,
        "attitudes_count": 0,
        "t": "1594771633000",
        "text": "井盖拆掉后，绿蛙会不会见光死哦//@打奥特曼de小怪兽:这些蠢节目能有受众有收视率，说白了，还是井蠢。//@捞岛风的viviani: 大概800块好像。一般只有3K，就是600左右，一单648都不到。//@青冥童子: 四千新台币不是连一千块都不到吗 //@不喜杜康我萃香: 感情还是演出来的……更弱智了",
        "uid": "2723796432/",
        "followers_count": "234",
        "statuses_count": "2021",
        "verified": 0,
        "user_created_at": "2012-02-23",
        "has_description": 1,
        "parent": "4526685074009425"
    },
    {
        "mid": "4526858605892577",
        "has_multimedia": 1,
        "comments_count": 6,
        "reposts_count": 14,
        "attitudes_count": 24,
        "t": "1594747320000",
        "text": "这些蠢节目能有受众有收视率，说白了，还是井蠢。//@捞岛风的viviani: 大概800块好像。一般只有3K，就是600左右，一单648都不到。//@青冥童子: 四千新台币不是连一千块都不到吗 //@不喜杜康我萃香: 感情还是演出来的……更弱智了",
        "uid": "1751672980/",
        "followers_count": "1351",
        "statuses_count": "26604",
        "verified": 0,
        "user_created_at": "2010-06-07",
        "has_description": 1,
        "parent": "4526685074009425"
    },
    {
        "mid": "4526850301121968",
        "has_multimedia": 1,
        "comments_count": 14,
        "reposts_count": 32,
        "attitudes_count": 49,
        "t": "1594737960000",
        "text": "四千新台币不是连一千块都不到吗 //@不喜杜康我萃香: 感情还是演出来的……更弱智了//@彼之良官方微博: 唉，我们这边的小鲜肉们要是有他们一半的演技都不至于走到今天",
        "uid": "1884333810/",
        "followers_count": "400",
        "statuses_count": "54507",
        "verified": 0,
        "user_created_at": "2010-11-27",
        "has_description": 1,
        "parent": "4526685074009425"
    },
    {
        "mid": "4526846472298290",
        "has_multimedia": 1,
        "comments_count": 6,
        "reposts_count": 14,
        "attitudes_count": 24,
        "t": "1594747320000",
        "text": "这些蠢节目能有受众有收视率，说白了，还是井蠢。//@捞岛风的viviani: 大概800块好像。一般只有3K，就是600左右，一单648都不到。//@青冥童子: 四千新台币不是连一千块都不到吗 //@不喜杜康我萃香: 感情还是演出来的……更弱智了",
        "uid": "2452384250/",
        "followers_count": "233",
        "statuses_count": "7286",
        "verified": 0,
        "user_created_at": "2011-10-07",
        "has_description": 1,
        "parent": "4526685074009425"
    },
    {
        "mid": "4526604778316973",
        "has_multimedia": 1,
        "comments_count": 137,
        "reposts_count": 21,
        "attitudes_count": 396,
        "t": "1594710141000",
        "text": "“前媒體人”能不能作爲微博認證，重新加V",
        "uid": "3278011650/",
        "followers_count": "93402",
        "statuses_count": "986",
        "verified": 0,
        "user_created_at": "2013-04-02",
        "has_description": 1,
        "parent": "4526597929528994"
    },
    {
        "mid": "4526895783216135",
        "has_multimedia": 1,
        "comments_count": 0,
        "reposts_count": 0,
        "attitudes_count": 0,
        "t": "1594779523000",
        "text": "//@杨世光在金钱爆:“前媒體人”能不能作爲微博認證，重新加V",
        "uid": "2836246442/",
        "followers_count": "1130",
        "statuses_count": "6518",
        "verified": 0,
        "user_created_at": "2012-06-16",
        "has_description": 1,
        "parent": "4526604778316973"
    },
    {
        "mid": "4526890847465207",
        "has_multimedia": 1,
        "comments_count": 0,
        "reposts_count": 0,
        "attitudes_count": 0,
        "t": "1594778345000",
        "text": "//@杨世光在金钱爆:“前媒體人”能不能作爲微博認證，重新加V",
        "uid": "3627659023/",
        "followers_count": "84",
        "statuses_count": "192",
        "verified": 0,
        "user_created_at": "2013-08-10",
        "has_description": 0,
        "parent": "4526604778316973"
    },
    {
        "mid": "4526743203541915",
        "has_multimedia": 1,
        "comments_count": 0,
        "reposts_count": 0,
        "attitudes_count": 0,
        "t": "1594743145000",
        "text": "//@杨世光在金钱爆:“前媒體人”能不能作爲微博認證，重新加V",
        "uid": "6853194960/",
        "followers_count": "28",
        "statuses_count": "288",
        "verified": 0,
        "user_created_at": "2018-11-15",
        "has_description": 0,
        "parent": "4526604778316973"
    },
    {
        "mid": "4526720746720797",
        "has_multimedia": 1,
        "comments_count": 0,
        "reposts_count": 1,
        "attitudes_count": 0,
        "t": "1594737791000",
        "text": "//@约伯Shaymin: 哈哈//@杨世光在金钱爆: “前媒體人”能不能作爲微博認證，重新加V",
        "uid": "2726785902/",
        "followers_count": "577",
        "statuses_count": "12021",
        "verified": 0,
        "user_created_at": "2012-02-25",
        "has_description": 1,
        "parent": "4526604778316973"
    },
    {
        "mid": "4526704901953262",
        "has_multimedia": 1,
        "comments_count": 0,
        "reposts_count": 0,
        "attitudes_count": 0,
        "t": "1594734012000",
        "text": "//@杨世光在金钱爆: “前媒體人”能不能作爲微博認證，重新加V",
        "uid": "1822072685/",
        "followers_count": "1046",
        "statuses_count": "23335",
        "verified": 0,
        "user_created_at": "2010-11-15",
        "has_description": 1,
        "parent": "4526604778316973"
    },
    {
        "mid": "4526662912446924",
        "has_multimedia": 1,
        "comments_count": 0,
        "reposts_count": 0,
        "attitudes_count": 0,
        "t": "1594724002000",
        "text": "//@杨世光在金钱爆:“前媒體人”能不能作爲微博認證，重新加V",
        "uid": "1869391024/",
        "followers_count": "4",
        "statuses_count": "161",
        "verified": 0,
        "user_created_at": "2010-11-05",
        "has_description": 1,
        "parent": "4526604778316973"
    },
    {
        "mid": "4526636416755105",
        "has_multimedia": 1,
        "comments_count": 137,
        "reposts_count": 21,
        "attitudes_count": 396,
        "t": "1594710120000",
        "text": "“前媒體人”能不能作爲微博認證，重新加V",
        "uid": "1934512384/",
        "followers_count": "87",
        "statuses_count": "4408",
        "verified": 0,
        "user_created_at": "2011-05-17",
        "has_description": 0,
        "parent": "4526604778316973"
    },
    {
        "mid": "4527004932213618",
        "has_multimedia": 1,
        "comments_count": 0,
        "reposts_count": 0,
        "attitudes_count": 0,
        "t": "1594805545000",
        "text": "这也太便宜了。。。身价跟人一样贱。",
        "uid": "1896666531/",
        "followers_count": "179",
        "statuses_count": "3330",
        "verified": 0,
        "user_created_at": "2010-12-18",
        "has_description": 1,
        "parent": "4526597929528994"
    },
    {
        "mid": "4527004500199786",
        "has_multimedia": 1,
        "comments_count": 0,
        "reposts_count": 0,
        "attitudes_count": 0,
        "t": "1594805442000",
        "text": "//@我是金汤力 :转发微博",
        "uid": "1634650142/",
        "followers_count": "118",
        "statuses_count": "762",
        "verified": 0,
        "user_created_at": "2010-08-11",
        "has_description": 1,
        "parent": "4526597929528994"
    },
    {
        "mid": "4526976520266083",
        "has_multimedia": 1,
        "comments_count": 0,
        "reposts_count": 0,
        "attitudes_count": 0,
        "t": "1594798772000",
        "text": "整体感觉台湾一些媒体人这脑子的洞都很大很大耶！！！",
        "uid": "5828341560/",
        "followers_count": "245",
        "statuses_count": "382",
        "verified": 0,
        "user_created_at": "2016-01-11",
        "has_description": 1,
        "parent": "4526597929528994"
    },
    {
        "mid": "4526976290099413",
        "has_multimedia": 1,
        "comments_count": 0,
        "reposts_count": 0,
        "attitudes_count": 1,
        "t": "1594798716000",
        "text": "既然点名前媒体人，那么我也转发表示支持一下爆料人@金钱爆hub @杨世光在金钱爆",
        "uid": "1738868667/",
        "followers_count": "789",
        "statuses_count": "5227",
        "verified": 1,
        "user_created_at": "2010-05-07",
        "has_description": 1,
        "parent": "4526597929528994"
    },
    {
        "mid": "4526973709815430",
        "has_multimedia": 1,
        "comments_count": 0,
        "reposts_count": 0,
        "attitudes_count": 0,
        "t": "1594798101000",
        "text": "转发微博",
        "uid": "2432466985/",
        "followers_count": "307",
        "statuses_count": "5484",
        "verified": 0,
        "user_created_at": "2011-10-29",
        "has_description": 1,
        "parent": "4526597929528994"
    },
    {
        "mid": "4526959726800286",
        "has_multimedia": 1,
        "comments_count": 0,
        "reposts_count": 0,
        "attitudes_count": 0,
        "t": "1594794768000",
        "text": "//@杨世光在金钱爆: “前媒體人”能不能作爲微博認證，重新加V",
        "uid": "1105692297/",
        "followers_count": "88",
        "statuses_count": "5501",
        "verified": 0,
        "user_created_at": "2014-03-01",
        "has_description": 0,
        "parent": "4526597929528994"
    },
    {
        "mid": "4526957088578702",
        "has_multimedia": 1,
        "comments_count": 0,
        "reposts_count": 0,
        "attitudes_count": 0,
        "t": "1594794139000",
        "text": "给多点吧，演的卖力，我们三峡很贵的",
        "uid": "2032191365/",
        "followers_count": "1",
        "statuses_count": "20",
        "verified": 0,
        "user_created_at": "2011-03-18",
        "has_description": 0,
        "parent": "4526597929528994"
    }
]