[
    {
        "mid": "4526581936298537",
        "has_multimedia": 1,
        "comments_count": 433,
        "reposts_count": 860,
        "attitudes_count": 855,
        "t": "1594704695000",
        "text": "【10兆瓦！#亚太单机容量最大海上风电机组并网发电#】7月12日，国内首台10兆瓦海上风电机组在福州市成功并网发电。这是目前我国自主研发的单机容量亚太地区最大、全球第二大的海上风电机组。在年平均10米/秒的风速条件下，单台机组每年可输送出4000万度清洁电能，可满足2万个三口之家的正常用电需求。O网页链接 L人民日报的微博视频",
        "uid": "3124358977/",
        "followers_count": "3053074",
        "statuses_count": "6741",
        "verified": 1,
        "user_created_at": "2012-11-17",
        "has_description": 1,
        "parent": "0"
    },
    {
        "mid": "4526688569130401",
        "has_multimedia": 1,
        "comments_count": 0,
        "reposts_count": 0,
        "attitudes_count": 0,
        "t": "1594730119000",
        "text": "转发微博",
        "uid": "6807262237/",
        "followers_count": "2",
        "statuses_count": "37",
        "verified": 0,
        "user_created_at": "2020-07-12",
        "has_description": 0,
        "parent": "4526581936298537"
    },
    {
        "mid": "4526688527046989",
        "has_multimedia": 1,
        "comments_count": 0,
        "reposts_count": 0,
        "attitudes_count": 0,
        "t": "1594730108000",
        "text": "转发微博",
        "uid": "7464083241/",
        "followers_count": "2",
        "statuses_count": "51",
        "verified": 0,
        "user_created_at": "2020-07-12",
        "has_description": 0,
        "parent": "4526581936298537"
    },
    {
        "mid": "4526688518871743",
        "has_multimedia": 1,
        "comments_count": 0,
        "reposts_count": 0,
        "attitudes_count": 0,
        "t": "1594730107000",
        "text": "转发微博",
        "uid": "7479506720/",
        "followers_count": "2",
        "statuses_count": "46",
        "verified": 0,
        "user_created_at": "2020-07-12",
        "has_description": 0,
        "parent": "4526581936298537"
    }
]