[
    {
        "mid": "4526599192169029",
        "has_multimedia": 1,
        "comments_count": 98,
        "reposts_count": 43,
        "attitudes_count": 220,
        "t": "1594708810000",
        "text": "#厦门高温来袭#【#厦门#迎来今年第16个高温日 福建继续霸屏全国高温榜！】7月14日10时40分，厦门站气温迈入35℃关口，今年厦门的第16个高温日达成。距离历史最高的17个高温日，只有一步之遥！福建也继续霸屏着全国高温榜，其中漳州龙海预计将超过40℃，今日10时已达37.2℃。（via:厦门天气在线、福建气象） 2厦门",
        "uid": "1740522895/",
        "followers_count": "1724541",
        "statuses_count": "87806",
        "verified": 1,
        "has_description": 1,
        "parent": "0",
        "user_created_at": "2010-05-12"
    },
    {
        "mid": "4527307559013502",
        "has_multimedia": 1,
        "comments_count": 0,
        "reposts_count": 0,
        "attitudes_count": 0,
        "t": "1594877698000",
        "text": "这也太热了，不出门的夏天才是好夏天",
        "uid": "5581159193/",
        "followers_count": "25",
        "statuses_count": "32",
        "verified": 0,
        "user_created_at": "2015-04-05",
        "has_description": 1,
        "parent": "4526599192169029"
    },
    {
        "mid": "4526955297349814",
        "has_multimedia": 1,
        "comments_count": 0,
        "reposts_count": 0,
        "attitudes_count": 0,
        "t": "1594793712000",
        "text": "晋江//@秧鸡_最后的心跳:",
        "uid": "5482536813/",
        "followers_count": "188",
        "statuses_count": "3144",
        "verified": 0,
        "user_created_at": "2015-02-14",
        "has_description": 1,
        "parent": "4526599192169029"
    }
]