[
    {
        "mid": "4526583081179331",
        "has_multimedia": 1,
        "comments_count": 147,
        "reposts_count": 145,
        "attitudes_count": 288,
        "t": "1594704969000",
        "text": "#为了梦想可以有多拼# 因为热爱，无限可能独臂少年张家城与单腿少年骆祥健完成空接配合！有梦想谁都了不起！  L娱乐八卦体育的微博视频 ​​​​",
        "uid": "1772180022/",
        "followers_count": "2945459",
        "statuses_count": "8298",
        "verified": 1,
        "user_created_at": "2010-07-28",
        "has_description": 1,
        "parent": "0"
    },
    {
        "mid": "4526596545632837",
        "has_multimedia": 1,
        "comments_count": 0,
        "reposts_count": 0,
        "attitudes_count": 0,
        "t": "1594708178000",
        "text": "昨天",
        "uid": "6826962564/",
        "followers_count": "11",
        "statuses_count": "213",
        "verified": 0,
        "user_created_at": "2018-11-08",
        "has_description": 0,
        "parent": "4526583081179331"
    },
    {
        "mid": "4526595811327398",
        "has_multimedia": 1,
        "comments_count": 0,
        "reposts_count": 0,
        "attitudes_count": 0,
        "t": "1594708003000",
        "text": "像花一样的绽放",
        "uid": "6848692520/",
        "followers_count": "6",
        "statuses_count": "127",
        "verified": 0,
        "user_created_at": "2018-11-14",
        "has_description": 1,
        "parent": "4526583081179331"
    },
    {
        "mid": "4526594838581522",
        "has_multimedia": 1,
        "comments_count": 0,
        "reposts_count": 0,
        "attitudes_count": 0,
        "t": "1594707771000",
        "text": "高中的姐妹结婚了",
        "uid": "6858849055/",
        "followers_count": "2",
        "statuses_count": "61",
        "verified": 0,
        "user_created_at": "2018-11-20",
        "has_description": 0,
        "parent": "4526583081179331"
    }
]