[
    {
        "mid": "4526582650495459",
        "has_multimedia": 1,
        "comments_count": 79,
        "reposts_count": 48,
        "attitudes_count": 402,
        "t": "1594704866000",
        "text": "【#数据虚报漏报3户需转移的群众未上报#，九江3名干部被处理】连日来，鄱阳湖区仍保持超高水位，江西九江市防汛形势严峻复杂。7月11日晚上，都昌县防汛联合督查组在暗访时发现，左里镇旧山村委会在转移群众的过程中工作不力，已上报转移的群众中有2户转移不到位，村级集中安置点大门上锁、无人居住；数据虚报漏报，将无人居住、外出务工的9户纳入转移摸底表上报，对低水位需转移的3户未上报、未转移，造成不良影响。13日，包片村干部邵继安受到党内警告处分，镇人大副主席董书平和村支部书记赵勇受到诫勉谈话处理。°数据虚报漏报3户需转移的群众未上报，九江3名...¡查看图片",
        "uid": "5044281310/",
        "followers_count": "24892988",
        "statuses_count": "69666",
        "verified": 1,
        "has_description": 1,
        "parent": "0",
        "user_created_at": "2012-01-01"
    },
    {
        "mid": "4526889370430535",
        "has_multimedia": 1,
        "comments_count": 0,
        "reposts_count": 0,
        "attitudes_count": 0,
        "t": "1594777994000",
        "text": "小题大做了。。。",
        "uid": "2441572633/",
        "followers_count": "1300",
        "statuses_count": "6121",
        "verified": 0,
        "user_created_at": "2011-11-03",
        "has_description": 1,
        "parent": "4526582650495459"
    },
    {
        "mid": "4526864439730871",
        "has_multimedia": 1,
        "comments_count": 0,
        "reposts_count": 0,
        "attitudes_count": 0,
        "t": "1594772050000",
        "text": "//@李星宇Stars:倒霉的都是老百姓",
        "uid": "5955715491/",
        "followers_count": "127",
        "statuses_count": "510",
        "verified": 0,
        "user_created_at": "2016-06-15",
        "has_description": 0,
        "parent": "4526582650495459"
    },
    {
        "mid": "4526850354969469",
        "has_multimedia": 1,
        "comments_count": 0,
        "reposts_count": 1,
        "attitudes_count": 0,
        "t": "1594768692000",
        "text": "倒霉的都是老百姓",
        "uid": "1706219894/",
        "followers_count": "73093",
        "statuses_count": "12735",
        "verified": 0,
        "user_created_at": "2010-03-07",
        "has_description": 1,
        "parent": "4526582650495459"
    },
    {
        "mid": "4526771976182865",
        "has_multimedia": 1,
        "comments_count": 0,
        "reposts_count": 0,
        "attitudes_count": 0,
        "t": "1594750004000",
        "text": "这次水灾非同寻常，切不可怠慢，必须认真应对，特别是当地父母官呀，非常时期非常之法，尽量劝说，劝不动的，强行先转移了，后续再安抚，救人一命要紧，骂娘也得先救人。其他再说，已经有人死亡了，看看网上那些视频，未来几天长江流域不少地区或许还有暴雨大雨，局部短时强降水，先救人，加固大堤巡视",
        "uid": "2054474073/",
        "followers_count": "181",
        "statuses_count": "5479",
        "verified": 1,
        "user_created_at": "2011-03-30",
        "has_description": 1,
        "parent": "4526582650495459"
    },
    {
        "mid": "4526672294154994",
        "has_multimedia": 1,
        "comments_count": 0,
        "reposts_count": 0,
        "attitudes_count": 0,
        "t": "1594726239000",
        "text": "转发微博",
        "uid": "6148706057/",
        "followers_count": "36",
        "statuses_count": "2035",
        "verified": 0,
        "user_created_at": "2017-02-25",
        "has_description": 1,
        "parent": "4526582650495459"
    },
    {
        "mid": "4526655245451406",
        "has_multimedia": 1,
        "comments_count": 0,
        "reposts_count": 0,
        "attitudes_count": 0,
        "t": "1594722174000",
        "text": "//@灵玉公子he非雨晓鹤:这种人命关天的事都敢应付",
        "uid": "2415989764/",
        "followers_count": "1158",
        "statuses_count": "113641",
        "verified": 0,
        "user_created_at": "2011-09-22",
        "has_description": 1,
        "parent": "4526582650495459"
    },
    {
        "mid": "4526647598297814",
        "has_multimedia": 1,
        "comments_count": 0,
        "reposts_count": 0,
        "attitudes_count": 0,
        "t": "1594720351000",
        "text": "痛心啊，村里有几房人还不清楚？住了多少年了？",
        "uid": "5635533732/",
        "followers_count": "1120",
        "statuses_count": "2714",
        "verified": 0,
        "user_created_at": "2015-06-19",
        "has_description": 0,
        "parent": "4526582650495459"
    }
]