[
    {
        "mid": "4526599044667300",
        "has_multimedia": 1,
        "comments_count": 1289,
        "reposts_count": 1751,
        "attitudes_count": 19456,
        "t": "1594708775000",
        "text": "【#男子辩称下药是恶作剧# 没考虑后果】7月14日，“深圳一女子被熟人下药”事件涉事男子赵某溪回应@新京报我们视频 称，“本意确实是恶作剧”，没有考虑到后果，再次表示道歉。事发后，当事女子对于赵某溪的道歉不予接受，并表示：“下药的时候想过要放过我了吗？”深圳市公安局福田分局已介入。@紧急呼叫 L新京报我们视频的秒拍视频",
        "uid": "1618051664/",
        "followers_count": "80595864",
        "statuses_count": "186893",
        "verified": 1,
        "has_description": 1,
        "parent": "0",
        "user_created_at": "2009-08-28"
    },
    {
        "mid": "4526872401026280",
        "has_multimedia": 1,
        "comments_count": 423,
        "reposts_count": 109,
        "attitudes_count": 788,
        "t": "1594773947000",
        "text": "许多同学问这个案件。如果男方有犯罪意图（强奸或强制猥亵），那么这种行为属于犯罪未遂还是犯罪预备？如何判断着手？去年考了着手的观点展示。",
        "uid": "2523185197/",
        "followers_count": "1149239",
        "statuses_count": "3157",
        "verified": 1,
        "user_created_at": "2011-12-11",
        "has_description": 1,
        "parent": "4526599044667300"
    },
    {
        "mid": "4526957096970373",
        "has_multimedia": 1,
        "comments_count": 0,
        "reposts_count": 0,
        "attitudes_count": 0,
        "t": "1594794141000",
        "text": "蹲一个老师答案//@柏浪涛的刑法观:许多同学问这个案件。如果男方有犯罪意图（强奸或强制猥亵），那么这种行为属于犯罪未遂还是犯罪预备？如何判断着手？去年考了着手的观点展示。",
        "uid": "5298581553/",
        "followers_count": "102",
        "statuses_count": "20",
        "verified": 0,
        "user_created_at": "2014-09-28",
        "has_description": 1,
        "parent": "4526872401026280"
    },
    {
        "mid": "4526954709887152",
        "has_multimedia": 1,
        "comments_count": 1,
        "reposts_count": 0,
        "attitudes_count": 0,
        "t": "1594793571000",
        "text": "//@柏浪涛的刑法观:许多同学问这个案件。如果男方有犯罪意图（强奸或强制猥亵），那么这种行为属于犯罪未遂还是犯罪预备？如何判断着手？去年考了着手的观点展示。",
        "uid": "5298581553/",
        "followers_count": "102",
        "statuses_count": "20",
        "verified": 0,
        "user_created_at": "2014-09-28",
        "has_description": 1,
        "parent": "4526872401026280"
    },
    {
        "mid": "4526944706213504",
        "has_multimedia": 1,
        "comments_count": 0,
        "reposts_count": 0,
        "attitudes_count": 0,
        "t": "1594791187000",
        "text": "你的观点不是通说观点，按照紧迫性程度，分为行为说、折中说和结果说。行为说则认为是下药是着手，折中说认为女子喝着手，结果说认为女子喝药后昏迷男子开始触摸或脱衣服是着手。通说观点是折中说//@那就起个超好听的名字吧啊啊:未遂 从他下药开始就是着手啦（同学们 我说的对吗）",
        "uid": "1867979573/",
        "followers_count": "224",
        "statuses_count": "652",
        "verified": 1,
        "user_created_at": "2011-10-15",
        "has_description": 0,
        "parent": "4526872401026280"
    },
    {
        "mid": "4526939291365244",
        "has_multimedia": 1,
        "comments_count": 0,
        "reposts_count": 0,
        "attitudes_count": 0,
        "t": "1594789896000",
        "text": "未遂和预备主要看有没有着手//@柏浪涛的刑法观:许多同学问这个案件。如果男方有犯罪意图（强奸或强制猥亵），那么这种行为属于犯罪未遂还是犯罪预备？如何判断着手？去年考了着手的观点展示。",
        "uid": "5117918286/",
        "followers_count": "28",
        "statuses_count": "318",
        "verified": 0,
        "user_created_at": "2014-04-22",
        "has_description": 1,
        "parent": "4526872401026280"
    },
    {
        "mid": "4526606959510756",
        "has_multimedia": 1,
        "comments_count": 7,
        "reposts_count": 58,
        "attitudes_count": 115,
        "t": "1594710662000",
        "text": "这是强奸未遂",
        "uid": "1813359803/",
        "followers_count": "764040",
        "statuses_count": "23608",
        "verified": 1,
        "user_created_at": "2010-09-07",
        "has_description": 1,
        "parent": "4526599044667300"
    },
    {
        "mid": "4526933377399288",
        "has_multimedia": 1,
        "comments_count": 0,
        "reposts_count": 0,
        "attitudes_count": 0,
        "t": "1594788486000",
        "text": "他叫赵南溪，是个强奸犯，谢谢//@JoannaBlue:这是强奸未遂",
        "uid": "6123216778/",
        "followers_count": "70",
        "statuses_count": "998",
        "verified": 0,
        "user_created_at": "2017-02-04",
        "has_description": 1,
        "parent": "4526606959510756"
    },
    {
        "mid": "4526805882555812",
        "has_multimedia": 1,
        "comments_count": 7,
        "reposts_count": 58,
        "attitudes_count": 115,
        "t": "1594710660000",
        "text": "这是强奸未遂",
        "uid": "1695584714/",
        "followers_count": "504",
        "statuses_count": "4139",
        "verified": 1,
        "user_created_at": "2010-02-17",
        "has_description": 0,
        "parent": "4526606959510756"
    },
    {
        "mid": "4526718200740148",
        "has_multimedia": 1,
        "comments_count": 0,
        "reposts_count": 0,
        "attitudes_count": 0,
        "t": "1594737184000",
        "text": "//@JoannaBlue:这是强奸未遂",
        "uid": "2405846497/",
        "followers_count": "85",
        "statuses_count": "8824",
        "verified": 0,
        "user_created_at": "2011-10-11",
        "has_description": 1,
        "parent": "4526606959510756"
    },
    {
        "mid": "4526712845439484",
        "has_multimedia": 1,
        "comments_count": 0,
        "reposts_count": 0,
        "attitudes_count": 0,
        "t": "1594735906000",
        "text": "那抓起来枪毙也是对你的一个恶作剧//@JoannaBlue: 这是强奸未遂",
        "uid": "1852890162/",
        "followers_count": "821",
        "statuses_count": "10363",
        "verified": 1,
        "user_created_at": "2010-10-14",
        "has_description": 1,
        "parent": "4526606959510756"
    },
    {
        "mid": "4526711758574497",
        "has_multimedia": 1,
        "comments_count": 0,
        "reposts_count": 0,
        "attitudes_count": 0,
        "t": "1594735648000",
        "text": "//@JoannaBlue:这是强奸未遂",
        "uid": "2314346477/",
        "followers_count": "227",
        "statuses_count": "1878",
        "verified": 0,
        "user_created_at": "2011-10-28",
        "has_description": 0,
        "parent": "4526606959510756"
    },
    {
        "mid": "4526696579827649",
        "has_multimedia": 1,
        "comments_count": 0,
        "reposts_count": 0,
        "attitudes_count": 0,
        "t": "1594732028000",
        "text": "//@JoannaBlue:这是强奸未遂",
        "uid": "3809799228/",
        "followers_count": "1332998",
        "statuses_count": "35127",
        "verified": 1,
        "user_created_at": "2013-09-22",
        "has_description": 1,
        "parent": "4526606959510756"
    },
    {
        "mid": "4526693740154120",
        "has_multimedia": 1,
        "comments_count": 0,
        "reposts_count": 0,
        "attitudes_count": 0,
        "t": "1594731352000",
        "text": "//@JoannaBlue:这是强奸未遂",
        "uid": "2779071185/",
        "followers_count": "234",
        "statuses_count": "2445",
        "verified": 0,
        "user_created_at": "2012-07-07",
        "has_description": 1,
        "parent": "4526606959510756"
    },
    {
        "mid": "4526692054568456",
        "has_multimedia": 1,
        "comments_count": 0,
        "reposts_count": 0,
        "attitudes_count": 0,
        "t": "1594730949000",
        "text": "//@牛儿背着棒棒糖 :作恶是真的//@干卿底事涅 ://@JoannaBlue :这是强奸未遂",
        "uid": "1706095023/",
        "followers_count": "1034",
        "statuses_count": "24386",
        "verified": 0,
        "user_created_at": "2010-03-06",
        "has_description": 1,
        "parent": "4526606959510756"
    },
    {
        "mid": "4526691488264843",
        "has_multimedia": 1,
        "comments_count": 0,
        "reposts_count": 1,
        "attitudes_count": 0,
        "t": "1594730815000",
        "text": "作恶是真的//@干卿底事涅://@JoannaBlue:这是强奸未遂",
        "uid": "1668967841/",
        "followers_count": "647",
        "statuses_count": "47341",
        "verified": 0,
        "user_created_at": "2010-09-12",
        "has_description": 1,
        "parent": "4526606959510756"
    },
    {
        "mid": "4526896156985478",
        "has_multimedia": 1,
        "comments_count": 4,
        "reposts_count": 19,
        "attitudes_count": 10,
        "t": "1594779612000",
        "text": "",
        "uid": "1744026057/",
        "followers_count": "387792",
        "statuses_count": "22172",
        "verified": 1,
        "user_created_at": "2010-05-19",
        "has_description": 1,
        "parent": "4526599044667300"
    },
    {
        "mid": "4526956106587698",
        "has_multimedia": 1,
        "comments_count": 0,
        "reposts_count": 0,
        "attitudes_count": 0,
        "t": "1594793905000",
        "text": "正经人谁会弄这个药，还磨成粉//@寒舞C:",
        "uid": "2022697173/",
        "followers_count": "78",
        "statuses_count": "87",
        "verified": 0,
        "user_created_at": "2012-02-11",
        "has_description": 1,
        "parent": "4526896156985478"
    },
    {
        "mid": "4526955762394034",
        "has_multimedia": 1,
        "comments_count": 0,
        "reposts_count": 0,
        "attitudes_count": 0,
        "t": "1594793823000",
        "text": "//@寒舞C:",
        "uid": "3568657193/",
        "followers_count": "184",
        "statuses_count": "2856",
        "verified": 0,
        "user_created_at": "2013-07-01",
        "has_description": 1,
        "parent": "4526896156985478"
    },
    {
        "mid": "4526951223633670",
        "has_multimedia": 1,
        "comments_count": 4,
        "reposts_count": 19,
        "attitudes_count": 10,
        "t": "1594779600000",
        "text": "",
        "uid": "5308632065/",
        "followers_count": "91",
        "statuses_count": "9294",
        "verified": 0,
        "user_created_at": "2014-09-25",
        "has_description": 1,
        "parent": "4526896156985478"
    },
    {
        "mid": "4526932211109253",
        "has_multimedia": 1,
        "comments_count": 0,
        "reposts_count": 0,
        "attitudes_count": 0,
        "t": "1594788207000",
        "text": "呵呵//@寒舞C:",
        "uid": "1825230090/",
        "followers_count": "595",
        "statuses_count": "20653",
        "verified": 0,
        "user_created_at": "2010-09-22",
        "has_description": 1,
        "parent": "4526896156985478"
    },
    {
        "mid": "4526931736900114",
        "has_multimedia": 1,
        "comments_count": 0,
        "reposts_count": 0,
        "attitudes_count": 0,
        "t": "1594788095000",
        "text": "吐了//@寒舞C:",
        "uid": "2029212013/",
        "followers_count": "344",
        "statuses_count": "26079",
        "verified": 0,
        "user_created_at": "2011-04-15",
        "has_description": 1,
        "parent": "4526896156985478"
    },
    {
        "mid": "4526915636395757",
        "has_multimedia": 1,
        "comments_count": 0,
        "reposts_count": 0,
        "attitudes_count": 0,
        "t": "1594784255000",
        "text": "回头跟你爹妈开这个玩笑去吧//@寒舞C :",
        "uid": "2043791144/",
        "followers_count": "173",
        "statuses_count": "12116",
        "verified": 0,
        "user_created_at": "2014-03-10",
        "has_description": 1,
        "parent": "4526896156985478"
    },
    {
        "mid": "4526912842267760",
        "has_multimedia": 1,
        "comments_count": 0,
        "reposts_count": 0,
        "attitudes_count": 0,
        "t": "1594783589000",
        "text": "垃圾//@寒舞C:",
        "uid": "1788198061/",
        "followers_count": "217",
        "statuses_count": "6977",
        "verified": 1,
        "user_created_at": "2010-08-06",
        "has_description": 1,
        "parent": "4526896156985478"
    },
    {
        "mid": "4526909667551971",
        "has_multimedia": 1,
        "comments_count": 0,
        "reposts_count": 0,
        "attitudes_count": 0,
        "t": "1594782833000",
        "text": "败类！！！ //@白金白金白金之星:下药性侵只是恶作剧的话，那这个孤儿从小到大还做过什么恶作剧就得好好查一下了//@寒舞C:",
        "uid": "1803969845/",
        "followers_count": "120",
        "statuses_count": "727",
        "verified": 1,
        "user_created_at": "2010-08-27",
        "has_description": 0,
        "parent": "4526896156985478"
    },
    {
        "mid": "4526982022404842",
        "has_multimedia": 1,
        "comments_count": 0,
        "reposts_count": 0,
        "attitudes_count": 0,
        "t": "1594800084000",
        "text": "没考虑后果。//@于海青: 谁信呢？",
        "uid": "1865874465/",
        "followers_count": "469849",
        "statuses_count": "100097",
        "verified": 0,
        "user_created_at": "2010-11-17",
        "has_description": 1,
        "parent": "4526599044667300"
    },
    {
        "mid": "4526980312436579",
        "has_multimedia": 1,
        "comments_count": 424,
        "reposts_count": 110,
        "attitudes_count": 788,
        "t": "1594773900000",
        "text": "许多同学问这个案件。如果男方有犯罪意图（强奸或强制猥亵），那么这种行为属于犯罪未遂还是犯罪预备？如何判断着手？去年考了着手的观点展示。",
        "uid": "6221205438/",
        "followers_count": "38",
        "statuses_count": "2778",
        "verified": 0,
        "user_created_at": "2017-10-13",
        "has_description": 1,
        "parent": "4526599044667300"
    },
    {
        "mid": "4526973986118838",
        "has_multimedia": 1,
        "comments_count": 0,
        "reposts_count": 0,
        "attitudes_count": 0,
        "t": "1594798168000",
        "text": "🐎//@柏浪涛的刑法观:许多同学问这个案件。如果男方有犯罪意图（强奸或强制猥亵），那么这种行为属于犯罪未遂还是犯罪预备？如何判断着手？去年考了着手的观点展示。",
        "uid": "6366523694/",
        "followers_count": "55",
        "statuses_count": "281",
        "verified": 0,
        "user_created_at": "2017-09-12",
        "has_description": 1,
        "parent": "4526599044667300"
    },
    {
        "mid": "4526973592645237",
        "has_multimedia": 1,
        "comments_count": 0,
        "reposts_count": 0,
        "attitudes_count": 0,
        "t": "1594798074000",
        "text": "男子在女子面前下药 药已端到女子面前此行为对女子显然已经造成现实、紧迫、直接的危险，已经属于强奸或强制猥亵的“着手”属于犯罪未遂//@柏浪涛的刑法观:许多同学问这个案件。如果男方有犯罪意图（强奸或强制猥亵），那么这种行为属于犯罪未遂还是犯罪预备？如何判断着手？去年考了着手的观点展示。",
        "uid": "6221791534/",
        "followers_count": "3016",
        "statuses_count": "30",
        "verified": 0,
        "user_created_at": "2017-04-21",
        "has_description": 1,
        "parent": "4526599044667300"
    },
    {
        "mid": "4526971692624125",
        "has_multimedia": 1,
        "comments_count": 0,
        "reposts_count": 0,
        "attitudes_count": 0,
        "t": "1594797620000",
        "text": "强奸未遂，性盛致灾割以永治！",
        "uid": "2704212457/",
        "followers_count": "1073",
        "statuses_count": "18660",
        "verified": 0,
        "user_created_at": "2012-04-10",
        "has_description": 1,
        "parent": "4526599044667300"
    },
    {
        "mid": "4526970149120644",
        "has_multimedia": 1,
        "comments_count": 0,
        "reposts_count": 0,
        "attitudes_count": 0,
        "t": "1594797253000",
        "text": "收藏了//@枫萧无忌:这种就存在主观故意啦！但是不小心把热水撒他裆部还是很长一段时间勃起困难的，他要冲上来打你最好啦直接打趴下又不小心用十厘米的高跟踩了一下，基本他就告别性生活啦！而且还算正当防卫！律师真挚的建议//@花卷少女和桃屁股:我也喜欢恶作剧，我可以把你的🐔割掉在送你去医院吗",
        "uid": "7236491523/",
        "followers_count": "142",
        "statuses_count": "684",
        "verified": 0,
        "user_created_at": "2019-07-14",
        "has_description": 1,
        "parent": "4526599044667300"
    },
    {
        "mid": "4526965066147457",
        "has_multimedia": 1,
        "comments_count": 0,
        "reposts_count": 0,
        "attitudes_count": 0,
        "t": "1594796041000",
        "text": "约见面么，不注意下药的那种啊。//@甲申君:是不是恶作剧你自己说的可不算//@寒舞C:",
        "uid": "2434190031/",
        "followers_count": "363",
        "statuses_count": "976",
        "verified": 0,
        "user_created_at": "2011-10-30",
        "has_description": 1,
        "parent": "4526599044667300"
    }
]