[
    {
        "mid": "4526583447455838",
        "has_multimedia": 1,
        "comments_count": 366,
        "reposts_count": 412,
        "attitudes_count": 4211,
        "t": "1594705056000",
        "text": "【#数学系大学生毕业做快递员#，跑得都要比别人快一点】：广州大学数学系毕业的卢汉锋，毕业后没有像同学一样当数学老师，而是成为了一名快递员。人称活地图的他，算法犀利，找点准确，取件速度比一般人都要快，比别人都要早40分钟下班，而且月收入破万。现在，越来越多的人找他寄快递。L南都周刊的秒拍视频",
        "uid": "5040955225/",
        "followers_count": "1961582",
        "statuses_count": "4776",
        "verified": 1,
        "user_created_at": "2014-02-16",
        "has_description": 1,
        "parent": "0"
    },
    {
        "mid": "4526873722661401",
        "has_multimedia": 1,
        "comments_count": 21,
        "reposts_count": 62,
        "attitudes_count": 114,
        "t": "1594774262000",
        "text": "这小伙工作两年可以去帮快递公司送餐公司做算法或者优化流程了，妥妥基层经验别人没有。",
        "uid": "1524257537/",
        "followers_count": "711017",
        "statuses_count": "34471",
        "verified": 1,
        "user_created_at": "2009-10-07",
        "has_description": 1,
        "parent": "4526583447455838"
    },
    {
        "mid": "4526876154429963",
        "has_multimedia": 1,
        "comments_count": 6,
        "reposts_count": 25,
        "attitudes_count": 8,
        "t": "1594774843000",
        "text": "实力碾压//@买买提X:这效果工作两年可以去帮快递公司送餐公司做算法或者优化流程了，妥妥基层经验别人没有。",
        "uid": "1881320895/",
        "followers_count": "439720",
        "statuses_count": "48778",
        "verified": 1,
        "user_created_at": "2010-12-03",
        "has_description": 1,
        "parent": "4526873722661401"
    },
    {
        "mid": "4526967128698532",
        "has_multimedia": 1,
        "comments_count": 0,
        "reposts_count": 0,
        "attitudes_count": 0,
        "t": "1594796533000",
        "text": "最近菜鸟的广告好多啊//@赏味不足:实力碾压//@买买提X:这效果工作两年可以去帮快递公司送餐公司做算法或者优化流程了，妥妥基层经验别人没有。",
        "uid": "2135186792/",
        "followers_count": "220",
        "statuses_count": "1643",
        "verified": 0,
        "user_created_at": "2011-05-06",
        "has_description": 1,
        "parent": "4526876154429963"
    },
    {
        "mid": "4526920794487842",
        "has_multimedia": 1,
        "comments_count": 0,
        "reposts_count": 0,
        "attitudes_count": 0,
        "t": "1594785486000",
        "text": "//@赏味不足:实力碾压//@买买提X:这效果工作两年可以去帮快递公司送餐公司做算法或者优化流程了，妥妥基层经验别人没有。",
        "uid": "1936813231/",
        "followers_count": "262",
        "statuses_count": "693",
        "verified": 0,
        "user_created_at": "2011-01-27",
        "has_description": 1,
        "parent": "4526876154429963"
    },
    {
        "mid": "4526910020234802",
        "has_multimedia": 1,
        "comments_count": 0,
        "reposts_count": 0,
        "attitudes_count": 0,
        "t": "1594782916000",
        "text": "//@赏味不足: 回复@拯救与逍遥:我推荐快递//@拯救与逍遥:给今年数学系毕业的指了条明路，快递 or 区块链//@赏味不足:实力碾压//@买买提X:这效果工作两年可以去帮快递公司送餐公司做算法或者优化流程了，妥妥基层经验别人没有。",
        "uid": "5537694217/",
        "followers_count": "337",
        "statuses_count": "4406",
        "verified": 0,
        "user_created_at": "2015-02-26",
        "has_description": 1,
        "parent": "4526876154429963"
    },
    {
        "mid": "4526901210989092",
        "has_multimedia": 1,
        "comments_count": 6,
        "reposts_count": 12,
        "attitudes_count": 39,
        "t": "1594780817000",
        "text": "还记得大学数学建模训练做的最多的就是类似货物进出管理、快递配送路线等算法。//@买买提X:这小伙工作两年可以去帮快递公司送餐公司做算法或者优化流程了，妥妥基层经验别人没有。",
        "uid": "5672090146/",
        "followers_count": "70880",
        "statuses_count": "24489",
        "verified": 1,
        "user_created_at": "2015-08-09",
        "has_description": 1,
        "parent": "4526873722661401"
    },
    {
        "mid": "4527067846421335",
        "has_multimedia": 1,
        "comments_count": 6,
        "reposts_count": 12,
        "attitudes_count": 39,
        "t": "1594780800000",
        "text": "还记得大学数学建模训练做的最多的就是类似货物进出管理、快递配送路线等算法。//@买买提X:这小伙工作两年可以去帮快递公司送餐公司做算法或者优化流程了，妥妥基层经验别人没有。",
        "uid": "6729739569/",
        "followers_count": "1023",
        "statuses_count": "8116",
        "verified": 0,
        "user_created_at": "2018-09-29",
        "has_description": 0,
        "parent": "4526901210989092"
    },
    {
        "mid": "4526979619069736",
        "has_multimedia": 1,
        "comments_count": 0,
        "reposts_count": 0,
        "attitudes_count": 0,
        "t": "1594799511000",
        "text": "//@任仁雄:还记得大学数学建模训练做的最多的就是类似货物进出管理、快递配送路线等算法。//@买买提X:这小伙工作两年可以去帮快递公司送餐公司做算法或者优化流程了，妥妥基层经验别人没有。",
        "uid": "5177158017/",
        "followers_count": "91",
        "statuses_count": "665",
        "verified": 0,
        "user_created_at": "2014-06-11",
        "has_description": 0,
        "parent": "4526901210989092"
    },
    {
        "mid": "4526971277391122",
        "has_multimedia": 1,
        "comments_count": 0,
        "reposts_count": 0,
        "attitudes_count": 0,
        "t": "1594797522000",
        "text": "学好数理化，各行各业都不怕//@任仁雄:还记得大学数学建模训练做的最多的就是类似货物进出管理、快递配送路线等算法。//@买买提X:这小伙工作两年可以去帮快递公司送餐公司做算法或者优化流程了，妥妥基层经验别人没有。",
        "uid": "2723860443/",
        "followers_count": "1038",
        "statuses_count": "21477",
        "verified": 0,
        "user_created_at": "2012-05-02",
        "has_description": 0,
        "parent": "4526901210989092"
    },
    {
        "mid": "4527104433066962",
        "has_multimedia": 1,
        "comments_count": 22,
        "reposts_count": 62,
        "attitudes_count": 114,
        "t": "1594774260000",
        "text": "这小伙工作两年可以去帮快递公司送餐公司做算法或者优化流程了，妥妥基层经验别人没有。",
        "uid": "1901960730/",
        "followers_count": "480",
        "statuses_count": "30293",
        "verified": 0,
        "user_created_at": "2011-10-14",
        "has_description": 1,
        "parent": "4526873722661401"
    },
    {
        "mid": "4527109664673670",
        "has_multimedia": 1,
        "comments_count": 0,
        "reposts_count": 0,
        "attitudes_count": 0,
        "t": "1594830516000",
        "text": "转发微博",
        "uid": "6311955037/",
        "followers_count": "4",
        "statuses_count": "41",
        "verified": 0,
        "user_created_at": "2017-07-17",
        "has_description": 1,
        "parent": "4526583447455838"
    },
    {
        "mid": "4527105528836673",
        "has_multimedia": 1,
        "comments_count": 0,
        "reposts_count": 0,
        "attitudes_count": 0,
        "t": "1594829530000",
        "text": "轉發微博",
        "uid": "3496604111/",
        "followers_count": "494",
        "statuses_count": "14176",
        "verified": 0,
        "user_created_at": "2013-06-20",
        "has_description": 1,
        "parent": "4526583447455838"
    }
]