[
    {
        "mid": "4526583392809898",
        "has_multimedia": 1,
        "comments_count": 198,
        "reposts_count": 122,
        "attitudes_count": 2241,
        "t": "1594705043000",
        "text": "昔日“美国抗疫队长”福奇，如今遭白宫这般嘲弄作为美国国家过敏和传染病研究所所长，安东尼·福奇曾服务6任总统，被民众广泛信任，新冠疫情期间还被外界称作“美国抗疫队长”。但在特朗普政府抗疫不力，将矛头对准福奇以后，这位顶级传染病专家频频遭到白宫官员们的攻击。据《国会山报》报道，当地时间12日晚，特朗普的高级助手、现任白宫社交媒体总监丹·斯卡维诺在脸书上发布了一张恶意嘲弄福奇的漫画，以谐音的方式，将福奇（Fauci）称为“水龙头”（Faucet），暗示他频频在媒体上放话，发表与白宫相左的防疫意见。O昔日“美国抗疫队长”福奇，如今遭白宫这般嘲弄",
        "uid": "1887344341/",
        "followers_count": "12563962",
        "statuses_count": "110537",
        "verified": 1,
        "has_description": 1,
        "parent": "0",
        "user_created_at": "2010-12-09"
    },
    {
        "mid": "4527261337787648",
        "has_multimedia": 1,
        "comments_count": 0,
        "reposts_count": 0,
        "attitudes_count": 0,
        "t": "1594866678000",
        "text": "//@吕继群:福奇头像下面的垫子是盖茨基金会，从龙头里流出来的水是没有橄榄球联赛，学校必须关门，学生待在家里，城市必须隔离，旁边的人大喊把那水龙头关上。",
        "uid": "7393408714/",
        "followers_count": "57",
        "statuses_count": "2486",
        "verified": 0,
        "user_created_at": "2020-02-16",
        "has_description": 1,
        "parent": "4526583392809898"
    },
    {
        "mid": "4527257152919673",
        "has_multimedia": 1,
        "comments_count": 0,
        "reposts_count": 1,
        "attitudes_count": 1,
        "t": "1594865680000",
        "text": "福奇头像下面的垫子是盖茨基金会，从龙头里流出来的水是没有橄榄球联赛，学校必须关门，学生待在家里，城市必须隔离，旁边的人大喊把那水龙头关上。",
        "uid": "1768507840/",
        "followers_count": "10221",
        "statuses_count": "33718",
        "verified": 1,
        "user_created_at": "2010-07-01",
        "has_description": 1,
        "parent": "4526583392809898"
    },
    {
        "mid": "4527220209748393",
        "has_multimedia": 1,
        "comments_count": 0,
        "reposts_count": 0,
        "attitudes_count": 0,
        "t": "1594856872000",
        "text": "转发微博",
        "uid": "7338392584/",
        "followers_count": "56",
        "statuses_count": "474",
        "verified": 0,
        "user_created_at": "2019-11-16",
        "has_description": 0,
        "parent": "4526583392809898"
    }
]