[
    {
        "mid": "4526584088242562",
        "has_multimedia": 1,
        "comments_count": 1149,
        "reposts_count": 1920,
        "attitudes_count": 37472,
        "t": "1594705209000",
        "text": "【一对伉俪两个传奇！#百岁院士以自己和夫人名义设奖学金#】11日，我国著名化学家唐有祺先生迎来百岁寿辰。他以自己和已故夫人张丽珠的名义设立的奖学基金，也于当日启动。唐有祺是我国晶体化学和结构化学的主要奠基人；张丽珠则主持了国内首例配子输卵管内移植婴儿等研究工作。上世纪50年代，两人先后回国，为中国科学事业贡献了全部力量。致敬！",
        "uid": "2656274875/",
        "followers_count": "111904742",
        "statuses_count": "130380",
        "verified": 1,
        "has_description": 1,
        "parent": "0",
        "user_created_at": "2012-03-07"
    },
    {
        "mid": "4527268262848737",
        "has_multimedia": 1,
        "comments_count": 0,
        "reposts_count": 0,
        "attitudes_count": 0,
        "t": "1594868329000",
        "text": "//@黑龙江省生态环境厅: 【一对伉俪两个传奇！#百岁院士以自己和夫人名义设奖学金#】",
        "uid": "6218009612/",
        "followers_count": "96",
        "statuses_count": "3154",
        "verified": 1,
        "has_description": 1,
        "parent": "4526584088242562",
        "user_created_at": "2017-04-19"
    },
    {
        "mid": "4527229440884827",
        "has_multimedia": 1,
        "comments_count": 0,
        "reposts_count": 0,
        "attitudes_count": 0,
        "t": "1594859072000",
        "text": "致敬",
        "uid": "6338580921/",
        "followers_count": "2",
        "statuses_count": "7",
        "verified": 0,
        "user_created_at": "2017-10-14",
        "has_description": 0,
        "parent": "4526584088242562"
    }
]