[
    {
        "mid": "4526584167544015",
        "has_multimedia": 1,
        "comments_count": 69,
        "reposts_count": 13,
        "attitudes_count": 561,
        "t": "1594705228000",
        "text": "渔村今天至少增加了50例确诊 ​​​​",
        "uid": "1647486362/",
        "followers_count": "2274067",
        "statuses_count": "31752",
        "verified": 1,
        "user_created_at": "2009-09-15",
        "has_description": 1,
        "parent": "0"
    },
    {
        "mid": "4526696986411371",
        "has_multimedia": 1,
        "comments_count": 0,
        "reposts_count": 0,
        "attitudes_count": 0,
        "t": "1594732125000",
        "text": "JlAYOU💪💪💪",
        "uid": "6432180264/",
        "followers_count": "255",
        "statuses_count": "15229",
        "verified": 0,
        "user_created_at": "2017-12-19",
        "has_description": 1,
        "parent": "4526584167544015"
    },
    {
        "mid": "4526637650497462",
        "has_multimedia": 1,
        "comments_count": 0,
        "reposts_count": 0,
        "attitudes_count": 0,
        "t": "1594717979000",
        "text": "//@shirleyshum:有咁嘅人 唔出奇 ¡评论配图",
        "uid": "7440971089/",
        "followers_count": "16",
        "statuses_count": "6997",
        "verified": 0,
        "user_created_at": "2020-04-22",
        "has_description": 1,
        "parent": "4526584167544015"
    },
    {
        "mid": "4526604414015032",
        "has_multimedia": 1,
        "comments_count": 0,
        "reposts_count": 0,
        "attitudes_count": 0,
        "t": "1594710055000",
        "text": "//@崂山软骨病:深圳挺住 最好封关",
        "uid": "1590829361/",
        "followers_count": "2",
        "statuses_count": "647",
        "verified": 0,
        "user_created_at": "2014-06-24",
        "has_description": 0,
        "parent": "4526584167544015"
    },
    {
        "mid": "4526600274686244",
        "has_multimedia": 1,
        "comments_count": 0,
        "reposts_count": 0,
        "attitudes_count": 0,
        "t": "1594709068000",
        "text": "转发微博",
        "uid": "6340979765/",
        "followers_count": "629",
        "statuses_count": "16693",
        "verified": 0,
        "user_created_at": "2017-10-24",
        "has_description": 1,
        "parent": "4526584167544015"
    },
    {
        "mid": "4526596608888815",
        "has_multimedia": 1,
        "comments_count": 0,
        "reposts_count": 0,
        "attitudes_count": 0,
        "t": "1594708193000",
        "text": "叫民主黨反对派出嚟“交代”就啱！😠😠",
        "uid": "6593593220/",
        "followers_count": "15",
        "statuses_count": "3689",
        "verified": 0,
        "user_created_at": "2018-07-07",
        "has_description": 0,
        "parent": "4526584167544015"
    }
]