[
    {
        "mid": "4526584163659220",
        "has_multimedia": 1,
        "comments_count": 221,
        "reposts_count": 97,
        "attitudes_count": 1061,
        "t": "1594705227000",
        "text": "？？？？？ ​​​​",
        "uid": "7044738790/",
        "followers_count": "127655",
        "statuses_count": "975",
        "verified": 0,
        "user_created_at": "2019-03-24",
        "has_description": 1,
        "parent": "0"
    },
    {
        "mid": "4527125102854827",
        "has_multimedia": 1,
        "comments_count": 0,
        "reposts_count": 0,
        "attitudes_count": 0,
        "t": "1594834196000",
        "text": "？？？",
        "uid": "1834718250/",
        "followers_count": "80",
        "statuses_count": "335",
        "verified": 0,
        "user_created_at": "2010-09-29",
        "has_description": 0,
        "parent": "4526584163659220"
    },
    {
        "mid": "4526911180897597",
        "has_multimedia": 1,
        "comments_count": 4,
        "reposts_count": 0,
        "attitudes_count": 1,
        "t": "1594783194000",
        "text": "哈哈哈哈哈哈哈哈哈哈哈哈哈哈哈哈哈哈哈哈哈哈",
        "uid": "1780266970/",
        "followers_count": "1652",
        "statuses_count": "62",
        "verified": 0,
        "user_created_at": "2010-08-30",
        "has_description": 1,
        "parent": "4526584163659220"
    },
    {
        "mid": "4526890592110536",
        "has_multimedia": 1,
        "comments_count": 0,
        "reposts_count": 0,
        "attitudes_count": 0,
        "t": "1594778285000",
        "text": "哈哈哈哈哈哈哈哈哈",
        "uid": "5660181941/",
        "followers_count": "168",
        "statuses_count": "2352",
        "verified": 0,
        "user_created_at": "2015-07-24",
        "has_description": 1,
        "parent": "4526584163659220"
    }
]