[
    {
        "mid": "4526584247151310",
        "has_multimedia": 1,
        "comments_count": 61,
        "reposts_count": 24,
        "attitudes_count": 132,
        "t": "1594705247000",
        "text": "【#北京SKP是啥#？有顾客一次花掉十几万 就像买白菜】作为国内最大的奢侈品综合商场，北京SKP的一双品牌拖鞋可卖到7600元，一件印有品牌图标的T恤衫可卖到上万元，从几万元到几十万元的包包比比皆是。此外，北京SKP负一楼的超市也是非一般的奢侈。详情>>O北京SKP的傲娇资本：有顾客一次花掉十几万 就... ​​​​",
        "uid": "1638782947/",
        "followers_count": "22139924",
        "statuses_count": "209639",
        "verified": 1,
        "has_description": 1,
        "parent": "0",
        "user_created_at": "2009-08-28"
    },
    {
        "mid": "4526802691469077",
        "has_multimedia": 1,
        "comments_count": 0,
        "reposts_count": 0,
        "attitudes_count": 0,
        "t": "1594757328000",
        "text": "怎么感觉这是智商税？本身生产成本没多少，凭空增加的品牌成本，完全可以省下来的场地成本，再加上文化传承、纯手工、国外顶级设计、精致用料的纯忽悠概念，只买贵的的成就、满足、仪式感，让一件76块钱的拖鞋升级成7600。",
        "uid": "1893821813/",
        "followers_count": "18",
        "statuses_count": "61",
        "verified": 0,
        "user_created_at": "2014-03-03",
        "has_description": 1,
        "parent": "4526584247151310"
    },
    {
        "mid": "4526601453339962",
        "has_multimedia": 1,
        "comments_count": 0,
        "reposts_count": 0,
        "attitudes_count": 0,
        "t": "1594709348000",
        "text": "有钱任性，没钱认命，有钱钱开心，没钱穷开心，百年以后都是，尘归尘，土归土！谁也不比谁高尚！活着就是一种态度！",
        "uid": "7279276303/",
        "followers_count": "4",
        "statuses_count": "109",
        "verified": 0,
        "user_created_at": "2019-08-12",
        "has_description": 0,
        "parent": "4526584247151310"
    }
]