[
    {
        "mid": "4526600547573242",
        "has_multimedia": 1,
        "comments_count": 155,
        "reposts_count": 157,
        "attitudes_count": 574,
        "t": "1594709133000",
        "text": "#遇见锡引力# 素有“鸡鸣闻三县”之称的山联村因地处无锡、常熟、江阴三地交界处而得名，它也是中国最美乡村之一。近年来，山联村大胆尝试以农富农的生态模式，率先走出了一条新农村的创新之路。整个村子就像一个天然的旅游景区，近4000亩的红豆杉形成了巨大的天然氧吧，这里的民宿同样因其出众的环境而备受青睐，很受周边城市游客的欢迎 2无锡·山联村",
        "uid": "1901445543/",
        "followers_count": "1259829",
        "statuses_count": "978",
        "verified": 1,
        "user_created_at": "2011-01-06",
        "has_description": 1,
        "parent": "0"
    },
    {
        "mid": "4526636815548251",
        "has_multimedia": 1,
        "comments_count": 0,
        "reposts_count": 0,
        "attitudes_count": 0,
        "t": "1594717780000",
        "text": "这个乡村太美了，空气又清新",
        "uid": "7363751324/",
        "followers_count": "7",
        "statuses_count": "505",
        "verified": 0,
        "user_created_at": "2019-12-29",
        "has_description": 0,
        "parent": "4526600547573242"
    },
    {
        "mid": "4526636739663994",
        "has_multimedia": 1,
        "comments_count": 0,
        "reposts_count": 0,
        "attitudes_count": 1,
        "t": "1594717761000",
        "text": "希望以后中国的乡村都可以发展成这样子",
        "uid": "7158563417/",
        "followers_count": "1371",
        "statuses_count": "2435",
        "verified": 1,
        "has_description": 1,
        "parent": "4526600547573242",
        "user_created_at": "2019-05-24"
    },
    {
        "mid": "4526636629896813",
        "has_multimedia": 1,
        "comments_count": 0,
        "reposts_count": 0,
        "attitudes_count": 0,
        "t": "1594717736000",
        "text": "很想在这种地方居住",
        "uid": "7316205181/",
        "followers_count": "173",
        "statuses_count": "590",
        "verified": 0,
        "user_created_at": "2019-10-07",
        "has_description": 1,
        "parent": "4526600547573242"
    }
]