[
    {
        "mid": "4526601382299544",
        "has_multimedia": 1,
        "comments_count": 4672,
        "reposts_count": 2939,
        "attitudes_count": 56529,
        "t": "1594709332000",
        "text": "【#退役军人突发脑溢血倒在抗洪一线# 送别英雄！】13日凌晨，湖北武汉新洲区辛冲街水务服务中心主任、退役军人舒明智，突发脑溢血倒在举水浏湖堤抢筑子堤的现场，经全力抢救无效去世。据了解，舒明智的母亲已85岁，家人尚未告诉老人儿子离世的消息。致敬，英雄一路走好！L长江日报的微博视频 （@中国军视网 视频自@长江日报 ）",
        "uid": "2656274875/",
        "followers_count": "111879876",
        "statuses_count": "130324",
        "verified": 1,
        "has_description": 1,
        "parent": "0",
        "user_created_at": "2012-03-07"
    },
    {
        "mid": "4526634944108581",
        "has_multimedia": 1,
        "comments_count": 1,
        "reposts_count": 56,
        "attitudes_count": 13,
        "t": "1594717334000",
        "text": "",
        "uid": "1228780242/",
        "followers_count": "289440",
        "statuses_count": "15423",
        "verified": 1,
        "user_created_at": "2010-03-23",
        "has_description": 1,
        "parent": "4526601382299544"
    },
    {
        "mid": "4526838342790241",
        "has_multimedia": 1,
        "comments_count": 0,
        "reposts_count": 0,
        "attitudes_count": 0,
        "t": "1594765828000",
        "text": "//@一Buddy一:",
        "uid": "5860449310/",
        "followers_count": "60",
        "statuses_count": "1018",
        "verified": 0,
        "user_created_at": "2016-02-16",
        "has_description": 1,
        "parent": "4526634944108581"
    },
    {
        "mid": "4526722005182994",
        "has_multimedia": 1,
        "comments_count": 0,
        "reposts_count": 0,
        "attitudes_count": 0,
        "t": "1594738091000",
        "text": "诶，叹息。多谢他们的负重前行//@伊谢尔伦的风:唉//@一Buddy一:",
        "uid": "1759581685/",
        "followers_count": "1225",
        "statuses_count": "8854",
        "verified": 1,
        "user_created_at": "2010-06-18",
        "has_description": 1,
        "parent": "4526634944108581"
    },
    {
        "mid": "4526707974924537",
        "has_multimedia": 1,
        "comments_count": 1,
        "reposts_count": 56,
        "attitudes_count": 13,
        "t": "1594717320000",
        "text": "",
        "uid": "5204442816/",
        "followers_count": "84",
        "statuses_count": "10521",
        "verified": 0,
        "user_created_at": "2014-07-05",
        "has_description": 1,
        "parent": "4526634944108581"
    },
    {
        "mid": "4526704179517873",
        "has_multimedia": 1,
        "comments_count": 3,
        "reposts_count": 45,
        "attitudes_count": 12,
        "t": "1594717920000",
        "text": "唉//@一Buddy一:",
        "uid": "2146653132/",
        "followers_count": "47",
        "statuses_count": "2399",
        "verified": 0,
        "user_created_at": "2014-09-21",
        "has_description": 0,
        "parent": "4526634944108581"
    },
    {
        "mid": "4526691697771184",
        "has_multimedia": 1,
        "comments_count": 0,
        "reposts_count": 0,
        "attitudes_count": 0,
        "t": "1594730865000",
        "text": "哎 //@盐盐盐盐盐_:新洲区的诶//@伊谢尔伦的风:唉//@一Buddy一:",
        "uid": "2184261420/",
        "followers_count": "55",
        "statuses_count": "7907",
        "verified": 0,
        "user_created_at": "2011-06-20",
        "has_description": 1,
        "parent": "4526634944108581"
    },
    {
        "mid": "4526690603372619",
        "has_multimedia": 1,
        "comments_count": 0,
        "reposts_count": 0,
        "attitudes_count": 0,
        "t": "1594730604000",
        "text": "//@伊谢尔伦的风: 唉//@一Buddy一:",
        "uid": "1830601174/",
        "followers_count": "482",
        "statuses_count": "63529",
        "verified": 0,
        "user_created_at": "2010-09-27",
        "has_description": 1,
        "parent": "4526634944108581"
    },
    {
        "mid": "4526690586812146",
        "has_multimedia": 1,
        "comments_count": 0,
        "reposts_count": 0,
        "attitudes_count": 0,
        "t": "1594730600000",
        "text": "//@伊谢尔伦的风:唉//@一Buddy一:",
        "uid": "1214988872/",
        "followers_count": "7",
        "statuses_count": "8894",
        "verified": 0,
        "user_created_at": "2013-08-15",
        "has_description": 0,
        "parent": "4526634944108581"
    },
    {
        "mid": "4526671636925491",
        "has_multimedia": 1,
        "comments_count": 0,
        "reposts_count": 0,
        "attitudes_count": 0,
        "t": "1594726081000",
        "text": "//@一Buddy一:",
        "uid": "5825986866/",
        "followers_count": "33",
        "statuses_count": "382",
        "verified": 0,
        "user_created_at": "2016-01-10",
        "has_description": 1,
        "parent": "4526634944108581"
    },
    {
        "mid": "4526602085864668",
        "has_multimedia": 1,
        "comments_count": 0,
        "reposts_count": 46,
        "attitudes_count": 0,
        "t": "1594709500000",
        "text": "转发微博",
        "uid": "1560751051/",
        "followers_count": "2482",
        "statuses_count": "71685",
        "verified": 0,
        "user_created_at": "2011-04-04",
        "has_description": 1,
        "parent": "4526601382299544"
    },
    {
        "mid": "4526846098736328",
        "has_multimedia": 1,
        "comments_count": 2,
        "reposts_count": 45,
        "attitudes_count": 43,
        "t": "1594710900000",
        "text": "//@废土路障: 转发微博",
        "uid": "5417326770/",
        "followers_count": "20",
        "statuses_count": "251",
        "verified": 0,
        "user_created_at": "2015-02-23",
        "has_description": 1,
        "parent": "4526602085864668"
    },
    {
        "mid": "4526813147767750",
        "has_multimedia": 1,
        "comments_count": 0,
        "reposts_count": 0,
        "attitudes_count": 0,
        "t": "1594759820000",
        "text": "//@全撸剩饭://@废土路障: 转发微博",
        "uid": "5494861912/",
        "followers_count": "55",
        "statuses_count": "509",
        "verified": 0,
        "user_created_at": "2015-03-01",
        "has_description": 0,
        "parent": "4526602085864668"
    },
    {
        "mid": "4526776574083428",
        "has_multimedia": 1,
        "comments_count": 0,
        "reposts_count": 0,
        "attitudes_count": 0,
        "t": "1594751101000",
        "text": "唉//@全撸剩饭://@废土路障: 转发微博",
        "uid": "6547563292/",
        "followers_count": "25",
        "statuses_count": "4456",
        "verified": 0,
        "user_created_at": "2018-05-12",
        "has_description": 1,
        "parent": "4526602085864668"
    },
    {
        "mid": "4526748211686499",
        "has_multimedia": 1,
        "comments_count": 2,
        "reposts_count": 45,
        "attitudes_count": 43,
        "t": "1594710900000",
        "text": "//@废土路障: 转发微博",
        "uid": "2313272045/",
        "followers_count": "221",
        "statuses_count": "16495",
        "verified": 0,
        "user_created_at": "2011-08-20",
        "has_description": 1,
        "parent": "4526602085864668"
    },
    {
        "mid": "4526680276435662",
        "has_multimedia": 1,
        "comments_count": 0,
        "reposts_count": 0,
        "attitudes_count": 0,
        "t": "1594728142000",
        "text": "//@全撸剩饭://@废土路障: 转发微博",
        "uid": "2515769964/",
        "followers_count": "67",
        "statuses_count": "1949",
        "verified": 0,
        "user_created_at": "2011-11-05",
        "has_description": 1,
        "parent": "4526602085864668"
    },
    {
        "mid": "4526673851006801",
        "has_multimedia": 1,
        "comments_count": 0,
        "reposts_count": 0,
        "attitudes_count": 0,
        "t": "1594726610000",
        "text": "//@-射命丸-文-://@全撸剩饭: //@废土路障: 转发微博",
        "uid": "1966980937/",
        "followers_count": "261",
        "statuses_count": "9484",
        "verified": 0,
        "user_created_at": "2011-02-13",
        "has_description": 1,
        "parent": "4526602085864668"
    },
    {
        "mid": "4526663498945700",
        "has_multimedia": 1,
        "comments_count": 0,
        "reposts_count": 0,
        "attitudes_count": 0,
        "t": "1594724142000",
        "text": "//@全撸剩饭://@废土路障: 转发微博",
        "uid": "6013697587/",
        "followers_count": "48",
        "statuses_count": "995",
        "verified": 0,
        "user_created_at": "2016-09-16",
        "has_description": 1,
        "parent": "4526602085864668"
    },
    {
        "mid": "4526661733474039",
        "has_multimedia": 1,
        "comments_count": 0,
        "reposts_count": 0,
        "attitudes_count": 0,
        "t": "1594723721000",
        "text": "//@-射命丸-文-://@全撸剩饭: //@废土路障: 转发微博",
        "uid": "7388215359/",
        "followers_count": "33",
        "statuses_count": "2038",
        "verified": 0,
        "user_created_at": "2020-02-07",
        "has_description": 1,
        "parent": "4526602085864668"
    },
    {
        "mid": "4526652983845655",
        "has_multimedia": 1,
        "comments_count": 0,
        "reposts_count": 0,
        "attitudes_count": 0,
        "t": "1594721635000",
        "text": "李向群式英雄//@全撸剩饭 ://@废土路障 : 转发微博",
        "uid": "2856796062/",
        "followers_count": "196",
        "statuses_count": "192",
        "verified": 1,
        "user_created_at": "2012-07-01",
        "has_description": 1,
        "parent": "4526602085864668"
    },
    {
        "mid": "4526648868780682",
        "has_multimedia": 1,
        "comments_count": 0,
        "reposts_count": 0,
        "attitudes_count": 0,
        "t": "1594720654000",
        "text": "致敬//@全撸剩饭://@废土路障: 转发微博",
        "uid": "3290543302/",
        "followers_count": "64",
        "statuses_count": "148",
        "verified": 0,
        "user_created_at": "2013-04-05",
        "has_description": 1,
        "parent": "4526602085864668"
    },
    {
        "mid": "4526608009211321",
        "has_multimedia": 1,
        "comments_count": 2,
        "reposts_count": 45,
        "attitudes_count": 43,
        "t": "1594710912000",
        "text": "//@废土路障: 转发微博",
        "uid": "3189089501/",
        "followers_count": "1940421",
        "statuses_count": "80518",
        "verified": 1,
        "user_created_at": "2012-12-13",
        "has_description": 1,
        "parent": "4526601382299544"
    },
    {
        "mid": "4526901433337370",
        "has_multimedia": 1,
        "comments_count": 0,
        "reposts_count": 0,
        "attitudes_count": 0,
        "t": "1594780869000",
        "text": "转发微博",
        "uid": "5892008122/",
        "followers_count": "185",
        "statuses_count": "1551",
        "verified": 0,
        "user_created_at": "2016-04-03",
        "has_description": 1,
        "parent": "4526601382299544"
    },
    {
        "mid": "4526901249445252",
        "has_multimedia": 1,
        "comments_count": 0,
        "reposts_count": 0,
        "attitudes_count": 0,
        "t": "1594780825000",
        "text": "",
        "uid": "2692021831/",
        "followers_count": "861",
        "statuses_count": "3757",
        "verified": 1,
        "user_created_at": "2012-04-02",
        "has_description": 1,
        "parent": "4526601382299544"
    },
    {
        "mid": "4526899106592304",
        "has_multimedia": 1,
        "comments_count": 0,
        "reposts_count": 0,
        "attitudes_count": 0,
        "t": "1594780315000",
        "text": "一路走好🙏",
        "uid": "5450429471/",
        "followers_count": "179",
        "statuses_count": "6030",
        "verified": 0,
        "user_created_at": "2014-12-27",
        "has_description": 1,
        "parent": "4526601382299544"
    },
    {
        "mid": "4526898967954398",
        "has_multimedia": 1,
        "comments_count": 0,
        "reposts_count": 0,
        "attitudes_count": 0,
        "t": "1594780282000",
        "text": "",
        "uid": "1806405660/",
        "followers_count": "507",
        "statuses_count": "5373",
        "verified": 0,
        "user_created_at": "2010-10-10",
        "has_description": 1,
        "parent": "4526601382299544"
    },
    {
        "mid": "4526897897868183",
        "has_multimedia": 1,
        "comments_count": 0,
        "reposts_count": 0,
        "attitudes_count": 0,
        "t": "1594780026000",
        "text": "转发微博",
        "uid": "5707194753/",
        "followers_count": "113",
        "statuses_count": "884",
        "verified": 0,
        "user_created_at": "2015-09-21",
        "has_description": 1,
        "parent": "4526601382299544"
    }
]