[
    {
        "mid": "4526601613014402",
        "has_multimedia": 1,
        "comments_count": 537,
        "reposts_count": 467,
        "attitudes_count": 1028,
        "t": "1594709387000",
        "text": "泰洋川禾这次看来是认真的，平时小打小闹让着你们，触及法律和国家问题的一步都不能退让，昨天警告之后，今天又有几个用户被上告法院，劝那些不安好心造谣的，别做那些触及人家底线的事情吧 ​​​​",
        "uid": "3944257239/",
        "followers_count": "4003049",
        "statuses_count": "2199",
        "verified": 1,
        "user_created_at": "2013-12-17",
        "has_description": 1,
        "parent": "0"
    },
    {
        "mid": "4526626451361840",
        "has_multimedia": 1,
        "comments_count": 0,
        "reposts_count": 0,
        "attitudes_count": 0,
        "t": "1594715309000",
        "text": "转发微博",
        "uid": "6364931983/",
        "followers_count": "18",
        "statuses_count": "140",
        "verified": 0,
        "user_created_at": "2017-09-16",
        "has_description": 0,
        "parent": "4526601613014402"
    },
    {
        "mid": "4526625678488415",
        "has_multimedia": 1,
        "comments_count": 0,
        "reposts_count": 0,
        "attitudes_count": 0,
        "t": "1594715125000",
        "text": "支持你的立场，对那些侵害的造谣者也是特别痛恨",
        "uid": "6424797101/",
        "followers_count": "105",
        "statuses_count": "14632",
        "verified": 0,
        "user_created_at": "2017-12-04",
        "has_description": 0,
        "parent": "4526601613014402"
    },
    {
        "mid": "4526625280637975",
        "has_multimedia": 1,
        "comments_count": 0,
        "reposts_count": 0,
        "attitudes_count": 0,
        "t": "1594715030000",
        "text": "一味的退让，只能换来更大的利益侵害，坚决支持用法律维权",
        "uid": "6515997069/",
        "followers_count": "195",
        "statuses_count": "14080",
        "verified": 0,
        "user_created_at": "2018-03-28",
        "has_description": 0,
        "parent": "4526601613014402"
    },
    {
        "mid": "4526624672687176",
        "has_multimedia": 1,
        "comments_count": 0,
        "reposts_count": 0,
        "attitudes_count": 0,
        "t": "1594714884000",
        "text": "造谣者让人痛恨，，支持维权给以警示",
        "uid": "6500879935/",
        "followers_count": "141",
        "statuses_count": "11421",
        "verified": 0,
        "user_created_at": "2018-03-05",
        "has_description": 0,
        "parent": "4526601613014402"
    },
    {
        "mid": "4526624118558396",
        "has_multimedia": 1,
        "comments_count": 0,
        "reposts_count": 0,
        "attitudes_count": 0,
        "t": "1594714753000",
        "text": "这个是需要每个人都引以为戒的 不造谣 不传谣//@小周普普通通:还是不要乱造谣，别做触及人家底线的事情吧 ¡评论配图",
        "uid": "6390399805/",
        "followers_count": "106",
        "statuses_count": "9516",
        "verified": 0,
        "user_created_at": "2017-10-16",
        "has_description": 0,
        "parent": "4526601613014402"
    },
    {
        "mid": "4526624031268825",
        "has_multimedia": 1,
        "comments_count": 0,
        "reposts_count": 0,
        "attitudes_count": 0,
        "t": "1594714732000",
        "text": "谣言止于智者，我们大家也要理性一些，杜绝这样的事情",
        "uid": "7058105852/",
        "followers_count": "220",
        "statuses_count": "4536",
        "verified": 0,
        "user_created_at": "2019-03-31",
        "has_description": 0,
        "parent": "4526601613014402"
    }
]