[
    {
        "mid": "4526601759650445",
        "has_multimedia": 1,
        "comments_count": 88,
        "reposts_count": 17,
        "attitudes_count": 73,
        "t": "1594709422000",
        "text": "全市有96个自动站气温已达35℃以上别烤了，别烤了，真糊了 ​​​​",
        "uid": "1871802012/",
        "followers_count": "1999882",
        "statuses_count": "57541",
        "verified": 1,
        "has_description": 1,
        "parent": "0",
        "user_created_at": "2010-11-09"
    },
    {
        "mid": "4526725315639291",
        "has_multimedia": 1,
        "comments_count": 0,
        "reposts_count": 0,
        "attitudes_count": 0,
        "t": "1594738880000",
        "text": "一天到晚蒸桑拿，热到融化，赶快来场台风吧🙏不说了，说多了都是汗😓😓//@深圳新闻网:高温橙色预警安排一下吗",
        "uid": "2318808977/",
        "followers_count": "6",
        "statuses_count": "336",
        "verified": 0,
        "user_created_at": "2011-08-23",
        "has_description": 1,
        "parent": "4526601759650445"
    },
    {
        "mid": "4526687633464179",
        "has_multimedia": 1,
        "comments_count": 1,
        "reposts_count": 0,
        "attitudes_count": 0,
        "t": "1594729895000",
        "text": "今天感觉好炎热",
        "uid": "2209798594/",
        "followers_count": "1343",
        "statuses_count": "7944",
        "verified": 1,
        "has_description": 1,
        "parent": "4526601759650445",
        "user_created_at": "2011-07-02"
    },
    {
        "mid": "4526686424890240",
        "has_multimedia": 1,
        "comments_count": 0,
        "reposts_count": 0,
        "attitudes_count": 0,
        "t": "1594729608000",
        "text": "热死个人",
        "uid": "3158167613/",
        "followers_count": "6",
        "statuses_count": "13",
        "verified": 0,
        "user_created_at": "2013-05-23",
        "has_description": 0,
        "parent": "4526601759650445"
    }
]