[
    {
        "mid": "4526604371371927",
        "has_multimedia": 1,
        "comments_count": 235,
        "reposts_count": 114,
        "attitudes_count": 2872,
        "t": "1594710044000",
        "text": "【被砍4刀 男子#救人24年后起诉被救者索赔10元#】河南开封，24年前，张杰为救2名女孩被人连砍4刀，被救者没说一声谢谢就离开了。2019年张杰有了其中一名女孩的下落，但对方并未表示过多。心寒的他提起诉讼，索要补偿10元。法院判定其行为属于见义勇为，张杰胜诉。@一手Video L一手video的秒拍视频 ​​​​",
        "uid": "1618051664/",
        "followers_count": "80627874",
        "statuses_count": "186950",
        "verified": 1,
        "has_description": 1,
        "parent": "0",
        "user_created_at": "2009-08-28"
    },
    {
        "mid": "4526614303862497",
        "has_multimedia": 1,
        "comments_count": 0,
        "reposts_count": 13,
        "attitudes_count": 11,
        "t": "1594712412000",
        "text": "转发微博",
        "uid": "1062623637/",
        "followers_count": "131893",
        "statuses_count": "66402",
        "verified": 1,
        "user_created_at": "2010-03-07",
        "has_description": 0,
        "parent": "4526604371371927"
    },
    {
        "mid": "4526876791544418",
        "has_multimedia": 1,
        "comments_count": 0,
        "reposts_count": 0,
        "attitudes_count": 0,
        "t": "1594774995000",
        "text": "//@李子的围脖:转发微博",
        "uid": "2805202320/",
        "followers_count": "94",
        "statuses_count": "713",
        "verified": 0,
        "user_created_at": "2012-05-15",
        "has_description": 1,
        "parent": "4526614303862497"
    },
    {
        "mid": "4526693505232882",
        "has_multimedia": 1,
        "comments_count": 0,
        "reposts_count": 0,
        "attitudes_count": 0,
        "t": "1594731295000",
        "text": "//@谁知盘中粽://@李子的围脖:转发微博",
        "uid": "2994538157/",
        "followers_count": "17",
        "statuses_count": "2856",
        "verified": 0,
        "user_created_at": "2012-10-11",
        "has_description": 1,
        "parent": "4526614303862497"
    },
    {
        "mid": "4526681534481978",
        "has_multimedia": 1,
        "comments_count": 0,
        "reposts_count": 1,
        "attitudes_count": 0,
        "t": "1594728442000",
        "text": "//@李子的围脖:转发微博",
        "uid": "1646364175/",
        "followers_count": "1320",
        "statuses_count": "29510",
        "verified": 1,
        "user_created_at": "2009-09-10",
        "has_description": 1,
        "parent": "4526614303862497"
    },
    {
        "mid": "4527174633652476",
        "has_multimedia": 1,
        "comments_count": 0,
        "reposts_count": 0,
        "attitudes_count": 0,
        "t": "1594846005000",
        "text": "良心这东西不是每个人都有的！女孩的往后日子还长…………",
        "uid": "1652482994/",
        "followers_count": "3",
        "statuses_count": "526",
        "verified": 0,
        "user_created_at": "2009-10-09",
        "has_description": 1,
        "parent": "4526604371371927"
    }
]