[
    {
        "mid": "4526604824557665",
        "has_multimedia": 1,
        "comments_count": 410,
        "reposts_count": 215,
        "attitudes_count": 2582,
        "t": "1594710153000",
        "text": "【小学生4天掌握基因表达技术，15个月研究癌症拿奖】六年级小学生因研究癌症获全国奖项，引发持续争议。更蹊跷的是，岛叔发现，该小学生只用了4天就掌握了基因表达技术，用15个月就从小白变成了“大神”，可谓“秒杀”一众硕士博士。在大赛官网展示的该小学生实验记录显示，陈某某在2018年1月9日、10日和13日分别写道：“老师们给了我一个基因，……我上网搜了一下什么叫基因。”“我还是不太了解基因。”“了解PCR技术的原理，大概了解为何通过荧光强弱的比较就能知道哪些基因的mRNA表达水平……”仅用4、5天时间，这种认知速度“惊为天人”。同时，在2019年4月左右，该小学生就凭借这项研究获得了第34届云南省青少年科技创新大赛相关项目一等奖，随后被推荐参加全国赛事。这意味着，该小学生用了15个月，从不知道基因是什么，到完成研究并且拿奖……或许真应了网友那句话：“我不知道基因是什么，但我爸会。”",
        "uid": "5476386628/",
        "followers_count": "7869481",
        "statuses_count": "6115",
        "verified": 1,
        "has_description": 1,
        "parent": "0",
        "user_created_at": "2015-01-13"
    },
    {
        "mid": "4526948221818868",
        "has_multimedia": 1,
        "comments_count": 0,
        "reposts_count": 0,
        "attitudes_count": 0,
        "t": "1594792025000",
        "text": "转发微博",
        "uid": "2273995024/",
        "followers_count": "722",
        "statuses_count": "43155",
        "verified": 0,
        "user_created_at": "2011-07-28",
        "has_description": 1,
        "parent": "4526604824557665"
    },
    {
        "mid": "4526923722108346",
        "has_multimedia": 1,
        "comments_count": 0,
        "reposts_count": 0,
        "attitudes_count": 0,
        "t": "1594786184000",
        "text": "从出生就赢在终点",
        "uid": "6343248897/",
        "followers_count": "163",
        "statuses_count": "1065",
        "verified": 0,
        "user_created_at": "2017-08-10",
        "has_description": 1,
        "parent": "4526604824557665"
    },
    {
        "mid": "4526897688772318",
        "has_multimedia": 1,
        "comments_count": 3,
        "reposts_count": 10,
        "attitudes_count": 11,
        "t": "1594713960000",
        "text": "//@小陆家嘴: 转发微博",
        "uid": "7225252744/",
        "followers_count": "132",
        "statuses_count": "476",
        "verified": 0,
        "user_created_at": "2019-07-08",
        "has_description": 1,
        "parent": "4526604824557665"
    },
    {
        "mid": "4526897537072460",
        "has_multimedia": 1,
        "comments_count": 2,
        "reposts_count": 0,
        "attitudes_count": 0,
        "t": "1594779941000",
        "text": "………………",
        "uid": "1709956965/",
        "followers_count": "265",
        "statuses_count": "2573",
        "verified": 0,
        "user_created_at": "2010-03-13",
        "has_description": 1,
        "parent": "4526604824557665"
    },
    {
        "mid": "4526871314684519",
        "has_multimedia": 1,
        "comments_count": 0,
        "reposts_count": 0,
        "attitudes_count": 0,
        "t": "1594773689000",
        "text": "→_→//@第四纬度:我的区长父亲获得全区作文一等奖",
        "uid": "3176569411/",
        "followers_count": "356",
        "statuses_count": "1596",
        "verified": 0,
        "user_created_at": "2012-12-07",
        "has_description": 1,
        "parent": "4526604824557665"
    },
    {
        "mid": "4526869184361026",
        "has_multimedia": 1,
        "comments_count": 0,
        "reposts_count": 0,
        "attitudes_count": 0,
        "t": "1594773181000",
        "text": "转发微博",
        "uid": "6311328228/",
        "followers_count": "33",
        "statuses_count": "3860",
        "verified": 0,
        "user_created_at": "2017-07-07",
        "has_description": 0,
        "parent": "4526604824557665"
    },
    {
        "mid": "4526789945457650",
        "has_multimedia": 1,
        "comments_count": 0,
        "reposts_count": 0,
        "attitudes_count": 0,
        "t": "1594754289000",
        "text": "//@莉米泉:哈哈，这不是后浪，这是海啸！",
        "uid": "3719542657/",
        "followers_count": "632",
        "statuses_count": "133808",
        "verified": 0,
        "user_created_at": "2013-08-18",
        "has_description": 1,
        "parent": "4526604824557665"
    },
    {
        "mid": "4526762757937943",
        "has_multimedia": 1,
        "comments_count": 0,
        "reposts_count": 1,
        "attitudes_count": 1,
        "t": "1594714680000",
        "text": "转发",
        "uid": "1865879030/",
        "followers_count": "1085",
        "statuses_count": "24996",
        "verified": 0,
        "user_created_at": "2010-11-01",
        "has_description": 1,
        "parent": "4526604824557665"
    },
    {
        "mid": "4526752817394110",
        "has_multimedia": 1,
        "comments_count": 0,
        "reposts_count": 0,
        "attitudes_count": 0,
        "t": "1594745436000",
        "text": "论文题目太牛逼了。改得普通点就过关了。癌症，啧啧啧，再啧啧啧。太引人注目。",
        "uid": "2751007645/",
        "followers_count": "732",
        "statuses_count": "1396",
        "verified": 0,
        "user_created_at": "2012-06-10",
        "has_description": 1,
        "parent": "4526604824557665"
    }
]