[
    {
        "mid": "4526606334317557",
        "has_multimedia": 1,
        "comments_count": 670,
        "reposts_count": 467,
        "attitudes_count": 6430,
        "t": "1594710513000",
        "text": "【直播关注！#江西庐山漫堤渗水抢险现场#】近日，江西九江庐山市的南康堤出现漫堤险情；今天，积水已渗透堤防沙袋。目前，当地调集400多人前往抢险，加固堤防沙袋、紧急抽水，防止洪水倒灌进城市管网。关注！（总台央视记者李璟慧） L央视新闻的微博视频 . ​​​​",
        "uid": "2656274875/",
        "followers_count": "111882043",
        "statuses_count": "130342",
        "verified": 1,
        "has_description": 1,
        "parent": "0",
        "user_created_at": "2012-03-07"
    },
    {
        "mid": "4526976754620390",
        "has_multimedia": 1,
        "comments_count": 0,
        "reposts_count": 0,
        "attitudes_count": 0,
        "t": "1594798828000",
        "text": "这条路以前天天走，如今这么深的水不要再下雨了",
        "uid": "3607192640/",
        "followers_count": "264",
        "statuses_count": "758",
        "verified": 0,
        "user_created_at": "2013-07-20",
        "has_description": 1,
        "parent": "4526606334317557"
    },
    {
        "mid": "4526927240596606",
        "has_multimedia": 1,
        "comments_count": 0,
        "reposts_count": 0,
        "attitudes_count": 0,
        "t": "1594787022000",
        "text": "转发微博",
        "uid": "6043689005/",
        "followers_count": "1",
        "statuses_count": "14",
        "verified": 0,
        "user_created_at": "2016-10-11",
        "has_description": 0,
        "parent": "4526606334317557"
    },
    {
        "mid": "4526926569770855",
        "has_multimedia": 1,
        "comments_count": 0,
        "reposts_count": 0,
        "attitudes_count": 1,
        "t": "1594786862000",
        "text": "中国挺住，愿一切平安🙏",
        "uid": "6540467109/",
        "followers_count": "1489",
        "statuses_count": "569",
        "verified": 1,
        "has_description": 1,
        "parent": "4526606334317557",
        "user_created_at": "2012-01-01"
    },
    {
        "mid": "4526926163192062",
        "has_multimedia": 1,
        "comments_count": 0,
        "reposts_count": 0,
        "attitudes_count": 0,
        "t": "1594786766000",
        "text": "转发微博",
        "uid": "6899261814/",
        "followers_count": "4",
        "statuses_count": "72",
        "verified": 0,
        "user_created_at": "2018-12-25",
        "has_description": 0,
        "parent": "4526606334317557"
    },
    {
        "mid": "4526926095818078",
        "has_multimedia": 1,
        "comments_count": 0,
        "reposts_count": 0,
        "attitudes_count": 0,
        "t": "1594786750000",
        "text": "转发微博",
        "uid": "1742536102/",
        "followers_count": "554",
        "statuses_count": "288",
        "verified": 1,
        "user_created_at": "2010-05-16",
        "has_description": 1,
        "parent": "4526606334317557"
    },
    {
        "mid": "4526924774347738",
        "has_multimedia": 1,
        "comments_count": 0,
        "reposts_count": 0,
        "attitudes_count": 1,
        "t": "1594786434000",
        "text": "辛苦了辛苦了",
        "uid": "1804280147/",
        "followers_count": "177",
        "statuses_count": "1837",
        "verified": 0,
        "user_created_at": "2010-08-28",
        "has_description": 1,
        "parent": "4526606334317557"
    }
]