[
    {
        "mid": "4526607475703841",
        "has_multimedia": 1,
        "comments_count": 86,
        "reposts_count": 92,
        "attitudes_count": 469,
        "t": "1594710785000",
        "text": "心疼美帝人民；心疼他们的老婆孩子。 中国人权研究会 ​​​​",
        "uid": "1465346477/",
        "followers_count": "918034",
        "statuses_count": "25270",
        "verified": 1,
        "user_created_at": "2010-02-20",
        "has_description": 1,
        "parent": "0"
    },
    {
        "mid": "4526612873575622",
        "has_multimedia": 1,
        "comments_count": 13,
        "reposts_count": 18,
        "attitudes_count": 22,
        "t": "1594712072000",
        "text": "//@王岩---37地产:操心啊",
        "uid": "2014407730/",
        "followers_count": "61131",
        "statuses_count": "55794",
        "verified": 1,
        "user_created_at": "2011-03-18",
        "has_description": 0,
        "parent": "4526607475703841"
    },
    {
        "mid": "4526893157660814",
        "has_multimedia": 1,
        "comments_count": 0,
        "reposts_count": 0,
        "attitudes_count": 0,
        "t": "1594778897000",
        "text": "//@奇哩猜://@王岩---37地产:操心啊",
        "uid": "5397260958/",
        "followers_count": "274",
        "statuses_count": "4073",
        "verified": 0,
        "user_created_at": "2014-12-28",
        "has_description": 0,
        "parent": "4526612873575622"
    },
    {
        "mid": "4526870677157946",
        "has_multimedia": 1,
        "comments_count": 0,
        "reposts_count": 0,
        "attitudes_count": 0,
        "t": "1594773537000",
        "text": "从来不看央视新闻，早就臭大街了。他们应该叫央视宣传！//@奇哩猜://@王岩---37地产:操心啊",
        "uid": "7396532550/",
        "followers_count": "59",
        "statuses_count": "1012",
        "verified": 0,
        "user_created_at": "2020-02-21",
        "has_description": 0,
        "parent": "4526612873575622"
    },
    {
        "mid": "4526857610918823",
        "has_multimedia": 1,
        "comments_count": 0,
        "reposts_count": 0,
        "attitudes_count": 0,
        "t": "1594770422000",
        "text": "//@奇哩猜: //@王岩---37地产:操心啊",
        "uid": "5479069651/",
        "followers_count": "94",
        "statuses_count": "11034",
        "verified": 0,
        "user_created_at": "2015-01-15",
        "has_description": 1,
        "parent": "4526612873575622"
    },
    {
        "mid": "4527353239707628",
        "has_multimedia": 1,
        "comments_count": 0,
        "reposts_count": 0,
        "attitudes_count": 0,
        "t": "1594888589000",
        "text": "//@东门有囍: 回复@追寻梦想996:你知道的太多了//@追寻梦想996:毕竟财产和子女都在美国，关心美国很正常",
        "uid": "1288747920/",
        "followers_count": "298",
        "statuses_count": "8288",
        "verified": 0,
        "user_created_at": "2010-06-18",
        "has_description": 0,
        "parent": "4526607475703841"
    },
    {
        "mid": "4527350588901258",
        "has_multimedia": 1,
        "comments_count": 0,
        "reposts_count": 0,
        "attitudes_count": 0,
        "t": "1594887957000",
        "text": "//@言真钦:出于人道主义，赶紧去拯救水深火热之中的美国人民吧//@王岩---37地产: 操心啊",
        "uid": "3285852665/",
        "followers_count": "648",
        "statuses_count": "34192",
        "verified": 0,
        "user_created_at": "2013-05-21",
        "has_description": 0,
        "parent": "4526607475703841"
    }
]