[
    {
        "mid": "4526608414744144",
        "has_multimedia": 1,
        "comments_count": 223,
        "reposts_count": 279,
        "attitudes_count": 2905,
        "t": "1594711008000",
        "text": "我就喜欢这样简单粗暴的表彰读书好的学生。 ​​​​",
        "uid": "1875293522/",
        "followers_count": "377229",
        "statuses_count": "5609",
        "verified": 1,
        "user_created_at": "2010-11-12",
        "has_description": 1,
        "parent": "0"
    },
    {
        "mid": "4526613281117064",
        "has_multimedia": 1,
        "comments_count": 3,
        "reposts_count": 79,
        "attitudes_count": 9,
        "t": "1594712169000",
        "text": "转发微博",
        "uid": "1644296264/",
        "followers_count": "1064890",
        "statuses_count": "24106",
        "verified": 1,
        "user_created_at": "2009-09-01",
        "has_description": 1,
        "parent": "4526608414744144"
    },
    {
        "mid": "4527079272488687",
        "has_multimedia": 1,
        "comments_count": 0,
        "reposts_count": 0,
        "attitudes_count": 0,
        "t": "1594823270000",
        "text": "//@南郭刘勃:认得的几个语文老师说，文言文要保证 全对，现代文阅读的答案，他们也觉得多少是玄学……//@密西西比量子猪: 看来语文卷有点难，要当高考状元，语文卷的客观题最多允许错一道//@李淼在南科大:转发微博",
        "uid": "1895144342/",
        "followers_count": "553",
        "statuses_count": "13488",
        "verified": 1,
        "user_created_at": "2010-12-16",
        "has_description": 1,
        "parent": "4526613281117064"
    },
    {
        "mid": "4527007323492231",
        "has_multimedia": 1,
        "comments_count": 8,
        "reposts_count": 11,
        "attitudes_count": 34,
        "t": "1594730160000",
        "text": "福建宗族文化浓厚，大祠堂能奖励十万。出去读书时，还有个仪式，到祠堂烧香磕头。//@物理文化与施郁世界线:这孩子父母一个姓黄一个姓陈。//@密西西比量子猪:看来语文卷有点难，要当高考状元，语文卷的客观题最多允许错一道//@李淼在南科大:转发微博",
        "uid": "6066052475/",
        "followers_count": "90",
        "statuses_count": "2141",
        "verified": 0,
        "user_created_at": "2016-11-17",
        "has_description": 1,
        "parent": "4526613281117064"
    },
    {
        "mid": "4526934871350470",
        "has_multimedia": 1,
        "comments_count": 0,
        "reposts_count": 0,
        "attitudes_count": 1,
        "t": "1594788841000",
        "text": "全省前50名都应该这样奖励才对，第一基本都是靠运气。//@物理文化与施郁世界线:这孩子父母一个姓黄一个姓陈。//@密西西比量子猪:看来语文卷有点难，要当高考状元，语文卷的客观题最多允许错一道//@李淼在南科大:转发微博",
        "uid": "1226615187/",
        "followers_count": "167",
        "statuses_count": "973",
        "verified": 0,
        "user_created_at": "2011-06-28",
        "has_description": 1,
        "parent": "4526613281117064"
    },
    {
        "mid": "4527288199152451",
        "has_multimedia": 1,
        "comments_count": 0,
        "reposts_count": 0,
        "attitudes_count": 0,
        "t": "1594873081000",
        "text": "转发微博",
        "uid": "2512603091/",
        "followers_count": "193",
        "statuses_count": "34351",
        "verified": 0,
        "user_created_at": "2011-12-05",
        "has_description": 0,
        "parent": "4526608414744144"
    },
    {
        "mid": "4527243332158630",
        "has_multimedia": 1,
        "comments_count": 0,
        "reposts_count": 0,
        "attitudes_count": 0,
        "t": "1594862384000",
        "text": "转发微博",
        "uid": "5667869547/",
        "followers_count": "42",
        "statuses_count": "852",
        "verified": 0,
        "user_created_at": "2015-08-03",
        "has_description": 0,
        "parent": "4526608414744144"
    }
]