[
    {
        "mid": "4526609014790388",
        "has_multimedia": 1,
        "comments_count": 1045,
        "reposts_count": 644,
        "attitudes_count": 3598,
        "t": "1594711152000",
        "text": "塞尔维亚和波黑，都是对我们非常友好的国家，疫情后我们要去欧洲旅行的话，真的可以考虑这两个国家连起来走，不仅可以看到欧洲的传统文化，阿拉伯的文化也一起看了。最主要的是他们都免签！太香了 #带着微博去旅行# #塞尔维亚# L耀阳Diego的微博视频 ​​​​",
        "uid": "7358746801/",
        "followers_count": "1076193",
        "statuses_count": "219",
        "verified": 1,
        "user_created_at": "2019-12-20",
        "has_description": 1,
        "parent": "0"
    },
    {
        "mid": "4526977001823910",
        "has_multimedia": 1,
        "comments_count": 0,
        "reposts_count": 0,
        "attitudes_count": 0,
        "t": "1594798887000",
        "text": "这总比去美国、韩国这些喂不熟的白眼儿狼国家强.....",
        "uid": "5869747307/",
        "followers_count": "33",
        "statuses_count": "1895",
        "verified": 0,
        "user_created_at": "2016-02-28",
        "has_description": 1,
        "parent": "4526609014790388"
    },
    {
        "mid": "4526685465129877",
        "has_multimedia": 1,
        "comments_count": 0,
        "reposts_count": 0,
        "attitudes_count": 0,
        "t": "1594729378000",
        "text": "转发微博",
        "uid": "6807257798/",
        "followers_count": "2",
        "statuses_count": "46",
        "verified": 0,
        "user_created_at": "2020-07-12",
        "has_description": 0,
        "parent": "4526609014790388"
    },
    {
        "mid": "4526685393519435",
        "has_multimedia": 1,
        "comments_count": 0,
        "reposts_count": 0,
        "attitudes_count": 0,
        "t": "1594729361000",
        "text": "转发微博",
        "uid": "7479500558/",
        "followers_count": "2",
        "statuses_count": "44",
        "verified": 0,
        "user_created_at": "2020-07-12",
        "has_description": 0,
        "parent": "4526609014790388"
    },
    {
        "mid": "4526685372748902",
        "has_multimedia": 1,
        "comments_count": 0,
        "reposts_count": 0,
        "attitudes_count": 0,
        "t": "1594729357000",
        "text": "转发微博",
        "uid": "7464078575/",
        "followers_count": "2",
        "statuses_count": "43",
        "verified": 0,
        "user_created_at": "2020-07-12",
        "has_description": 0,
        "parent": "4526609014790388"
    },
    {
        "mid": "4526685355058338",
        "has_multimedia": 1,
        "comments_count": 0,
        "reposts_count": 0,
        "attitudes_count": 0,
        "t": "1594729352000",
        "text": "转发微博",
        "uid": "7480152709/",
        "followers_count": "2",
        "statuses_count": "45",
        "verified": 0,
        "user_created_at": "2020-07-12",
        "has_description": 0,
        "parent": "4526609014790388"
    },
    {
        "mid": "4526685318033554",
        "has_multimedia": 1,
        "comments_count": 0,
        "reposts_count": 0,
        "attitudes_count": 0,
        "t": "1594729343000",
        "text": "转发微博",
        "uid": "7464078511/",
        "followers_count": "2",
        "statuses_count": "44",
        "verified": 0,
        "user_created_at": "2020-07-12",
        "has_description": 0,
        "parent": "4526609014790388"
    }
]