[
    {
        "mid": "4526609149503982",
        "has_multimedia": 1,
        "comments_count": 273,
        "reposts_count": 161,
        "attitudes_count": 871,
        "t": "1594711184000",
        "text": "#天津身边事# 【#杀害孕妻潜逃25年嫌犯落网#】河北省保定市蠡县公安局透露，日前，该局成功抓获一名杀害怀孕9个月妻子后潜逃25年的嫌犯。       据介绍，7月6日，蠡县公安局民警通过梳理，发现黑龙江籍涉命案逃犯谭某以“张某海”的身份藏匿于该县，经研判，最终确定了谭某的住处。10日下午，办案民警在谭某住处、打工地点及上下班沿途路线进行严密布控，18时许，谭某被警方抓获。　　审讯过程中，谭某自称“王海”，黑龙江绥化市人，拒不承认真实身份并百般抵赖。经过两个多小时的“较量”，谭某最终交代了他于1995年春因感情纠纷在内蒙古持刀杀害怀孕9个月的妻子周某丽，随后辗转上海、天津、沧州等多地潜逃的犯罪事实。　　目前，犯罪嫌疑人谭某已移交内蒙古警方。（来源:中国新闻网）",
        "uid": "3865569336/",
        "followers_count": "5001252",
        "statuses_count": "3784",
        "verified": 1,
        "user_created_at": "2013-10-23",
        "has_description": 1,
        "parent": "0"
    },
    {
        "mid": "4526941988292962",
        "has_multimedia": 1,
        "comments_count": 0,
        "reposts_count": 0,
        "attitudes_count": 0,
        "t": "1594790538000",
        "text": "看见没 你怀孕了在男人眼里也不过是条肥猪 想宰就宰又让我想起婚驴的起因，一个虎扑傻逼给自己老婆备注名字为驴",
        "uid": "5769954014/",
        "followers_count": "97",
        "statuses_count": "1825",
        "verified": 0,
        "user_created_at": "2015-11-23",
        "has_description": 1,
        "parent": "4526609149503982"
    },
    {
        "mid": "4526940843256290",
        "has_multimedia": 1,
        "comments_count": 0,
        "reposts_count": 0,
        "attitudes_count": 0,
        "t": "1594790266000",
        "text": "没人性，河北的败类",
        "uid": "3042470711/",
        "followers_count": "364",
        "statuses_count": "14831",
        "verified": 0,
        "user_created_at": "2012-10-26",
        "has_description": 1,
        "parent": "4526609149503982"
    },
    {
        "mid": "4526939329375411",
        "has_multimedia": 1,
        "comments_count": 0,
        "reposts_count": 0,
        "attitudes_count": 0,
        "t": "1594789904000",
        "text": "死刑！！！",
        "uid": "6620782468/",
        "followers_count": "143",
        "statuses_count": "802",
        "verified": 0,
        "user_created_at": "2018-08-03",
        "has_description": 1,
        "parent": "4526609149503982"
    }
]