[
    {
        "mid": "4526609542989907",
        "has_multimedia": 1,
        "comments_count": 255,
        "reposts_count": 262,
        "attitudes_count": 4494,
        "t": "1594711278000",
        "text": "东大教授发函支持梁艳萍后续：有人将梁艳萍的精日言论发给了那位教授，后者表示将重新考虑自己的决定 ​​​​",
        "uid": "1647486362/",
        "followers_count": "2274756",
        "statuses_count": "31810",
        "verified": 1,
        "user_created_at": "2009-09-15",
        "has_description": 1,
        "parent": "0"
    },
    {
        "mid": "4526615851676058",
        "has_multimedia": 1,
        "comments_count": 10,
        "reposts_count": 17,
        "attitudes_count": 22,
        "t": "1594712782000",
        "text": "太君都看不下去了!",
        "uid": "1402551940/",
        "followers_count": "122714",
        "statuses_count": "79324",
        "verified": 1,
        "user_created_at": "2010-02-09",
        "has_description": 1,
        "parent": "4526609542989907"
    },
    {
        "mid": "4526861982679140",
        "has_multimedia": 1,
        "comments_count": 10,
        "reposts_count": 17,
        "attitudes_count": 22,
        "t": "1594712760000",
        "text": "太君都看不下去了!",
        "uid": "2091718974/",
        "followers_count": "45",
        "statuses_count": "1597",
        "verified": 0,
        "user_created_at": "2011-04-07",
        "has_description": 0,
        "parent": "4526615851676058"
    },
    {
        "mid": "4526689495705512",
        "has_multimedia": 1,
        "comments_count": 0,
        "reposts_count": 0,
        "attitudes_count": 0,
        "t": "1594730340000",
        "text": "//@出西域記: 呵呵，真的讽刺。这剧情发展的。//@无愁河的金桥:她日本爸爸都比她要脸",
        "uid": "2198519965/",
        "followers_count": "796",
        "statuses_count": "51100",
        "verified": 0,
        "user_created_at": "2011-06-25",
        "has_description": 1,
        "parent": "4526615851676058"
    },
    {
        "mid": "4526642460481195",
        "has_multimedia": 1,
        "comments_count": 0,
        "reposts_count": 1,
        "attitudes_count": 1,
        "t": "1594719125000",
        "text": "呵呵，真的讽刺。这剧情发展的。//@无愁河的金桥:她日本爸爸都比她要脸",
        "uid": "7308682071/",
        "followers_count": "224",
        "statuses_count": "1915",
        "verified": 0,
        "user_created_at": "2019-09-20",
        "has_description": 1,
        "parent": "4526615851676058"
    },
    {
        "mid": "4527244700026505",
        "has_multimedia": 1,
        "comments_count": 0,
        "reposts_count": 0,
        "attitudes_count": 0,
        "t": "1594862710000",
        "text": "转发微博",
        "uid": "7031515359/",
        "followers_count": "4",
        "statuses_count": "37",
        "verified": 0,
        "user_created_at": "2019-03-14",
        "has_description": 0,
        "parent": "4526609542989907"
    },
    {
        "mid": "4527168329352025",
        "has_multimedia": 1,
        "comments_count": 0,
        "reposts_count": 0,
        "attitudes_count": 0,
        "t": "1594844503000",
        "text": "转发微博",
        "uid": "2567500957/",
        "followers_count": "159",
        "statuses_count": "27230",
        "verified": 0,
        "user_created_at": "2012-01-07",
        "has_description": 1,
        "parent": "4526609542989907"
    }
]