[
    {
        "mid": "4526609749200858",
        "has_multimedia": 1,
        "comments_count": 72,
        "reposts_count": 73,
        "attitudes_count": 594,
        "t": "1594711327000",
        "text": "#香港迪士尼7月15日起再度关闭#  香港迪士尼乐园6月18日复工，因疫情反复，7月15日将暂时关闭。 ​​​​",
        "uid": "2817078513/",
        "followers_count": "3893575",
        "statuses_count": "15799",
        "verified": 1,
        "user_created_at": "2012-06-17",
        "has_description": 1,
        "parent": "0"
    },
    {
        "mid": "4527013051862673",
        "has_multimedia": 1,
        "comments_count": 0,
        "reposts_count": 0,
        "attitudes_count": 0,
        "t": "1594807481000",
        "text": "希望疫情尽快结束吧",
        "uid": "2839051233/",
        "followers_count": "1110",
        "statuses_count": "3900",
        "verified": 0,
        "user_created_at": "2012-06-29",
        "has_description": 1,
        "parent": "4526609749200858"
    },
    {
        "mid": "4526789877654100",
        "has_multimedia": 1,
        "comments_count": 0,
        "reposts_count": 0,
        "attitudes_count": 0,
        "t": "1594754272000",
        "text": "迪士尼",
        "uid": "2684505343/",
        "followers_count": "316",
        "statuses_count": "9714",
        "verified": 0,
        "user_created_at": "2012-03-28",
        "has_description": 1,
        "parent": "4526609749200858"
    },
    {
        "mid": "4526613976567191",
        "has_multimedia": 1,
        "comments_count": 0,
        "reposts_count": 0,
        "attitudes_count": 0,
        "t": "1594712335000",
        "text": "转发微博",
        "uid": "6348457461/",
        "followers_count": "1143",
        "statuses_count": "78401",
        "verified": 0,
        "user_created_at": "2017-08-24",
        "has_description": 1,
        "parent": "4526609749200858"
    }
]