[
    {
        "mid": "4526609644537076",
        "has_multimedia": 1,
        "comments_count": 596,
        "reposts_count": 351,
        "attitudes_count": 2847,
        "t": "1594711302000",
        "text": "【#人民锐评#：驻华使馆用PS图抹黑中国，美国颜面何存？】针对美国驻华大使馆在社交媒体上造谣并配以PS的假图片诋毁中国，中国外交部发言人表示：如此一个粗制滥造、特别低劣、不值一驳的谎言，他们居然可以堂而皇之拿来污蔑诋毁中国，实在是令人不齿！美国一些政客一贯喜欢妖魔化中国，近期更是无所不用其极，一次次刷新下限。动用P图这种不入流的手段向中国泼脏水，再次证明美国一些政客已到了没有任何廉耻而言的地步。 O网页链接",
        "uid": "2803301701/",
        "followers_count": "119759002",
        "statuses_count": "120506",
        "verified": 1,
        "has_description": 1,
        "parent": "0",
        "user_created_at": "2012-07-22"
    },
    {
        "mid": "4526973823854928",
        "has_multimedia": 1,
        "comments_count": 0,
        "reposts_count": 0,
        "attitudes_count": 0,
        "t": "1594798129000",
        "text": "转发微博",
        "uid": "7444115982/",
        "followers_count": "1",
        "statuses_count": "115",
        "verified": 0,
        "user_created_at": "2020-04-28",
        "has_description": 1,
        "parent": "4526609644537076"
    },
    {
        "mid": "4526952352682773",
        "has_multimedia": 1,
        "comments_count": 0,
        "reposts_count": 0,
        "attitudes_count": 0,
        "t": "1594793009000",
        "text": "强大的祖国！伟大的中国🇨🇳",
        "uid": "6780974376/",
        "followers_count": "3",
        "statuses_count": "147",
        "verified": 0,
        "user_created_at": "2018-10-19",
        "has_description": 0,
        "parent": "4526609644537076"
    },
    {
        "mid": "4526946626938500",
        "has_multimedia": 1,
        "comments_count": 0,
        "reposts_count": 0,
        "attitudes_count": 0,
        "t": "1594791645000",
        "text": "转发微博",
        "uid": "7232153977/",
        "followers_count": "833",
        "statuses_count": "450",
        "verified": 0,
        "user_created_at": "2019-07-12",
        "has_description": 0,
        "parent": "4526609644537076"
    },
    {
        "mid": "4526930349888001",
        "has_multimedia": 1,
        "comments_count": 0,
        "reposts_count": 0,
        "attitudes_count": 0,
        "t": "1594787764000",
        "text": "转发微博",
        "uid": "5398368455/",
        "followers_count": "14",
        "statuses_count": "460",
        "verified": 0,
        "user_created_at": "2014-12-26",
        "has_description": 0,
        "parent": "4526609644537076"
    },
    {
        "mid": "4526923248147269",
        "has_multimedia": 1,
        "comments_count": 1,
        "reposts_count": 0,
        "attitudes_count": 1,
        "t": "1594786071000",
        "text": "//@龙江检察:【#人民锐评#：驻华使馆用PS图抹黑中国，美国颜面何存？】",
        "uid": "5553729097/",
        "followers_count": "582",
        "statuses_count": "9904",
        "verified": 1,
        "has_description": 1,
        "parent": "4526609644537076",
        "user_created_at": "2015-05-05"
    }
]