[
    {
        "mid": "4526609766017151",
        "has_multimedia": 1,
        "comments_count": 2771,
        "reposts_count": 8566,
        "attitudes_count": 34441,
        "t": "1594711331000",
        "text": "【40万条编织袋支援九江湖口！】#肖战#公益站购买编织袋捐赠洪涝灾区后，粉丝纷纷自发购买，店家根据购买信息初步预算后统计肖战粉丝购买了约40万条用于支援九江湖口！其中21万条已经装车运往受灾区，剩余的20万条也在紧急筹备运送中！ @X玖少年团肖战DAYTOY   ​​​ ​​​​",
        "uid": "1936119834/",
        "followers_count": "1147737",
        "statuses_count": "60057",
        "verified": 1,
        "has_description": 1,
        "parent": "0",
        "user_created_at": "2011-02-11"
    },
    {
        "mid": "4526614639458026",
        "has_multimedia": 1,
        "comments_count": 62,
        "reposts_count": 2507,
        "attitudes_count": 126,
        "t": "1594712493000",
        "text": "👏#肖战公益一路有你#",
        "uid": "5767814599/",
        "followers_count": "88029",
        "statuses_count": "26943",
        "verified": 0,
        "user_created_at": "2015-11-22",
        "has_description": 1,
        "parent": "4526609766017151"
    },
    {
        "mid": "4526635561285601",
        "has_multimedia": 1,
        "comments_count": 0,
        "reposts_count": 0,
        "attitudes_count": 0,
        "t": "1594717481000",
        "text": "//@尤前DAYTOY://@你该美丽中带着刺:做公益令人开心。希望能切实帮助到需要的人，希望灾区平安#肖战粉丝公益倡导# //@这里有一枚仙子:👏#肖战公益一路有你#",
        "uid": "2258233124/",
        "followers_count": "101",
        "statuses_count": "6561",
        "verified": 0,
        "user_created_at": "2011-07-20",
        "has_description": 1,
        "parent": "4526614639458026"
    },
    {
        "mid": "4526635535275777",
        "has_multimedia": 1,
        "comments_count": 0,
        "reposts_count": 0,
        "attitudes_count": 0,
        "t": "1594717474000",
        "text": "#肖战公益一路有你# //@胡作非为de欲哥哥:👏👏👏//@你该美丽中带着刺:做公益令人开心。希望能切实帮助到需要的人，希望灾区平安#肖战粉丝公益倡导# //@这里有一枚仙子:👏#肖战公益一路有你#",
        "uid": "7235933823/",
        "followers_count": "92",
        "statuses_count": "11730",
        "verified": 1,
        "user_created_at": "2019-07-14",
        "has_description": 1,
        "parent": "4526614639458026"
    },
    {
        "mid": "4526635958998536",
        "has_multimedia": 1,
        "comments_count": 0,
        "reposts_count": 0,
        "attitudes_count": 0,
        "t": "1594717575000",
        "text": "#肖战公益一路有你# //@月下绘犀舟:#肖战公益一路有你# //@胡作非为de欲哥哥:👏👏👏//@你该美丽中带着刺:做公益令人开心。希望能切实帮助到需要的人，希望灾区平安#肖战粉丝公益倡导# //@这里有一枚仙子:👏#肖战公益一路有你#",
        "uid": "6613947130/",
        "followers_count": "9",
        "statuses_count": "375",
        "verified": 0,
        "user_created_at": "2018-07-27",
        "has_description": 1,
        "parent": "4526635535275777"
    },
    {
        "mid": "4526635523700330",
        "has_multimedia": 1,
        "comments_count": 0,
        "reposts_count": 1,
        "attitudes_count": 1,
        "t": "1594717472000",
        "text": "//@你该美丽中带着刺:做公益令人开心。希望能切实帮助到需要的人，希望灾区平安#肖战粉丝公益倡导# //@这里有一枚仙子:👏#肖战公益一路有你#",
        "uid": "6124828612/",
        "followers_count": "63",
        "statuses_count": "5666",
        "verified": 0,
        "user_created_at": "2017-02-05",
        "has_description": 0,
        "parent": "4526614639458026"
    },
    {
        "mid": "4526635518763021",
        "has_multimedia": 1,
        "comments_count": 0,
        "reposts_count": 0,
        "attitudes_count": 0,
        "t": "1594717471000",
        "text": "#肖战公益一路有你# 愿一切平安，辛苦了。//@这里有一枚仙子:👏#肖战公益一路有你#",
        "uid": "6322513771/",
        "followers_count": "5383",
        "statuses_count": "6834",
        "verified": 1,
        "user_created_at": "2017-08-29",
        "has_description": 1,
        "parent": "4526614639458026"
    },
    {
        "mid": "4526635506877745",
        "has_multimedia": 1,
        "comments_count": 0,
        "reposts_count": 0,
        "attitudes_count": 0,
        "t": "1594717468000",
        "text": "#肖战公益一路有你# 希望能帮助到他人，公益很棒//@你该美丽中带着刺:做公益令人开心。希望能切实帮助到需要的人，希望灾区平安#肖战粉丝公益倡导# //@这里有一枚仙子:👏#肖战公益一路有你#",
        "uid": "6036981036/",
        "followers_count": "11",
        "statuses_count": "1489",
        "verified": 0,
        "user_created_at": "2016-10-02",
        "has_description": 1,
        "parent": "4526614639458026"
    },
    {
        "mid": "4526635473693353",
        "has_multimedia": 1,
        "comments_count": 118,
        "reposts_count": 1928,
        "attitudes_count": 799,
        "t": "1594712520000",
        "text": "做公益令人开心。希望能切实帮助到需要的人，希望灾区平安#肖战粉丝公益倡导# //@这里有一枚仙子:👏#肖战公益一路有你#",
        "uid": "7400471176/",
        "followers_count": "5",
        "statuses_count": "4827",
        "verified": 0,
        "user_created_at": "2020-02-27",
        "has_description": 1,
        "parent": "4526614639458026"
    },
    {
        "mid": "4526635468312087",
        "has_multimedia": 1,
        "comments_count": 0,
        "reposts_count": 0,
        "attitudes_count": 0,
        "t": "1594717458000",
        "text": "//@蒹葭37: #肖战正能量艺人# xz#肖战公益一路有你# //@_怪你过分beautiful:#肖战公益一路有你# //@这里有一枚仙子:👏#肖战公益一路有你#",
        "uid": "1731779211/",
        "followers_count": "381",
        "statuses_count": "15546",
        "verified": 1,
        "user_created_at": "2010-04-18",
        "has_description": 1,
        "parent": "4526614639458026"
    },
    {
        "mid": "4526635438879500",
        "has_multimedia": 1,
        "comments_count": 0,
        "reposts_count": 0,
        "attitudes_count": 0,
        "t": "1594717452000",
        "text": "#肖战公益一路有你# //@这里有一枚仙子:👏#肖战公益一路有你#",
        "uid": "7440288212/",
        "followers_count": "3",
        "statuses_count": "446",
        "verified": 0,
        "user_created_at": "2020-04-21",
        "has_description": 0,
        "parent": "4526614639458026"
    },
    {
        "mid": "4526635422453447",
        "has_multimedia": 1,
        "comments_count": 0,
        "reposts_count": 0,
        "attitudes_count": 0,
        "t": "1594717448000",
        "text": "#肖战公益一路有你# //@臭乎乎的暖泡泡:#肖战正能量艺人# //@胡作非为de欲哥哥:👏👏👏//@你该美丽中带着刺:做公益令人开心。希望能切实帮助到需要的人，希望灾区平安#肖战粉丝公益倡导# //@这里有一枚仙子:👏#肖战公益一路有你#",
        "uid": "7452695563/",
        "followers_count": "12",
        "statuses_count": "166",
        "verified": 0,
        "user_created_at": "2020-05-07",
        "has_description": 1,
        "parent": "4526614639458026"
    },
    {
        "mid": "4526635372223470",
        "has_multimedia": 1,
        "comments_count": 0,
        "reposts_count": 0,
        "attitudes_count": 0,
        "t": "1594717436000",
        "text": "摁个棒！//@你该美丽中带着刺:做公益令人开心。希望能切实帮助到需要的人，希望灾区平安#肖战粉丝公益倡导# //@这里有一枚仙子:👏#肖战公益一路有你#",
        "uid": "7396896355/",
        "followers_count": "5",
        "statuses_count": "2132",
        "verified": 0,
        "user_created_at": "2020-02-21",
        "has_description": 1,
        "parent": "4526614639458026"
    },
    {
        "mid": "4526611019755500",
        "has_multimedia": 1,
        "comments_count": 106,
        "reposts_count": 905,
        "attitudes_count": 116,
        "t": "1594711629000",
        "text": "#肖战公益一路有你# #肖战正能量艺人#",
        "uid": "6172512794/",
        "followers_count": "28870",
        "statuses_count": "13376",
        "verified": 1,
        "user_created_at": "2017-03-11",
        "has_description": 1,
        "parent": "4526609766017151"
    },
    {
        "mid": "4526618691230845",
        "has_multimedia": 1,
        "comments_count": 9,
        "reposts_count": 258,
        "attitudes_count": 76,
        "t": "1594713458000",
        "text": "//@散粉数据博主保哥:#肖战公益一路有你# #肖战正能量艺人#",
        "uid": "6440151888/",
        "followers_count": "35750",
        "statuses_count": "6960",
        "verified": 1,
        "user_created_at": "2017-12-21",
        "has_description": 1,
        "parent": "4526611019755500"
    },
    {
        "mid": "4526636873617818",
        "has_multimedia": 1,
        "comments_count": 0,
        "reposts_count": 0,
        "attitudes_count": 0,
        "t": "1594717794000",
        "text": "#肖战公益一路有你# //@虾圈兔://@散粉数据博主保哥:#肖战公益一路有你# #肖战正能量艺人#",
        "uid": "7305972333/",
        "followers_count": "2",
        "statuses_count": "599",
        "verified": 0,
        "user_created_at": "2019-09-15",
        "has_description": 0,
        "parent": "4526618691230845"
    },
    {
        "mid": "4526636635009533",
        "has_multimedia": 1,
        "comments_count": 0,
        "reposts_count": 0,
        "attitudes_count": 0,
        "t": "1594717736000",
        "text": "#肖战公益一路有你# //@虾圈兔://@散粉数据博主保哥:#肖战公益一路有你# #肖战正能量艺人#",
        "uid": "5979531118/",
        "followers_count": "75",
        "statuses_count": "966",
        "verified": 0,
        "user_created_at": "2016-07-12",
        "has_description": 1,
        "parent": "4526618691230845"
    },
    {
        "mid": "4526636576784727",
        "has_multimedia": 1,
        "comments_count": 0,
        "reposts_count": 0,
        "attitudes_count": 0,
        "t": "1594717723000",
        "text": "//@虾圈兔://@散粉数据博主保哥:#肖战公益一路有你# #肖战正能量艺人#",
        "uid": "2172255365/",
        "followers_count": "10",
        "statuses_count": "1013",
        "verified": 0,
        "user_created_at": "2011-06-11",
        "has_description": 0,
        "parent": "4526618691230845"
    },
    {
        "mid": "4526636537701851",
        "has_multimedia": 1,
        "comments_count": 0,
        "reposts_count": 0,
        "attitudes_count": 0,
        "t": "1594717713000",
        "text": "//@虾圈兔://@散粉数据博主保哥:#肖战公益一路有你# #肖战正能量艺人#",
        "uid": "7275426799/",
        "followers_count": "82",
        "statuses_count": "5126",
        "verified": 0,
        "user_created_at": "2019-08-07",
        "has_description": 1,
        "parent": "4526618691230845"
    },
    {
        "mid": "4526636424688888",
        "has_multimedia": 1,
        "comments_count": 0,
        "reposts_count": 0,
        "attitudes_count": 0,
        "t": "1594717686000",
        "text": "希望一切越来越好🙏加油//@虾圈兔://@散粉数据博主保哥:#肖战公益一路有你# #肖战正能量艺人#",
        "uid": "5324237877/",
        "followers_count": "609",
        "statuses_count": "14866",
        "verified": 1,
        "user_created_at": "2014-10-11",
        "has_description": 1,
        "parent": "4526618691230845"
    },
    {
        "mid": "4526636000811388",
        "has_multimedia": 1,
        "comments_count": 0,
        "reposts_count": 0,
        "attitudes_count": 0,
        "t": "1594717586000",
        "text": "//@虾圈兔://@散粉数据博主保哥:#肖战公益一路有你# #肖战正能量艺人#",
        "uid": "7289452693/",
        "followers_count": "11",
        "statuses_count": "2838",
        "verified": 0,
        "user_created_at": "2019-08-22",
        "has_description": 1,
        "parent": "4526618691230845"
    },
    {
        "mid": "4526635984806380",
        "has_multimedia": 1,
        "comments_count": 0,
        "reposts_count": 0,
        "attitudes_count": 0,
        "t": "1594717582000",
        "text": "//@虾圈兔://@散粉数据博主保哥:#肖战公益一路有你# #肖战正能量艺人#",
        "uid": "6628557958/",
        "followers_count": "22",
        "statuses_count": "7166",
        "verified": 0,
        "user_created_at": "2018-08-10",
        "has_description": 1,
        "parent": "4526618691230845"
    },
    {
        "mid": "4526635829152958",
        "has_multimedia": 1,
        "comments_count": 0,
        "reposts_count": 0,
        "attitudes_count": 0,
        "t": "1594717545000",
        "text": "//@菠萝炒饭做法:#肖战公益一路有你# 支持公益//@心碎与:#肖战公益一路有你# //@虾圈兔://@散粉数据博主保哥:#肖战公益一路有你# #肖战正能量艺人#",
        "uid": "6613947130/",
        "followers_count": "9",
        "statuses_count": "375",
        "verified": 0,
        "user_created_at": "2018-07-27",
        "has_description": 1,
        "parent": "4526618691230845"
    },
    {
        "mid": "4526635602596027",
        "has_multimedia": 1,
        "comments_count": 0,
        "reposts_count": 1,
        "attitudes_count": 0,
        "t": "1594717491000",
        "text": "#肖战公益一路有你# 支持公益//@心碎与:#肖战公益一路有你# //@虾圈兔://@散粉数据博主保哥:#肖战公益一路有你# #肖战正能量艺人#",
        "uid": "6397497002/",
        "followers_count": "35",
        "statuses_count": "1737",
        "verified": 0,
        "user_created_at": "2017-10-29",
        "has_description": 0,
        "parent": "4526618691230845"
    },
    {
        "mid": "4526635438607167",
        "has_multimedia": 1,
        "comments_count": 0,
        "reposts_count": 2,
        "attitudes_count": 0,
        "t": "1594717452000",
        "text": "#肖战公益一路有你# //@虾圈兔://@散粉数据博主保哥:#肖战公益一路有你# #肖战正能量艺人#",
        "uid": "1728998893/",
        "followers_count": "998",
        "statuses_count": "46985",
        "verified": 1,
        "user_created_at": "2010-04-12",
        "has_description": 1,
        "parent": "4526618691230845"
    },
    {
        "mid": "4526611955890831",
        "has_multimedia": 1,
        "comments_count": 3,
        "reposts_count": 42,
        "attitudes_count": 2,
        "t": "1594711853000",
        "text": "#肖战公益一路有你# #肖战正能量艺人# //@散粉数据博主保哥:#肖战公益一路有你# #肖战正能量艺人#",
        "uid": "2131173904/",
        "followers_count": "149",
        "statuses_count": "2749",
        "verified": 0,
        "user_created_at": "2011-05-04",
        "has_description": 1,
        "parent": "4526611019755500"
    },
    {
        "mid": "4526629823304696",
        "has_multimedia": 1,
        "comments_count": 1,
        "reposts_count": 2,
        "attitudes_count": 0,
        "t": "1594713420000",
        "text": "#肖战公益一路有你# 行胜于言//@戰·Light:#肖战公益一路有你# #肖战正能量艺人# //@散粉数据博主保哥:#肖战公益一路有你# #肖战正能量艺人#",
        "uid": "1602935607/",
        "followers_count": "92",
        "statuses_count": "1262",
        "verified": 0,
        "user_created_at": "2012-05-20",
        "has_description": 1,
        "parent": "4526611955890831"
    },
    {
        "mid": "4526629189795722",
        "has_multimedia": 1,
        "comments_count": 0,
        "reposts_count": 1,
        "attitudes_count": 0,
        "t": "1594715962000",
        "text": "//@呆桃勇敢飞兔牙永相随:#肖战公益一路有你# //@戰·Light:#肖战公益一路有你# #肖战正能量艺人# //@散粉数据博主保哥:#肖战公益一路有你# #肖战正能量艺人#",
        "uid": "6524613730/",
        "followers_count": "100",
        "statuses_count": "1748",
        "verified": 0,
        "user_created_at": "2018-04-11",
        "has_description": 1,
        "parent": "4526611955890831"
    },
    {
        "mid": "4526628186845485",
        "has_multimedia": 1,
        "comments_count": 0,
        "reposts_count": 2,
        "attitudes_count": 1,
        "t": "1594715723000",
        "text": "#肖战公益一路有你# //@戰·Light:#肖战公益一路有你# #肖战正能量艺人# //@散粉数据博主保哥:#肖战公益一路有你# #肖战正能量艺人#",
        "uid": "6133518335/",
        "followers_count": "140",
        "statuses_count": "1298",
        "verified": 0,
        "user_created_at": "2017-02-08",
        "has_description": 1,
        "parent": "4526611955890831"
    },
    {
        "mid": "4526622885542536",
        "has_multimedia": 1,
        "comments_count": 0,
        "reposts_count": 0,
        "attitudes_count": 0,
        "t": "1594714458000",
        "text": "//@我有一个愿望未实现://@小金桔子甜://@戰·Light:#肖战公益一路有你# #肖战正能量艺人# //@散粉数据博主保哥:#肖战公益一路有你# #肖战正能量艺人#",
        "uid": "1699988711/",
        "followers_count": "150",
        "statuses_count": "1260",
        "verified": 0,
        "user_created_at": "2010-02-25",
        "has_description": 0,
        "parent": "4526611955890831"
    },
    {
        "mid": "4526622072620051",
        "has_multimedia": 1,
        "comments_count": 0,
        "reposts_count": 0,
        "attitudes_count": 0,
        "t": "1594714264000",
        "text": "//@戰·Light:#肖战公益一路有你# #肖战正能量艺人# //@散粉数据博主保哥:#肖战公益一路有你# #肖战正能量艺人#",
        "uid": "6177400079/",
        "followers_count": "76",
        "statuses_count": "2625",
        "verified": 0,
        "user_created_at": "2017-03-15",
        "has_description": 0,
        "parent": "4526611955890831"
    },
    {
        "mid": "4526621283712673",
        "has_multimedia": 1,
        "comments_count": 0,
        "reposts_count": 0,
        "attitudes_count": 0,
        "t": "1594714076000",
        "text": "//@戰·Light:#肖战公益一路有你# #肖战正能量艺人# //@散粉数据博主保哥:#肖战公益一路有你# #肖战正能量艺人#",
        "uid": "7352752024/",
        "followers_count": "14",
        "statuses_count": "126",
        "verified": 0,
        "user_created_at": "2019-12-11",
        "has_description": 1,
        "parent": "4526611955890831"
    },
    {
        "mid": "4526620759607578",
        "has_multimedia": 1,
        "comments_count": 0,
        "reposts_count": 2,
        "attitudes_count": 0,
        "t": "1594712340000",
        "text": "//@七支筒:#肖战公益# 支持公益//@是兔牙不是龅牙_:辛苦了//@ami妮妮://@坚果love战:#肖战公益一路有你# //@小猫715://@讨厌豆芽炒肉丝://@戰·Light:#肖战公益一路有你# #肖战正能量艺人# //@散粉数据博主保哥:#肖战公益一路有你# #肖战正能量艺人#",
        "uid": "6542755452/",
        "followers_count": "22",
        "statuses_count": "2320",
        "verified": 0,
        "user_created_at": "2018-05-06",
        "has_description": 0,
        "parent": "4526611955890831"
    },
    {
        "mid": "4526619534513575",
        "has_multimedia": 1,
        "comments_count": 0,
        "reposts_count": 0,
        "attitudes_count": 0,
        "t": "1594713659000",
        "text": "#肖战公益一路有你# xz#肖战正能量艺人# //@戰·Light:#肖战公益一路有你# #肖战正能量艺人# //@散粉数据博主保哥:#肖战公益一路有你# #肖战正能量艺人#",
        "uid": "2631389243/",
        "followers_count": "136",
        "statuses_count": "2982",
        "verified": 0,
        "user_created_at": "2012-02-25",
        "has_description": 1,
        "parent": "4526611955890831"
    },
    {
        "mid": "4526636638296654",
        "has_multimedia": 1,
        "comments_count": 0,
        "reposts_count": 0,
        "attitudes_count": 0,
        "t": "1594717737000",
        "text": "#肖战公益一路有你# XZ  #肖战正能量艺人#  点滴星光能够汇聚成万丈光芒，愿平安度过这次的洪灾!@X玖少年团肖战DAYTOY //@散粉数据博主保哥:#肖战公益一路有你# #肖战正能量艺人#",
        "uid": "7324061813/",
        "followers_count": "327",
        "statuses_count": "1401",
        "verified": 0,
        "user_created_at": "2019-10-21",
        "has_description": 1,
        "parent": "4526611019755500"
    },
    {
        "mid": "4526636625689899",
        "has_multimedia": 1,
        "comments_count": 0,
        "reposts_count": 0,
        "attitudes_count": 0,
        "t": "1594717734000",
        "text": "//@散粉数据博主保哥:#肖战公益一路有你# #肖战正能量艺人#",
        "uid": "7275738928/",
        "followers_count": "767",
        "statuses_count": "827",
        "verified": 1,
        "user_created_at": "2019-08-07",
        "has_description": 1,
        "parent": "4526611019755500"
    },
    {
        "mid": "4526636357421367",
        "has_multimedia": 1,
        "comments_count": 0,
        "reposts_count": 0,
        "attitudes_count": 0,
        "t": "1594717670000",
        "text": "#肖战公益一路有你# //@散粉数据博主保哥:#肖战公益一路有你# #肖战正能量艺人#",
        "uid": "3275665243/",
        "followers_count": "26",
        "statuses_count": "1823",
        "verified": 0,
        "user_created_at": "2013-03-10",
        "has_description": 0,
        "parent": "4526611019755500"
    },
    {
        "mid": "4526636231444356",
        "has_multimedia": 1,
        "comments_count": 0,
        "reposts_count": 0,
        "attitudes_count": 0,
        "t": "1594717640000",
        "text": "//@d沉默的夏季d://@散粉数据博主保哥:#肖战公益一路有你# #肖战正能量艺人#",
        "uid": "7419168197/",
        "followers_count": "17",
        "statuses_count": "452",
        "verified": 0,
        "user_created_at": "2020-03-24",
        "has_description": 1,
        "parent": "4526611019755500"
    },
    {
        "mid": "4526612864863488",
        "has_multimedia": 1,
        "comments_count": 38,
        "reposts_count": 386,
        "attitudes_count": 70,
        "t": "1594712069000",
        "text": "#肖战公益一路有你# 辛苦了，加油",
        "uid": "1841418190/",
        "followers_count": "138142",
        "statuses_count": "29955",
        "verified": 1,
        "user_created_at": "2010-10-04",
        "has_description": 1,
        "parent": "4526609766017151"
    },
    {
        "mid": "4526613637289217",
        "has_multimedia": 1,
        "comments_count": 8,
        "reposts_count": 148,
        "attitudes_count": 40,
        "t": "1594712253000",
        "text": "#肖战公益一路有你#  转一下公益～还是做好事开心～//@童温婉DAYTOY :#肖战公益一路有你# 辛苦了，加油",
        "uid": "1587132670/",
        "followers_count": "22975",
        "statuses_count": "35434",
        "verified": 1,
        "user_created_at": "2010-03-05",
        "has_description": 1,
        "parent": "4526612864863488"
    },
    {
        "mid": "4526637843324053",
        "has_multimedia": 1,
        "comments_count": 8,
        "reposts_count": 148,
        "attitudes_count": 40,
        "t": "1594712220000",
        "text": "#肖战公益一路有你#  转一下公益～还是做好事开心～//@童温婉DAYTOY :#肖战公益一路有你# 辛苦了，加油",
        "uid": "5938359006/",
        "followers_count": "56",
        "statuses_count": "1213",
        "verified": 0,
        "user_created_at": "2016-05-24",
        "has_description": 0,
        "parent": "4526613637289217"
    },
    {
        "mid": "4526635486057797",
        "has_multimedia": 1,
        "comments_count": 0,
        "reposts_count": 0,
        "attitudes_count": 0,
        "t": "1594717462000",
        "text": "#肖战公益一路有你# 支持公益//@不二太极熊:#肖战公益一路有你#  转一下公益～还是做好事开心～//@童温婉DAYTOY :#肖战公益一路有你# 辛苦了，加油",
        "uid": "6397497002/",
        "followers_count": "35",
        "statuses_count": "1737",
        "verified": 0,
        "user_created_at": "2017-10-29",
        "has_description": 0,
        "parent": "4526613637289217"
    },
    {
        "mid": "4526635333808905",
        "has_multimedia": 1,
        "comments_count": 0,
        "reposts_count": 0,
        "attitudes_count": 0,
        "t": "1594717427000",
        "text": "#肖战公益一路有你# //@不二太极熊:#肖战公益一路有你#  转一下公益～还是做好事开心～//@童温婉DAYTOY :#肖战公益一路有你# 辛苦了，加油",
        "uid": "5743091059/",
        "followers_count": "3",
        "statuses_count": "852",
        "verified": 0,
        "user_created_at": "2015-11-01",
        "has_description": 0,
        "parent": "4526613637289217"
    },
    {
        "mid": "4526632414629196",
        "has_multimedia": 1,
        "comments_count": 0,
        "reposts_count": 0,
        "attitudes_count": 0,
        "t": "1594716730000",
        "text": "#肖战公益一路有你# //@不二太极熊:#肖战公益一路有你#  做好事开心～//@童温婉DAYTOY :#肖战公益一路有你# 辛苦了，加油",
        "uid": "5589655906/",
        "followers_count": "97",
        "statuses_count": "2232",
        "verified": 1,
        "user_created_at": "2015-04-17",
        "has_description": 1,
        "parent": "4526613637289217"
    },
    {
        "mid": "4526631123293384",
        "has_multimedia": 1,
        "comments_count": 0,
        "reposts_count": 0,
        "attitudes_count": 0,
        "t": "1594716423000",
        "text": "//@不二太极熊:#肖战公益一路有你#  转一下公益～还是做好事开心～//@童温婉DAYTOY :#肖战公益一路有你# 辛苦了，加油",
        "uid": "1975699734/",
        "followers_count": "10489",
        "statuses_count": "10212",
        "verified": 0,
        "user_created_at": "2011-05-13",
        "has_description": 1,
        "parent": "4526613637289217"
    },
    {
        "mid": "4526631111142475",
        "has_multimedia": 1,
        "comments_count": 0,
        "reposts_count": 0,
        "attitudes_count": 0,
        "t": "1594716420000",
        "text": "细水长流，继续做公益//@不二太极熊:#肖战公益一路有你#  转一下公益～还是做好事开心～//@童温婉DAYTOY :#肖战公益一路有你# 辛苦了，加油",
        "uid": "3816678740/",
        "followers_count": "16",
        "statuses_count": "3469",
        "verified": 0,
        "user_created_at": "2013-09-24",
        "has_description": 1,
        "parent": "4526613637289217"
    },
    {
        "mid": "4526631064674921",
        "has_multimedia": 1,
        "comments_count": 0,
        "reposts_count": 0,
        "attitudes_count": 0,
        "t": "1594716408000",
        "text": "希望水灾尽快结束//@不二太极熊:#肖战公益一路有你#  转一下公益～还是做好事开心～//@童温婉DAYTOY :#肖战公益一路有你# 辛苦了，加油",
        "uid": "5815785477/",
        "followers_count": "24",
        "statuses_count": "862",
        "verified": 0,
        "user_created_at": "2015-12-30",
        "has_description": 1,
        "parent": "4526613637289217"
    },
    {
        "mid": "4526630393832690",
        "has_multimedia": 1,
        "comments_count": 0,
        "reposts_count": 0,
        "attitudes_count": 0,
        "t": "1594716249000",
        "text": "#肖战公益一路有你# //@不二太极熊:#肖战公益一路有你#  转一下公益～还是做好事开心～//@童温婉DAYTOY :#肖战公益一路有你# 辛苦了，加油",
        "uid": "7305143780/",
        "followers_count": "43",
        "statuses_count": "3857",
        "verified": 0,
        "user_created_at": "2019-09-13",
        "has_description": 1,
        "parent": "4526613637289217"
    },
    {
        "mid": "4526630188508083",
        "has_multimedia": 1,
        "comments_count": 0,
        "reposts_count": 0,
        "attitudes_count": 0,
        "t": "1594716200000",
        "text": "#肖战公益一路有你# //@不二太极熊:#肖战公益一路有你#  转一下公益～还是做好事开心～//@童温婉DAYTOY :#肖战公益一路有你# 辛苦了，加油",
        "uid": "5679414563/",
        "followers_count": "57",
        "statuses_count": "2281",
        "verified": 0,
        "user_created_at": "2015-08-17",
        "has_description": 1,
        "parent": "4526613637289217"
    },
    {
        "mid": "4526630171680751",
        "has_multimedia": 1,
        "comments_count": 8,
        "reposts_count": 148,
        "attitudes_count": 41,
        "t": "1594712220000",
        "text": "#肖战公益一路有你#  转一下公益～还是做好事开心～//@童温婉DAYTOY :#肖战公益一路有你# 辛苦了，加油",
        "uid": "5789188030/",
        "followers_count": "78",
        "statuses_count": "9743",
        "verified": 0,
        "user_created_at": "2015-12-10",
        "has_description": 1,
        "parent": "4526613637289217"
    },
    {
        "mid": "4526639625730970",
        "has_multimedia": 1,
        "comments_count": 0,
        "reposts_count": 0,
        "attitudes_count": 0,
        "t": "1594718450000",
        "text": "//@童温婉DAYTOY:#肖战公益一路有你# 辛苦了，加油",
        "uid": "5718793206/",
        "followers_count": "515",
        "statuses_count": "5117",
        "verified": 0,
        "user_created_at": "2015-10-06",
        "has_description": 1,
        "parent": "4526612864863488"
    },
    {
        "mid": "4526639176263349",
        "has_multimedia": 1,
        "comments_count": 0,
        "reposts_count": 0,
        "attitudes_count": 0,
        "t": "1594718342000",
        "text": "#肖战公益一路有你# //@童温婉DAYTOY:#肖战公益一路有你# 辛苦了，加油",
        "uid": "2231343552/",
        "followers_count": "89",
        "statuses_count": "1482",
        "verified": 0,
        "user_created_at": "2011-07-07",
        "has_description": 0,
        "parent": "4526612864863488"
    },
    {
        "mid": "4526639079301904",
        "has_multimedia": 1,
        "comments_count": 0,
        "reposts_count": 0,
        "attitudes_count": 0,
        "t": "1594718320000",
        "text": "#肖战公益一路有你# 加油//@童温婉DAYTOY:#肖战公益一路有你# 辛苦了，加油",
        "uid": "7360529770/",
        "followers_count": "1102",
        "statuses_count": "2253",
        "verified": 0,
        "user_created_at": "2019-12-23",
        "has_description": 1,
        "parent": "4526612864863488"
    },
    {
        "mid": "4526637925884939",
        "has_multimedia": 1,
        "comments_count": 0,
        "reposts_count": 0,
        "attitudes_count": 0,
        "t": "1594718045000",
        "text": "行胜于言，支持#肖战公益一路有你# //@童温婉DAYTOY:#肖战公益一路有你# 辛苦了，加油",
        "uid": "7228861967/",
        "followers_count": "29",
        "statuses_count": "987",
        "verified": 0,
        "user_created_at": "2019-07-10",
        "has_description": 1,
        "parent": "4526612864863488"
    },
    {
        "mid": "4526637896921824",
        "has_multimedia": 1,
        "comments_count": 0,
        "reposts_count": 0,
        "attitudes_count": 0,
        "t": "1594718037000",
        "text": "//@一片白白小羽毛:#肖战公益一路有你# xz#肖战正能量艺人# 加油！//@童温婉DAYTOY:#肖战公益一路有你# 辛苦了，加油",
        "uid": "1864723284/",
        "followers_count": "884",
        "statuses_count": "18448",
        "verified": 1,
        "user_created_at": "2010-10-30",
        "has_description": 1,
        "parent": "4526612864863488"
    },
    {
        "mid": "4526637465221460",
        "has_multimedia": 1,
        "comments_count": 0,
        "reposts_count": 0,
        "attitudes_count": 0,
        "t": "1594717935000",
        "text": "//@童温婉DAYTOY:#肖战公益一路有你# 辛苦了，加油",
        "uid": "6375950917/",
        "followers_count": "22",
        "statuses_count": "1576",
        "verified": 0,
        "user_created_at": "2017-10-06",
        "has_description": 1,
        "parent": "4526612864863488"
    },
    {
        "mid": "4526637318762579",
        "has_multimedia": 1,
        "comments_count": 0,
        "reposts_count": 0,
        "attitudes_count": 0,
        "t": "1594717900000",
        "text": "#肖战公益一路有你# //@童温婉DAYTOY:#肖战公益一路有你# 辛苦了，加油",
        "uid": "3760075750/",
        "followers_count": "160",
        "statuses_count": "772",
        "verified": 0,
        "user_created_at": "2013-08-30",
        "has_description": 1,
        "parent": "4526612864863488"
    },
    {
        "mid": "4526637201286221",
        "has_multimedia": 1,
        "comments_count": 0,
        "reposts_count": 0,
        "attitudes_count": 0,
        "t": "1594717872000",
        "text": "//@童温婉DAYTOY:#肖战公益一路有你# 辛苦了，加油",
        "uid": "3496563543/",
        "followers_count": "533",
        "statuses_count": "1530",
        "verified": 0,
        "user_created_at": "2013-06-20",
        "has_description": 1,
        "parent": "4526612864863488"
    },
    {
        "mid": "4526635960007784",
        "has_multimedia": 1,
        "comments_count": 0,
        "reposts_count": 0,
        "attitudes_count": 0,
        "t": "1594717575000",
        "text": "//@童温婉DAYTOY:#肖战公益一路有你# 辛苦了，加油",
        "uid": "7366501441/",
        "followers_count": "2",
        "statuses_count": "1590",
        "verified": 0,
        "user_created_at": "2020-01-03",
        "has_description": 1,
        "parent": "4526612864863488"
    },
    {
        "mid": "4526635297314950",
        "has_multimedia": 1,
        "comments_count": 0,
        "reposts_count": 0,
        "attitudes_count": 0,
        "t": "1594717417000",
        "text": "#肖战公益一路有你#  加油！平安！",
        "uid": "2521210820/",
        "followers_count": "17",
        "statuses_count": "562",
        "verified": 0,
        "user_created_at": "2011-11-08",
        "has_description": 1,
        "parent": "4526609766017151"
    },
    {
        "mid": "4526635284325228",
        "has_multimedia": 1,
        "comments_count": 0,
        "reposts_count": 0,
        "attitudes_count": 0,
        "t": "1594717415000",
        "text": "#微博与肖战工作室谈话# 小爱凝聚成大爱，公益之路，益起同行",
        "uid": "6300517393/",
        "followers_count": "283",
        "statuses_count": "3020",
        "verified": 0,
        "user_created_at": "2017-06-29",
        "has_description": 1,
        "parent": "4526609766017151"
    },
    {
        "mid": "4526635284318863",
        "has_multimedia": 1,
        "comments_count": 0,
        "reposts_count": 0,
        "attitudes_count": 0,
        "t": "1594717414000",
        "text": "#肖战公益一路有你# 支持",
        "uid": "5344124723/",
        "followers_count": "31",
        "statuses_count": "1017",
        "verified": 0,
        "user_created_at": "2014-10-26",
        "has_description": 0,
        "parent": "4526609766017151"
    },
    {
        "mid": "4526635283854123",
        "has_multimedia": 1,
        "comments_count": 0,
        "reposts_count": 0,
        "attitudes_count": 0,
        "t": "1594717414000",
        "text": "#肖战公益一路有你# xz #肖战正能量艺人#  这一路与肖战走起来，确实让我们成长了很多。一定会支持！❤️ @X玖少年团肖战DAYTOY //@-花间霓裳-://@追月传说-:#肖战粉丝追星正能量# #肖战粉丝热心公益# 太棒了！必须摁棒！肖战粉丝热心公益，肖战粉丝公益倡导，肖战粉丝追星正能量@X玖少年团肖战DAYTOY",
        "uid": "7421802651/",
        "followers_count": "6",
        "statuses_count": "102",
        "verified": 0,
        "user_created_at": "2020-03-28",
        "has_description": 0,
        "parent": "4526609766017151"
    },
    {
        "mid": "4526635279651933",
        "has_multimedia": 1,
        "comments_count": 0,
        "reposts_count": 0,
        "attitudes_count": 0,
        "t": "1594717414000",
        "text": "#肖战公益一路有你# //@虾圈兔://@散粉数据博主保哥:#肖战公益一路有你# #肖战正能量艺人#",
        "uid": "7407175247/",
        "followers_count": "14",
        "statuses_count": "906",
        "verified": 0,
        "user_created_at": "2020-03-06",
        "has_description": 1,
        "parent": "4526609766017151"
    },
    {
        "mid": "4526635271035426",
        "has_multimedia": 1,
        "comments_count": 0,
        "reposts_count": 0,
        "attitudes_count": 0,
        "t": "1594717411000",
        "text": "加油(ง •̀_•́)ง",
        "uid": "5355187744/",
        "followers_count": "12",
        "statuses_count": "324",
        "verified": 0,
        "user_created_at": "2014-11-03",
        "has_description": 0,
        "parent": "4526609766017151"
    },
    {
        "mid": "4526635259082727",
        "has_multimedia": 1,
        "comments_count": 0,
        "reposts_count": 0,
        "attitudes_count": 0,
        "t": "1594717409000",
        "text": "尽绵薄之力，愿国泰民安！",
        "uid": "1588410143/",
        "followers_count": "82",
        "statuses_count": "2132",
        "verified": 0,
        "user_created_at": "2013-12-26",
        "has_description": 1,
        "parent": "4526609766017151"
    },
    {
        "mid": "4526635259080010",
        "has_multimedia": 1,
        "comments_count": 0,
        "reposts_count": 0,
        "attitudes_count": 0,
        "t": "1594717409000",
        "text": "支持公益！#肖战公益一路有你#",
        "uid": "6322734248/",
        "followers_count": "13",
        "statuses_count": "692",
        "verified": 0,
        "user_created_at": "2017-07-19",
        "has_description": 1,
        "parent": "4526609766017151"
    },
    {
        "mid": "4526635246263545",
        "has_multimedia": 1,
        "comments_count": 0,
        "reposts_count": 0,
        "attitudes_count": 0,
        "t": "1594717406000",
        "text": "加油",
        "uid": "5893387573/",
        "followers_count": "73",
        "statuses_count": "4531",
        "verified": 0,
        "user_created_at": "2016-04-06",
        "has_description": 1,
        "parent": "4526609766017151"
    }
]