[
    {
        "mid": "4526610034917236",
        "has_multimedia": 1,
        "comments_count": 2560,
        "reposts_count": 440,
        "attitudes_count": 23874,
        "t": "1594711394000",
        "text": "【#重庆警方通报摊主持刀行凶# 致两人死亡已被刑拘】7月14日13时许，九龙坡区杨家坪农贸市场两猪肉摊主发生争执，一摊主邓某（男，45岁，四川人）突然持刀行凶，致相邻摊主苏某（男，57岁，渝北区人）夫妇死亡。接报警后，民警迅速赶到现场将邓某控制。目前，邓某已被警方刑事拘留，案件正进一步侦办中。（平安九龙坡）L青蕉视频的微博视频¡查看图片",
        "uid": "1618051664/",
        "followers_count": "80598147",
        "statuses_count": "186898",
        "verified": 1,
        "has_description": 1,
        "parent": "0",
        "user_created_at": "2009-08-28"
    },
    {
        "mid": "4526999084830630",
        "has_multimedia": 1,
        "comments_count": 0,
        "reposts_count": 0,
        "attitudes_count": 0,
        "t": "1594804151000",
        "text": "//@中大奖的王同学:所以我就说 菜场少去 地脏 有味儿 主要是人群复杂 又穷 又挑 事儿还多 最可怕的是有一定比例的流窜犯 还是曾经杀过人的那种隐世者 20多年前我舅舅从一个小警察晋升2级警司就是去菜市场买菜顺便抓到了通缉犯 这都2020年了 菜场这种地方该取缔取缔 反正管是没法管 卫生都保证不了",
        "uid": "1210440047/",
        "followers_count": "558",
        "statuses_count": "46564",
        "verified": 0,
        "user_created_at": "2016-03-15",
        "has_description": 1,
        "parent": "4526610034917236"
    },
    {
        "mid": "4526975216361089",
        "has_multimedia": 1,
        "comments_count": 0,
        "reposts_count": 0,
        "attitudes_count": 0,
        "t": "1594798461000",
        "text": "网上摆摊好，起码不会邻摊来这个",
        "uid": "5644304350/",
        "followers_count": "2101",
        "statuses_count": "1268",
        "verified": 0,
        "user_created_at": "2015-07-01",
        "has_description": 1,
        "parent": "4526610034917236"
    },
    {
        "mid": "4526963764602924",
        "has_multimedia": 1,
        "comments_count": 0,
        "reposts_count": 0,
        "attitudes_count": 0,
        "t": "1594795731000",
        "text": "转发微博",
        "uid": "6788395204/",
        "followers_count": "20",
        "statuses_count": "425",
        "verified": 0,
        "user_created_at": "2018-10-22",
        "has_description": 0,
        "parent": "4526610034917236"
    },
    {
        "mid": "4526960158025643",
        "has_multimedia": 1,
        "comments_count": 0,
        "reposts_count": 0,
        "attitudes_count": 0,
        "t": "1594794870000",
        "text": "转发微博",
        "uid": "1628690694/",
        "followers_count": "409",
        "statuses_count": "28215",
        "verified": 0,
        "user_created_at": "2011-01-23",
        "has_description": 1,
        "parent": "4526610034917236"
    }
]