[
    {
        "mid": "4526610378186229",
        "has_multimedia": 1,
        "comments_count": 227,
        "reposts_count": 151,
        "attitudes_count": 1343,
        "t": "1594711477000",
        "text": "【福建教招语文学科古诗和文言文部分出现选择题 答题填涂区域现争议】#福建教师招聘#@我不是个简单的昵称 发博称：福建教师招考语文学科古诗和文言文部分出现了选择题。有不少人按卷面提示，惯例，甚至在老师的指示下选择了填机读卡。结果得到答复不可得分。请求给予公平公正公开的处理，望给出答复！具体质疑点及诉求见长文👇 @福建教育微言   这事你怎么看？",
        "uid": "1658388624/",
        "followers_count": "1476006",
        "statuses_count": "76881",
        "verified": 1,
        "has_description": 1,
        "parent": "0",
        "user_created_at": "2009-11-04"
    },
    {
        "mid": "4527055570734782",
        "has_multimedia": 1,
        "comments_count": 0,
        "reposts_count": 0,
        "attitudes_count": 1,
        "t": "1594817618000",
        "text": "/ 我们考场应该也有人问 然后老师就说“你们自己判断” 于是我就写了也涂了/ 我以为是我自己一直以来做题慢的原因（本人高考作文也没写够）原来这次题变多了？25分钟写作文写到飞起 / 祝各位有个好结果",
        "uid": "5285468359/",
        "followers_count": "13",
        "statuses_count": "142",
        "verified": 0,
        "user_created_at": "2014-09-09",
        "has_description": 0,
        "parent": "4526610378186229"
    },
    {
        "mid": "4527023064352911",
        "has_multimedia": 1,
        "comments_count": 0,
        "reposts_count": 0,
        "attitudes_count": 2,
        "t": "1594809868000",
        "text": "学科答题卡通用真的很懵 大题号 小题号 结果后面还有题号 就不能像综合素质一样把题号都标上吗",
        "uid": "3816651753/",
        "followers_count": "217",
        "statuses_count": "1030",
        "verified": 0,
        "user_created_at": "2013-09-24",
        "has_description": 1,
        "parent": "4526610378186229"
    },
    {
        "mid": "4526944795074555",
        "has_multimedia": 1,
        "comments_count": 0,
        "reposts_count": 0,
        "attitudes_count": 1,
        "t": "1594791208000",
        "text": "求回复",
        "uid": "7479752798/",
        "followers_count": "1",
        "statuses_count": "2",
        "verified": 0,
        "user_created_at": "2020-07-15",
        "has_description": 0,
        "parent": "4526610378186229"
    }
]