[
    {
        "mid": "4526609925554215",
        "has_multimedia": 0,
        "comments_count": 68,
        "reposts_count": 5,
        "attitudes_count": 594,
        "t": "1594711369000",
        "text": "很多老小区在疫情后都进行了封闭改造路过就看到原来开放的地面建起了整齐的一堵堵围墙。我心里默数着石头5石头5石头5........ ​​​​",
        "uid": "2400966427/",
        "followers_count": "2713740",
        "statuses_count": "60798",
        "verified": 1,
        "user_created_at": "2011-10-07",
        "has_description": 1,
        "parent": "0"
    },
    {
        "mid": "4526628137083617",
        "has_multimedia": 0,
        "comments_count": 0,
        "reposts_count": 0,
        "attitudes_count": 0,
        "t": "1594715711000",
        "text": "中国以后可能没有足够外汇买粮食和鱼肉了，会让进口冻鱼冻肉染上新冠。有部分地区粮食供应不上，这部分地区会爆发新冠。总之，给群众一种心理安慰，短暂困难都是新冠造成的，国家储备堆满仓，不要急，不要慌。",
        "uid": "7345224319/",
        "followers_count": "29",
        "statuses_count": "994",
        "verified": 0,
        "user_created_at": "2020-04-15",
        "has_description": 0,
        "parent": "4526609925554215"
    },
    {
        "mid": "4526626740517304",
        "has_multimedia": 0,
        "comments_count": 0,
        "reposts_count": 0,
        "attitudes_count": 0,
        "t": "1594715378000",
        "text": "美中贸易战，中国输了，有可能出现物资严重不足。新冠演练封闭，是实施口粮配给制的演练。",
        "uid": "7345224319/",
        "followers_count": "29",
        "statuses_count": "994",
        "verified": 0,
        "user_created_at": "2020-04-15",
        "has_description": 0,
        "parent": "4526609925554215"
    },
    {
        "mid": "4526612203073461",
        "has_multimedia": 0,
        "comments_count": 0,
        "reposts_count": 0,
        "attitudes_count": 1,
        "t": "1594711911000",
        "text": "东京大学名义公开道歉啊话说昨天痛哭流涕的精日今天是不是要擦擦眼泪反身就把自己喷的💩 吃了//@可乐鸡翅是坠吊的:东大教授道歉了 ¡评论配图",
        "uid": "1781397712/",
        "followers_count": "346",
        "statuses_count": "4316",
        "verified": 0,
        "user_created_at": "2010-08-11",
        "has_description": 0,
        "parent": "4526609925554215"
    }
]