[
    {
        "mid": "4526610990977426",
        "has_multimedia": 1,
        "comments_count": 203,
        "reposts_count": 24,
        "attitudes_count": 673,
        "t": "1594711623000",
        "text": "台湾黑科技，明日起部分油站加油可用手机付费！ 台湾中油公司宣布，全台自营加油站人工加油服务区，明(15)日起提供电子支付及第三方支付服务；消费者15日起可使用LINE Pay(含LINE Pay Money)、Pi拍钱包、街口支付、欧付宝及橘子支付等行动支付APP，加油消费时主动出示行动支付付款码供加油站服务人员扫描读取，即可轻松完成支付，享受便捷的加油支付体验。#天下之事#深圳小天超话",
        "uid": "1112928761/",
        "followers_count": "573831",
        "statuses_count": "31750",
        "verified": 1,
        "user_created_at": "2010-10-24",
        "has_description": 1,
        "parent": "0"
    },
    {
        "mid": "4527304451043360",
        "has_multimedia": 1,
        "comments_count": 0,
        "reposts_count": 0,
        "attitudes_count": 0,
        "t": "1594876957000",
        "text": "好先进.",
        "uid": "1964205543/",
        "followers_count": "1204",
        "statuses_count": "18299",
        "verified": 0,
        "user_created_at": "2011-02-12",
        "has_description": 1,
        "parent": "4526610990977426"
    },
    {
        "mid": "4526896295764295",
        "has_multimedia": 1,
        "comments_count": 0,
        "reposts_count": 0,
        "attitudes_count": 0,
        "t": "1594779644000",
        "text": "真的是啥都不想说了 村里终于通电了",
        "uid": "5568230063/",
        "followers_count": "343",
        "statuses_count": "10595",
        "verified": 0,
        "user_created_at": "2015-06-05",
        "has_description": 1,
        "parent": "4526610990977426"
    },
    {
        "mid": "4526895818121875",
        "has_multimedia": 1,
        "comments_count": 0,
        "reposts_count": 0,
        "attitudes_count": 0,
        "t": "1594779531000",
        "text": "//@鸿_钧_:天啦！太先进了部分实现，太先进了。",
        "uid": "6212442479/",
        "followers_count": "591",
        "statuses_count": "1781",
        "verified": 0,
        "user_created_at": "2017-04-13",
        "has_description": 1,
        "parent": "4526610990977426"
    }
]