[
    {
        "mid": "4526611188100507",
        "has_multimedia": 1,
        "comments_count": 290,
        "reposts_count": 131,
        "attitudes_count": 2054,
        "t": "1594711670000",
        "text": "#南宁新闻# 【突发！#南宁一男子持刀当街挥砍外卖小哥#，警方已介入调查】7月14日中午，南宁一名男子持刀砍伤一名外卖小哥，相关视频在网络传播。视频显示，一名外卖小哥连人带车倒在街头，另一名白衣男子对他多次踢打，并用菜刀朝他的头部、肩部挥砍。据了解，事发秀灵路东三里秀友市场。多名目击者称，全过程持续一到两分钟；事发前双方未发生争执。白衣男子伤人后，骑两轮白色电瓶车离开。视频中，未见小哥有反抗，他背部流血受伤，自行到医院治疗。记者从南宁市第六人民医院了解到，小哥背部被砍一刀，幸无生命危险。他输液后已离开医院。关于此事缘由，网络上流传多种说法。目前警方已介入调查，这些说法未得到警方证实。请大家勿轻信网上传言，以警方调查结果为准。2南宁 （来源：南国早报）",
        "uid": "3514732862/",
        "followers_count": "6949562",
        "statuses_count": "124412",
        "verified": 1,
        "has_description": 1,
        "parent": "0",
        "user_created_at": "2012-01-01"
    },
    {
        "mid": "4527324521828253",
        "has_multimedia": 1,
        "comments_count": 2,
        "reposts_count": 12,
        "attitudes_count": 12,
        "t": "1594729620000",
        "text": "抓到这个砍人的畜生了吗？",
        "uid": "2271246313/",
        "followers_count": "257",
        "statuses_count": "11656",
        "verified": 0,
        "user_created_at": "2011-07-27",
        "has_description": 0,
        "parent": "4526611188100507"
    },
    {
        "mid": "4527035324927661",
        "has_multimedia": 1,
        "comments_count": 2,
        "reposts_count": 12,
        "attitudes_count": 12,
        "t": "1594729620000",
        "text": "抓到这个砍人的畜生了吗？",
        "uid": "3188841932/",
        "followers_count": "381",
        "statuses_count": "42244",
        "verified": 0,
        "user_created_at": "2013-02-12",
        "has_description": 1,
        "parent": "4526611188100507"
    }
]