[
    {
        "mid": "4526611254912188",
        "has_multimedia": 1,
        "comments_count": 172,
        "reposts_count": 19,
        "attitudes_count": 1221,
        "t": "1594711686000",
        "text": "【#高考生无证驾驶被温情执法#，高考结束当天交警才处理】云南楚雄，交警近期接到举报，一小车驾驶员涉嫌无证驾驶。民警调查后发现这名驾驶员是一名高三学生，为不影响其高考，在7月8日高考结束后才对其进行了处理。@一手Video L一手video的秒拍视频 ​​​​",
        "uid": "6004281123/",
        "followers_count": "22963947",
        "statuses_count": "68060",
        "verified": 1,
        "has_description": 1,
        "parent": "0",
        "user_created_at": "2016-08-16"
    },
    {
        "mid": "4527033399478738",
        "has_multimedia": 1,
        "comments_count": 0,
        "reposts_count": 0,
        "attitudes_count": 0,
        "t": "1594812332000",
        "text": "严惩不贷@云南交警 @云南省政府 抢口罩的好像也是云南吧？",
        "uid": "6678863436/",
        "followers_count": "68",
        "statuses_count": "45",
        "verified": 0,
        "user_created_at": "2018-09-04",
        "has_description": 0,
        "parent": "4526611254912188"
    },
    {
        "mid": "4526935923860908",
        "has_multimedia": 1,
        "comments_count": 0,
        "reposts_count": 0,
        "attitudes_count": 0,
        "t": "1594789093000",
        "text": "回复@南光贵妇美白针意大利美白丸:无证驾驶毁掉前程也是他自己毁的，法律面前人人平等，因为是高考生就有特权？//@南光贵妇美白针意大利美白丸:就因为他高考就可以无证驾驶了吗 无证驾驶平时是需要行政拘留的。那意思是只要马上要高考了，是否高考前都可以肆无忌惮的犯一些需要拘留的罪。",
        "uid": "5460216853/",
        "followers_count": "76",
        "statuses_count": "814",
        "verified": 0,
        "user_created_at": "2015-01-04",
        "has_description": 0,
        "parent": "4526611254912188"
    },
    {
        "mid": "4526852242203961",
        "has_multimedia": 1,
        "comments_count": 0,
        "reposts_count": 0,
        "attitudes_count": 0,
        "t": "1594769141000",
        "text": "转发微博",
        "uid": "6073591760/",
        "followers_count": "55",
        "statuses_count": "3182",
        "verified": 0,
        "user_created_at": "2016-11-23",
        "has_description": 0,
        "parent": "4526611254912188"
    }
]