[
    {
        "mid": "4526611926203365",
        "has_multimedia": 1,
        "comments_count": 646,
        "reposts_count": 553,
        "attitudes_count": 1081,
        "t": "1594711846000",
        "text": "这件事情的核心问题不在于企业，在于相关部门。企业在违反劳动法时必定会心惊胆战，但当它们发现相关部门不作为时，那么它们将不再惧怕法律。为什么现在黑砖厂没了，因为有人管了。为什么还有那么多所谓的“狼性”企业，因为这事没人管。#被罚吃死神辣条的女孩仍常干呕# ​​​​",
        "uid": "2218631862/",
        "followers_count": "1685940",
        "statuses_count": "1091",
        "verified": 1,
        "user_created_at": "2011-07-06",
        "has_description": 1,
        "parent": "0"
    },
    {
        "mid": "4526660949851016",
        "has_multimedia": 1,
        "comments_count": 0,
        "reposts_count": 0,
        "attitudes_count": 0,
        "t": "1594723534000",
        "text": "转发微博",
        "uid": "6517668567/",
        "followers_count": "91",
        "statuses_count": "3581",
        "verified": 0,
        "user_created_at": "2018-03-31",
        "has_description": 1,
        "parent": "4526611926203365"
    },
    {
        "mid": "4526660341228487",
        "has_multimedia": 1,
        "comments_count": 0,
        "reposts_count": 0,
        "attitudes_count": 0,
        "t": "1594723388000",
        "text": "转发微博",
        "uid": "6881214462/",
        "followers_count": "1",
        "statuses_count": "553",
        "verified": 0,
        "user_created_at": "2018-12-11",
        "has_description": 0,
        "parent": "4526611926203365"
    },
    {
        "mid": "4526660039640052",
        "has_multimedia": 0,
        "comments_count": 0,
        "reposts_count": 0,
        "attitudes_count": 0,
        "t": "1594723316000",
        "text": "转发微博",
        "uid": "6881608732/",
        "followers_count": "1",
        "statuses_count": "551",
        "verified": 0,
        "user_created_at": "2018-12-11",
        "has_description": 0,
        "parent": "4526611926203365"
    },
    {
        "mid": "4526659468085856",
        "has_multimedia": 0,
        "comments_count": 0,
        "reposts_count": 0,
        "attitudes_count": 0,
        "t": "1594723180000",
        "text": "转发微博",
        "uid": "7458647195/",
        "followers_count": "3",
        "statuses_count": "646",
        "verified": 0,
        "user_created_at": "2020-05-22",
        "has_description": 0,
        "parent": "4526611926203365"
    },
    {
        "mid": "4526656313674763",
        "has_multimedia": 0,
        "comments_count": 0,
        "reposts_count": 0,
        "attitudes_count": 0,
        "t": "1594722428000",
        "text": "转发微博",
        "uid": "7354038370/",
        "followers_count": "10",
        "statuses_count": "1614",
        "verified": 0,
        "user_created_at": "2019-12-12",
        "has_description": 0,
        "parent": "4526611926203365"
    }
]