[
    {
        "mid": "4526612090452403",
        "has_multimedia": 1,
        "comments_count": 104,
        "reposts_count": 50,
        "attitudes_count": 402,
        "t": "1594711885000",
        "text": "【涉案金额5000余万元！#满屋香奈儿维密全是假货#】近日，上海警方成功侦破一起特大制售假冒“维多利亚的秘密”“香奈儿”等名牌包袋案，抓获犯罪嫌疑人9名，涉案金额5000余万。该案并无报案人，线索是警方通过大数据发现的。#上海警方侦破特大制售假包案#（人民日报客户端）O网页链接 ​​​​",
        "uid": "2286908003/",
        "followers_count": "76191381",
        "statuses_count": "178504",
        "verified": 1,
        "has_description": 1,
        "parent": "0",
        "user_created_at": "2011-08-05"
    },
    {
        "mid": "4526914121837938",
        "has_multimedia": 1,
        "comments_count": 0,
        "reposts_count": 0,
        "attitudes_count": 0,
        "t": "1594783895000",
        "text": "现在好多代购卖假货，关键她们还有假的柜台，给你拍视频。",
        "uid": "2689121451/",
        "followers_count": "201",
        "statuses_count": "2652",
        "verified": 0,
        "user_created_at": "2012-03-31",
        "has_description": 0,
        "parent": "4526612090452403"
    },
    {
        "mid": "4526907465190421",
        "has_multimedia": 1,
        "comments_count": 0,
        "reposts_count": 0,
        "attitudes_count": 0,
        "t": "1594782308000",
        "text": "@嘟嘟妈咪小米",
        "uid": "2714905577/",
        "followers_count": "260",
        "statuses_count": "3725",
        "verified": 0,
        "user_created_at": "2012-04-12",
        "has_description": 0,
        "parent": "4526612090452403"
    }
]