[
    {
        "mid": "4526612522049202",
        "has_multimedia": 1,
        "comments_count": 1748,
        "reposts_count": 1241,
        "attitudes_count": 2662,
        "t": "1594711988000",
        "text": "#63岁中国爷爷成油管网红#吹爆🍉视频里的“阿木爷爷”！他有一双神奇的手，可以用简单的木材建造出精致无比的工艺品～油管上的网友称他为“当代鲁班”！其实，在惊艳的作品里，凝结的是他日复一日的努力，只有用心，才能熟能生巧！ L圈内壹姐的微博视频 ​​​​",
        "uid": "6346969828/",
        "followers_count": "5923683",
        "statuses_count": "3564",
        "verified": 1,
        "user_created_at": "2017-08-22",
        "has_description": 1,
        "parent": "0"
    },
    {
        "mid": "4526622340720759",
        "has_multimedia": 1,
        "comments_count": 0,
        "reposts_count": 0,
        "attitudes_count": 0,
        "t": "1594714329000",
        "text": "真的太棒了！他的手真的好巧呀！我想看看他的完整视频！",
        "uid": "5548952528/",
        "followers_count": "22",
        "statuses_count": "2216",
        "verified": 0,
        "user_created_at": "2015-03-11",
        "has_description": 0,
        "parent": "4526612522049202"
    },
    {
        "mid": "4526621640237192",
        "has_multimedia": 1,
        "comments_count": 0,
        "reposts_count": 0,
        "attitudes_count": 0,
        "t": "1594714162000",
        "text": "这个爷爷真的值得成为油管网红！真的非常有意义啊！",
        "uid": "7476478597/",
        "followers_count": "7",
        "statuses_count": "78",
        "verified": 0,
        "user_created_at": "2020-07-01",
        "has_description": 1,
        "parent": "4526612522049202"
    },
    {
        "mid": "4526621594449123",
        "has_multimedia": 1,
        "comments_count": 0,
        "reposts_count": 0,
        "attitudes_count": 0,
        "t": "1594714150000",
        "text": "这需要我们每个人的支持呀，太厉害了吧爷爷，这种手艺人真的越来越少了啊，",
        "uid": "5948658963/",
        "followers_count": "24",
        "statuses_count": "122",
        "verified": 0,
        "user_created_at": "2016-06-08",
        "has_description": 0,
        "parent": "4526612522049202"
    },
    {
        "mid": "4526621280109510",
        "has_multimedia": 1,
        "comments_count": 0,
        "reposts_count": 0,
        "attitudes_count": 0,
        "t": "1594714076000",
        "text": "这样的技艺，希望可以传承下去，爷爷真厉害！！希望可以申遗",
        "uid": "7424111458/",
        "followers_count": "67",
        "statuses_count": "1592",
        "verified": 0,
        "user_created_at": "2020-03-30",
        "has_description": 1,
        "parent": "4526612522049202"
    },
    {
        "mid": "4526621250660009",
        "has_multimedia": 1,
        "comments_count": 0,
        "reposts_count": 0,
        "attitudes_count": 0,
        "t": "1594714069000",
        "text": "这个爷爷真的很厉害啦，他的出名毫不意外，用心才能生巧",
        "uid": "7347375901/",
        "followers_count": "55",
        "statuses_count": "6912",
        "verified": 0,
        "user_created_at": "2019-12-02",
        "has_description": 0,
        "parent": "4526612522049202"
    },
    {
        "mid": "4526621128934626",
        "has_multimedia": 1,
        "comments_count": 0,
        "reposts_count": 0,
        "attitudes_count": 0,
        "t": "1594714039000",
        "text": "天呐 这个中国爷爷真的是太棒了吧 这就是所谓的工匠精神吧",
        "uid": "5403331549/",
        "followers_count": "640",
        "statuses_count": "26421",
        "verified": 0,
        "user_created_at": "2014-12-06",
        "has_description": 1,
        "parent": "4526612522049202"
    },
    {
        "mid": "4526621128362933",
        "has_multimedia": 1,
        "comments_count": 0,
        "reposts_count": 0,
        "attitudes_count": 0,
        "t": "1594714040000",
        "text": "其实我也很想拥有一个这样的爷爷 我觉得这个小朋友肯定很幸福",
        "uid": "3743961064/",
        "verified": 0,
        "user_created_at": "2013-08-25",
        "has_description": 0,
        "parent": "4526612522049202",
        "followers_count": "91",
        "statuses_count": "2859"
    },
    {
        "mid": "4526621073336512",
        "has_multimedia": 1,
        "comments_count": 0,
        "reposts_count": 0,
        "attitudes_count": 0,
        "t": "1594714027000",
        "text": "从小有这么多爷爷亲手做的精致、独一无二的的玩具，孙子太幸福了！",
        "uid": "6294348037/",
        "followers_count": "87",
        "statuses_count": "9438",
        "verified": 0,
        "user_created_at": "2017-06-23",
        "has_description": 0,
        "parent": "4526612522049202"
    }
]