[
    {
        "mid": "4526614095194886",
        "has_multimedia": 1,
        "comments_count": 404,
        "reposts_count": 36,
        "attitudes_count": 2184,
        "t": "1594712363000",
        "text": "【身体管理长胖了 门店承诺过包瘦？】祝女士身高一米六二，前段时间体重升到了110斤，就找到一家店做身体管理，本以为是包瘦的，但几个月下来，反而胖了。店里则表示，控制食欲很重要，可祝女士做完塑形后，在店里就开始各种吃喝了。  L1818黄金眼的微博视频 ​​​​",
        "uid": "2334162530/",
        "followers_count": "6424342",
        "statuses_count": "54144",
        "verified": 1,
        "has_description": 1,
        "parent": "0",
        "user_created_at": "2011-08-23"
    },
    {
        "mid": "4526835125505916",
        "has_multimedia": 1,
        "comments_count": 0,
        "reposts_count": 0,
        "attitudes_count": 0,
        "t": "1594765061000",
        "text": "转发微博",
        "uid": "5744912851/",
        "followers_count": "34",
        "statuses_count": "14",
        "verified": 0,
        "user_created_at": "2015-11-02",
        "has_description": 0,
        "parent": "4526614095194886"
    },
    {
        "mid": "4526770177119068",
        "has_multimedia": 1,
        "comments_count": 0,
        "reposts_count": 0,
        "attitudes_count": 0,
        "t": "1594749576000",
        "text": "办健身卡那么久了 可身材一点变化都没有 甚至还有点胖 我要去健身房看看到底是哪里出了问题",
        "uid": "6545288112/",
        "followers_count": "109",
        "statuses_count": "738",
        "verified": 0,
        "user_created_at": "2018-05-09",
        "has_description": 1,
        "parent": "4526614095194886"
    },
    {
        "mid": "4526761054228386",
        "has_multimedia": 1,
        "comments_count": 0,
        "reposts_count": 0,
        "attitudes_count": 0,
        "t": "1594747401000",
        "text": "现身说法，有这钱不如办个健身卡，少吃多运动真的可以瘦，目前运动了不到10天吧，腰腹部就有变化了，运动完皮肤也会好",
        "uid": "6039591590/",
        "followers_count": "88",
        "statuses_count": "1067",
        "verified": 0,
        "user_created_at": "2016-10-07",
        "has_description": 1,
        "parent": "4526614095194886"
    },
    {
        "mid": "4526715073015430",
        "has_multimedia": 1,
        "comments_count": 0,
        "reposts_count": 0,
        "attitudes_count": 0,
        "t": "1594736437000",
        "text": "回复@小丁有只猫:支持你的观点霸气",
        "uid": "5203899734/",
        "followers_count": "21",
        "statuses_count": "9",
        "verified": 0,
        "user_created_at": "2014-07-03",
        "has_description": 1,
        "parent": "4526614095194886"
    },
    {
        "mid": "4526686438144125",
        "has_multimedia": 1,
        "comments_count": 0,
        "reposts_count": 0,
        "attitudes_count": 0,
        "t": "1594729610000",
        "text": "转发",
        "uid": "7313539387/",
        "followers_count": "12",
        "statuses_count": "2656",
        "verified": 0,
        "user_created_at": "2019-10-02",
        "has_description": 1,
        "parent": "4526614095194886"
    }
]