[
    {
        "mid": "4526613901271778",
        "has_multimedia": 1,
        "comments_count": 381,
        "reposts_count": 454,
        "attitudes_count": 5480,
        "t": "1594712317000",
        "text": "【水位回落！#浙江新安江水库关闭泄洪闸#】据浙江省水利厅，截至今天12时，浙江杭州新安江水库水位下降到警戒水位以下的106.35米；预计未来两天当地无集中强降雨，水位将持续回落。自今天15时起，新安江水库关闭泄洪闸，维持满发电直至梅雨季结束。本月8日，新安江水库曾开启建成以来首次9孔泄洪。（总台央视记者梁烨）",
        "uid": "2656274875/",
        "followers_count": "111882245",
        "statuses_count": "130348",
        "verified": 1,
        "has_description": 1,
        "parent": "0",
        "user_created_at": "2012-03-07"
    },
    {
        "mid": "4526620435558364",
        "has_multimedia": 1,
        "comments_count": 1,
        "reposts_count": 24,
        "attitudes_count": 6,
        "t": "1594713875000",
        "text": "水位回落！#浙江新安江水库关闭泄洪闸#",
        "uid": "1919688583/",
        "followers_count": "1888947",
        "statuses_count": "22859",
        "verified": 1,
        "has_description": 1,
        "parent": "4526613901271778",
        "user_created_at": "2012-01-01"
    },
    {
        "mid": "4526940818346240",
        "has_multimedia": 1,
        "comments_count": 1,
        "reposts_count": 24,
        "attitudes_count": 6,
        "t": "1594713840000",
        "text": "水位回落！#浙江新安江水库关闭泄洪闸#",
        "uid": "2535067947/",
        "followers_count": "128",
        "statuses_count": "375",
        "verified": 0,
        "user_created_at": "2011-12-16",
        "has_description": 0,
        "parent": "4526620435558364"
    },
    {
        "mid": "4526873893984211",
        "has_multimedia": 1,
        "comments_count": 0,
        "reposts_count": 0,
        "attitudes_count": 0,
        "t": "1594774304000",
        "text": "//@长三角铁路: 水位回落！#浙江新安江水库关闭泄洪闸#",
        "uid": "6366227582/",
        "followers_count": "5",
        "statuses_count": "49",
        "verified": 0,
        "user_created_at": "2017-09-16",
        "has_description": 0,
        "parent": "4526620435558364"
    },
    {
        "mid": "4526732323907844",
        "has_multimedia": 1,
        "comments_count": 1,
        "reposts_count": 24,
        "attitudes_count": 6,
        "t": "1594713840000",
        "text": "水位回落！#浙江新安江水库关闭泄洪闸#",
        "uid": "2762037523/",
        "followers_count": "77",
        "statuses_count": "711",
        "verified": 0,
        "user_created_at": "2012-12-06",
        "has_description": 0,
        "parent": "4526620435558364"
    },
    {
        "mid": "4526729672147683",
        "has_multimedia": 1,
        "comments_count": 0,
        "reposts_count": 0,
        "attitudes_count": 0,
        "t": "1594739919000",
        "text": "//@长三角铁路:水位回落！#浙江新安江水库关闭泄洪闸#",
        "uid": "5601916120/",
        "followers_count": "125",
        "statuses_count": "3769",
        "verified": 0,
        "user_created_at": "2015-05-03",
        "has_description": 0,
        "parent": "4526620435558364"
    },
    {
        "mid": "4526690909467815",
        "has_multimedia": 1,
        "comments_count": 0,
        "reposts_count": 0,
        "attitudes_count": 0,
        "t": "1594730676000",
        "text": "//@长三角铁路:水位回落！#浙江新安江水库关闭泄洪闸#",
        "uid": "5818868195/",
        "followers_count": "113",
        "statuses_count": "5031",
        "verified": 0,
        "user_created_at": "2016-01-02",
        "has_description": 1,
        "parent": "4526620435558364"
    },
    {
        "mid": "4526688672760863",
        "has_multimedia": 1,
        "comments_count": 1,
        "reposts_count": 24,
        "attitudes_count": 6,
        "t": "1594713840000",
        "text": "水位回落！#浙江新安江水库关闭泄洪闸#",
        "uid": "5289602274/",
        "followers_count": "54",
        "statuses_count": "2494",
        "verified": 0,
        "user_created_at": "2014-09-10",
        "has_description": 0,
        "parent": "4526620435558364"
    },
    {
        "mid": "4526994978610762",
        "has_multimedia": 1,
        "comments_count": 0,
        "reposts_count": 0,
        "attitudes_count": 0,
        "t": "1594803173000",
        "text": "转发微博",
        "uid": "5443816908/",
        "followers_count": "25",
        "statuses_count": "355",
        "verified": 0,
        "user_created_at": "2014-12-23",
        "has_description": 0,
        "parent": "4526613901271778"
    },
    {
        "mid": "4526985106002585",
        "has_multimedia": 1,
        "comments_count": 0,
        "reposts_count": 0,
        "attitudes_count": 0,
        "t": "1594800819000",
        "text": "今年雨季太漫长 提不起劲",
        "uid": "2236635544/",
        "followers_count": "363",
        "statuses_count": "4088",
        "verified": 0,
        "user_created_at": "2011-07-10",
        "has_description": 1,
        "parent": "4526613901271778"
    },
    {
        "mid": "4526964582754158",
        "has_multimedia": 1,
        "comments_count": 0,
        "reposts_count": 0,
        "attitudes_count": 0,
        "t": "1594795926000",
        "text": "转发微博",
        "uid": "2880661965/",
        "followers_count": "317",
        "statuses_count": "29385",
        "verified": 0,
        "user_created_at": "2012-07-11",
        "has_description": 1,
        "parent": "4526613901271778"
    },
    {
        "mid": "4526949902945069",
        "has_multimedia": 1,
        "comments_count": 0,
        "reposts_count": 0,
        "attitudes_count": 0,
        "t": "1594792425000",
        "text": "//@和谐双塘:转发微博",
        "uid": "6399189019/",
        "followers_count": "36",
        "statuses_count": "32664",
        "verified": 0,
        "user_created_at": "2017-10-30",
        "has_description": 0,
        "parent": "4526613901271778"
    }
]