[
    {
        "mid": "4526614136333599",
        "has_multimedia": 1,
        "comments_count": 674,
        "reposts_count": 174,
        "attitudes_count": 6786,
        "t": "1594712373000",
        "text": "【不见天日！#印度北部多地遭遇蝗虫侵袭#】近日，印度北部多地遭大量蝗虫入侵，蝗虫所到之处，农作物皆遭受损害。7月12日，蝗虫大军抵达印度北方邦首府勒克瑙，许多地方因蝗虫来袭变得不见天日。@中新视频 L中新视频的秒拍视频 ​​​​",
        "uid": "1784473157/",
        "followers_count": "67405727",
        "statuses_count": "145724",
        "verified": 1,
        "has_description": 1,
        "parent": "0",
        "user_created_at": "2010-07-26"
    },
    {
        "mid": "4527288526570309",
        "has_multimedia": 1,
        "comments_count": 0,
        "reposts_count": 0,
        "attitudes_count": 0,
        "t": "1594873159000",
        "text": "有一说一，真的蛮好吃的",
        "uid": "2426871965/",
        "followers_count": "19",
        "statuses_count": "92",
        "verified": 0,
        "user_created_at": "2011-10-25",
        "has_description": 0,
        "parent": "4526614136333599"
    },
    {
        "mid": "4527077266559870",
        "has_multimedia": 1,
        "comments_count": 0,
        "reposts_count": 0,
        "attitudes_count": 0,
        "t": "1594822792000",
        "text": "【不见天日！#印度北部多地遭遇蝗虫侵袭#】近日，印度北部多地遭大量蝗虫入侵，蝗虫所到之处，农作物皆遭受损害。7月12日，蝗虫大军抵达印度北方邦首府勒克瑙，许多地方因蝗虫来袭变得不见天日。",
        "uid": "7390182318/",
        "followers_count": "11",
        "statuses_count": "4800",
        "verified": 0,
        "user_created_at": "2020-02-11",
        "has_description": 1,
        "parent": "4526614136333599"
    }
]