[
    {
        "mid": "4526616422590392",
        "has_multimedia": 1,
        "comments_count": 248,
        "reposts_count": 27,
        "attitudes_count": 842,
        "t": "1594712918000",
        "text": "澳大利亚新南威尔士州酒店隔离费用：一个成年人每人3000澳元，加一个成年人加1000澳元，3岁以上的孩子每人500澳元。如此算来，一个典型的四口之家需5000澳元（折合RMB24000多元） ​​​​",
        "uid": "1647486362/",
        "followers_count": "2274694",
        "statuses_count": "31806",
        "verified": 1,
        "user_created_at": "2009-09-15",
        "has_description": 1,
        "parent": "0"
    },
    {
        "mid": "4526922421875893",
        "has_multimedia": 1,
        "comments_count": 0,
        "reposts_count": 0,
        "attitudes_count": 0,
        "t": "1594785874000",
        "text": "转发微博",
        "uid": "5658150470/",
        "followers_count": "92",
        "statuses_count": "978",
        "verified": 0,
        "user_created_at": "2015-07-22",
        "has_description": 1,
        "parent": "4526616422590392"
    },
    {
        "mid": "4526739596874178",
        "has_multimedia": 1,
        "comments_count": 0,
        "reposts_count": 0,
        "attitudes_count": 0,
        "t": "1594742285000",
        "text": "转发微博",
        "uid": "1312300620/",
        "followers_count": "490",
        "statuses_count": "86480",
        "verified": 0,
        "user_created_at": "2010-08-25",
        "has_description": 1,
        "parent": "4526616422590392"
    },
    {
        "mid": "4526710631242758",
        "has_multimedia": 1,
        "comments_count": 0,
        "reposts_count": 0,
        "attitudes_count": 0,
        "t": "1594735378000",
        "text": "抄作业不抄好的，抄这个，该打",
        "uid": "2787613784/",
        "followers_count": "20",
        "statuses_count": "390",
        "verified": 0,
        "user_created_at": "2012-05-01",
        "has_description": 0,
        "parent": "4526616422590392"
    }
]