[
    {
        "mid": "4526616888697756",
        "has_multimedia": 1,
        "comments_count": 899,
        "reposts_count": 191,
        "attitudes_count": 6545,
        "t": "1594713029000",
        "text": "#苹果已拨款4亿美元缓解加州住房危机# 据外媒报道，苹果公司宣布，作为去年承诺的25亿美元住房基金的一部分，到目前为止苹果已分配了逾4亿美元。 ​​​​",
        "uid": "1956700750/",
        "followers_count": "3622739",
        "statuses_count": "72094",
        "verified": 1,
        "has_description": 1,
        "parent": "0",
        "user_created_at": "2011-05-21"
    },
    {
        "mid": "4526959814878219",
        "has_multimedia": 1,
        "comments_count": 0,
        "reposts_count": 0,
        "attitudes_count": 0,
        "t": "1594794789000",
        "text": "有钱真好",
        "uid": "3942967837/",
        "followers_count": "2",
        "statuses_count": "23",
        "verified": 0,
        "user_created_at": "2013-12-14",
        "has_description": 0,
        "parent": "4526616888697756"
    },
    {
        "mid": "4526831585214222",
        "has_multimedia": 1,
        "comments_count": 0,
        "reposts_count": 0,
        "attitudes_count": 1,
        "t": "1594764216000",
        "text": "华为的钱全用来打爱国营销广告了，它没钱给你买了",
        "uid": "1887964637/",
        "followers_count": "161",
        "statuses_count": "267",
        "verified": 0,
        "user_created_at": "2010-12-09",
        "has_description": 1,
        "parent": "4526616888697756"
    },
    {
        "mid": "4526821926872677",
        "has_multimedia": 1,
        "comments_count": 0,
        "reposts_count": 0,
        "attitudes_count": 1,
        "t": "1594761913000",
        "text": "能力越大，责任越大！希望这样的企业走的更远",
        "uid": "2115812900/",
        "followers_count": "338",
        "statuses_count": "261",
        "verified": 1,
        "user_created_at": "2011-04-26",
        "has_description": 1,
        "parent": "4526616888697756"
    },
    {
        "mid": "4526679802992358",
        "has_multimedia": 1,
        "comments_count": 0,
        "reposts_count": 0,
        "attitudes_count": 0,
        "t": "1594728028000",
        "text": "//@Yus1013:苹果公司在上海市纳税一直保持前几名，比上海宝钢多出一倍多我寻思着这不是真金白银？//@日月当空照123:苹果公司在中国市场赚了那么多钱，啥时候也捐点钱给中国助力中国扶贫事业啊？？？",
        "uid": "6028583530/",
        "verified": 0,
        "user_created_at": "2016-09-21",
        "has_description": 1,
        "parent": "4526616888697756",
        "followers_count": "73",
        "statuses_count": "576"
    },
    {
        "mid": "4526658453676775",
        "has_multimedia": 1,
        "comments_count": 0,
        "reposts_count": 0,
        "attitudes_count": 0,
        "t": "1594722938000",
        "text": "转发微博",
        "uid": "1636069915/",
        "followers_count": "219",
        "statuses_count": "5470",
        "verified": 0,
        "user_created_at": "2009-11-27",
        "has_description": 0,
        "parent": "4526616888697756"
    },
    {
        "mid": "4526654967992945",
        "has_multimedia": 1,
        "comments_count": 0,
        "reposts_count": 0,
        "attitudes_count": 0,
        "t": "1594722107000",
        "text": "提高员工居住成本，降低人才定居意愿，最后员工和苹果一起为高价住房买单，利润流向了zf和房地产，老生常谈了。",
        "uid": "5570336242/",
        "followers_count": "3",
        "statuses_count": "136",
        "verified": 0,
        "user_created_at": "2015-03-23",
        "has_description": 1,
        "parent": "4526616888697756"
    }
]