[
    {
        "mid": "4526616858945378",
        "has_multimedia": 1,
        "comments_count": 463,
        "reposts_count": 400,
        "attitudes_count": 4559,
        "t": "1594713022000",
        "text": "【东大3名学者曾致函湖北大学为梁艳萍发声，竟称校方处理是“非难”】6月20日湖北大学通报了对梁艳萍的处理情况，由于其在社交平台上多次发布、转发\"涉日\"\"涉港\"等错误言论，校方决定给予其开除党籍处分。经学校研究，还决定给予梁艳萍记过处分，取消其研究生导师资格，停止教学工作。对此，东京大学文学部一研究室曾经向湖北大学校长发函，在信中将此形容成“非难”，甚至称赞梁艳萍的相关言论是“发自于真实的爱国情感”，祈祷她的名誉能早日得到恢复。查询了一下过往新闻，梁艳萍应邀赴东大做客座研究员时，得到了小田部胤久、三浦俊彦、吉田宽等日本知名教授的肯定。在她的邀请下，包括这些教授在内的许多日本学者都曾经来到湖北大学成为客座教授，定期授课、讲座。有网友在吉田宽的个人社交媒体下表示不满，并将梁艳萍的不当言论图文并茂地翻译出来。看到留言信息的吉田宽回复称将会重新考虑情况，并在一条新发动态中表示“梁艳萍事件”在国外报道中与中国国内实情有很大差距。（风闻社区）",
        "uid": "1887344341/",
        "followers_count": "12543815",
        "statuses_count": "110458",
        "verified": 1,
        "has_description": 1,
        "parent": "0",
        "user_created_at": "2010-12-09"
    },
    {
        "mid": "4526633669785243",
        "has_multimedia": 1,
        "comments_count": 21,
        "reposts_count": 70,
        "attitudes_count": 130,
        "t": "1594717030000",
        "text": "可参考，东京大学的三位教师已经撤回了这封公开信，并且已经向湖北大学发出了道歉信。",
        "uid": "1194868525/",
        "followers_count": "9245375",
        "statuses_count": "21395",
        "verified": 1,
        "user_created_at": "2009-08-28",
        "has_description": 1,
        "parent": "4526616858945378"
    },
    {
        "mid": "4526750405828478",
        "has_multimedia": 1,
        "comments_count": 28,
        "reposts_count": 37,
        "attitudes_count": 153,
        "t": "1594744862000",
        "text": "了解到了真实情况后，东大教授震惊之余，就撤回信并写道歉信。可见梁的言论有多反人类。也突出一个很紧迫很现实的问题：我们的外宣实在是太弱势，虽然我在境外不少媒体有一定知名度，也曾在推特先后注册三个帐号，但都被推特秒销号了//@张颐武:可参考，东京大学的三位教师已经撤回了这封公开信",
        "uid": "1672097180/",
        "followers_count": "3950199",
        "statuses_count": "55453",
        "verified": 1,
        "user_created_at": "2009-12-20",
        "has_description": 1,
        "parent": "4526633669785243"
    },
    {
        "mid": "4526899155925422",
        "has_multimedia": 1,
        "comments_count": 0,
        "reposts_count": 0,
        "attitudes_count": 0,
        "t": "1594780326000",
        "text": "//@蔡小心:了解到了真实情况后，东大教授震惊之余，就撤回信并写道歉信。可见梁的言论有多反人类。也突出一个很紧迫很现实的问题：我们的外宣实在是太弱势，虽然我在境外不少媒体有一定知名度，也曾在推特先后注册三个帐号，但都被推特秒销号了",
        "uid": "2772033425/",
        "followers_count": "576",
        "statuses_count": "20728",
        "verified": 0,
        "user_created_at": "2012-07-02",
        "has_description": 1,
        "parent": "4526750405828478"
    },
    {
        "mid": "4526880516092340",
        "has_multimedia": 1,
        "comments_count": 28,
        "reposts_count": 37,
        "attitudes_count": 153,
        "t": "1594744860000",
        "text": "了解到了真实情况后，东大教授震惊之余，就撤回信并写道歉信。可见梁的言论有多反人类。也突出一个很紧迫很现实的问题：我们的外宣实在是太弱势，虽然我在境外不少媒体有一定知名度，也曾在推特先后注册三个帐号，但都被推特秒销号了//@张颐武:可参考，东京大学的三位教师已经撤回了这封公开信",
        "uid": "5843745689/",
        "followers_count": "534",
        "statuses_count": "31549",
        "verified": 0,
        "user_created_at": "2016-01-30",
        "has_description": 0,
        "parent": "4526750405828478"
    },
    {
        "mid": "4526914730141054",
        "has_multimedia": 1,
        "comments_count": 1,
        "reposts_count": 1,
        "attitudes_count": 2,
        "t": "1594784040000",
        "text": "可以把被推特脸书销号的中国网友数量和销号原因定期做个汇总公布，揭露境外媒体控制舆论的手段。",
        "uid": "2658229150/",
        "followers_count": "2278",
        "statuses_count": "42374",
        "verified": 0,
        "user_created_at": "2012-01-08",
        "has_description": 1,
        "parent": "4526633669785243"
    },
    {
        "mid": "4526911319685193",
        "has_multimedia": 1,
        "comments_count": 28,
        "reposts_count": 37,
        "attitudes_count": 153,
        "t": "1594744860000",
        "text": "了解到了真实情况后，东大教授震惊之余，就撤回信并写道歉信。可见梁的言论有多反人类。也突出一个很紧迫很现实的问题：我们的外宣实在是太弱势，虽然我在境外不少媒体有一定知名度，也曾在推特先后注册三个帐号，但都被推特秒销号了//@张颐武:可参考，东京大学的三位教师已经撤回了这封公开信",
        "uid": "2387318442/",
        "followers_count": "546",
        "statuses_count": "7511",
        "verified": 0,
        "user_created_at": "2011-09-10",
        "has_description": 1,
        "parent": "4526633669785243"
    },
    {
        "mid": "4526627515976438",
        "has_multimedia": 1,
        "comments_count": 4,
        "reposts_count": 15,
        "attitudes_count": 37,
        "t": "1594715562000",
        "text": "//@Gimme0Shelter:东大虽然不像当年那么左了，起码良知还是在的  梁教授这种鬼话，眼睛没瞎都知道有多反人类",
        "uid": "1483330984/",
        "followers_count": "3937099",
        "statuses_count": "255521",
        "verified": 1,
        "user_created_at": "2009-08-28",
        "has_description": 1,
        "parent": "4526616858945378"
    },
    {
        "mid": "4526717748518741",
        "has_multimedia": 1,
        "comments_count": 4,
        "reposts_count": 15,
        "attitudes_count": 37,
        "t": "1594715520000",
        "text": "//@Gimme0Shelter:东大虽然不像当年那么左了，起码良知还是在的  梁教授这种鬼话，眼睛没瞎都知道有多反人类",
        "uid": "3275481613/",
        "followers_count": "4503",
        "statuses_count": "159499",
        "verified": 0,
        "user_created_at": "2013-03-10",
        "has_description": 0,
        "parent": "4526627515976438"
    },
    {
        "mid": "4526715538610685",
        "has_multimedia": 1,
        "comments_count": 4,
        "reposts_count": 15,
        "attitudes_count": 37,
        "t": "1594715520000",
        "text": "//@Gimme0Shelter:东大虽然不像当年那么左了，起码良知还是在的  梁教授这种鬼话，眼睛没瞎都知道有多反人类",
        "uid": "5362860794/",
        "followers_count": "163",
        "statuses_count": "22109",
        "verified": 0,
        "user_created_at": "2014-11-07",
        "has_description": 0,
        "parent": "4526627515976438"
    },
    {
        "mid": "4526668222529259",
        "has_multimedia": 1,
        "comments_count": 4,
        "reposts_count": 15,
        "attitudes_count": 37,
        "t": "1594715520000",
        "text": "//@Gimme0Shelter:东大虽然不像当年那么左了，起码良知还是在的  梁教授这种鬼话，眼睛没瞎都知道有多反人类",
        "uid": "6270548715/",
        "followers_count": "225",
        "statuses_count": "17280",
        "verified": 0,
        "user_created_at": "2017-06-03",
        "has_description": 0,
        "parent": "4526627515976438"
    },
    {
        "mid": "4526639575271671",
        "has_multimedia": 1,
        "comments_count": 0,
        "reposts_count": 0,
        "attitudes_count": 0,
        "t": "1594718438000",
        "text": "//@盛徳绝伦郗嘉宾://@青史独行 ://@侯宁 ://@Gimme0Shelter :东大虽然不像当年那么左了，起码良知还是在的 梁教授这种鬼话，眼睛没瞎都知道有多反人类",
        "uid": "5016544579/",
        "followers_count": "60",
        "statuses_count": "7652",
        "verified": 0,
        "user_created_at": "2014-01-28",
        "has_description": 1,
        "parent": "4526627515976438"
    },
    {
        "mid": "4526639070887696",
        "has_multimedia": 1,
        "comments_count": 0,
        "reposts_count": 1,
        "attitudes_count": 1,
        "t": "1594718318000",
        "text": "//@青史独行 ://@侯宁 ://@Gimme0Shelter :东大虽然不像当年那么左了，起码良知还是在的 梁教授这种鬼话，眼睛没瞎都知道有多反人类",
        "uid": "6856089018/",
        "followers_count": "212",
        "statuses_count": "6654",
        "verified": 0,
        "user_created_at": "2018-11-17",
        "has_description": 1,
        "parent": "4526627515976438"
    },
    {
        "mid": "4526637855656891",
        "has_multimedia": 1,
        "comments_count": 4,
        "reposts_count": 15,
        "attitudes_count": 37,
        "t": "1594715520000",
        "text": "//@Gimme0Shelter:东大虽然不像当年那么左了，起码良知还是在的  梁教授这种鬼话，眼睛没瞎都知道有多反人类",
        "uid": "5788775034/",
        "followers_count": "65008",
        "statuses_count": "41252",
        "verified": 1,
        "user_created_at": "2015-12-10",
        "has_description": 1,
        "parent": "4526627515976438"
    },
    {
        "mid": "4526634315354326",
        "has_multimedia": 1,
        "comments_count": 0,
        "reposts_count": 0,
        "attitudes_count": 0,
        "t": "1594717184000",
        "text": "//@侯宁: //@Gimme0Shelter:东大虽然不像当年那么左了，起码良知还是在的  梁教授这种鬼话，眼睛没瞎都知道有多反人类",
        "uid": "6391029808/",
        "followers_count": "21",
        "statuses_count": "11619",
        "verified": 0,
        "user_created_at": "2017-10-24",
        "has_description": 1,
        "parent": "4526627515976438"
    },
    {
        "mid": "4526633451374518",
        "has_multimedia": 1,
        "comments_count": 4,
        "reposts_count": 15,
        "attitudes_count": 37,
        "t": "1594715520000",
        "text": "//@Gimme0Shelter:东大虽然不像当年那么左了，起码良知还是在的  梁教授这种鬼话，眼睛没瞎都知道有多反人类",
        "uid": "5697453705/",
        "followers_count": "214",
        "statuses_count": "25521",
        "verified": 0,
        "user_created_at": "2015-09-08",
        "has_description": 1,
        "parent": "4526627515976438"
    },
    {
        "mid": "4526952016358980",
        "has_multimedia": 1,
        "comments_count": 28,
        "reposts_count": 37,
        "attitudes_count": 153,
        "t": "1594744860000",
        "text": "了解到了真实情况后，东大教授震惊之余，就撤回信并写道歉信。可见梁的言论有多反人类。也突出一个很紧迫很现实的问题：我们的外宣实在是太弱势，虽然我在境外不少媒体有一定知名度，也曾在推特先后注册三个帐号，但都被推特秒销号了//@张颐武:可参考，东京大学的三位教师已经撤回了这封公开信",
        "uid": "2512603091/",
        "followers_count": "193",
        "statuses_count": "34250",
        "verified": 0,
        "user_created_at": "2011-12-05",
        "has_description": 0,
        "parent": "4526616858945378"
    },
    {
        "mid": "4526950275976363",
        "has_multimedia": 1,
        "comments_count": 0,
        "reposts_count": 0,
        "attitudes_count": 0,
        "t": "1594792514000",
        "text": "//@柏林老怪2://@纯真脆弱蘑小菇:我都没想到那玩意儿是真的鬼子干这事儿纯粹是吃顶了。//@张颐武:可参考，东京大学的三位教师已经撤回了这封公开信，并且已经向湖北大学发出了道歉信。",
        "uid": "5938394734/",
        "followers_count": "74",
        "statuses_count": "23689",
        "verified": 0,
        "user_created_at": "2016-05-25",
        "has_description": 1,
        "parent": "4526616858945378"
    },
    {
        "mid": "4526947612338044",
        "has_multimedia": 1,
        "comments_count": 28,
        "reposts_count": 37,
        "attitudes_count": 153,
        "t": "1594744860000",
        "text": "了解到了真实情况后，东大教授震惊之余，就撤回信并写道歉信。可见梁的言论有多反人类。也突出一个很紧迫很现实的问题：我们的外宣实在是太弱势，虽然我在境外不少媒体有一定知名度，也曾在推特先后注册三个帐号，但都被推特秒销号了//@张颐武:可参考，东京大学的三位教师已经撤回了这封公开信",
        "uid": "7480203423/",
        "followers_count": "1",
        "statuses_count": "5",
        "verified": 0,
        "user_created_at": "2020-07-13",
        "has_description": 0,
        "parent": "4526616858945378"
    },
    {
        "mid": "4526934505130763",
        "has_multimedia": 1,
        "comments_count": 28,
        "reposts_count": 37,
        "attitudes_count": 153,
        "t": "1594744860000",
        "text": "了解到了真实情况后，东大教授震惊之余，就撤回信并写道歉信。可见梁的言论有多反人类。也突出一个很紧迫很现实的问题：我们的外宣实在是太弱势，虽然我在境外不少媒体有一定知名度，也曾在推特先后注册三个帐号，但都被推特秒销号了//@张颐武:可参考，东京大学的三位教师已经撤回了这封公开信",
        "uid": "7085102992/",
        "followers_count": "82",
        "statuses_count": "3542",
        "verified": 0,
        "user_created_at": "2019-04-18",
        "has_description": 1,
        "parent": "4526616858945378"
    },
    {
        "mid": "4526929010595470",
        "has_multimedia": 1,
        "comments_count": 0,
        "reposts_count": 0,
        "attitudes_count": 0,
        "t": "1594787445000",
        "text": "//@张颐武:可参考，东京大学的三位教师已经撤回了这封公开信，并且已经向湖北大学发出了道歉信。",
        "uid": "1755359577/",
        "followers_count": "606",
        "statuses_count": "15242",
        "verified": 0,
        "user_created_at": "2010-07-01",
        "has_description": 1,
        "parent": "4526616858945378"
    },
    {
        "mid": "4526927299848200",
        "has_multimedia": 1,
        "comments_count": 0,
        "reposts_count": 0,
        "attitudes_count": 0,
        "t": "1594787037000",
        "text": "就这一群公知还叫嚣不够自由呢",
        "uid": "5436357609/",
        "followers_count": "18",
        "statuses_count": "83",
        "verified": 0,
        "user_created_at": "2015-03-04",
        "has_description": 1,
        "parent": "4526616858945378"
    },
    {
        "mid": "4526924276542082",
        "has_multimedia": 1,
        "comments_count": 28,
        "reposts_count": 37,
        "attitudes_count": 153,
        "t": "1594744860000",
        "text": "了解到了真实情况后，东大教授震惊之余，就撤回信并写道歉信。可见梁的言论有多反人类。也突出一个很紧迫很现实的问题：我们的外宣实在是太弱势，虽然我在境外不少媒体有一定知名度，也曾在推特先后注册三个帐号，但都被推特秒销号了//@张颐武:可参考，东京大学的三位教师已经撤回了这封公开信",
        "uid": "5885167253/",
        "followers_count": "509",
        "statuses_count": "46558",
        "verified": 0,
        "user_created_at": "2016-03-22",
        "has_description": 1,
        "parent": "4526616858945378"
    },
    {
        "mid": "4526917287517569",
        "has_multimedia": 1,
        "comments_count": 0,
        "reposts_count": 0,
        "attitudes_count": 0,
        "t": "1594784649000",
        "text": "//@义勇军工农克察今1:可以把被推特脸书销号的中国网友数量和销号原因定期做个汇总公布，揭露境外媒体控制舆论的手段。",
        "uid": "6073988888/",
        "followers_count": "379",
        "statuses_count": "610",
        "verified": 0,
        "user_created_at": "2016-11-25",
        "has_description": 0,
        "parent": "4526616858945378"
    },
    {
        "mid": "4526915099193712",
        "has_multimedia": 1,
        "comments_count": 28,
        "reposts_count": 37,
        "attitudes_count": 153,
        "t": "1594744860000",
        "text": "了解到了真实情况后，东大教授震惊之余，就撤回信并写道歉信。可见梁的言论有多反人类。也突出一个很紧迫很现实的问题：我们的外宣实在是太弱势，虽然我在境外不少媒体有一定知名度，也曾在推特先后注册三个帐号，但都被推特秒销号了//@张颐武:可参考，东京大学的三位教师已经撤回了这封公开信",
        "uid": "2387318442/",
        "followers_count": "546",
        "statuses_count": "7511",
        "verified": 0,
        "user_created_at": "2011-09-10",
        "has_description": 1,
        "parent": "4526616858945378"
    }
]