[
    {
        "mid": "4526616871558168",
        "has_multimedia": 1,
        "comments_count": 269,
        "reposts_count": 125,
        "attitudes_count": 1298,
        "t": "1594713024000",
        "text": "【正在直播！#北京疫情防控情况发布会#】7月13日，北京新增确诊病例为零，#北京连续8天零新增#。今天下午，北京市召开疫情防控新闻发布会，将介绍有关情况，并答记者问。@人民日报 联合@北京日报都视频 正在直播↓↓一起关注！ L人民日报的微博视频 . ​​​​",
        "uid": "2803301701/",
        "followers_count": "119761832",
        "statuses_count": "120512",
        "verified": 1,
        "has_description": 1,
        "parent": "0",
        "user_created_at": "2012-07-22"
    },
    {
        "mid": "4526871797065403",
        "has_multimedia": 1,
        "comments_count": 0,
        "reposts_count": 0,
        "attitudes_count": 0,
        "t": "1594773803000",
        "text": "转发微博",
        "uid": "7473350556/",
        "followers_count": "5",
        "statuses_count": "40",
        "verified": 0,
        "user_created_at": "2020-06-20",
        "has_description": 1,
        "parent": "4526616871558168"
    },
    {
        "mid": "4526867707428016",
        "has_multimedia": 1,
        "comments_count": 0,
        "reposts_count": 0,
        "attitudes_count": 0,
        "t": "1594772828000",
        "text": "转发微博",
        "uid": "2585733527/",
        "followers_count": "70",
        "statuses_count": "3257",
        "verified": 0,
        "user_created_at": "2012-01-21",
        "has_description": 0,
        "parent": "4526616871558168"
    },
    {
        "mid": "4526839286822909",
        "has_multimedia": 1,
        "comments_count": 0,
        "reposts_count": 0,
        "attitudes_count": 0,
        "t": "1594766053000",
        "text": "转发微博",
        "uid": "3008541101/",
        "followers_count": "250",
        "statuses_count": "2145",
        "verified": 1,
        "has_description": 1,
        "parent": "4526616871558168",
        "user_created_at": "2012-12-03"
    }
]