[
    {
        "mid": "4527661710059405",
        "has_multimedia": 1,
        "comments_count": 354,
        "reposts_count": 440,
        "attitudes_count": 1261,
        "t": "1594962134000",
        "text": "日本餐厅排队等位区的椅子好好玩啊哈哈哈 ​​​​",
        "uid": "5671786192/",
        "followers_count": "5368239",
        "statuses_count": "12211",
        "verified": 1,
        "user_created_at": "2015-08-08",
        "has_description": 1,
        "parent": "0"
    },
    {
        "mid": "4528376495217539",
        "has_multimedia": 1,
        "comments_count": 0,
        "reposts_count": 0,
        "attitudes_count": 0,
        "t": "1595132552000",
        "text": "想去排队",
        "uid": "5716290917/",
        "followers_count": "573",
        "statuses_count": "2119",
        "verified": 0,
        "user_created_at": "2015-10-02",
        "has_description": 1,
        "parent": "4527661710059405"
    },
    {
        "mid": "4527939947332188",
        "has_multimedia": 1,
        "comments_count": 0,
        "reposts_count": 0,
        "attitudes_count": 0,
        "t": "1595028470000",
        "text": "这个哈哈哈哈哈哈哈哈好有意思的椅子",
        "uid": "5600488144/",
        "followers_count": "67",
        "statuses_count": "7070",
        "verified": 0,
        "user_created_at": "2015-05-01",
        "has_description": 0,
        "parent": "4527661710059405"
    },
    {
        "mid": "4527771612875947",
        "has_multimedia": 1,
        "comments_count": 1,
        "reposts_count": 0,
        "attitudes_count": 0,
        "t": "1594988336000",
        "text": "@SLAINE_TROYARD 如果逛街也能……",
        "uid": "5620240184/",
        "followers_count": "111",
        "statuses_count": "591",
        "verified": 0,
        "user_created_at": "2015-05-29",
        "has_description": 1,
        "parent": "4527661710059405"
    },
    {
        "mid": "4527710312865852",
        "has_multimedia": 1,
        "comments_count": 0,
        "reposts_count": 0,
        "attitudes_count": 0,
        "t": "1594973722000",
        "text": "@小李是只白泽 上次咱俩吃回转寿司没这待遇哈哈哈哈哈",
        "uid": "3175171663/",
        "followers_count": "322",
        "statuses_count": "4626",
        "verified": 0,
        "user_created_at": "2012-12-05",
        "has_description": 1,
        "parent": "4527661710059405"
    },
    {
        "mid": "4527698175853750",
        "has_multimedia": 1,
        "comments_count": 0,
        "reposts_count": 0,
        "attitudes_count": 0,
        "t": "1594970827000",
        "text": "转发微博",
        "uid": "1418396640/",
        "followers_count": "174",
        "statuses_count": "6915",
        "verified": 0,
        "user_created_at": "2009-09-11",
        "has_description": 1,
        "parent": "4527661710059405"
    },
    {
        "mid": "4527696480570100",
        "has_multimedia": 1,
        "comments_count": 0,
        "reposts_count": 0,
        "attitudes_count": 0,
        "t": "1594970423000",
        "text": "中国来一个好吗",
        "uid": "2853656731/",
        "followers_count": "151",
        "statuses_count": "122",
        "verified": 0,
        "user_created_at": "2012-08-27",
        "has_description": 1,
        "parent": "4527661710059405"
    },
    {
        "mid": "4527696011595034",
        "has_multimedia": 1,
        "comments_count": 0,
        "reposts_count": 0,
        "attitudes_count": 0,
        "t": "1594970312000",
        "text": "我操好高级",
        "uid": "5700321314/",
        "followers_count": "1803",
        "statuses_count": "7207",
        "verified": 0,
        "user_created_at": "2015-09-10",
        "has_description": 1,
        "parent": "4527661710059405"
    },
    {
        "mid": "4527695902019557",
        "has_multimedia": 1,
        "comments_count": 0,
        "reposts_count": 0,
        "attitudes_count": 0,
        "t": "1594970286000",
        "text": "卧槽哈哈哈哈哈哈哈哈",
        "uid": "3911370079/",
        "followers_count": "300",
        "statuses_count": "4243",
        "verified": 0,
        "user_created_at": "2013-11-19",
        "has_description": 1,
        "parent": "4527661710059405"
    }
]