[
    {
        "mid": "4527662545243422",
        "has_multimedia": 1,
        "comments_count": 458,
        "reposts_count": 395,
        "attitudes_count": 4215,
        "t": "1594962333000",
        "text": "#闻汛出击#【直播！#安徽铜陵大通古镇被淹# 关注最新情况！】目前，长江干流安徽段持续超警，导致安徽铜陵的大通古镇被江水淹没。大通古镇临江的澜溪老街商铺被淹，江心洲的两个村子也被洪水包围。现场情况如何？看直播↓关注！（总台央视记者张腾飞） L央视新闻的微博视频 . ​​​​",
        "uid": "2656274875/",
        "followers_count": "111959976",
        "statuses_count": "130538",
        "verified": 1,
        "has_description": 1,
        "parent": "0",
        "user_created_at": "2012-03-07"
    },
    {
        "mid": "4527663446235133",
        "has_multimedia": 1,
        "comments_count": 4,
        "reposts_count": 17,
        "attitudes_count": 5,
        "t": "1594962548000",
        "text": "转发微博",
        "uid": "1958889463/",
        "followers_count": "974707",
        "statuses_count": "76033",
        "verified": 1,
        "has_description": 1,
        "parent": "4527662545243422",
        "user_created_at": "2011-02-09"
    },
    {
        "mid": "4528054795510771",
        "has_multimedia": 1,
        "comments_count": 0,
        "reposts_count": 0,
        "attitudes_count": 0,
        "t": "1595055852000",
        "text": "//@沈阳铁路:转发微博",
        "uid": "3718818201/",
        "followers_count": "1481",
        "statuses_count": "4526",
        "verified": 1,
        "has_description": 1,
        "parent": "4527663446235133",
        "user_created_at": "2013-08-13"
    },
    {
        "mid": "4528034378418182",
        "has_multimedia": 1,
        "comments_count": 0,
        "reposts_count": 0,
        "attitudes_count": 0,
        "t": "1595050984000",
        "text": "//@沈阳铁路: 转发微博",
        "uid": "3718818201/",
        "followers_count": "1481",
        "statuses_count": "4526",
        "verified": 1,
        "has_description": 1,
        "parent": "4527663446235133",
        "user_created_at": "2013-08-13"
    },
    {
        "mid": "4528033065344111",
        "has_multimedia": 1,
        "comments_count": 0,
        "reposts_count": 0,
        "attitudes_count": 0,
        "t": "1595050672000",
        "text": "#沈铁微播报# //@沈阳铁路:转发微博",
        "uid": "6677768553/",
        "followers_count": "1183",
        "statuses_count": "14195",
        "verified": 0,
        "user_created_at": "2018-09-03",
        "has_description": 0,
        "parent": "4527663446235133"
    },
    {
        "mid": "4527926701721330",
        "has_multimedia": 1,
        "comments_count": 4,
        "reposts_count": 17,
        "attitudes_count": 5,
        "t": "1594962540000",
        "text": "转发微博",
        "uid": "7010777545/",
        "followers_count": "520",
        "statuses_count": "5913",
        "verified": 0,
        "user_created_at": "2019-02-26",
        "has_description": 0,
        "parent": "4527663446235133"
    },
    {
        "mid": "4527808677680656",
        "has_multimedia": 1,
        "comments_count": 0,
        "reposts_count": 0,
        "attitudes_count": 0,
        "t": "1594997172000",
        "text": "//@沈阳铁路:转发微博",
        "uid": "6020684667/",
        "followers_count": "808",
        "statuses_count": "6453",
        "verified": 0,
        "user_created_at": "2016-09-12",
        "has_description": 0,
        "parent": "4527663446235133"
    },
    {
        "mid": "4527716613753215",
        "has_multimedia": 1,
        "comments_count": 4,
        "reposts_count": 17,
        "attitudes_count": 5,
        "t": "1594962540000",
        "text": "转发微博",
        "uid": "3699172053/",
        "followers_count": "1298",
        "statuses_count": "41690",
        "verified": 1,
        "has_description": 1,
        "parent": "4527663446235133",
        "user_created_at": "2013-08-05"
    },
    {
        "mid": "4527715354685955",
        "has_multimedia": 1,
        "comments_count": 0,
        "reposts_count": 0,
        "attitudes_count": 0,
        "t": "1594974924000",
        "text": "//@沈阳铁路: 转发微博",
        "uid": "3150465091/",
        "followers_count": "460239",
        "statuses_count": "50930",
        "verified": 1,
        "has_description": 1,
        "parent": "4527663446235133",
        "user_created_at": "2012-11-21"
    },
    {
        "mid": "4528384560073957",
        "has_multimedia": 1,
        "comments_count": 0,
        "reposts_count": 0,
        "attitudes_count": 0,
        "t": "1595134474000",
        "text": "转发微博",
        "uid": "1628690694/",
        "followers_count": "420",
        "statuses_count": "31031",
        "verified": 0,
        "user_created_at": "2011-01-23",
        "has_description": 1,
        "parent": "4527662545243422"
    },
    {
        "mid": "4528331926275207",
        "has_multimedia": 1,
        "comments_count": 0,
        "reposts_count": 0,
        "attitudes_count": 0,
        "t": "1595121925000",
        "text": "转发微博",
        "uid": "6812855600/",
        "followers_count": "120",
        "statuses_count": "14194",
        "verified": 0,
        "user_created_at": "2018-11-02",
        "has_description": 1,
        "parent": "4527662545243422"
    },
    {
        "mid": "4528302942850886",
        "has_multimedia": 1,
        "comments_count": 0,
        "reposts_count": 0,
        "attitudes_count": 0,
        "t": "1595115016000",
        "text": "#沈铁微播报# //@沈阳铁路:转发微博",
        "uid": "6677768553/",
        "followers_count": "1183",
        "statuses_count": "14195",
        "verified": 0,
        "user_created_at": "2018-09-03",
        "has_description": 0,
        "parent": "4527662545243422"
    },
    {
        "mid": "4528187260019810",
        "has_multimedia": 1,
        "comments_count": 0,
        "reposts_count": 0,
        "attitudes_count": 0,
        "t": "1595087434000",
        "text": "转发微博",
        "uid": "1842488593/",
        "followers_count": "343",
        "statuses_count": "18157",
        "verified": 0,
        "user_created_at": "2010-10-30",
        "has_description": 0,
        "parent": "4527662545243422"
    },
    {
        "mid": "4528162547180477",
        "has_multimedia": 1,
        "comments_count": 0,
        "reposts_count": 0,
        "attitudes_count": 0,
        "t": "1595081543000",
        "text": "转发微博",
        "uid": "2719276880/",
        "followers_count": "110",
        "statuses_count": "745",
        "verified": 0,
        "user_created_at": "2012-02-16",
        "has_description": 0,
        "parent": "4527662545243422"
    },
    {
        "mid": "4528145916507493",
        "has_multimedia": 1,
        "comments_count": 0,
        "reposts_count": 0,
        "attitudes_count": 0,
        "t": "1595077578000",
        "text": "唉……",
        "uid": "5720571900/",
        "followers_count": "10",
        "statuses_count": "1902",
        "verified": 0,
        "user_created_at": "2015-10-07",
        "has_description": 1,
        "parent": "4527662545243422"
    }
]