[
    {
        "mid": "4527649923798235",
        "has_multimedia": 1,
        "comments_count": 435,
        "reposts_count": 686,
        "attitudes_count": 3726,
        "t": "1594959324000",
        "text": "最可爱的人民，最可爱的子弟兵 ​​​ ​​​​",
        "uid": "3937348351/",
        "followers_count": "14662459",
        "statuses_count": "38838",
        "verified": 1,
        "has_description": 1,
        "parent": "0",
        "user_created_at": "2013-12-20"
    },
    {
        "mid": "4527652012042422",
        "has_multimedia": 1,
        "comments_count": 77,
        "reposts_count": 135,
        "attitudes_count": 1964,
        "t": "1594959822000",
        "text": "致敬最可爱的人",
        "uid": "7010131150/",
        "followers_count": "1088966",
        "statuses_count": "7789",
        "verified": 1,
        "user_created_at": "2019-02-25",
        "has_description": 1,
        "parent": "4527649923798235"
    },
    {
        "mid": "4528411094289878",
        "has_multimedia": 1,
        "comments_count": 77,
        "reposts_count": 135,
        "attitudes_count": 1964,
        "t": "1594959780000",
        "text": "致敬最可爱的人",
        "uid": "1846059495/",
        "followers_count": "1461",
        "statuses_count": "2418",
        "verified": 0,
        "user_created_at": "2010-11-03",
        "has_description": 1,
        "parent": "4527652012042422"
    },
    {
        "mid": "4528179815911604",
        "has_multimedia": 1,
        "comments_count": 77,
        "reposts_count": 135,
        "attitudes_count": 1964,
        "t": "1594959780000",
        "text": "致敬最可爱的人",
        "uid": "6897912304/",
        "followers_count": "29",
        "statuses_count": "987",
        "verified": 0,
        "user_created_at": "2018-12-24",
        "has_description": 1,
        "parent": "4527652012042422"
    },
    {
        "mid": "4528085607908559",
        "has_multimedia": 1,
        "comments_count": 0,
        "reposts_count": 0,
        "attitudes_count": 0,
        "t": "1595063198000",
        "text": "最可爱的人//@帝吧官微:致敬最可爱的人",
        "uid": "5269958585/",
        "followers_count": "539",
        "statuses_count": "51441",
        "verified": 0,
        "user_created_at": "2014-08-27",
        "has_description": 1,
        "parent": "4527652012042422"
    },
    {
        "mid": "4528085074449827",
        "has_multimedia": 1,
        "comments_count": 77,
        "reposts_count": 135,
        "attitudes_count": 1964,
        "t": "1594959780000",
        "text": "致敬最可爱的人",
        "uid": "5269958585/",
        "followers_count": "539",
        "statuses_count": "51441",
        "verified": 0,
        "user_created_at": "2014-08-27",
        "has_description": 1,
        "parent": "4527652012042422"
    },
    {
        "mid": "4528067835598736",
        "has_multimedia": 1,
        "comments_count": 0,
        "reposts_count": 0,
        "attitudes_count": 0,
        "t": "1595058962000",
        "text": "//@帝吧爆破组://@帝吧官微:致敬最可爱的人",
        "uid": "6655578579/",
        "followers_count": "52",
        "statuses_count": "1143",
        "verified": 0,
        "user_created_at": "2018-08-23",
        "has_description": 1,
        "parent": "4527652012042422"
    },
    {
        "mid": "4527661391021092",
        "has_multimedia": 1,
        "comments_count": 3,
        "reposts_count": 20,
        "attitudes_count": 60,
        "t": "1594962057000",
        "text": "中国人民解放军",
        "uid": "3279710155/",
        "followers_count": "5372502",
        "statuses_count": "71491",
        "verified": 1,
        "user_created_at": "2013-05-12",
        "has_description": 1,
        "parent": "4527649923798235"
    },
    {
        "mid": "4527827196578064",
        "has_multimedia": 1,
        "comments_count": 0,
        "reposts_count": 0,
        "attitudes_count": 0,
        "t": "1595001589000",
        "text": "//@枪-和玫瑰://@斯图卡98: 中国人民解放军",
        "uid": "7355713229/",
        "followers_count": "768",
        "statuses_count": "9723",
        "verified": 0,
        "user_created_at": "2019-12-15",
        "has_description": 1,
        "parent": "4527661391021092"
    },
    {
        "mid": "4527821593251413",
        "has_multimedia": 1,
        "comments_count": 0,
        "reposts_count": 5,
        "attitudes_count": 15,
        "t": "1594964760000",
        "text": "//@斯图卡98: 中国人民解放军",
        "uid": "7420038947/",
        "followers_count": "30",
        "statuses_count": "471",
        "verified": 0,
        "user_created_at": "2020-03-26",
        "has_description": 1,
        "parent": "4527661391021092"
    },
    {
        "mid": "4527754408368183",
        "has_multimedia": 1,
        "comments_count": 0,
        "reposts_count": 5,
        "attitudes_count": 15,
        "t": "1594964760000",
        "text": "//@斯图卡98: 中国人民解放军",
        "uid": "1886000443/",
        "followers_count": "195",
        "statuses_count": "150752",
        "verified": 0,
        "user_created_at": "2010-12-08",
        "has_description": 0,
        "parent": "4527661391021092"
    },
    {
        "mid": "4527743365028530",
        "has_multimedia": 1,
        "comments_count": 0,
        "reposts_count": 0,
        "attitudes_count": 0,
        "t": "1594981602000",
        "text": "//@枪-和玫瑰://@斯图卡98: 中国人民解放军",
        "uid": "7416009115/",
        "followers_count": "30",
        "statuses_count": "2829",
        "verified": 0,
        "user_created_at": "2020-03-19",
        "has_description": 0,
        "parent": "4527661391021092"
    },
    {
        "mid": "4527731478632694",
        "has_multimedia": 1,
        "comments_count": 0,
        "reposts_count": 0,
        "attitudes_count": 0,
        "t": "1594978768000",
        "text": "//@斯图卡98:中国人民解放军",
        "uid": "1217385194/",
        "followers_count": "380",
        "statuses_count": "13632",
        "verified": 0,
        "user_created_at": "2009-11-01",
        "has_description": 1,
        "parent": "4527661391021092"
    },
    {
        "mid": "4527703258568626",
        "has_multimedia": 1,
        "comments_count": 0,
        "reposts_count": 0,
        "attitudes_count": 0,
        "t": "1594972040000",
        "text": "//@斯图卡98: 中国人民解放军",
        "uid": "6991076325/",
        "followers_count": "2214",
        "statuses_count": "5383",
        "verified": 0,
        "user_created_at": "2019-02-11",
        "has_description": 0,
        "parent": "4527661391021092"
    },
    {
        "mid": "4527695055295434",
        "has_multimedia": 1,
        "comments_count": 0,
        "reposts_count": 0,
        "attitudes_count": 0,
        "t": "1594970084000",
        "text": "毛主席创建的中国人民解放军！//@枪-和玫瑰://@斯图卡98: 中国人民解放军",
        "uid": "5587074886/",
        "followers_count": "921",
        "statuses_count": "14631",
        "verified": 0,
        "user_created_at": "2015-04-13",
        "has_description": 0,
        "parent": "4527661391021092"
    },
    {
        "mid": "4527683679818736",
        "has_multimedia": 1,
        "comments_count": 3,
        "reposts_count": 20,
        "attitudes_count": 60,
        "t": "1594962000000",
        "text": "中国人民解放军",
        "uid": "5480091051/",
        "followers_count": "59",
        "statuses_count": "670",
        "verified": 0,
        "user_created_at": "2015-03-29",
        "has_description": 0,
        "parent": "4527661391021092"
    },
    {
        "mid": "4527681792384026",
        "has_multimedia": 1,
        "comments_count": 3,
        "reposts_count": 20,
        "attitudes_count": 60,
        "t": "1594962000000",
        "text": "中国人民解放军",
        "uid": "2267980815/",
        "followers_count": "1308",
        "statuses_count": "68223",
        "verified": 0,
        "user_created_at": "2011-07-25",
        "has_description": 1,
        "parent": "4527661391021092"
    },
    {
        "mid": "4527674624056138",
        "has_multimedia": 1,
        "comments_count": 0,
        "reposts_count": 0,
        "attitudes_count": 0,
        "t": "1594965212000",
        "text": "人民子弟兵～//@斯图卡98:中国人民解放军",
        "uid": "5865825454/",
        "followers_count": "349",
        "statuses_count": "1677",
        "verified": 0,
        "user_created_at": "2016-02-21",
        "has_description": 1,
        "parent": "4527661391021092"
    },
    {
        "mid": "4528728425899892",
        "has_multimedia": 1,
        "comments_count": 0,
        "reposts_count": 0,
        "attitudes_count": 0,
        "t": "1595216459000",
        "text": "//@呗呗兔_TO:中国有一群心存人民的解放军    中国有一群感恩的人民    双箭头的爱",
        "uid": "7465678448/",
        "followers_count": "6",
        "statuses_count": "465",
        "verified": 0,
        "user_created_at": "2020-05-31",
        "has_description": 0,
        "parent": "4527649923798235"
    },
    {
        "mid": "4528704417438203",
        "has_multimedia": 1,
        "comments_count": 0,
        "reposts_count": 0,
        "attitudes_count": 0,
        "t": "1595210735000",
        "text": "转发微博",
        "uid": "2245572404/",
        "followers_count": "1196",
        "statuses_count": "3870",
        "verified": 1,
        "has_description": 1,
        "parent": "4527649923798235",
        "user_created_at": "2011-07-14"
    },
    {
        "mid": "4528553703773004",
        "has_multimedia": 1,
        "comments_count": 0,
        "reposts_count": 0,
        "attitudes_count": 0,
        "t": "1595174802000",
        "text": "//@帝吧官微:致敬最可爱的人",
        "uid": "1989651831/",
        "followers_count": "172",
        "statuses_count": "1275",
        "verified": 0,
        "user_created_at": "2011-02-24",
        "has_description": 1,
        "parent": "4527649923798235"
    },
    {
        "mid": "4528521294122346",
        "has_multimedia": 1,
        "comments_count": 77,
        "reposts_count": 135,
        "attitudes_count": 1964,
        "t": "1594959780000",
        "text": "致敬最可爱的人",
        "uid": "6265678619/",
        "followers_count": "9",
        "statuses_count": "162",
        "verified": 0,
        "user_created_at": "2017-06-27",
        "has_description": 0,
        "parent": "4527649923798235"
    },
    {
        "mid": "4528475077869805",
        "has_multimedia": 1,
        "comments_count": 0,
        "reposts_count": 0,
        "attitudes_count": 0,
        "t": "1595156055000",
        "text": "转发微博",
        "uid": "3215418600/",
        "followers_count": "103",
        "statuses_count": "6384",
        "verified": 0,
        "user_created_at": "2013-03-06",
        "has_description": 1,
        "parent": "4527649923798235"
    },
    {
        "mid": "4528455384828726",
        "has_multimedia": 1,
        "comments_count": 77,
        "reposts_count": 135,
        "attitudes_count": 1964,
        "t": "1594959780000",
        "text": "致敬最可爱的人",
        "uid": "3912420508/",
        "followers_count": "508",
        "statuses_count": "8417",
        "verified": 0,
        "user_created_at": "2013-11-21",
        "has_description": 1,
        "parent": "4527649923798235"
    },
    {
        "mid": "4528418886263224",
        "has_multimedia": 1,
        "comments_count": 0,
        "reposts_count": 0,
        "attitudes_count": 0,
        "t": "1595142659000",
        "text": "看了就落泪系列，今天泪腺特别敏感",
        "uid": "2904831383/",
        "followers_count": "42",
        "statuses_count": "24310",
        "verified": 0,
        "user_created_at": "2012-08-06",
        "has_description": 1,
        "parent": "4527649923798235"
    }
]