[
    {
        "mid": "4527667972674098",
        "has_multimedia": 1,
        "comments_count": 744,
        "reposts_count": 997,
        "attitudes_count": 20722,
        "t": "1594963627000",
        "text": "【#若有令召必回#！#49名退役军人一天内赶回家乡抗洪#】近日，安徽省枞阳县长河水位暴涨。当地退役军事务局发出招募令，短短一天内，就有49名老兵从四面八方赶回家乡，组成退役军人先锋队，出现在抗洪一线。他们说：“人在堤在！洪水不退，绝不收兵！”转起致敬！L央视军事的微博视频 @央视军事 ​​​​",
        "uid": "2656274875/",
        "followers_count": "111937380",
        "statuses_count": "130500",
        "verified": 1,
        "has_description": 1,
        "parent": "0",
        "user_created_at": "2012-03-07"
    },
    {
        "mid": "4528043769733363",
        "has_multimedia": 1,
        "comments_count": 0,
        "reposts_count": 0,
        "attitudes_count": 0,
        "t": "1595053224000",
        "text": "",
        "uid": "3500374164/",
        "followers_count": "56",
        "statuses_count": "3487",
        "verified": 0,
        "user_created_at": "2013-05-30",
        "has_description": 0,
        "parent": "4527667972674098"
    },
    {
        "mid": "4528035325809338",
        "has_multimedia": 1,
        "comments_count": 0,
        "reposts_count": 0,
        "attitudes_count": 0,
        "t": "1595051211000",
        "text": "转发微博",
        "uid": "6140445895/",
        "followers_count": "282",
        "statuses_count": "11593",
        "verified": 0,
        "user_created_at": "2017-02-13",
        "has_description": 0,
        "parent": "4527667972674098"
    }
]