[
    {
        "mid": "4527668709566765",
        "has_multimedia": 1,
        "comments_count": 417,
        "reposts_count": 126,
        "attitudes_count": 3440,
        "t": "1594963803000",
        "text": "【两名小学生研究茶多酚抗肿瘤获奖，武汉科协回应】据武汉市科学技术协会官网7月17日消息，当天青少年科技创新大赛武汉市选拔赛竞赛组织委员会办公室发布《关于武汉2名小学生研究茶多酚抗肿瘤获奖相关情况的声明》。近日，关于武汉2名小学生研究茶多酚抗肿瘤获奖的网络报道引发社会关注。经初步核实，获奖作品《茶多酚的抗肿瘤实验研究》为华中科技大学附属小学学生李某怡和李某卿完成的对比实验观察报告。实验想法由李某怡在参加学校的科技节小课题研究活动中向科学老师提出，并在科学老师的建议下联系到从事肿瘤实验技术工作的医院实验技术员作为指导老师，在指导老师的指导下厘清了实验思路并进行了对比观察实验。2名学生在对比观察实验中的动物抓取、称重、小鼠药物注射、肿瘤测量等简单操作，均经过指导老师的专门培训。小鼠的肿瘤剥离操作严格按照实验动物操作标准和伦理，在麻醉处死后开展，实验肿瘤属于皮下肿瘤，剥离实验属于简单基础操作，在老师演示教学后，学生能够独立完成，并从实践中得出报告结果。在青少年科技创新大赛武汉市选拔赛中，按照个人申报（提交查新报告等申报资料）、学校推荐、区级初评、市级复评的程序，由专家组对《茶多酚的抗肿瘤实验研究》等作品进行了评审。专家组按照分别审核、集中评议的原则，一致认可《茶多酚的抗肿瘤实验研究》等科技创新成果作品，并建议推荐参加省级竞赛。我们一直致力于培养青少年的科学精神和创新能力，鼓励中小学生开展科学实验探究活动，推动社会各界共同促进青少年科学素养的提升。同时也欢迎社会各界对我们的工作进行监督。",
        "uid": "1887344341/",
        "followers_count": "12646925",
        "statuses_count": "110742",
        "verified": 1,
        "has_description": 1,
        "parent": "0",
        "user_created_at": "2010-12-09"
    },
    {
        "mid": "4528503868098348",
        "has_multimedia": 1,
        "comments_count": 0,
        "reposts_count": 0,
        "attitudes_count": 0,
        "t": "1595162919000",
        "text": "手把手教就差嚼碎喂嘴里了？就这？还解释什么啊解释",
        "uid": "3408465314/",
        "followers_count": "97",
        "statuses_count": "500",
        "verified": 0,
        "user_created_at": "2013-05-03",
        "has_description": 0,
        "parent": "4527668709566765"
    },
    {
        "mid": "4528260732682908",
        "has_multimedia": 1,
        "comments_count": 0,
        "reposts_count": 0,
        "attitudes_count": 0,
        "t": "1595104952000",
        "text": "所以当年要wg",
        "uid": "1758584541/",
        "followers_count": "4410",
        "statuses_count": "325",
        "verified": 0,
        "user_created_at": "2010-06-16",
        "has_description": 0,
        "parent": "4527668709566765"
    },
    {
        "mid": "4528090195695400",
        "has_multimedia": 1,
        "comments_count": 0,
        "reposts_count": 0,
        "attitudes_count": 0,
        "t": "1595064293000",
        "text": "请两位小学生操作一下小鼠的肿瘤剥离",
        "uid": "1885397274/",
        "followers_count": "746",
        "statuses_count": "2726",
        "verified": 0,
        "user_created_at": "2010-11-29",
        "has_description": 0,
        "parent": "4527668709566765"
    },
    {
        "mid": "4527991592591731",
        "has_multimedia": 1,
        "comments_count": 0,
        "reposts_count": 0,
        "attitudes_count": 0,
        "t": "1595040784000",
        "text": "？",
        "uid": "5436451540/",
        "followers_count": "202",
        "statuses_count": "689",
        "verified": 0,
        "user_created_at": "2015-03-08",
        "has_description": 1,
        "parent": "4527668709566765"
    },
    {
        "mid": "4527981059902628",
        "has_multimedia": 1,
        "comments_count": 0,
        "reposts_count": 0,
        "attitudes_count": 0,
        "t": "1595038272000",
        "text": "//@happy看比赛:看来冒出某作家的某个地方不是一般的腐败。",
        "uid": "5223697366/",
        "followers_count": "5",
        "statuses_count": "962",
        "verified": 0,
        "user_created_at": "2014-07-18",
        "has_description": 0,
        "parent": "4527668709566765"
    }
]