[
    {
        "mid": "4527653242277122",
        "has_multimedia": 1,
        "comments_count": 2597,
        "reposts_count": 459,
        "attitudes_count": 28876,
        "t": "1594960115000",
        "text": "【#新一线城市生育率盘点#：东莞出生率最高，天津沈阳率先迈向人口低增长】记者统计了2019年统计公报的数据，15个新一线城市中，除成都和青岛尚未公布生育率之外，其余城市均公布了2019年的相关数据。2019年，有4个城市的人口出生率不足10‰，分别为天津、沈阳、南京和苏州（苏州为户籍人口，其余未标明的为常住人口）。从出生率上看，天津以6.73‰的数据垫底。但人口自然增长上看，压力最大的是沈阳，这是由于该市的老龄化严重。2019年，公布了数据的13个新一线城市中，自然增长率不超过2‰的城市，只有天津和沈阳两个。其中，沈阳为0.04‰，天津为1.43‰。其余的城市中，比较低的还有重庆和苏州，分别为2.91‰、2.37‰。学者表示，沈阳是东北的一个典型的城市，人口尤其是年轻劳动力外流相对较多，而且不仅仅是低学历的人口，很多本科学历的人口也在外流。目前来看，这种循环很难打破。天津的情况与沈阳并不完全一致，该地人口出生率一直保持低水平，但是死亡率也较低，显示人口年龄结构相对较年轻。（21）",
        "uid": "1885454921/",
        "followers_count": "3018402",
        "statuses_count": "147111",
        "verified": 1,
        "has_description": 1,
        "parent": "0",
        "user_created_at": "2012-01-01"
    },
    {
        "mid": "4528047761664496",
        "has_multimedia": 1,
        "comments_count": 0,
        "reposts_count": 0,
        "attitudes_count": 2,
        "t": "1595054176000",
        "text": "天津出生率低不是很正常嘛，我们天津妹子又不都是傻子😂😂",
        "uid": "2681546751/",
        "followers_count": "721",
        "statuses_count": "2360",
        "verified": 0,
        "user_created_at": "2012-03-25",
        "has_description": 1,
        "parent": "4527653242277122"
    },
    {
        "mid": "4528044221929027",
        "has_multimedia": 1,
        "comments_count": 0,
        "reposts_count": 0,
        "attitudes_count": 0,
        "t": "1595053332000",
        "text": "//@大茗爷:女性受教育程度越高，生育率越低。很多男性纷纷说，不应该让女性接受教育，就应该然后她们生孩子照顾家庭。大多数中国男性竟然都是这么想的，所以你们的家庭婚姻不幸福，这才是根源。",
        "uid": "5692590307/",
        "followers_count": "22",
        "statuses_count": "395",
        "verified": 0,
        "user_created_at": "2015-09-02",
        "has_description": 1,
        "parent": "4527653242277122"
    },
    {
        "mid": "4528041429043429",
        "has_multimedia": 1,
        "comments_count": 0,
        "reposts_count": 0,
        "attitudes_count": 0,
        "t": "1595052666000",
        "text": "//@紫色裙裙布灵布灵:女性受教育程度越高，生育率越低",
        "uid": "6682862727/",
        "followers_count": "5",
        "statuses_count": "200",
        "verified": 0,
        "user_created_at": "2018-09-05",
        "has_description": 0,
        "parent": "4527653242277122"
    }
]