[
    {
        "mid": "4527653862772329",
        "has_multimedia": 1,
        "comments_count": 433,
        "reposts_count": 51,
        "attitudes_count": 2777,
        "t": "1594960263000",
        "text": "#演员姜涛道歉#【演员姜涛医院发生冲突后向医护人员道歉，当事护士回忆事发经过】#演员姜涛否认借医闹炒作#入行8年，曾出演电影《我是路人甲》的90后演员姜涛，近日备受关注。7月12日，因在浙江金华陪护住院女友时与医护人员发生冲突，被当晚在该科室值班的医生曝光称其“医闹”。7月15日，姜涛联系南都记者表示，已经认识到当晚在护士台大声喧哗、影响医院秩序的行为不当，向受干扰的医护人员致歉。同时他说，他和朋友没有靠“医闹”吸粉的主观意愿，他作为病人家属求助心迫切，才在护士台失控做出不当行为。承认曾对医护人员爆粗口据姜涛向南都记者介绍，7月12日凌晨，与姜涛相恋多年的女友小胡因外伤入住金华市中医医院，当日傍晚主治医师下班后，姜涛和朋友因不满值班护士的服务态度与其争吵，而后有医生赶到，与姜涛拿手机互拍，此后民警出面调停，姜涛向受影响的医护道歉。姜涛向南都记者提供了急诊病历单，显示患者“头部损伤，腰部损伤，多处挫伤，外伤、血证类，脑震荡，骨盆骨折，胸部损伤，腰椎骨折，创伤性气胸，肺挫伤，肝挫伤。”此外，可见“左前臂局部皮肤擦伤，右膝有一长约3cm创口”。姜涛称，赶到医院发现躺在病床上的女友浑身是伤，一直喊疼，这是他从没遇到过的状况。姜涛害怕自己“挺不住”，才决定把一位同乡的演员朋友叫过来帮衬。12日晚7时许，医院护士台前的争执为何发生？据医生发在微博上的当事护士录像称，系患者方对处理伤口一事态度反复。姜涛解释，前两次缝针是针对膝盖上的3cm伤，他力主为女友缝，但女友因为听说缝针不打麻药怕疼拒绝，而第三次想找大夫缝针是发现她脚上还有一处伤口。姜涛和朋友回忆，在12日晚主治医师下班后，女友又咳血痰，护士的应答让他们感觉“不太积极”。之后不久，该起交通事故的肇事者出现，与姜涛和朋友拿着病人的单子一起前往护士台询问病情并寻找医生，可让他们感觉“没人管”。这时，朋友爆发：“你们都在干嘛呀？人家小姑娘在那边躺着，病情那么严重，怎么也没人回我们一下？”姜涛随后拿出手机准备拍摄。姜涛对南都记者称，当时他没有开直播，录了视频也没想往外发，本意“就是让他们对我们有一些尊重，或者是有一些戒备，最起码不会把我们不当回事”。另外，也是看见有两个保安过来，他害怕后面有什么分歧，所以想用这种方式留下证据。他承认，由于心情急躁，曾有对医护人员爆粗口的错误做法，对此他已当面道歉。否认借“医闹”炒作南都记者15日致电金华市中医医院事发科室，一名当事护士予以否认：“（当时）我们护士都在的，没有不理。”这名护士回忆，事发当晚，姜涛等人的激烈反应让自己觉得莫名其妙：“当时我们都在干活，他那个高个儿的朋友就突然过来骂了，后来他（姜涛）就拿手机拍，说要把我们全部曝光。我们问出了什么事情，他们就说我们没管他，至于怎么没管的，他们也讲不出所以然。我们只能把值班医生喊出来了。”这名值班医生也就是曝光此事的医生，随后即发生了姜涛等人在医院喧哗被曝光的情况。随后，派出所民警赶到现场，对姜涛等人在医院喧哗的行为进行了批评教育，并对医患双方进行了调解。姜涛向受影响的医务人员表达歉意，并向拍摄者道歉。姜涛向南都记者表示，事发后生活受到很大影响，他和朋友绝对不是想要博取关注：“现在国内的疫情已经平稳，医生和护士是咱们心中的白衣天使，这样炒作的话，一辈子都翻不了身、洗不了白的。”O演员姜涛医院发生冲突后向医护人员道歉，当事...",
        "uid": "1644489953/",
        "followers_count": "18165485",
        "statuses_count": "28879",
        "verified": 1,
        "has_description": 1,
        "parent": "0",
        "user_created_at": "2020-01-01"
    },
    {
        "mid": "4528148924867988",
        "has_multimedia": 1,
        "comments_count": 0,
        "reposts_count": 0,
        "attitudes_count": 0,
        "t": "1595078295000",
        "text": "关键现在人家要告山猫，还扬言自杀，真是怕了这种垃圾",
        "uid": "1234961125/",
        "followers_count": "950",
        "statuses_count": "7419",
        "verified": 1,
        "user_created_at": "2010-03-11",
        "has_description": 1,
        "parent": "4527653862772329"
    },
    {
        "mid": "4528079798017960",
        "has_multimedia": 1,
        "comments_count": 7,
        "reposts_count": 10,
        "attitudes_count": 27,
        "t": "1594990380000",
        "text": "女朋友受伤不是干扰医院正常秩序的理由；无论是否直播此人的行为均有寻衅滋事的行为出现，也有一定的社会不良反应，是否继续追责由公安机关判定，但并不等于此人受了多少冤枉；此人至少三次以上在高速公路一边开车时边用手机拍视频👉O网页链接 事发后被其删除，但交管部门仍应查处！",
        "uid": "3148558415/",
        "followers_count": "149",
        "statuses_count": "2684",
        "verified": 0,
        "user_created_at": "2012-11-21",
        "has_description": 1,
        "parent": "4527653862772329"
    },
    {
        "mid": "4527985048685999",
        "has_multimedia": 1,
        "comments_count": 0,
        "reposts_count": 0,
        "attitudes_count": 0,
        "t": "1595039224000",
        "text": "客观来说，病人确实伤了，医生确实也处理了，对于生命体征平稳的患者，特别是复合伤的病人，无需手术治疗的前提下，医院就是观察，对症处理。但是，病人家属觉得我就是不好，我就是重，我不好，你就得来看。所以有一种急叫家属觉得急，有一种重叫家属觉得很重。就他的表演，完全复合大众对特权的需求。",
        "uid": "2257310805/",
        "followers_count": "72",
        "statuses_count": "710",
        "verified": 0,
        "user_created_at": "2011-07-19",
        "has_description": 1,
        "parent": "4527653862772329"
    },
    {
        "mid": "4527976223609772",
        "has_multimedia": 1,
        "comments_count": 0,
        "reposts_count": 0,
        "attitudes_count": 0,
        "t": "1595037120000",
        "text": "//@王国春:道歉管用么，江山易改本性难移！",
        "uid": "5234184528/",
        "followers_count": "3345",
        "statuses_count": "265700",
        "verified": 0,
        "user_created_at": "2014-07-27",
        "has_description": 0,
        "parent": "4527653862772329"
    },
    {
        "mid": "4527962307433252",
        "has_multimedia": 1,
        "comments_count": 7,
        "reposts_count": 10,
        "attitudes_count": 27,
        "t": "1594990380000",
        "text": "女朋友受伤不是干扰医院正常秩序的理由；无论是否直播此人的行为均有寻衅滋事的行为出现，也有一定的社会不良反应，是否继续追责由公安机关判定，但并不等于此人受了多少冤枉；此人至少三次以上在高速公路一边开车时边用手机拍视频👉O网页链接 事发后被其删除，但交管部门仍应查处！",
        "uid": "1768301327/",
        "followers_count": "362",
        "statuses_count": "3883",
        "verified": 0,
        "user_created_at": "2010-07-06",
        "has_description": 1,
        "parent": "4527653862772329"
    },
    {
        "mid": "4527922646352086",
        "has_multimedia": 1,
        "comments_count": 0,
        "reposts_count": 0,
        "attitudes_count": 0,
        "t": "1595024345000",
        "text": "//@王海://@花花花6551290172:回复@MIAOSHAN_:有没有专业的网友告诉我：“交通肇事者”是贬义词还是中性词？//@MIAOSHAN_:这种人是人品有问题，迫于舆论才道歉的吧！未必是认识到自己的错误",
        "uid": "7411281214/",
        "followers_count": "16",
        "statuses_count": "1030",
        "verified": 0,
        "user_created_at": "2020-03-12",
        "has_description": 1,
        "parent": "4527653862772329"
    },
    {
        "mid": "4527860851409717",
        "has_multimedia": 1,
        "comments_count": 0,
        "reposts_count": 0,
        "attitudes_count": 0,
        "t": "1595009612000",
        "text": "然后？医闹就这样？哈哈哈有意思",
        "uid": "1667622674/",
        "followers_count": "365",
        "statuses_count": "2254",
        "verified": 0,
        "user_created_at": "2011-06-15",
        "has_description": 1,
        "parent": "4527653862772329"
    },
    {
        "mid": "4527844699670507",
        "has_multimedia": 1,
        "comments_count": 7,
        "reposts_count": 10,
        "attitudes_count": 27,
        "t": "1594990380000",
        "text": "女朋友受伤不是干扰医院正常秩序的理由；无论是否直播此人的行为均有寻衅滋事的行为出现，也有一定的社会不良反应，是否继续追责由公安机关判定，但并不等于此人受了多少冤枉；此人至少三次以上在高速公路一边开车时边用手机拍视频👉O网页链接 事发后被其删除，但交管部门仍应查处！",
        "uid": "7121150861/",
        "followers_count": "415",
        "statuses_count": "1409",
        "verified": 0,
        "user_created_at": "2019-05-06",
        "has_description": 1,
        "parent": "4527653862772329"
    }
]