[
    {
        "mid": "4527671935238900",
        "has_multimedia": 1,
        "comments_count": 487,
        "reposts_count": 281,
        "attitudes_count": 3320,
        "t": "1594964571000",
        "text": "【#工信部要求严查SDK违规收集用户信息问题#】针对7月16日央视播出“3·15”晚会报道的SDK违规收集用户个人信息的问题，工信部第一时间组织相关单位进行认真核查，依法依规严厉查处涉事企业。一是立即组织北京、上海通信管理局对涉事两家SDK企业，北京招彩旺旺信息技术有限公司和上海氪信信息技术有限公司进行核查处理。二是立即组织第三方检测机构对曝光使用上述两家SDK的50余款APP进行技术检测，对存在问题的APP第一时间启动下架程序。三是立即启动应用商店联动处置机制，责成阿里、腾讯、百度、华为、小米、OPPO、vivo、360等国内主要应用商店，第一时间对类似问题进行“地毯式”排查，对发现问题一律第一时间予以下架，同时要求应用商店及时通知APP运营开发者自查自纠，及时发现、处理违规收集用户个人信息的SDK。O工信部要求严厉查处“3·15”晚会曝光的信息通信...",
        "uid": "2803301701/",
        "followers_count": "119886187",
        "statuses_count": "120692",
        "verified": 1,
        "has_description": 1,
        "parent": "0",
        "user_created_at": "2012-07-22"
    },
    {
        "mid": "4528117248958916",
        "has_multimedia": 1,
        "comments_count": 0,
        "reposts_count": 0,
        "attitudes_count": 0,
        "t": "1595070743000",
        "text": "666//@虹彩小猪猪:此案发生后，____ 高度重视，立即连夜召开____会议。____立即作出____，要求组织____，妥善处理___，迅速查清____，严肃追究____；立即组织开展_____，进一步做好____，防止_____。目前，____情绪稳定。____深感内疚，自责，痛心。",
        "uid": "2483456044/",
        "followers_count": "211",
        "statuses_count": "183",
        "verified": 0,
        "user_created_at": "2012-06-19",
        "has_description": 0,
        "parent": "4527671935238900"
    },
    {
        "mid": "4528087049704357",
        "has_multimedia": 1,
        "comments_count": 1,
        "reposts_count": 2,
        "attitudes_count": 2,
        "t": "1594985820000",
        "text": "【#工信部要求严查SDK违规收集用户信息问题#】",
        "uid": "6279718441/",
        "followers_count": "34",
        "statuses_count": "1325",
        "verified": 0,
        "user_created_at": "2017-06-13",
        "has_description": 0,
        "parent": "4527671935238900"
    },
    {
        "mid": "4528041584235976",
        "has_multimedia": 1,
        "comments_count": 0,
        "reposts_count": 0,
        "attitudes_count": 0,
        "t": "1595052703000",
        "text": "转发微博",
        "uid": "7411323815/",
        "followers_count": "4",
        "statuses_count": "342",
        "verified": 0,
        "user_created_at": "2020-03-12",
        "has_description": 0,
        "parent": "4527671935238900"
    },
    {
        "mid": "4528036374908339",
        "has_multimedia": 1,
        "comments_count": 0,
        "reposts_count": 0,
        "attitudes_count": 0,
        "t": "1595051461000",
        "text": "转发微博",
        "uid": "6533655755/",
        "followers_count": "5",
        "statuses_count": "1780",
        "verified": 0,
        "user_created_at": "2018-04-23",
        "has_description": 0,
        "parent": "4527671935238900"
    },
    {
        "mid": "4528030762667348",
        "has_multimedia": 1,
        "comments_count": 0,
        "reposts_count": 0,
        "attitudes_count": 0,
        "t": "1595050123000",
        "text": "建议录取//@虹彩小猪猪:此案发生后，____ 高度重视，立即连夜召开____会议。____立即作出____，要求组织____，妥善处理___，迅速查清____，严肃追究____；立即组织开展_____，进一步做好____，防止_____。目前，____情绪稳定。____深感内疚，自责，痛心。",
        "uid": "1109265542/",
        "followers_count": "85",
        "statuses_count": "14401",
        "verified": 0,
        "user_created_at": "2014-03-02",
        "has_description": 1,
        "parent": "4527671935238900"
    },
    {
        "mid": "4528021295338391",
        "has_multimedia": 1,
        "comments_count": 0,
        "reposts_count": 0,
        "attitudes_count": 0,
        "t": "1595047866000",
        "text": "此案发生后，____ 高度重视，立即连夜召开____会议。____立即作出____，要求组织____，妥善处理___，迅速查清____，严肃追究____；立即组织开展_____，进一步做好____，防止_____。目前，____情绪稳定。____深感内疚，自责，痛心。",
        "uid": "3210859301/",
        "followers_count": "1501",
        "statuses_count": "108",
        "verified": 0,
        "user_created_at": "2013-01-01",
        "has_description": 1,
        "parent": "4527671935238900"
    }
]