[
    {
        "mid": "4527656127699258",
        "has_multimedia": 1,
        "comments_count": 501,
        "reposts_count": 303,
        "attitudes_count": 3523,
        "t": "1594960803000",
        "text": "限制共产党员入境？你们对中国的力量一无所知@兔主席 ：每年访问美国的中国人有300万人次，其中有多少是共产党员及其家属？相信美国政府对此是一无所知的。中国共产党员到底在中国的政治体制里扮演什么样的角色？他们有着什么样的意识形态和行为？他们和社会的关系到底如何？美国人对此一无所知。知己知彼，百战不殆。两个大国在博弈与竞争。如果你对另一国完全无知，那如何与他们博弈与竞争呢？这就是目前美国对中国的状况。我认为美国的精英/中上层与中国的对应群体有巨大的信息不对称，即中国对美国的了解显著多于美国对中国的。美国根本就不知道自己面对的是什么，竞争来自哪里，蒙上眼睛乱捶乱打。按照这个态势发展下去，美国是不可能与中国竞争的。",
        "uid": "1887344341/",
        "followers_count": "12632550",
        "statuses_count": "110686",
        "verified": 1,
        "has_description": 1,
        "parent": "0",
        "user_created_at": "2010-12-09"
    },
    {
        "mid": "4527662132893349",
        "has_multimedia": 1,
        "comments_count": 3,
        "reposts_count": 25,
        "attitudes_count": 12,
        "t": "1594962235000",
        "text": "写得非常好的一篇文章👌，基本说出了我想写的一切东西",
        "uid": "1456965412/",
        "followers_count": "192689",
        "statuses_count": "8320",
        "verified": 1,
        "user_created_at": "2009-11-13",
        "has_description": 0,
        "parent": "4527656127699258"
    },
    {
        "mid": "4527872359793315",
        "has_multimedia": 1,
        "comments_count": 5,
        "reposts_count": 14,
        "attitudes_count": 8,
        "t": "1594962660000",
        "text": "另外这篇文章里提出的“天命论”，我就想专门写来着，中国的文明里是讲究天命的，不管你是远在西岐的周部落还是偏处东北的女真人，一旦获得了“天命”，也就是模式性认同，不是可以随便架设议题离间的。//@屈畅ccxx:写得非常好的一篇文章👌，基本说出了我想写的一切东西",
        "uid": "1075132882/",
        "followers_count": "150",
        "statuses_count": "3080",
        "verified": 0,
        "user_created_at": "2010-07-01",
        "has_description": 1,
        "parent": "4527662132893349"
    },
    {
        "mid": "4527825190913288",
        "has_multimedia": 1,
        "comments_count": 0,
        "reposts_count": 1,
        "attitudes_count": 0,
        "t": "1595001110000",
        "text": "天命。//@屈畅ccxx:这篇文章里提出的“天命论”，我就想专门写来着，中国的文明里是讲究天命的，不管你是远在西岐的周部落还是偏处东北的女真人，一旦获得了“天命”，也就是模式性认同，不是可以随便架设议题离间的。",
        "uid": "1286246425/",
        "followers_count": "29976",
        "statuses_count": "5422",
        "verified": 1,
        "user_created_at": "2009-08-28",
        "has_description": 1,
        "parent": "4527662132893349"
    },
    {
        "mid": "4527726956385394",
        "has_multimedia": 1,
        "comments_count": 1,
        "reposts_count": 4,
        "attitudes_count": 1,
        "t": "1594963560000",
        "text": "//@屈畅ccxx: 另外这篇文章里提出的“天命论”，我就想专门写来着，中国的文明里是讲究天命的，不管你是远在西岐的周部落还是偏处东北的女真人，一旦获得了“天命”，也就是模式性认同，不是可以随便架设议题离间的。//@屈畅ccxx:写得非常好的一篇文章👌，基本说出了我想写的一切东西",
        "uid": "2629521030/",
        "followers_count": "159",
        "statuses_count": "11956",
        "verified": 1,
        "user_created_at": "2011-12-23",
        "has_description": 1,
        "parent": "4527662132893349"
    },
    {
        "mid": "4527716378348762",
        "has_multimedia": 1,
        "comments_count": 0,
        "reposts_count": 0,
        "attitudes_count": 0,
        "t": "1594975167000",
        "text": "//@越私念丶关山难越://@屈畅ccxx:写得非常好的一篇文章👌，基本说出了我想写的一切东西",
        "uid": "5910225845/",
        "followers_count": "64",
        "statuses_count": "10366",
        "verified": 0,
        "user_created_at": "2016-04-28",
        "has_description": 1,
        "parent": "4527662132893349"
    },
    {
        "mid": "4527694740459850",
        "has_multimedia": 1,
        "comments_count": 0,
        "reposts_count": 0,
        "attitudes_count": 0,
        "t": "1594970009000",
        "text": "禁止共党入境，大概率是被法X功、带路党忽悠了。在他们眼里，人民和CCP是对立的。（有没有招带路党的？能把他们带沟里，还不收费的那种。）",
        "uid": "2269791031/",
        "followers_count": "383",
        "statuses_count": "1036",
        "verified": 0,
        "user_created_at": "2011-07-26",
        "has_description": 1,
        "parent": "4527662132893349"
    },
    {
        "mid": "4527685282300162",
        "has_multimedia": 1,
        "comments_count": 0,
        "reposts_count": 0,
        "attitudes_count": 0,
        "t": "1594967753000",
        "text": "//@屈畅ccxx:写得非常好的一篇文章👌，基本说出了我想写的一切东西",
        "uid": "2231932714/",
        "verified": 1,
        "user_created_at": "2011-07-07",
        "has_description": 1,
        "parent": "4527662132893349",
        "followers_count": "224",
        "statuses_count": "616"
    },
    {
        "mid": "4527680768973290",
        "has_multimedia": 1,
        "comments_count": 5,
        "reposts_count": 14,
        "attitudes_count": 8,
        "t": "1594962660000",
        "text": "另外这篇文章里提出的“天命论”，我就想专门写来着，中国的文明里是讲究天命的，不管你是远在西岐的周部落还是偏处东北的女真人，一旦获得了“天命”，也就是模式性认同，不是可以随便架设议题离间的。//@屈畅ccxx:写得非常好的一篇文章👌，基本说出了我想写的一切东西",
        "uid": "3186696432/",
        "followers_count": "87",
        "statuses_count": "28264",
        "verified": 0,
        "user_created_at": "2013-02-10",
        "has_description": 0,
        "parent": "4527662132893349"
    },
    {
        "mid": "4527680399872959",
        "has_multimedia": 1,
        "comments_count": 0,
        "reposts_count": 0,
        "attitudes_count": 0,
        "t": "1594966590000",
        "text": "//@屈畅ccxx: 写得非常好的一篇文章👌，基本说出了我想写的一切东西",
        "uid": "2636393524/",
        "followers_count": "68",
        "statuses_count": "433",
        "verified": 0,
        "user_created_at": "2011-12-27",
        "has_description": 1,
        "parent": "4527662132893349"
    },
    {
        "mid": "4528356970208443",
        "has_multimedia": 1,
        "comments_count": 0,
        "reposts_count": 0,
        "attitudes_count": 0,
        "t": "1595127897000",
        "text": "兔主席的文字总是一针见血、深入浅出：",
        "uid": "6970940665/",
        "followers_count": "243",
        "statuses_count": "1821",
        "verified": 0,
        "user_created_at": "2019-01-23",
        "has_description": 1,
        "parent": "4527656127699258"
    },
    {
        "mid": "4528211104634394",
        "has_multimedia": 1,
        "comments_count": 0,
        "reposts_count": 0,
        "attitudes_count": 0,
        "t": "1595093120000",
        "text": "美国没这个胆的",
        "uid": "5436549479/",
        "followers_count": "7",
        "statuses_count": "39",
        "verified": 0,
        "user_created_at": "2015-03-03",
        "has_description": 0,
        "parent": "4527656127699258"
    },
    {
        "mid": "4528176389166558",
        "has_multimedia": 1,
        "comments_count": 0,
        "reposts_count": 0,
        "attitudes_count": 0,
        "t": "1595084843000",
        "text": "//@莫唦聞花:反貪局，紀委多年沒攻克的難題，川建國即將為我們解決",
        "uid": "6381172701/",
        "followers_count": "111",
        "statuses_count": "140",
        "verified": 0,
        "user_created_at": "2017-10-05",
        "has_description": 1,
        "parent": "4527656127699258"
    },
    {
        "mid": "4528106868053410",
        "has_multimedia": 1,
        "comments_count": 0,
        "reposts_count": 0,
        "attitudes_count": 0,
        "t": "1595068268000",
        "text": "转发微博",
        "uid": "5900785521/",
        "followers_count": "54",
        "statuses_count": "1005",
        "verified": 0,
        "user_created_at": "2016-04-18",
        "has_description": 1,
        "parent": "4527656127699258"
    },
    {
        "mid": "4527991315242037",
        "has_multimedia": 1,
        "comments_count": 0,
        "reposts_count": 0,
        "attitudes_count": 0,
        "t": "1595040718000",
        "text": "转发微博",
        "uid": "2737827880/",
        "followers_count": "87",
        "statuses_count": "2411",
        "verified": 0,
        "user_created_at": "2012-08-30",
        "has_description": 1,
        "parent": "4527656127699258"
    }
]