[
    {
        "mid": "4527672263183026",
        "has_multimedia": 1,
        "comments_count": 419,
        "reposts_count": 148,
        "attitudes_count": 2936,
        "t": "1594964650000",
        "text": "男子不按交规骑车被拦下，民警苦劝反被怼：“你是不是想让我老爸过来撞烂你这部车”（来源：山东广播电视台）  L观察者网的微博视频 ​​​​",
        "uid": "1887344341/",
        "followers_count": "12633648",
        "statuses_count": "110693",
        "verified": 1,
        "has_description": 1,
        "parent": "0",
        "user_created_at": "2010-12-09"
    },
    {
        "mid": "4528023443349977",
        "has_multimedia": 1,
        "comments_count": 0,
        "reposts_count": 0,
        "attitudes_count": 0,
        "t": "1595048378000",
        "text": "╮(‵▽′)╭",
        "uid": "1088491420/",
        "followers_count": "320",
        "statuses_count": "5078",
        "verified": 0,
        "user_created_at": "2011-10-25",
        "has_description": 1,
        "parent": "4527672263183026"
    },
    {
        "mid": "4528019803472954",
        "has_multimedia": 1,
        "comments_count": 12,
        "reposts_count": 9,
        "attitudes_count": 20,
        "t": "1594966200000",
        "text": "协警就可以不尊重吗？",
        "uid": "5675473311/",
        "followers_count": "99",
        "statuses_count": "1723",
        "verified": 0,
        "user_created_at": "2015-08-12",
        "has_description": 1,
        "parent": "4527672263183026"
    },
    {
        "mid": "4528015931345943",
        "has_multimedia": 1,
        "comments_count": 0,
        "reposts_count": 0,
        "attitudes_count": 0,
        "t": "1595046586000",
        "text": "真的不理解，既然警力不足为什么不增加编制，为什么还要有“辅警”？请各地政府把现有的辅警全部转为公安正式编制，不要让他们做着最危险的工作。承担着重要的社会职责却“名不正言不顺”。@布衣yv: 打什么马赛克？！",
        "uid": "7370435399/",
        "followers_count": "38",
        "statuses_count": "1665",
        "verified": 0,
        "user_created_at": "2020-01-11",
        "has_description": 0,
        "parent": "4527672263183026"
    },
    {
        "mid": "4527997027359622",
        "has_multimedia": 1,
        "comments_count": 1,
        "reposts_count": 1,
        "attitudes_count": 0,
        "t": "1595042080000",
        "text": "打什么马赛克？！",
        "uid": "7438147781/",
        "followers_count": "272",
        "statuses_count": "1407",
        "verified": 1,
        "user_created_at": "2020-04-18",
        "has_description": 1,
        "parent": "4527672263183026"
    },
    {
        "mid": "4527969689666648",
        "has_multimedia": 1,
        "comments_count": 0,
        "reposts_count": 0,
        "attitudes_count": 0,
        "t": "1595035561000",
        "text": "转发微博",
        "uid": "6490183420/",
        "followers_count": "223",
        "statuses_count": "656",
        "verified": 0,
        "user_created_at": "2018-02-19",
        "has_description": 1,
        "parent": "4527672263183026"
    },
    {
        "mid": "4527960499424625",
        "has_multimedia": 1,
        "comments_count": 0,
        "reposts_count": 0,
        "attitudes_count": 0,
        "t": "1595033371000",
        "text": "听口音就知道广西的",
        "uid": "5482558261/",
        "followers_count": "35",
        "statuses_count": "163",
        "verified": 0,
        "user_created_at": "2015-02-14",
        "has_description": 1,
        "parent": "4527672263183026"
    },
    {
        "mid": "4527951653111294",
        "has_multimedia": 1,
        "comments_count": 0,
        "reposts_count": 0,
        "attitudes_count": 0,
        "t": "1595031261000",
        "text": "//@强厉万能胶:结果他爸开着超标的黑金刚电动车来了，父子两个人的电动车双双被扣",
        "uid": "3192542517/",
        "followers_count": "171",
        "statuses_count": "4784",
        "verified": 0,
        "user_created_at": "2012-12-16",
        "has_description": 1,
        "parent": "4527672263183026"
    },
    {
        "mid": "4527837959425822",
        "has_multimedia": 1,
        "comments_count": 0,
        "reposts_count": 0,
        "attitudes_count": 0,
        "t": "1595004155000",
        "text": "这种人……害。",
        "uid": "5352766406/",
        "followers_count": "119",
        "statuses_count": "398",
        "verified": 0,
        "user_created_at": "2014-10-31",
        "has_description": 1,
        "parent": "4527672263183026"
    },
    {
        "mid": "4527795130864754",
        "has_multimedia": 1,
        "comments_count": 0,
        "reposts_count": 0,
        "attitudes_count": 0,
        "t": "1594993944000",
        "text": "//@玥然紫微://@南宁朝阳群众古天乐:回复@Rolandandy:后续就是被拘留了，他老爸是退休工人！他自己是企业里面维修电脑的！84年生人//@强厉万能胶:结果他爸开着超标的黑金刚电动车来了，父子两个人的电动车双双被扣",
        "uid": "3166950821/",
        "followers_count": "665",
        "statuses_count": "32354",
        "verified": 1,
        "user_created_at": "2012-11-28",
        "has_description": 1,
        "parent": "4527672263183026"
    }
]