[
    {
        "mid": "4527675823101125",
        "has_multimedia": 1,
        "comments_count": 733,
        "reposts_count": 1286,
        "attitudes_count": 3429,
        "t": "1594965499000",
        "text": "陈伟霆超话#女皇和陈伟霆益起来# @William威廉陈伟霆 为爱聚力，爱不会“霆”！水没城池土地，灾伤生灵人心。身上有光的人，会让他人也感受到爱的温暖投身公益，驰援南方水灾，是另一种“逆水而行”！面对灾情，我们无法置身事外 ，@陈伟霆粉丝后援会 再次追加十万元至@中国扶贫基金会 专款用于江西省救灾相关项目。     我们追随榜样，心手相连，患难与共，共渡难关👫愿云销雨霁    祖国之南美景如画！",
        "uid": "1679849642/",
        "followers_count": "1159353",
        "statuses_count": "18573",
        "verified": 1,
        "has_description": 1,
        "parent": "0",
        "user_created_at": "2010-01-09"
    },
    {
        "mid": "4527687626655578",
        "has_multimedia": 1,
        "comments_count": 19,
        "reposts_count": 132,
        "attitudes_count": 20,
        "t": "1594968312000",
        "text": "很爱很爱我们这个有爱的大家庭！♥️#女皇和陈伟霆益起来# 陈伟霆超话 @William威廉陈伟霆",
        "uid": "5857484530/",
        "followers_count": "11006",
        "statuses_count": "2308",
        "verified": 1,
        "user_created_at": "2016-02-14",
        "has_description": 1,
        "parent": "4527675823101125"
    },
    {
        "mid": "4528008050515643",
        "has_multimedia": 1,
        "comments_count": 0,
        "reposts_count": 0,
        "attitudes_count": 0,
        "t": "1595044708000",
        "text": "//@陈伟霆IM联盟:很爱很爱我们这个有爱的大家庭！♥️#女皇和陈伟霆益起来# 陈伟霆超话 @William威廉陈伟霆",
        "uid": "5042773641/",
        "followers_count": "13577",
        "statuses_count": "182317",
        "verified": 1,
        "user_created_at": "2014-02-22",
        "has_description": 1,
        "parent": "4527687626655578"
    },
    {
        "mid": "4527965767731459",
        "has_multimedia": 1,
        "comments_count": 0,
        "reposts_count": 0,
        "attitudes_count": 0,
        "t": "1595034627000",
        "text": "//@陈伟霆IM联盟:很爱很爱我们这个有爱的大家庭！♥️#女皇和陈伟霆益起来# 陈伟霆超话 @William威廉陈伟霆",
        "uid": "6011748354/",
        "followers_count": "879",
        "statuses_count": "34562",
        "verified": 0,
        "user_created_at": "2016-08-27",
        "has_description": 1,
        "parent": "4527687626655578"
    },
    {
        "mid": "4527951943830115",
        "has_multimedia": 1,
        "comments_count": 0,
        "reposts_count": 0,
        "attitudes_count": 0,
        "t": "1595031331000",
        "text": "//@陈伟霆IM联盟:很爱很爱我们这个有爱的大家庭！♥️#女皇和陈伟霆益起来# 陈伟霆超话 @William威廉陈伟霆",
        "uid": "1842706330/",
        "followers_count": "1091",
        "statuses_count": "39168",
        "verified": 0,
        "user_created_at": "2010-10-05",
        "has_description": 1,
        "parent": "4527687626655578"
    },
    {
        "mid": "4527676922533877",
        "has_multimedia": 1,
        "comments_count": 12,
        "reposts_count": 67,
        "attitudes_count": 10,
        "t": "1594965760000",
        "text": "陈伟霆超话 #女皇和陈伟霆益起来#  一起加油💪  再次追加款项",
        "uid": "5226227192/",
        "followers_count": "29338",
        "statuses_count": "927",
        "verified": 1,
        "user_created_at": "2014-12-05",
        "has_description": 1,
        "parent": "4527675823101125"
    },
    {
        "mid": "4528040611417874",
        "has_multimedia": 1,
        "comments_count": 0,
        "reposts_count": 0,
        "attitudes_count": 0,
        "t": "1595052471000",
        "text": "#陈伟霆正能量# #女皇和陈伟霆益起来# @William威廉陈伟霆 //@花果山总务:陈伟霆超话 #女皇和陈伟霆益起来#  一起加油💪  再次追加款项",
        "uid": "2709258802/",
        "followers_count": "1995",
        "statuses_count": "28069",
        "verified": 1,
        "user_created_at": "2012-02-07",
        "has_description": 1,
        "parent": "4527676922533877"
    },
    {
        "mid": "4528008091930155",
        "has_multimedia": 1,
        "comments_count": 0,
        "reposts_count": 0,
        "attitudes_count": 1,
        "t": "1595044717000",
        "text": "//@花果山总务:陈伟霆超话 #女皇和陈伟霆益起来#  一起加油💪  再次追加款项",
        "uid": "5042773641/",
        "followers_count": "13577",
        "statuses_count": "182317",
        "verified": 1,
        "user_created_at": "2014-02-22",
        "has_description": 1,
        "parent": "4527676922533877"
    },
    {
        "mid": "4527965859482859",
        "has_multimedia": 1,
        "comments_count": 0,
        "reposts_count": 0,
        "attitudes_count": 0,
        "t": "1595034648000",
        "text": "//@Ilovewilliam://@花果山总务:陈伟霆超话 #女皇和陈伟霆益起来#  一起加油💪  再次追加款项",
        "uid": "5991922169/",
        "followers_count": "384",
        "statuses_count": "25591",
        "verified": 0,
        "user_created_at": "2016-07-28",
        "has_description": 1,
        "parent": "4527676922533877"
    },
    {
        "mid": "4527685701733659",
        "has_multimedia": 1,
        "comments_count": 0,
        "reposts_count": 26,
        "attitudes_count": 2,
        "t": "1594967853000",
        "text": "陈伟霆超话 温柔的做好事不留名的人这种颠倒身份的感觉，还蛮戳人的",
        "uid": "5218858674/",
        "followers_count": "8750",
        "statuses_count": "13283",
        "verified": 0,
        "user_created_at": "2014-07-15",
        "has_description": 1,
        "parent": "4527675823101125"
    },
    {
        "mid": "4527826295070851",
        "has_multimedia": 1,
        "comments_count": 0,
        "reposts_count": 0,
        "attitudes_count": 0,
        "t": "1595001374000",
        "text": "//@在在在霁风馆://@莫啊哈哈哈:陈伟霆超话 温柔的做好事不留名的人这种颠倒身份的感觉，还蛮戳人的",
        "uid": "2533895981/",
        "followers_count": "112",
        "statuses_count": "25476",
        "verified": 0,
        "user_created_at": "2011-12-16",
        "has_description": 0,
        "parent": "4527685701733659"
    },
    {
        "mid": "4527797629879848",
        "has_multimedia": 1,
        "comments_count": 0,
        "reposts_count": 0,
        "attitudes_count": 0,
        "t": "1594994539000",
        "text": "是他！//@死神就是BL__each嘛://@在在在霁风馆://@莫啊哈哈哈:陈伟霆超话 温柔的做好事不留名的人这种颠倒身份的感觉，还蛮戳人的",
        "uid": "1662206423/",
        "followers_count": "341",
        "statuses_count": "38614",
        "verified": 0,
        "user_created_at": "2009-11-27",
        "has_description": 1,
        "parent": "4527685701733659"
    },
    {
        "mid": "4527779159475128",
        "has_multimedia": 1,
        "comments_count": 0,
        "reposts_count": 0,
        "attitudes_count": 0,
        "t": "1594990135000",
        "text": "是猪小婷嘛，小五福筹备物资也辛苦了//@莫啊哈哈哈 :陈伟霆超话温柔的做好事不留名的人这种颠倒身份的感觉，还蛮戳人的",
        "uid": "3948749181/",
        "followers_count": "115",
        "statuses_count": "699",
        "verified": 0,
        "user_created_at": "2013-12-19",
        "has_description": 1,
        "parent": "4527685701733659"
    }
]