[
    {
        "mid": "4527676486850567",
        "has_multimedia": 1,
        "comments_count": 686,
        "reposts_count": 901,
        "attitudes_count": 15818,
        "t": "1594965657000",
        "text": "【#双腿截肢小伙成为健身教练#】5岁时，杜海因意外双腿高位截肢。如今28岁的他用板凳当双腿，成为一名健身教练。此前，杜海是屡屡争金夺银的残疾人游泳运动员，退役后又在健美比赛中夺冠。他说要成为更专业的教练，“我要做强者，一个威武不屈、坚韧不拔的人！”@江苏新闻 L荔直播的秒拍视频 ​​​​",
        "uid": "2286908003/",
        "followers_count": "76212969",
        "statuses_count": "178658",
        "verified": 1,
        "has_description": 1,
        "parent": "0",
        "user_created_at": "2011-08-05"
    },
    {
        "mid": "4528335403095738",
        "has_multimedia": 1,
        "comments_count": 0,
        "reposts_count": 0,
        "attitudes_count": 0,
        "t": "1595122755000",
        "text": "",
        "uid": "3029337185/",
        "followers_count": "70",
        "statuses_count": "2978",
        "verified": 0,
        "user_created_at": "2012-10-21",
        "has_description": 1,
        "parent": "4527676486850567"
    },
    {
        "mid": "4528213084346708",
        "has_multimedia": 1,
        "comments_count": 0,
        "reposts_count": 0,
        "attitudes_count": 0,
        "t": "1595093592000",
        "text": "敬佩！自己貌似没啥理由懒惰了",
        "uid": "1841551224/",
        "followers_count": "324",
        "statuses_count": "522",
        "verified": 0,
        "user_created_at": "2010-11-05",
        "has_description": 1,
        "parent": "4527676486850567"
    },
    {
        "mid": "4528208609023505",
        "has_multimedia": 1,
        "comments_count": 0,
        "reposts_count": 0,
        "attitudes_count": 0,
        "t": "1595092525000",
        "text": "我的天，我要行动起来！",
        "uid": "1998244103/",
        "followers_count": "117",
        "statuses_count": "250",
        "verified": 0,
        "user_created_at": "2011-02-28",
        "has_description": 1,
        "parent": "4527676486850567"
    }
]