[
    {
        "mid": "4527678788996722",
        "has_multimedia": 1,
        "comments_count": 3834,
        "reposts_count": 2894,
        "attitudes_count": 76550,
        "t": "1594966205000",
        "text": "置顶\n                                                                                                                        【#口罩熔喷布价格暴跌95%# 工厂老板：450万没了】2020年3月，疫情相关产业大热，口罩主要原材料熔喷布一度被炒到70万/吨。一些企业家迅速购入机器，转型口罩生产。但因机器问题，却未能生产出合格产品。4个月后，熔喷布从最高70万/吨降到3.6万，暴跌95%。“这次450万没了！”，两个中途转型口罩生产的浙江女老板开始了她们的维权之路…#微博纪录片联盟#   L正面FACE的微博视频",
        "uid": "7200286002/",
        "followers_count": "46570",
        "statuses_count": "130",
        "verified": 1,
        "has_description": 1,
        "parent": "0",
        "user_created_at": "2019-06-19"
    },
    {
        "mid": "4527924616629231",
        "has_multimedia": 1,
        "comments_count": 208,
        "reposts_count": 81,
        "attitudes_count": 4816,
        "t": "1595024816000",
        "text": "跨界是有代价的！",
        "uid": "1216826604/",
        "followers_count": "10185004",
        "statuses_count": "62638",
        "verified": 1,
        "user_created_at": "2009-08-28",
        "has_description": 1,
        "parent": "4527678788996722"
    },
    {
        "mid": "4528057840305992",
        "has_multimedia": 1,
        "comments_count": 0,
        "reposts_count": 0,
        "attitudes_count": 0,
        "t": "1595056578000",
        "text": "//@wu2198: 跨界是有代价的！",
        "uid": "5226052990/",
        "followers_count": "994",
        "statuses_count": "5129",
        "verified": 0,
        "user_created_at": "2014-11-28",
        "has_description": 0,
        "parent": "4527924616629231"
    },
    {
        "mid": "4528054485389473",
        "has_multimedia": 1,
        "comments_count": 208,
        "reposts_count": 81,
        "attitudes_count": 4817,
        "t": "1595024760000",
        "text": "跨界是有代价的！",
        "uid": "1744806080/",
        "followers_count": "852",
        "statuses_count": "2569",
        "verified": 0,
        "user_created_at": "2010-05-21",
        "has_description": 1,
        "parent": "4527924616629231"
    },
    {
        "mid": "4528048458432778",
        "has_multimedia": 1,
        "comments_count": 0,
        "reposts_count": 0,
        "attitudes_count": 0,
        "t": "1595054341000",
        "text": "//@wu2198:跨界是有代价的！",
        "uid": "5997854480/",
        "followers_count": "61",
        "statuses_count": "54",
        "verified": 0,
        "user_created_at": "2016-08-08",
        "has_description": 0,
        "parent": "4527924616629231"
    },
    {
        "mid": "4527824562298673",
        "has_multimedia": 1,
        "comments_count": 12,
        "reposts_count": 18,
        "attitudes_count": 16,
        "t": "1595000961000",
        "text": "魔幻。",
        "uid": "1453362770/",
        "followers_count": "519034",
        "statuses_count": "29481",
        "verified": 0,
        "user_created_at": "2009-09-04",
        "has_description": 1,
        "parent": "4527678788996722"
    },
    {
        "mid": "4528030636056218",
        "has_multimedia": 1,
        "comments_count": 0,
        "reposts_count": 0,
        "attitudes_count": 0,
        "t": "1595050093000",
        "text": "//@马志海:魔幻。",
        "uid": "1988264553/",
        "followers_count": "8604",
        "statuses_count": "2030",
        "verified": 1,
        "user_created_at": "2011-02-24",
        "has_description": 1,
        "parent": "4527824562298673"
    },
    {
        "mid": "4527993466652566",
        "has_multimedia": 1,
        "comments_count": 12,
        "reposts_count": 18,
        "attitudes_count": 16,
        "t": "1595000940000",
        "text": "魔幻。",
        "uid": "1866194432/",
        "followers_count": "79",
        "statuses_count": "1217",
        "verified": 0,
        "user_created_at": "2010-11-01",
        "has_description": 1,
        "parent": "4527824562298673"
    },
    {
        "mid": "4527981235808901",
        "has_multimedia": 1,
        "comments_count": 0,
        "reposts_count": 0,
        "attitudes_count": 0,
        "t": "1595038315000",
        "text": "//@马志海:魔幻。",
        "uid": "3285621792/",
        "followers_count": "376",
        "statuses_count": "9446",
        "verified": 0,
        "user_created_at": "2013-04-26",
        "has_description": 1,
        "parent": "4527824562298673"
    },
    {
        "mid": "4528058016735468",
        "has_multimedia": 1,
        "comments_count": 0,
        "reposts_count": 0,
        "attitudes_count": 0,
        "t": "1595056621000",
        "text": "行业繁荣期顶点新进或扩张的投资都是傻钱//@wu2198:跨界是有代价的！",
        "uid": "3018368713/",
        "followers_count": "1478",
        "statuses_count": "46471",
        "verified": 0,
        "user_created_at": "2013-08-16",
        "has_description": 1,
        "parent": "4527678788996722"
    }
]