[
    {
        "mid": "4527680093422263",
        "has_multimedia": 1,
        "comments_count": 691,
        "reposts_count": 221,
        "attitudes_count": 4203,
        "t": "1594966517000",
        "text": "【#即墨海参违规养殖3名当事人被控制#】7月16日晚，“315”晚会曝光即墨海参养殖违规使用敌敌畏等禁用药物事件，青岛市、区两级政府成立由执法人员、专家组成的联合调查组，立即开展现场勘查和调查取证，执法机关已对3名当事人采取控制措施，从严从速处理。有关调查情况和后续依法处置情况将及时发布。O网页链接",
        "uid": "2803301701/",
        "followers_count": "119883372",
        "statuses_count": "120688",
        "verified": 1,
        "has_description": 1,
        "parent": "0",
        "user_created_at": "2012-07-22"
    },
    {
        "mid": "4528292542285432",
        "has_multimedia": 1,
        "comments_count": 0,
        "reposts_count": 0,
        "attitudes_count": 0,
        "t": "1595112536000",
        "text": "整个海参行业应该都是黑幕，山东的查了不代表别的地方没有",
        "uid": "2463129132/",
        "followers_count": "43",
        "statuses_count": "1008",
        "verified": 0,
        "user_created_at": "2011-10-12",
        "has_description": 0,
        "parent": "4527680093422263"
    },
    {
        "mid": "4528286883643937",
        "has_multimedia": 1,
        "comments_count": 0,
        "reposts_count": 0,
        "attitudes_count": 0,
        "t": "1595111186000",
        "text": "杀鸡儆孙悟空有用吗",
        "uid": "2632868514/",
        "followers_count": "734",
        "statuses_count": "975",
        "verified": 0,
        "user_created_at": "2011-12-25",
        "has_description": 1,
        "parent": "4527680093422263"
    },
    {
        "mid": "4528185200873592",
        "has_multimedia": 1,
        "comments_count": 0,
        "reposts_count": 0,
        "attitudes_count": 0,
        "t": "1595086944000",
        "text": "转发微博",
        "uid": "2042891171/",
        "followers_count": "496",
        "statuses_count": "17943",
        "verified": 0,
        "user_created_at": "2013-07-18",
        "has_description": 1,
        "parent": "4527680093422263"
    }
]