[
    {
        "mid": "4527683562379105",
        "has_multimedia": 1,
        "comments_count": 486,
        "reposts_count": 297,
        "attitudes_count": 1326,
        "t": "1594967344000",
        "text": "#省电影局发布浙江电影院开放时间#【好消息！浙江影院开放时间公布了，电影消费券也来了！】刚刚，浙江省电影局发布了《关于在疫情防控常态化条件下有序推进我省电影院复业工作的通知》，明确了浙江省电影院可于7月20日有序恢复开放营业。此外获悉，浙江省电影局也将安排专项资金，发放电影消费券，补贴群众观影购票。电影消费券的具体发放形式，将于近日公布。#浙江发放电影消费券# via@钱江晚报",
        "uid": "2097152664/",
        "followers_count": "1681366",
        "statuses_count": "66900",
        "verified": 1,
        "has_description": 1,
        "parent": "0",
        "user_created_at": "2011-04-11"
    },
    {
        "mid": "4528287558927833",
        "has_multimedia": 1,
        "comments_count": 0,
        "reposts_count": 0,
        "attitudes_count": 1,
        "t": "1595111348000",
        "text": "电影券电影券",
        "uid": "2032074555/",
        "followers_count": "91",
        "statuses_count": "42",
        "verified": 0,
        "user_created_at": "2011-03-18",
        "has_description": 1,
        "parent": "4527683562379105"
    },
    {
        "mid": "4528128615259879",
        "has_multimedia": 1,
        "comments_count": 0,
        "reposts_count": 0,
        "attitudes_count": 0,
        "t": "1595073453000",
        "text": "终于等到影院复工了",
        "uid": "1271488663/",
        "followers_count": "124",
        "statuses_count": "2664",
        "verified": 1,
        "user_created_at": "2010-08-25",
        "has_description": 0,
        "parent": "4527683562379105"
    },
    {
        "mid": "4528119526982650",
        "has_multimedia": 1,
        "comments_count": 0,
        "reposts_count": 0,
        "attitudes_count": 0,
        "t": "1595071285000",
        "text": "去钱江晚报获得嘛",
        "uid": "1432056942/",
        "followers_count": "77",
        "statuses_count": "212",
        "verified": 0,
        "user_created_at": "2010-10-16",
        "has_description": 0,
        "parent": "4527683562379105"
    },
    {
        "mid": "4528072323767856",
        "has_multimedia": 1,
        "comments_count": 0,
        "reposts_count": 0,
        "attitudes_count": 0,
        "t": "1595060032000",
        "text": "回复@新浪浙江:可以啊，好期待电影事业尽快恢复//@新浪浙江:#浙江发放电影消费券# 再等等就知道了//@仙女猪九戒:我想知道消费券在哪里领取",
        "uid": "6077976137/",
        "followers_count": "85",
        "statuses_count": "378",
        "verified": 0,
        "user_created_at": "2016-12-06",
        "has_description": 0,
        "parent": "4527683562379105"
    },
    {
        "mid": "4528046587515612",
        "has_multimedia": 1,
        "comments_count": 0,
        "reposts_count": 0,
        "attitudes_count": 1,
        "t": "1595053896000",
        "text": "哇哦，太棒了！快让我去看电影吧",
        "uid": "3183823602/",
        "followers_count": "139",
        "statuses_count": "203",
        "verified": 0,
        "user_created_at": "2013-02-08",
        "has_description": 1,
        "parent": "4527683562379105"
    },
    {
        "mid": "4528040849189184",
        "has_multimedia": 1,
        "comments_count": 0,
        "reposts_count": 0,
        "attitudes_count": 1,
        "t": "1595052528000",
        "text": "@是大饼也是小饼干 宝 安排！",
        "uid": "5235420648/",
        "followers_count": "81",
        "statuses_count": "22",
        "verified": 0,
        "user_created_at": "2014-07-28",
        "has_description": 1,
        "parent": "4527683562379105"
    }
]