[
    {
        "mid": "4527700289786282",
        "has_multimedia": 1,
        "comments_count": 3457,
        "reposts_count": 2251,
        "attitudes_count": 20318,
        "t": "1594971332000",
        "text": "最近看到很多天灾人祸而最让我担心的是洪涝，已经多少人因为洪涝丧生了？但是我想告诉他们:不怕！我们有三峡！在🍉视频看了这个关于#从98年到20年洪水看中国基建#的视频知道我们的国日益强大，以飞快的速度发展着！防汛治洪，中国是认真的！最后希望那些在灾区的同胞能够平安无事！🙏🏻 L娱圈宝宝的微博视频",
        "uid": "2365849183/",
        "followers_count": "11357636",
        "statuses_count": "467",
        "verified": 1,
        "user_created_at": "2011-10-03",
        "has_description": 1,
        "parent": "0"
    },
    {
        "mid": "4527976132378856",
        "has_multimedia": 1,
        "comments_count": 0,
        "reposts_count": 0,
        "attitudes_count": 0,
        "t": "1595037097000",
        "text": "不错",
        "uid": "5092656738/",
        "followers_count": "59",
        "statuses_count": "4093",
        "verified": 0,
        "user_created_at": "2014-04-03",
        "has_description": 0,
        "parent": "4527700289786282"
    },
    {
        "mid": "4527975737595359",
        "has_multimedia": 1,
        "comments_count": 0,
        "reposts_count": 0,
        "attitudes_count": 0,
        "t": "1595037004000",
        "text": "转发微博",
        "uid": "7404517712/",
        "followers_count": "311",
        "statuses_count": "18361",
        "verified": 0,
        "user_created_at": "2020-03-02",
        "has_description": 0,
        "parent": "4527700289786282"
    },
    {
        "mid": "4527971475914857",
        "has_multimedia": 1,
        "comments_count": 0,
        "reposts_count": 0,
        "attitudes_count": 0,
        "t": "1595035987000",
        "text": "转发微博",
        "uid": "6370786844/",
        "followers_count": "125",
        "statuses_count": "1655",
        "verified": 0,
        "user_created_at": "2017-09-17",
        "has_description": 0,
        "parent": "4527700289786282"
    }
]