[
    {
        "mid": "4527701576396939",
        "has_multimedia": 1,
        "comments_count": 318,
        "reposts_count": 404,
        "attitudes_count": 1330,
        "t": "1594971639000",
        "text": "【绝育男子怂恿妻子“借精生子” 连生3女后拒绝抚养…】为生儿子延续“香火”，本已育有2个女儿的云南绝育男子乾某撺掇结发妻子与邻村“帅哥”交往和同居，连生3女后乾某拒绝抚养。近日，乾某妻子将乾某起诉至法院，要求与乾某离婚。法院审理后认为：女子婚内“出墙”，婚姻已无存续必要；两人共同生育的2个女儿由乾某抚养，乾某妻子与他人生育的3个女儿由秀某抚养，互不支付抚养费。乾某家住云南省昭通市盐津县柿子镇，2002年经亲戚介绍后与同村的女子结为夫妻，共同生育2个女儿。随着女儿逐渐长大，谁也不会料到，这个家庭会受迷信思想的影响而分崩离析。2012年开始，乾某想生育一子来延续“香火”的愿望越来越迫切，在他本人已进行结扎且复通手术失败而无法再生育的情况下，乾某让妻子与邻村一名有家室的男子交往。乾某对妻子说，“你只要给我生个儿子，你和他咋个相处都可以，我不计较。”2013年至2016年期间，乾某默许妻子与他人同居、生子，而乾某一直以父亲的名义为出生的孩子办理出生证、购买奶粉。2016年，在妻子与他人连续生育3个女儿后，一心想要儿子的乾某彻底失望了。他拒绝抚养妻子与邻村男子所生育的3个女儿，女子只得带着3个女孩靠别人救济为生。近日，乾某妻子将乾某起诉至法院。法院审理后认为：夫妻关系存续期间，秀某婚内“出墙”，与他人同居并生育子女的行为严重违反法律规定，乾某和秀某的行为直接导致夫妻俩感情名存实亡，婚姻已无存续必要。法院一审判决：准予原告、被告双方离婚；原告、被告共同生育的两个女儿由乾某抚养，秀某与他人生育的3个女儿由秀某抚养，双方互不支付抚养费。你有什么想说的？（by澎湃新闻、搜狐新闻）",
        "uid": "1662214194/",
        "followers_count": "7061897",
        "statuses_count": "31437",
        "verified": 1,
        "user_created_at": "2009-11-20",
        "has_description": 1,
        "parent": "0"
    },
    {
        "mid": "4528698662848729",
        "has_multimedia": 1,
        "comments_count": 0,
        "reposts_count": 0,
        "attitudes_count": 0,
        "t": "1595209362000",
        "text": "这男的和女的都有问题啊！ 这男的想要男孩 即便自己媳妇儿和别人生的孩子也不是自己的 还不如领养一个 这不神经病吗？这女的在男的提出这么匪夷所思的要求之后就该离婚了 不仅没离还跟别人生了三个……真是脑子也不太正常。",
        "uid": "1839810373/",
        "followers_count": "857",
        "statuses_count": "2211",
        "verified": 1,
        "user_created_at": "2010-10-26",
        "has_description": 1,
        "parent": "4527701576396939"
    },
    {
        "mid": "4528477573224627",
        "has_multimedia": 1,
        "comments_count": 0,
        "reposts_count": 0,
        "attitudes_count": 0,
        "t": "1595156650000",
        "text": "女孩子不是人么？生理上可以区分男女。但是观念上的男女区别是根深蒂固的。",
        "uid": "6106708016/",
        "followers_count": "63",
        "statuses_count": "10406",
        "verified": 0,
        "user_created_at": "2017-02-05",
        "has_description": 1,
        "parent": "4527701576396939"
    },
    {
        "mid": "4528433814048792",
        "has_multimedia": 1,
        "comments_count": 0,
        "reposts_count": 0,
        "attitudes_count": 0,
        "t": "1595146218000",
        "text": "生了儿子也不是你的种",
        "uid": "3157998311/",
        "followers_count": "38",
        "statuses_count": "6617",
        "verified": 0,
        "user_created_at": "2013-01-20",
        "has_description": 0,
        "parent": "4527701576396939"
    },
    {
        "mid": "4528370597765018",
        "has_multimedia": 1,
        "comments_count": 0,
        "reposts_count": 0,
        "attitudes_count": 0,
        "t": "1595131146000",
        "text": "混蛋，建议依法追究其刑事责任",
        "uid": "2607628053/",
        "followers_count": "582",
        "statuses_count": "46118",
        "verified": 0,
        "user_created_at": "2012-01-26",
        "has_description": 1,
        "parent": "4527701576396939"
    },
    {
        "mid": "4528357285565060",
        "has_multimedia": 1,
        "comments_count": 0,
        "reposts_count": 0,
        "attitudes_count": 0,
        "t": "1595127972000",
        "text": "所以说在没有办法的情况下基因也不重要了，重要的是有个儿子传姓，所以某些只有女儿没有儿子的的家庭宁愿领养一个儿子也不愿培养自己的亲生女儿，因为默认女性没有冠名权【拍黑板】//@kasumiki:怎么一点都不意外呢",
        "uid": "2135825913/",
        "followers_count": "335",
        "statuses_count": "8328",
        "verified": 0,
        "user_created_at": "2011-05-15",
        "has_description": 1,
        "parent": "4527701576396939"
    },
    {
        "mid": "4528353413957780",
        "has_multimedia": 1,
        "comments_count": 0,
        "reposts_count": 1,
        "attitudes_count": 0,
        "t": "1595127049000",
        "text": "怎么一点都不意外呢",
        "uid": "1661944497/",
        "followers_count": "889",
        "statuses_count": "12326",
        "verified": 1,
        "user_created_at": "2009-11-18",
        "has_description": 1,
        "parent": "4527701576396939"
    },
    {
        "mid": "4528109879304081",
        "has_multimedia": 1,
        "comments_count": 0,
        "reposts_count": 0,
        "attitudes_count": 0,
        "t": "1595068986000",
        "text": "转发微博",
        "uid": "3283334542/",
        "followers_count": "56",
        "statuses_count": "2107",
        "verified": 0,
        "user_created_at": "2013-04-04",
        "has_description": 1,
        "parent": "4527701576396939"
    },
    {
        "mid": "4528088995870367",
        "has_multimedia": 1,
        "comments_count": 0,
        "reposts_count": 0,
        "attitudes_count": 0,
        "t": "1595064007000",
        "text": "报警吧，强制他给抚养费",
        "uid": "1824602985/",
        "followers_count": "452",
        "statuses_count": "2891",
        "verified": 0,
        "user_created_at": "2010-09-30",
        "has_description": 1,
        "parent": "4527701576396939"
    },
    {
        "mid": "4528065093307561",
        "has_multimedia": 1,
        "comments_count": 0,
        "reposts_count": 0,
        "attitudes_count": 0,
        "t": "1595058308000",
        "text": "…",
        "uid": "3828393375/",
        "followers_count": "166",
        "statuses_count": "2773",
        "verified": 0,
        "user_created_at": "2013-10-03",
        "has_description": 1,
        "parent": "4527701576396939"
    },
    {
        "mid": "4527995979570089",
        "has_multimedia": 1,
        "comments_count": 0,
        "reposts_count": 0,
        "attitudes_count": 0,
        "t": "1595041830000",
        "text": "让借就借 让生就生 脑子呢",
        "uid": "2783778751/",
        "followers_count": "28",
        "statuses_count": "395",
        "verified": 0,
        "user_created_at": "2012-07-11",
        "has_description": 0,
        "parent": "4527701576396939"
    }
]