[
    {
        "mid": "4527701542578613",
        "has_multimedia": 1,
        "comments_count": 380,
        "reposts_count": 169,
        "attitudes_count": 4259,
        "t": "1594971631000",
        "text": "【#邯郸回应315晚会曝光再生棉原料问题#：已控制涉事人员】#再生棉制涉事人员已被控制#据邯郸市互联网信息办公室微信公众号7月17日消息，7月16日晚，央视3.15晚会曝光邯郸南井寨村生产再生棉有关问题后，邯郸经开区党工委、管委会高度重视，根据邯郸市委、市政府安排部署，第一时间赶赴现场，成立联合处置小组，针对曝光的问题连夜调查处置。组织市场监管、环保、公安等部门立即开展清查行动，连夜查封涉事企业，就地封存问题产品，控制相关涉事人员。后续整改整治结果将及时向社会公布。O网页链接",
        "uid": "1644114654/",
        "followers_count": "43116615",
        "statuses_count": "114817",
        "verified": 1,
        "has_description": 1,
        "parent": "0",
        "user_created_at": "2009-08-31"
    },
    {
        "mid": "4528580413884211",
        "has_multimedia": 1,
        "comments_count": 0,
        "reposts_count": 0,
        "attitudes_count": 0,
        "t": "1595181170000",
        "text": "一年一检查",
        "uid": "1810384320/",
        "followers_count": "90",
        "statuses_count": "72",
        "verified": 0,
        "user_created_at": "2010-09-11",
        "has_description": 0,
        "parent": "4527701542578613"
    },
    {
        "mid": "4528232647361901",
        "has_multimedia": 1,
        "comments_count": 0,
        "reposts_count": 0,
        "attitudes_count": 0,
        "t": "1595098256000",
        "text": "转发微博",
        "uid": "7475112849/",
        "followers_count": "1",
        "statuses_count": "30",
        "verified": 0,
        "user_created_at": "2020-06-27",
        "has_description": 0,
        "parent": "4527701542578613"
    }
]