[
    {
        "mid": "4527685471314922",
        "has_multimedia": 1,
        "comments_count": 422,
        "reposts_count": 219,
        "attitudes_count": 136,
        "t": "1594967799000",
        "text": "【#视频记录医护深夜生死抢救画面#】7月8日凌晨2时许，一名50多岁的男子突然栽倒在北京垂杨柳医院门口。在家属的大声呼救中，几名护士和医生从医院飞奔出来实施抢救。在挽救生命的“黄金四分钟”里，医院急诊科医护人员默契配合，最终将患者从“死神”手中抢夺了回来。致敬医护，辛苦了！北京日报L北京日报都视频的秒拍视频",
        "uid": "3316239781/",
        "followers_count": "4221803",
        "statuses_count": "11079",
        "verified": 1,
        "user_created_at": "2013-06-03",
        "has_description": 1,
        "parent": "0"
    },
    {
        "mid": "4528388285142129",
        "has_multimedia": 1,
        "comments_count": 0,
        "reposts_count": 0,
        "attitudes_count": 0,
        "t": "1595135363000",
        "text": "辛苦你们了",
        "uid": "3905257391/",
        "followers_count": "46",
        "statuses_count": "541",
        "verified": 0,
        "user_created_at": "2013-11-15",
        "has_description": 0,
        "parent": "4527685471314922"
    },
    {
        "mid": "4528378700378672",
        "has_multimedia": 1,
        "comments_count": 0,
        "reposts_count": 0,
        "attitudes_count": 0,
        "t": "1595133078000",
        "text": "致敬最美医护人员",
        "uid": "7161506746/",
        "followers_count": "3",
        "statuses_count": "438",
        "verified": 0,
        "user_created_at": "2019-05-25",
        "has_description": 0,
        "parent": "4527685471314922"
    },
    {
        "mid": "4528244277117550",
        "has_multimedia": 1,
        "comments_count": 0,
        "reposts_count": 0,
        "attitudes_count": 0,
        "t": "1595101028000",
        "text": "致敬医护",
        "uid": "5344011177/",
        "followers_count": "23",
        "statuses_count": "842",
        "verified": 0,
        "user_created_at": "2014-10-27",
        "has_description": 0,
        "parent": "4527685471314922"
    },
    {
        "mid": "4528228452533537",
        "has_multimedia": 1,
        "comments_count": 0,
        "reposts_count": 0,
        "attitudes_count": 0,
        "t": "1595097256000",
        "text": "",
        "uid": "5740099624/",
        "followers_count": "2",
        "statuses_count": "551",
        "verified": 0,
        "user_created_at": "2015-11-02",
        "has_description": 0,
        "parent": "4527685471314922"
    }
]