[
    {
        "mid": "4527685647207142",
        "has_multimedia": 1,
        "comments_count": 607,
        "reposts_count": 114,
        "attitudes_count": 40727,
        "t": "1594967841000",
        "text": "【#永亮毛巾致歉# 】永亮毛巾先前发布致歉声明，称对于#315晚会#报道的永亮毛巾“特麦惠”品牌商品的质量问题高度重视，第一时间成立专项小组，对此事展开调查，并且积极配合相关政府单位的调查工作，产品去年已停产。目前多个电商平台已将“永亮毛巾”做下架处理。后重发致歉：“特麦惠”品牌商品是授权合作品牌，晚会报道黑心棉棉纱永亮公司没有使用过，尽管问题没有出在主品牌，但疏于监管也是公司责任。（两版原文见评论） R蓝鲸财经记者工作平台的微博投票",
        "uid": "1885454921/",
        "followers_count": "3018769",
        "statuses_count": "147139",
        "verified": 1,
        "has_description": 1,
        "parent": "0",
        "user_created_at": "2012-01-01"
    },
    {
        "mid": "4528097997623329",
        "has_multimedia": 1,
        "comments_count": 0,
        "reposts_count": 0,
        "attitudes_count": 0,
        "t": "1595066153000",
        "text": "转发微博",
        "uid": "5409302769/",
        "followers_count": "209",
        "statuses_count": "2731",
        "verified": 0,
        "user_created_at": "2015-01-03",
        "has_description": 1,
        "parent": "4527685647207142"
    },
    {
        "mid": "4527889619879369",
        "has_multimedia": 1,
        "comments_count": 0,
        "reposts_count": 0,
        "attitudes_count": 0,
        "t": "1595016472000",
        "text": "转发微博",
        "uid": "3314129447/",
        "followers_count": "331",
        "statuses_count": "367",
        "verified": 0,
        "user_created_at": "2013-06-24",
        "has_description": 1,
        "parent": "4527685647207142"
    },
    {
        "mid": "4527869965894421",
        "has_multimedia": 1,
        "comments_count": 0,
        "reposts_count": 0,
        "attitudes_count": 0,
        "t": "1595011786000",
        "text": "我参与了@蓝鲸财经记者工作平台 发起的投票【315晚会曝光产品中哪个最令你震惊？】，我投给了“山东即墨养海参投放敌敌畏”这个选项，你也快来表态吧~",
        "uid": "3917132523/",
        "followers_count": "55",
        "statuses_count": "286",
        "verified": 0,
        "user_created_at": "2013-11-26",
        "has_description": 1,
        "parent": "4527685647207142"
    }
]