[
    {
        "mid": "4527702553920195",
        "has_multimedia": 1,
        "comments_count": 761,
        "reposts_count": 755,
        "attitudes_count": 20813,
        "t": "1594971871000",
        "text": "【#李兰娟获奖300万全部捐出#】今天上午，浙江首次颁发科技大奖，获奖者分别为李兰娟（个人）和张建锋团队。该项科技大奖是浙江科学技术最高奖，授予浙江在当代科学技术前沿取得重大突破或者在科学技术发展中有卓越建树的个人、团队，每年授予数量不超过2项。科技大奖每个奖金达300万元。得知科技大奖奖金有300万元，李兰娟院士表示，要把全部奖金捐出来用于人才培养促进科技发展，计划把奖金的1/3奖励团队，2/3捐给浙江大学教育基金会树兰人才基金，奖励和培养人才。（中国青年报）",
        "uid": "1618051664/",
        "followers_count": "80868403",
        "statuses_count": "187238",
        "verified": 1,
        "has_description": 1,
        "parent": "0",
        "user_created_at": "2009-08-28"
    },
    {
        "mid": "4527702767835651",
        "has_multimedia": 1,
        "comments_count": 1,
        "reposts_count": 38,
        "attitudes_count": 2,
        "t": "1594971923000",
        "text": "致敬。",
        "uid": "1216089142/",
        "followers_count": "50641",
        "statuses_count": "53740",
        "verified": 1,
        "user_created_at": "2009-09-10",
        "has_description": 1,
        "parent": "4527702553920195"
    },
    {
        "mid": "4528028191818219",
        "has_multimedia": 1,
        "comments_count": 0,
        "reposts_count": 0,
        "attitudes_count": 0,
        "t": "1595049509000",
        "text": "//@shmily_yyy:致敬。",
        "uid": "7057362827/",
        "followers_count": "23",
        "statuses_count": "259",
        "verified": 0,
        "user_created_at": "2019-04-01",
        "has_description": 1,
        "parent": "4527702767835651"
    },
    {
        "mid": "4528020290018281",
        "has_multimedia": 1,
        "comments_count": 0,
        "reposts_count": 0,
        "attitudes_count": 0,
        "t": "1595047626000",
        "text": "//@shmily_yyy:致敬。",
        "uid": "6132404101/",
        "followers_count": "22",
        "statuses_count": "3116",
        "verified": 0,
        "user_created_at": "2017-02-05",
        "has_description": 0,
        "parent": "4527702767835651"
    },
    {
        "mid": "4527979764654206",
        "has_multimedia": 1,
        "comments_count": 0,
        "reposts_count": 27,
        "attitudes_count": 1,
        "t": "1594977420000",
        "text": "//@谁知盘中粽://@shmily_yyy: 致敬。",
        "uid": "1281446065/",
        "followers_count": "2619",
        "statuses_count": "30818",
        "verified": 1,
        "user_created_at": "2009-09-11",
        "has_description": 1,
        "parent": "4527702767835651"
    },
    {
        "mid": "4527982930298192",
        "has_multimedia": 1,
        "comments_count": 0,
        "reposts_count": 0,
        "attitudes_count": 0,
        "t": "1595038718000",
        "text": "//@亲亲小宇://@别样不二://@谁知盘中粽://@shmily_yyy: 致敬。",
        "uid": "1746539474/",
        "followers_count": "812",
        "statuses_count": "9299",
        "verified": 1,
        "user_created_at": "2010-05-25",
        "has_description": 1,
        "parent": "4527979764654206"
    },
    {
        "mid": "4527977276645124",
        "has_multimedia": 1,
        "comments_count": 0,
        "reposts_count": 0,
        "attitudes_count": 0,
        "t": "1595037371000",
        "text": "//@别样不二://@谁知盘中粽://@shmily_yyy: 致敬。",
        "uid": "3252960412/",
        "followers_count": "280",
        "statuses_count": "29817",
        "verified": 0,
        "user_created_at": "2013-03-30",
        "has_description": 0,
        "parent": "4527702767835651"
    },
    {
        "mid": "4527973015749246",
        "has_multimedia": 1,
        "comments_count": 0,
        "reposts_count": 0,
        "attitudes_count": 0,
        "t": "1595036354000",
        "text": "//@别样不二: //@谁知盘中粽://@shmily_yyy: 致敬。",
        "uid": "1262440672/",
        "followers_count": "100",
        "statuses_count": "59425",
        "verified": 0,
        "user_created_at": "2009-09-12",
        "has_description": 1,
        "parent": "4527702767835651"
    },
    {
        "mid": "4527824964426338",
        "has_multimedia": 1,
        "comments_count": 0,
        "reposts_count": 0,
        "attitudes_count": 0,
        "t": "1595001057000",
        "text": "//@别样不二 ://@谁知盘中粽 ://@shmily_yyy : 致敬。",
        "uid": "1798259363/",
        "followers_count": "501",
        "statuses_count": "73467",
        "verified": 0,
        "user_created_at": "2010-08-19",
        "has_description": 1,
        "parent": "4527702767835651"
    },
    {
        "mid": "4527803330733183",
        "has_multimedia": 1,
        "comments_count": 0,
        "reposts_count": 0,
        "attitudes_count": 0,
        "t": "1594995899000",
        "text": "//@别样不二://@谁知盘中粽://@shmily_yyy: 致敬。",
        "uid": "5208614699/",
        "followers_count": "34",
        "statuses_count": "4964",
        "verified": 0,
        "user_created_at": "2014-07-07",
        "has_description": 1,
        "parent": "4527702767835651"
    },
    {
        "mid": "4527789245998732",
        "has_multimedia": 1,
        "comments_count": 0,
        "reposts_count": 0,
        "attitudes_count": 0,
        "t": "1594992541000",
        "text": "//@别样不二://@谁知盘中粽://@shmily_yyy: 致敬。",
        "uid": "5422560271/",
        "followers_count": "1",
        "statuses_count": "1981",
        "verified": 0,
        "user_created_at": "2015-01-11",
        "has_description": 0,
        "parent": "4527702767835651"
    },
    {
        "mid": "4527786049675823",
        "has_multimedia": 1,
        "comments_count": 0,
        "reposts_count": 0,
        "attitudes_count": 0,
        "t": "1594991779000",
        "text": "//@别样不二://@谁知盘中粽://@shmily_yyy: 致敬。",
        "uid": "1194311727/",
        "followers_count": "793",
        "statuses_count": "121295",
        "verified": 0,
        "user_created_at": "2010-08-17",
        "has_description": 1,
        "parent": "4527702767835651"
    },
    {
        "mid": "4527773996027297",
        "has_multimedia": 1,
        "comments_count": 0,
        "reposts_count": 0,
        "attitudes_count": 0,
        "t": "1594988905000",
        "text": "//@李蔓蔓:#女性力量# //@别样不二: //@谁知盘中粽://@shmily_yyy: 致敬。",
        "uid": "5984724043/",
        "followers_count": "186",
        "statuses_count": "3542",
        "verified": 0,
        "user_created_at": "2016-07-18",
        "has_description": 1,
        "parent": "4527702767835651"
    },
    {
        "mid": "4528662001749520",
        "has_multimedia": 1,
        "comments_count": 0,
        "reposts_count": 0,
        "attitudes_count": 0,
        "t": "1595200622000",
        "text": "//@别样不二://@谁知盘中粽://@shmily_yyy: 致敬。",
        "uid": "1145119764/",
        "followers_count": "314",
        "statuses_count": "39930",
        "verified": 0,
        "user_created_at": "2009-09-13",
        "has_description": 0,
        "parent": "4527702553920195"
    },
    {
        "mid": "4528540759896048",
        "has_multimedia": 1,
        "comments_count": 0,
        "reposts_count": 0,
        "attitudes_count": 0,
        "t": "1595171716000",
        "text": "//@喵爷-吴淼:我觉得不要捐，第一这就是你赢得的。第二，你捐不捐都会有人骂的。而且这是捐了，如果不捐，骂的指不定有多难听呢。",
        "uid": "1684401034/",
        "followers_count": "10852",
        "statuses_count": "2227",
        "verified": 1,
        "user_created_at": "2010-06-18",
        "has_description": 1,
        "parent": "4527702553920195"
    },
    {
        "mid": "4528445625999983",
        "has_multimedia": 1,
        "comments_count": 0,
        "reposts_count": 0,
        "attitudes_count": 0,
        "t": "1595149034000",
        "text": "人格高尚",
        "uid": "2547467411/",
        "followers_count": "75",
        "statuses_count": "492",
        "verified": 0,
        "user_created_at": "2011-12-22",
        "has_description": 1,
        "parent": "4527702553920195"
    }
]