[
    {
        "mid": "4527686523818636",
        "has_multimedia": 1,
        "comments_count": 723,
        "reposts_count": 18053,
        "attitudes_count": 54004,
        "t": "1594968050000",
        "text": "安顺公交坠湖逝者：没能回家吃午饭的村支书，错过高考的学生（来源： 搜狐新闻-极昼工作室） ​​​​",
        "uid": "6508016609/",
        "followers_count": "1343195",
        "statuses_count": "14486",
        "verified": 1,
        "has_description": 1,
        "parent": "0",
        "user_created_at": "2018-03-15"
    },
    {
        "mid": "4527686917035311",
        "has_multimedia": 1,
        "comments_count": 15,
        "reposts_count": 5979,
        "attitudes_count": 213,
        "t": "1594968144000",
        "text": "",
        "uid": "6079887320/",
        "followers_count": "175739",
        "statuses_count": "13033",
        "verified": 1,
        "user_created_at": "2016-12-03",
        "has_description": 1,
        "parent": "4527686523818636"
    },
    {
        "mid": "4527692416294824",
        "has_multimedia": 1,
        "comments_count": 0,
        "reposts_count": 5763,
        "attitudes_count": 12,
        "t": "1594969455000",
        "text": "多讲讲受害者的故事，别逮着加害者像捡到个宝//@黑潮君:",
        "uid": "1155067225/",
        "followers_count": "40345",
        "statuses_count": "51026",
        "verified": 1,
        "user_created_at": "2010-12-20",
        "has_description": 1,
        "parent": "4527686917035311"
    },
    {
        "mid": "4528335536787935",
        "has_multimedia": 1,
        "comments_count": 0,
        "reposts_count": 0,
        "attitudes_count": 0,
        "t": "1595122787000",
        "text": "唉//@arouww ://@然后下面就没了 ://@江南大野花 :断送了这么多无辜的生命，怎么共情得起来//@荷兰豆养殖专家 :看到受害人的家属，实在很难说出我能理解那位司机这样的话//@非著名半导体网黄瓜 :哎//@大侦探S ://@冰封的羲和-Dasein :多讲讲受害者的故事，别逮着加害者像捡到个宝",
        "uid": "6096157325/",
        "followers_count": "5730",
        "statuses_count": "72",
        "verified": 0,
        "user_created_at": "2017-01-08",
        "has_description": 1,
        "parent": "4527692416294824"
    },
    {
        "mid": "4528334321748187",
        "has_multimedia": 1,
        "comments_count": 0,
        "reposts_count": 0,
        "attitudes_count": 0,
        "t": "1595122496000",
        "text": "//@舞霓裳53:太难过了//@十三點半的kings:共情不是用在这种人身上的，这些死去的人不该莫名被断送了人生。我无法理解这位司机，我也无法跟他共情//@纯良英俊的笑了笑: 太难过了他们本该有平淡幸福的人生//@辣条娘:哎//@江南大野花:断送了这么多无辜的生命，怎么共情得起来",
        "uid": "1741085555/",
        "followers_count": "702",
        "statuses_count": "25257",
        "verified": 1,
        "user_created_at": "2010-05-13",
        "has_description": 1,
        "parent": "4527692416294824"
    },
    {
        "mid": "4528316360951119",
        "has_multimedia": 1,
        "comments_count": 0,
        "reposts_count": 0,
        "attitudes_count": 0,
        "t": "1595118214000",
        "text": "//@麗芙Lif://@务必要减肥的杨某人:太可怕了//@就叫田家兔了:人间惨剧！再也回不了家的父亲，永远无法踏上考场的学生，每一个受害人背后都是一个破碎的家庭和终生无法释怀的痛苦，太惨了！//@鸭酥轮回://@无辜围观纯属路过的小号://@头刀掉进美甲坑:没人对畜牲感兴趣，看看他们毁了多少人的人生",
        "uid": "2689550700/",
        "followers_count": "66",
        "statuses_count": "3536",
        "verified": 0,
        "user_created_at": "2012-01-27",
        "has_description": 1,
        "parent": "4527692416294824"
    },
    {
        "mid": "4527687432935747",
        "has_multimedia": 1,
        "comments_count": 0,
        "reposts_count": 106,
        "attitudes_count": 0,
        "t": "1594968267000",
        "text": "//@黑潮君:",
        "uid": "1794526300/",
        "followers_count": "756",
        "statuses_count": "42594",
        "verified": 1,
        "user_created_at": "2011-07-29",
        "has_description": 1,
        "parent": "4527686917035311"
    },
    {
        "mid": "4528006062934969",
        "has_multimedia": 1,
        "comments_count": 0,
        "reposts_count": 0,
        "attitudes_count": 0,
        "t": "1595044233000",
        "text": "//@啾咪呼噜噜 ://@温水凭本事的手红 :真难过……//@GENTAImiaos ://@西瓜丸茶琴 ://@北野苍术_ : rip…//@尋物偵探事務所 ://@莲识 : //@黑潮君 :",
        "uid": "3754972162/",
        "followers_count": "39",
        "statuses_count": "3247",
        "verified": 0,
        "user_created_at": "2013-08-28",
        "has_description": 0,
        "parent": "4527687432935747"
    },
    {
        "mid": "4528005533926256",
        "has_multimedia": 1,
        "comments_count": 0,
        "reposts_count": 0,
        "attitudes_count": 0,
        "t": "1595044107000",
        "text": "//@0_______0://@库洛的一盒便当:rip//@温水凭本事的手红:真难过……//@GENTAImiaos://@西瓜丸茶琴://@北野苍术_: rip…//@尋物偵探事務所 ://@莲识 : //@黑潮君 :",
        "uid": "5172956267/",
        "followers_count": "2228",
        "statuses_count": "556",
        "verified": 0,
        "user_created_at": "2014-06-08",
        "has_description": 1,
        "parent": "4527687432935747"
    },
    {
        "mid": "4528001527587916",
        "has_multimedia": 1,
        "comments_count": 0,
        "reposts_count": 0,
        "attitudes_count": 0,
        "t": "1595043153000",
        "text": "//@葳蕤raygq:哎。。。//@GENTAImiaos://@西瓜丸茶琴://@北野苍术_: rip…//@尋物偵探事務所 ://@莲识 : //@黑潮君 :",
        "uid": "3385326872/",
        "followers_count": "159",
        "statuses_count": "16967",
        "verified": 0,
        "user_created_at": "2014-03-12",
        "has_description": 1,
        "parent": "4527687432935747"
    },
    {
        "mid": "4528336829942627",
        "has_multimedia": 1,
        "comments_count": 14,
        "reposts_count": 121,
        "attitudes_count": 76,
        "t": "1594979700000",
        "text": "//@M大王叫我来巡山:每个家庭都是这样一出破碎的故事//@江南大野花:断送了这么多无辜的生命，怎么共情得起来//@荷兰豆养殖专家:看到受害人的家属，实在很难说出我能理解那位司机这样的话//@冰封的羲和-Dasein :多讲讲受害者的故事，别逮着加害者像捡到个宝",
        "uid": "1736845592/",
        "followers_count": "681",
        "statuses_count": "21093",
        "verified": 0,
        "user_created_at": "2010-05-02",
        "has_description": 0,
        "parent": "4527686917035311"
    },
    {
        "mid": "4527688431180603",
        "has_multimedia": 1,
        "comments_count": 145,
        "reposts_count": 2640,
        "attitudes_count": 2053,
        "t": "1594968505000",
        "text": "我看到这里真的心碎了💔 死去的人们哪一个没有自己生活的苦辣辛酸。可他们也积极努力充满希望的活着啊，为什么报复社会的人就可以这样夺走他们的生命还有人去同情他。 ¡查看图片",
        "uid": "1645255202/",
        "followers_count": "748490",
        "statuses_count": "11729",
        "verified": 1,
        "user_created_at": "2010-04-30",
        "has_description": 1,
        "parent": "4527686523818636"
    },
    {
        "mid": "4527792714425115",
        "has_multimedia": 1,
        "comments_count": 240,
        "reposts_count": 1461,
        "attitudes_count": 3501,
        "t": "1594993368000",
        "text": "无法同情凶手//@浪里赤条小粗林:我看到这里真的心碎了💔 死去的人们哪一个没有自己生活的苦辣辛酸。可他们也积极努力充满希望的活着啊，为什么报复社会的人就可以这样夺走他们的生命还有人去同情他。 ¡查看图片",
        "uid": "1885688010/",
        "followers_count": "11137376",
        "statuses_count": "8202",
        "verified": 1,
        "user_created_at": "2010-11-30",
        "has_description": 1,
        "parent": "4527688431180603"
    },
    {
        "mid": "4527806333589960",
        "has_multimedia": 1,
        "comments_count": 13,
        "reposts_count": 66,
        "attitudes_count": 60,
        "t": "1594996615000",
        "text": "哎。//@吃瓜群众CJ:无法同情凶手//@浪里赤条小粗林:我看到这里真的心碎了💔 死去的人们哪一个没有自己生活的苦辣辛酸。可他们也积极努力充满希望的活着啊，为什么报复社会的人就可以这样夺走他们的生命还有人去同情他。 ¡查看图片",
        "uid": "1694061470/",
        "followers_count": "1845566",
        "statuses_count": "28905",
        "verified": 1,
        "user_created_at": "2010-02-13",
        "has_description": 1,
        "parent": "4527792714425115"
    },
    {
        "mid": "4528113374206079",
        "has_multimedia": 1,
        "comments_count": 0,
        "reposts_count": 0,
        "attitudes_count": 0,
        "t": "1595069819000",
        "text": "无法同情凶手//@浪里赤条小粗林:我看到这里真的心碎了💔 死去的人们哪一个没有自己生活的苦辣辛酸。可他们也积极努力充满希望的活着啊，为什么报复社会的人就可以这样夺走他们的生命还有人去同情他。 ¡查看图片",
        "uid": "3265397331/",
        "followers_count": "40",
        "statuses_count": "17",
        "verified": 0,
        "user_created_at": "2014-03-12",
        "has_description": 1,
        "parent": "4527806333589960"
    },
    {
        "mid": "4528101792945909",
        "has_multimedia": 1,
        "comments_count": 0,
        "reposts_count": 0,
        "attitudes_count": 0,
        "t": "1595067058000",
        "text": "真的挺难过的，21个人，21个家庭，影响了多少人//@林熊猫:哎。//@吃瓜群众CJ:无法同情凶手//@浪里赤条小粗林:我看到这里真的心碎了💔 死去的人们哪一个没有自己生活的苦辣辛酸。可他们也积极努力充满希望的活着啊，为什么报复社会的人就可以这样夺走他们的生命还有人去同情他。 ¡查看图片",
        "uid": "5380399889/",
        "followers_count": "600",
        "statuses_count": "1954",
        "verified": 0,
        "user_created_at": "2014-11-20",
        "has_description": 1,
        "parent": "4527806333589960"
    },
    {
        "mid": "4528052036173930",
        "has_multimedia": 1,
        "comments_count": 0,
        "reposts_count": 0,
        "attitudes_count": 0,
        "t": "1595055194000",
        "text": "世人皆苦，诸恶莫作//@林熊猫:哎。//@吃瓜群众CJ:无法同情凶手//@浪里赤条小粗林:我看到这里真的心碎了💔 死去的人们哪一个没有自己生活的苦辣辛酸。可他们也积极努力充满希望的活着啊，为什么报复社会的人就可以这样夺走他们的生命还有人去同情他。 ¡查看图片",
        "uid": "1413099892/",
        "followers_count": "484",
        "statuses_count": "9232",
        "verified": 1,
        "user_created_at": "2010-05-18",
        "has_description": 1,
        "parent": "4527806333589960"
    },
    {
        "mid": "4528313416814812",
        "has_multimedia": 1,
        "comments_count": 0,
        "reposts_count": 0,
        "attitudes_count": 0,
        "t": "1595117513000",
        "text": "//@吃瓜群众CJ:无法同情凶手//@浪里赤条小粗林:我看到这里真的心碎了💔 死去的人们哪一个没有自己生活的苦辣辛酸。可他们也积极努力充满希望的活着啊，为什么报复社会的人就可以这样夺走他们的生命还有人去同情他。 ¡查看图片",
        "uid": "5494124259/",
        "followers_count": "140",
        "statuses_count": "5576",
        "verified": 0,
        "user_created_at": "2015-01-24",
        "has_description": 1,
        "parent": "4527792714425115"
    },
    {
        "mid": "4528210027481493",
        "has_multimedia": 1,
        "comments_count": 240,
        "reposts_count": 1461,
        "attitudes_count": 3501,
        "t": "1594993320000",
        "text": "无法同情凶手//@浪里赤条小粗林:我看到这里真的心碎了💔 死去的人们哪一个没有自己生活的苦辣辛酸。可他们也积极努力充满希望的活着啊，为什么报复社会的人就可以这样夺走他们的生命还有人去同情他。 O网页链接",
        "uid": "2431251771/",
        "followers_count": "376",
        "statuses_count": "7366",
        "verified": 1,
        "user_created_at": "2011-10-28",
        "has_description": 0,
        "parent": "4527792714425115"
    },
    {
        "mid": "4528314998064121",
        "has_multimedia": 1,
        "comments_count": 0,
        "reposts_count": 0,
        "attitudes_count": 0,
        "t": "1595117889000",
        "text": "//@浪里赤条小粗林:我看到这里真的心碎了💔 死去的人们哪一个没有自己生活的苦辣辛酸。可他们也积极努力充满希望的活着啊，为什么报复社会的人就可以这样夺走他们的生命还有人去同情他。 ¡查看图片",
        "uid": "1770695367/",
        "followers_count": "1004",
        "statuses_count": "48302",
        "verified": 0,
        "user_created_at": "2010-07-08",
        "has_description": 1,
        "parent": "4527688431180603"
    },
    {
        "mid": "4528270253490409",
        "has_multimedia": 1,
        "comments_count": 0,
        "reposts_count": 0,
        "attitudes_count": 0,
        "t": "1595107221000",
        "text": "苦读多年后等来这至关重要的高考，结果一辆公交车结束了所有的一切//@浪里赤条小粗林:我看到这里真的心碎了💔 死去的人们哪一个没有自己生活的苦辣辛酸。可他们也积极努力充满希望的活着啊，为什么报复社会的人就可以这样夺走他们的生命还有人去同情他。 ¡查看图片",
        "uid": "5771004130/",
        "followers_count": "147",
        "statuses_count": "5270",
        "verified": 0,
        "user_created_at": "2015-11-27",
        "has_description": 1,
        "parent": "4527688431180603"
    },
    {
        "mid": "4527720107353114",
        "has_multimedia": 1,
        "comments_count": 197,
        "reposts_count": 1531,
        "attitudes_count": 1961,
        "t": "1594976057000",
        "text": "我还是坚持我的观点：无论你受了多大的冤屈，当你向无辜者发泄怒火举起屠刀时，你已经丧失了被同情的资格。除了唾弃，你什么都得不到。",
        "uid": "5040955225/",
        "followers_count": "1961786",
        "statuses_count": "4791",
        "verified": 1,
        "user_created_at": "2014-02-16",
        "has_description": 1,
        "parent": "4527686523818636"
    },
    {
        "mid": "4527967894507237",
        "has_multimedia": 1,
        "comments_count": 7,
        "reposts_count": 285,
        "attitudes_count": 276,
        "t": "1595035134000",
        "text": "也希望媒体能像这样多报道受害者的经历//@天涯历知幸:我还是坚持我的观点：无论你受了多大的冤屈，当你向无辜者发泄怒火举起屠刀时，你已经丧失了被同情的资格。除了唾弃，你什么都得不到。",
        "uid": "1786937891/",
        "followers_count": "1201050",
        "statuses_count": "2696",
        "verified": 1,
        "user_created_at": "2010-08-04",
        "has_description": 1,
        "parent": "4527720107353114"
    },
    {
        "mid": "4527979437233434",
        "has_multimedia": 1,
        "comments_count": 21,
        "reposts_count": 97,
        "attitudes_count": 139,
        "t": "1595037886000",
        "text": "每一个受害者个体的故事都值得被报道出来//@罐头辰:也希望媒体能像这样多报道受害者的经历//@天涯历知幸:我还是坚持我的观点：无论你受了多大的冤屈，当你向无辜者发泄怒火举起屠刀时，你已经丧失了被同情的资格。除了唾弃，你什么都得不到。",
        "uid": "6477703051/",
        "followers_count": "1638243",
        "statuses_count": "9051",
        "verified": 1,
        "user_created_at": "2018-02-03",
        "has_description": 1,
        "parent": "4527967894507237"
    }
]