[
    {
        "mid": "4527689786725901",
        "has_multimedia": 1,
        "comments_count": 614,
        "reposts_count": 468,
        "attitudes_count": 4096,
        "t": "1594968828000",
        "text": "汉堡王被曝偷工减料：将应丢弃的鸡块当新鲜食物卖给顾客。7月16日晚，315晚会曝光汉堡王多个餐厅食材存在偷工减料的情况，更令人震惊的是面包到期后，会被替换成新的标签继续做成汉堡售卖，而且多家餐厅员工对此已经见怪不怪。有些汉堡王不仅仅是过期面包被重新修改保质期再销售，过期的南美风味鸡腿排同样被要求修改标签，延长保质期。",
        "uid": "2460723584/",
        "followers_count": "3716653",
        "statuses_count": "13586",
        "verified": 1,
        "user_created_at": "2011-11-12",
        "has_description": 1,
        "parent": "0"
    },
    {
        "mid": "4527917876905905",
        "has_multimedia": 1,
        "comments_count": 0,
        "reposts_count": 0,
        "attitudes_count": 0,
        "t": "1595023209000",
        "text": "转发微博",
        "uid": "5668307876/",
        "followers_count": "1103",
        "statuses_count": "6925",
        "verified": 0,
        "user_created_at": "2015-08-04",
        "has_description": 1,
        "parent": "4527689786725901"
    },
    {
        "mid": "4527917370180296",
        "has_multimedia": 1,
        "comments_count": 0,
        "reposts_count": 0,
        "attitudes_count": 0,
        "t": "1595023088000",
        "text": "转发微博",
        "uid": "5125036053/",
        "followers_count": "1239",
        "statuses_count": "41461",
        "verified": 0,
        "user_created_at": "2014-09-03",
        "has_description": 0,
        "parent": "4527689786725901"
    },
    {
        "mid": "4527915926029490",
        "has_multimedia": 1,
        "comments_count": 0,
        "reposts_count": 0,
        "attitudes_count": 0,
        "t": "1595022744000",
        "text": "转发微博",
        "uid": "5286442930/",
        "followers_count": "1624",
        "statuses_count": "43036",
        "verified": 0,
        "user_created_at": "2014-09-14",
        "has_description": 1,
        "parent": "4527689786725901"
    }
]