[
    {
        "mid": "4527691330493610",
        "has_multimedia": 1,
        "comments_count": 426,
        "reposts_count": 69,
        "attitudes_count": 435,
        "t": "1594969196000",
        "text": "置顶\n#FIRST影展排片公布# 银幕即将亮起，第14届#FIRST青年电影展# 开！票！啦！现在前往官方网站（🔗链接见评论区），可根据具体影片排期选择相应日期的观影C证，分为单日观影证件（7月27日至8月3日），半程观影证（26-30日共5天或31-3日共4天）。购买完成后，稍作等待，大家可凭观影证于7月19日（周日）15:00正式登陆FIRST影展官网（展映排期页面）预约具体影片和场次。FIRST展映环节将遵守防控部门要求，在预约限流、排片间隔、人员排查、环境消毒和应急处理上严格把控。我们影院见！",
        "uid": "2295091411/",
        "followers_count": "2031219",
        "statuses_count": "6660",
        "verified": 1,
        "has_description": 1,
        "parent": "0",
        "user_created_at": "2011-08-09"
    },
    {
        "mid": "4528745501164937",
        "has_multimedia": 1,
        "comments_count": 0,
        "reposts_count": 0,
        "attitudes_count": 0,
        "t": "1595220529000",
        "text": "转发微博",
        "uid": "2013563617/",
        "followers_count": "626",
        "statuses_count": "3637",
        "verified": 0,
        "user_created_at": "2011-03-08",
        "has_description": 1,
        "parent": "4527691330493610"
    },
    {
        "mid": "4528727813533395",
        "has_multimedia": 1,
        "comments_count": 0,
        "reposts_count": 0,
        "attitudes_count": 0,
        "t": "1595216313000",
        "text": "话说买了观影票却没预约到场次的还有救吗。。。。",
        "uid": "1601083791/",
        "followers_count": "364",
        "statuses_count": "416",
        "verified": 1,
        "has_description": 1,
        "parent": "4527691330493610",
        "user_created_at": "2012-06-04"
    },
    {
        "mid": "4528537548106861",
        "has_multimedia": 1,
        "comments_count": 0,
        "reposts_count": 0,
        "attitudes_count": 0,
        "t": "1595170950000",
        "text": "好想去",
        "uid": "1710301020/",
        "followers_count": "1426",
        "statuses_count": "5923",
        "verified": 0,
        "user_created_at": "2010-03-13",
        "has_description": 1,
        "parent": "4527691330493610"
    },
    {
        "mid": "4528497630389422",
        "has_multimedia": 1,
        "comments_count": 0,
        "reposts_count": 0,
        "attitudes_count": 0,
        "t": "1595161433000",
        "text": "原来手速真的能练出来我再也不害怕抢票了（幸亏我爸提醒可以两人一起抢票不然我也完了//@世纪末茉莉:今年也太顺畅了吧一下就买到了而且真的好便宜感觉我赚了",
        "uid": "2275524322/",
        "followers_count": "1149",
        "statuses_count": "6889",
        "verified": 0,
        "user_created_at": "2011-07-29",
        "has_description": 1,
        "parent": "4527691330493610"
    },
    {
        "mid": "4528476345083300",
        "has_multimedia": 1,
        "comments_count": 0,
        "reposts_count": 0,
        "attitudes_count": 0,
        "t": "1595156358000",
        "text": "就又去不了了这时间安排的…",
        "uid": "3979592807/",
        "followers_count": "198",
        "statuses_count": "5379",
        "verified": 0,
        "user_created_at": "2014-01-15",
        "has_description": 1,
        "parent": "4527691330493610"
    },
    {
        "mid": "4528464734192499",
        "has_multimedia": 1,
        "comments_count": 0,
        "reposts_count": 0,
        "attitudes_count": 0,
        "t": "1595153589000",
        "text": "转发微博",
        "uid": "2078223395/",
        "followers_count": "124",
        "statuses_count": "207",
        "verified": 0,
        "user_created_at": "2011-04-09",
        "has_description": 0,
        "parent": "4527691330493610"
    },
    {
        "mid": "4528385818100957",
        "has_multimedia": 1,
        "comments_count": 0,
        "reposts_count": 0,
        "attitudes_count": 0,
        "t": "1595134774000",
        "text": "我现在才看到，进去已经售完了！然后看评论一个小时售完，我又有点不那么气自己了",
        "uid": "3542011077/",
        "followers_count": "232",
        "statuses_count": "858",
        "verified": 0,
        "user_created_at": "2013-07-20",
        "has_description": 1,
        "parent": "4527691330493610"
    },
    {
        "mid": "4528377786010545",
        "has_multimedia": 1,
        "comments_count": 0,
        "reposts_count": 0,
        "attitudes_count": 0,
        "t": "1595132859000",
        "text": "有没有人出半程票…#first青年电影展# #转票#",
        "uid": "2480537061/",
        "followers_count": "558",
        "statuses_count": "16580",
        "verified": 1,
        "user_created_at": "2012-01-08",
        "has_description": 1,
        "parent": "4527691330493610"
    },
    {
        "mid": "4528377409832301",
        "has_multimedia": 1,
        "comments_count": 0,
        "reposts_count": 0,
        "attitudes_count": 1,
        "t": "1595132770000",
        "text": "好想看我哭了",
        "uid": "7076144974/",
        "followers_count": "397",
        "statuses_count": "6162",
        "verified": 0,
        "user_created_at": "2019-04-13",
        "has_description": 1,
        "parent": "4527691330493610"
    }
]