[
    {
        "mid": "4527693699747805",
        "has_multimedia": 1,
        "comments_count": 2651,
        "reposts_count": 1572,
        "attitudes_count": 77089,
        "t": "1594969761000",
        "text": "【#一中学生连获三年全国青创赛奖项#：与同姓教授专利相似，专利页已删】澎湃调查发现，全国青少年科技创新大赛中，有一位学生连续3年获奖，且获奖成果横跨物理学、计算机存算一体和人工智能。这位段姓学生其中一个获奖成果与更早前申请的一项国家专利高度相似，而该专利的发明人与学生获奖项目的指导老师同名。此外，专利的第二位发明人段书凯，现任西南大学人工智能学院教授、博士生导师、副院长。段同学的3次获奖分别在其初二、初三、高一时（2017-2019年），所属学校均为西南大学附属中学校。17日，澎湃再次登录西南大学人工智能学院官网时发现，段书凯个人简介页面中“发明专利介绍”等内容已被删除。°中学生连获三年青创赛奖：与同姓教授专利相似...",
        "uid": "5044281310/",
        "followers_count": "24928686",
        "statuses_count": "69825",
        "verified": 1,
        "has_description": 1,
        "parent": "0",
        "user_created_at": "2012-01-01"
    },
    {
        "mid": "4527696404819880",
        "has_multimedia": 1,
        "comments_count": 40,
        "reposts_count": 38,
        "attitudes_count": 754,
        "t": "1594970406000",
        "text": "两弹一星那会儿要是有这个比赛，还需要看老大哥脸色吗？第一个登月的也肯定不是美国人。",
        "uid": "6641399905/",
        "followers_count": "94266",
        "statuses_count": "785",
        "verified": 1,
        "user_created_at": "2018-09-06",
        "has_description": 1,
        "parent": "4527693699747805"
    },
    {
        "mid": "4528016921201524",
        "has_multimedia": 1,
        "comments_count": 0,
        "reposts_count": 0,
        "attitudes_count": 0,
        "t": "1595046823000",
        "text": "//@星球商业评论:两弹一星那会儿要是有这个比赛，还需要看老大哥脸色吗？第一个登月的也肯定不是美国人。",
        "uid": "7407099566/",
        "followers_count": "12",
        "statuses_count": "174",
        "verified": 0,
        "user_created_at": "2020-03-06",
        "has_description": 1,
        "parent": "4527696404819880"
    },
    {
        "mid": "4527975288277230",
        "has_multimedia": 1,
        "comments_count": 7,
        "reposts_count": 15,
        "attitudes_count": 21,
        "t": "1594972080000",
        "text": "？？。。。少年强则中国强，少年假则老爹假。。。//@星球商业评论: 两弹一星那会儿要是有这个比赛，还需要看老大哥脸色吗？第一个登月的也肯定不是美国人。",
        "uid": "6192601424/",
        "followers_count": "212",
        "statuses_count": "22932",
        "verified": 0,
        "user_created_at": "2017-03-28",
        "has_description": 0,
        "parent": "4527696404819880"
    },
    {
        "mid": "4527948285087099",
        "has_multimedia": 1,
        "comments_count": 0,
        "reposts_count": 0,
        "attitudes_count": 0,
        "t": "1595030459000",
        "text": "//@星球商业评论:两弹一星那会儿要是有这个比赛，还需要看老大哥脸色吗？第一个登月的也肯定不是美国人。",
        "uid": "6017884090/",
        "followers_count": "96",
        "statuses_count": "2876",
        "verified": 0,
        "user_created_at": "2016-11-17",
        "has_description": 1,
        "parent": "4527696404819880"
    },
    {
        "mid": "4527728483896613",
        "has_multimedia": 1,
        "comments_count": 4,
        "reposts_count": 17,
        "attitudes_count": 27,
        "t": "1594978054000",
        "text": "就差幼儿园的小朋友了呵呵",
        "uid": "2984695154/",
        "followers_count": "729921",
        "statuses_count": "21597",
        "verified": 1,
        "user_created_at": "2012-09-03",
        "has_description": 1,
        "parent": "4527693699747805"
    },
    {
        "mid": "4527935882531987",
        "has_multimedia": 1,
        "comments_count": 4,
        "reposts_count": 17,
        "attitudes_count": 27,
        "t": "1594978020000",
        "text": "就差幼儿园的小朋友了呵呵",
        "uid": "3264438347/",
        "followers_count": "950",
        "statuses_count": "2827",
        "verified": 0,
        "user_created_at": "2013-02-04",
        "has_description": 1,
        "parent": "4527728483896613"
    },
    {
        "mid": "4527851439655477",
        "has_multimedia": 1,
        "comments_count": 0,
        "reposts_count": 0,
        "attitudes_count": 0,
        "t": "1595007369000",
        "text": "//@中二化学于老师:就差幼儿园的小朋友了呵呵",
        "uid": "3267638335/",
        "followers_count": "247",
        "statuses_count": "15127",
        "verified": 0,
        "user_created_at": "2013-09-27",
        "has_description": 1,
        "parent": "4527728483896613"
    },
    {
        "mid": "4527826017201614",
        "has_multimedia": 1,
        "comments_count": 0,
        "reposts_count": 0,
        "attitudes_count": 0,
        "t": "1595001308000",
        "text": "估计没几个不造假的，不造假恐怕也获不了奖。//@中二化学于老师:就差幼儿园的小朋友了呵呵",
        "uid": "6560123563/",
        "followers_count": "34",
        "statuses_count": "2047",
        "verified": 0,
        "user_created_at": "2018-12-02",
        "has_description": 1,
        "parent": "4527728483896613"
    },
    {
        "mid": "4527725735843379",
        "has_multimedia": 1,
        "comments_count": 24,
        "reposts_count": 18,
        "attitudes_count": 45,
        "t": "1594977398000",
        "text": "太无耻了！#一中学生连获三年全国青创赛奖项#",
        "uid": "1149665262/",
        "followers_count": "2049855",
        "statuses_count": "48954",
        "verified": 1,
        "user_created_at": "2009-08-28",
        "has_description": 1,
        "parent": "4527693699747805"
    },
    {
        "mid": "4527816206979819",
        "has_multimedia": 1,
        "comments_count": 0,
        "reposts_count": 0,
        "attitudes_count": 0,
        "t": "1594998969000",
        "text": "//@董藩: 太无耻了！#一中学生连获三年全国青创赛奖项#",
        "uid": "1985586404/",
        "followers_count": "240",
        "statuses_count": "2621",
        "verified": 0,
        "user_created_at": "2011-03-09",
        "has_description": 0,
        "parent": "4527725735843379"
    },
    {
        "mid": "4527807726361552",
        "has_multimedia": 1,
        "comments_count": 24,
        "reposts_count": 18,
        "attitudes_count": 45,
        "t": "1594977360000",
        "text": "太无耻了！#一中学生连获三年全国青创赛奖项#",
        "uid": "2116414605/",
        "followers_count": "295",
        "statuses_count": "2186",
        "verified": 1,
        "user_created_at": "2011-05-01",
        "has_description": 1,
        "parent": "4527725735843379"
    },
    {
        "mid": "4527781839634935",
        "has_multimedia": 1,
        "comments_count": 0,
        "reposts_count": 0,
        "attitudes_count": 0,
        "t": "1594990774000",
        "text": "双向无耻！//@董藩:太无耻了！#一中学生连获三年全国青创赛奖项#",
        "uid": "1962938153/",
        "followers_count": "1877",
        "statuses_count": "7311",
        "verified": 0,
        "user_created_at": "2011-02-11",
        "has_description": 1,
        "parent": "4527725735843379"
    }
]