[
    {
        "mid": "4527710409327006",
        "has_multimedia": 1,
        "comments_count": 590,
        "reposts_count": 183,
        "attitudes_count": 3090,
        "t": "1594973744000",
        "text": "【#山东即墨使用敌敌畏养殖海参3人被控制#】16日晚，#央视315揭有人放敌敌畏养海参#后，山东青岛市海洋发展局主要负责人带领执法人员赶赴事发地进行调查处理。青岛市和区两级政府成立由执法人员、专家组成的联合调查组，开展现场勘查和调查取证，执法机关已对3名当事人采取控制措施，从严从速处理。迅速组织开展取样检测工作，对养殖海参、水体底质和成品进行全面检测。有关调查情况和后续依法处置情况将及时发布。（总台央视记者窦效磊）",
        "uid": "2656274875/",
        "followers_count": "111954725",
        "statuses_count": "130531",
        "verified": 1,
        "has_description": 1,
        "parent": "0",
        "user_created_at": "2012-03-07"
    },
    {
        "mid": "4528163306354605",
        "has_multimedia": 1,
        "comments_count": 0,
        "reposts_count": 0,
        "attitudes_count": 1,
        "t": "1595081724000",
        "text": "",
        "uid": "2738842093/",
        "followers_count": "2253",
        "statuses_count": "399",
        "verified": 0,
        "user_created_at": "2012-05-28",
        "has_description": 1,
        "parent": "4527710409327006"
    },
    {
        "mid": "4528152090777307",
        "has_multimedia": 1,
        "comments_count": 0,
        "reposts_count": 0,
        "attitudes_count": 0,
        "t": "1595079050000",
        "text": "曾经的孔孟之乡啊！可惜",
        "uid": "5379153946/",
        "followers_count": "145",
        "statuses_count": "2035",
        "verified": 0,
        "user_created_at": "2014-11-19",
        "has_description": 1,
        "parent": "4527710409327006"
    }
]