[
    {
        "mid": "4527696865929146",
        "has_multimedia": 1,
        "comments_count": 727,
        "reposts_count": 1154,
        "attitudes_count": 11320,
        "t": "1594970516000",
        "text": "【骄傲转发！#我国水下滑翔机下潜深度破世界纪录#】昨天，水下滑翔机万米深渊观测科学考察团队顺利返航。此次科考中，具有我国自主知识产权的2台万米级“海燕-X”水下滑翔机，最大下潜深度首达10619米，刷新下潜深度世界纪录，还获得了温盐深、溶解氧、声学和视频资料等宝贵深海观测数据。点赞！ L央视新闻的微博视频",
        "uid": "2656274875/",
        "followers_count": "111955161",
        "statuses_count": "130532",
        "verified": 1,
        "has_description": 1,
        "parent": "0",
        "user_created_at": "2012-03-07"
    },
    {
        "mid": "4528344673028536",
        "has_multimedia": 1,
        "comments_count": 0,
        "reposts_count": 0,
        "attitudes_count": 0,
        "t": "1595124965000",
        "text": "牛牛牛//@天津大学:#科技北洋# #我在大学等你# 由天津大学与青岛海洋科学与技术试点国家实验室共同研发的“海燕-X”水下滑翔机，在刚刚结束的综合科考中取得了10619米的下潜深度，刷新世界纪录！！祝贺天大海燕水下滑翔机团队！！天大人，加油",
        "uid": "1974984575/",
        "followers_count": "273",
        "statuses_count": "319",
        "verified": 0,
        "user_created_at": "2011-02-17",
        "has_description": 1,
        "parent": "4527696865929146"
    },
    {
        "mid": "4528340746375632",
        "has_multimedia": 1,
        "comments_count": 0,
        "reposts_count": 0,
        "attitudes_count": 0,
        "t": "1595124029000",
        "text": "#天津大学# //@天津大学:#科技北洋# #我在大学等你# 由天津大学与青岛海洋科学与技术试点国家实验室共同研发的“海燕-X”水下滑翔机，在刚刚结束的综合科考中取得了10619米的下潜深度，刷新世界纪录！！祝贺天大海燕水下滑翔机团队！！天大人，加油",
        "uid": "5626993027/",
        "followers_count": "25",
        "statuses_count": "136",
        "verified": 0,
        "user_created_at": "2015-06-08",
        "has_description": 1,
        "parent": "4527696865929146"
    },
    {
        "mid": "4528199151654390",
        "has_multimedia": 1,
        "comments_count": 10,
        "reposts_count": 12,
        "attitudes_count": 135,
        "t": "1595075040000",
        "text": "#科技北洋# #我在大学等你# 由天津大学与青岛海洋科学与技术试点国家实验室共同研发的“海燕-X”水下滑翔机，在刚刚结束的综合科考中取得了10619米的下潜深度，刷新世界纪录！！祝贺天大海燕水下滑翔机团队！！天大人，加油",
        "uid": "6128294285/",
        "followers_count": "84",
        "statuses_count": "534",
        "verified": 0,
        "user_created_at": "2017-01-30",
        "has_description": 0,
        "parent": "4527696865929146"
    }
]