[
    {
        "mid": "4527717515797180",
        "has_multimedia": 1,
        "comments_count": 2246,
        "reposts_count": 1330,
        "attitudes_count": 27298,
        "t": "1594975439000",
        "text": "【胡锡进：今天就给美国人上一课，中国共产党是谁】《纽约时报》爆出美国政府正在商讨禁止所有中共党员及其家属赴美旅行的动议，这迅速引爆了舆论。这一设想的荒唐性达到了难以置信的程度。9300万共产党员光是亲属关系就联系了半个中国社会。主张把中共从中国和中国人民中间摘出来，并对之进行“精准打击”，这是美国少数执政精英的幻想和蛊惑。这就好比要攻击一个人的心脏和他的神经系统，但宣称对这个人的整个身体很友好一样虚伪、狂妄。@胡锡进 #美国考虑对所有中国共产党员实施旅行禁令# O网页链接",
        "uid": "5476386628/",
        "followers_count": "7886988",
        "statuses_count": "6149",
        "verified": 1,
        "has_description": 1,
        "parent": "0",
        "user_created_at": "2015-01-13"
    },
    {
        "mid": "4528027319671787",
        "has_multimedia": 1,
        "comments_count": 5,
        "reposts_count": 14,
        "attitudes_count": 24,
        "t": "1595049302000",
        "text": "//@sean子洋:老胡急甚？不让去就不让去呗朝鲜不能去吗？古巴不能去吗？我们社会主义的兄弟家不能去么？俄罗斯兄弟不欢迎我们吗？非洲兄弟难道不欢迎我们吗？老美休想堵住我们光茫万照的社会主义优秀党员走向世界的铿锵步伐～",
        "uid": "1238510920/",
        "followers_count": "44366",
        "statuses_count": "13293",
        "verified": 1,
        "user_created_at": "2010-03-16",
        "has_description": 0,
        "parent": "4527717515797180"
    },
    {
        "mid": "4528074681750403",
        "has_multimedia": 1,
        "comments_count": 0,
        "reposts_count": 0,
        "attitudes_count": 0,
        "t": "1595060594000",
        "text": "//@王怜花: //@sean子洋:老胡急甚？不让去就不让去呗朝鲜不能去吗？古巴不能去吗？我们社会主义的兄弟家不能去么？俄罗斯兄弟不欢迎我们吗？非洲兄弟难道不欢迎我们吗？老美休想堵住我们光茫万照的社会主义优秀党员走向世界的铿锵步伐～",
        "uid": "1048254797/",
        "followers_count": "150",
        "statuses_count": "2349",
        "verified": 0,
        "user_created_at": "2012-05-25",
        "has_description": 1,
        "parent": "4528027319671787"
    },
    {
        "mid": "4528062216015445",
        "has_multimedia": 1,
        "comments_count": 5,
        "reposts_count": 14,
        "attitudes_count": 24,
        "t": "1595049300000",
        "text": "//@sean子洋:老胡急甚？不让去就不让去呗朝鲜不能去吗？古巴不能去吗？我们社会主义的兄弟家不能去么？俄罗斯兄弟不欢迎我们吗？非洲兄弟难道不欢迎我们吗？老美休想堵住我们光茫万照的社会主义优秀党员走向世界的铿锵步伐～",
        "uid": "3977903376/",
        "followers_count": "1137",
        "statuses_count": "19630",
        "verified": 0,
        "user_created_at": "2014-01-13",
        "has_description": 1,
        "parent": "4528027319671787"
    },
    {
        "mid": "4528056481881718",
        "has_multimedia": 1,
        "comments_count": 0,
        "reposts_count": 0,
        "attitudes_count": 0,
        "t": "1595056255000",
        "text": "//@王怜花://@sean子洋:老胡急甚？不让去就不让去呗朝鲜不能去吗？古巴不能去吗？我们社会主义的兄弟家不能去么？俄罗斯兄弟不欢迎我们吗？非洲兄弟难道不欢迎我们吗？老美休想堵住我们光茫万照的社会主义优秀党员走向世界的铿锵步伐～",
        "uid": "5893162655/",
        "followers_count": "121",
        "statuses_count": "621",
        "verified": 0,
        "user_created_at": "2016-04-04",
        "has_description": 0,
        "parent": "4528027319671787"
    },
    {
        "mid": "4528076690555284",
        "has_multimedia": 1,
        "comments_count": 0,
        "reposts_count": 0,
        "attitudes_count": 0,
        "t": "1595061072000",
        "text": "评论挺有意思。",
        "uid": "3695525892/",
        "followers_count": "2035",
        "statuses_count": "2743",
        "verified": 1,
        "user_created_at": "2013-08-16",
        "has_description": 0,
        "parent": "4527717515797180"
    },
    {
        "mid": "4528076517812938",
        "has_multimedia": 1,
        "comments_count": 0,
        "reposts_count": 0,
        "attitudes_count": 0,
        "t": "1595061032000",
        "text": "那些说老胡各种差的人搞不懂他们是怎么想的，难道只有你们美爹才是对的嘛？",
        "uid": "2650560213/",
        "followers_count": "560",
        "statuses_count": "6272",
        "verified": 0,
        "user_created_at": "2012-03-07",
        "has_description": 1,
        "parent": "4527717515797180"
    }
]