[
    {
        "mid": "4527720794950003",
        "has_multimedia": 1,
        "comments_count": 286,
        "reposts_count": 68,
        "attitudes_count": 5950,
        "t": "1594976221000",
        "text": "【#新天地会长被韩国检方传唤#：妨碍防疫】据韩联社报道，韩国检方17日以“妨碍防疫”为由，传唤“新天地”教会会长李万熙。今年2月，大邱“新天地”教会成为韩国新冠肺炎疫情暴发的中心，截至6月底，韩国确诊病例中，有超过40%都是“新天地”教会的信徒。面对“新天地”引爆韩国疫情，以及教会不配合政府调查，时任首尔市长朴元淳，展现了强硬果断的态度。3月1日，他对包含李万熙在内的“新天地”教会核心成员12人以杀人罪等提起检控。在强大的压力下，次日（3月2日）下午，李万熙首度公开露面，在记者会上跪地谢罪。（海外网）",
        "uid": "1618051664/",
        "followers_count": "80872958",
        "statuses_count": "187241",
        "verified": 1,
        "has_description": 1,
        "parent": "0",
        "user_created_at": "2009-08-28"
    },
    {
        "mid": "4527859262291972",
        "has_multimedia": 1,
        "comments_count": 0,
        "reposts_count": 0,
        "attitudes_count": 0,
        "t": "1595009233000",
        "text": "轉發微博",
        "uid": "5339588192/",
        "followers_count": "602",
        "statuses_count": "22217",
        "verified": 0,
        "user_created_at": "2014-10-22",
        "has_description": 1,
        "parent": "4527720794950003"
    },
    {
        "mid": "4527837942121892",
        "has_multimedia": 1,
        "comments_count": 0,
        "reposts_count": 0,
        "attitudes_count": 0,
        "t": "1595004150000",
        "text": "：【#新天地会长被韩国检方传唤#：妨碍防疫】据韩联社报道，韩国检方17日以“妨碍防疫”为由，传唤“新天地”教会会长李万熙。今年2月，大邱“新天地”教会成为韩国新冠肺炎疫情暴发的中心，截至6月底，韩国确诊病例中，有超过40%都是“新天地”教会的信徒。",
        "uid": "5943590722/",
        "followers_count": "99",
        "statuses_count": "1571",
        "verified": 1,
        "has_description": 1,
        "parent": "4527720794950003",
        "user_created_at": "2016-05-31"
    },
    {
        "mid": "4527808975745279",
        "has_multimedia": 1,
        "comments_count": 0,
        "reposts_count": 0,
        "attitudes_count": 0,
        "t": "1594997245000",
        "text": "新天地全称“新天地耶稣教证据帐幕圣殿”（简称“新天地耶稣教会”），由李万熙于1984年创立，本部位于京畿道果川市。李万熙于1931年9月15日生于庆尚北道清道郡丰角面，17岁时寄居首尔的哥哥家，从事建筑业工作，其间在一名传道士的带领下接受了洗礼。此后回到家乡教会（丰角长老教会），开始信仰生活",
        "uid": "2384300683/",
        "followers_count": "1593",
        "statuses_count": "25236",
        "verified": 1,
        "user_created_at": "2011-09-27",
        "has_description": 1,
        "parent": "4527720794950003"
    },
    {
        "mid": "4527791779611579",
        "has_multimedia": 1,
        "comments_count": 0,
        "reposts_count": 0,
        "attitudes_count": 0,
        "t": "1594993144000",
        "text": "转发微博",
        "uid": "1226931875/",
        "followers_count": "1173",
        "statuses_count": "5325",
        "verified": 0,
        "user_created_at": "2010-03-28",
        "has_description": 1,
        "parent": "4527720794950003"
    },
    {
        "mid": "4527789048333573",
        "has_multimedia": 1,
        "comments_count": 0,
        "reposts_count": 0,
        "attitudes_count": 0,
        "t": "1594992493000",
        "text": "还有人不了解新天地？还用哈利路亚来讽刺基督教徒。新天地是邪教，基督教不是！",
        "uid": "5262254412/",
        "followers_count": "1103",
        "statuses_count": "211",
        "verified": 0,
        "user_created_at": "2014-08-20",
        "has_description": 1,
        "parent": "4527720794950003"
    }
]