[
    {
        "mid": "4527722153911463",
        "has_multimedia": 1,
        "comments_count": 464,
        "reposts_count": 298,
        "attitudes_count": 8558,
        "t": "1594976545000",
        "text": "【暖心！#男孩故意穿同桌破校服让妈妈缝#】近日，一位河北网友分享一个感人视频。儿子学习成绩不是名列前茅，但心地善良。他放学时见到同桌的校服破了，知道同桌没有妈妈，便故意穿错同桌的校服，拿回家让妈妈帮忙洗干净并缝好。@未来网 L未来网的微博视频 ​​​​",
        "uid": "1618051664/",
        "followers_count": "80777440",
        "statuses_count": "187165",
        "verified": 1,
        "has_description": 1,
        "parent": "0",
        "user_created_at": "2009-08-28"
    },
    {
        "mid": "4527723677220879",
        "has_multimedia": 1,
        "comments_count": 0,
        "reposts_count": 38,
        "attitudes_count": 4,
        "t": "1594976907000",
        "text": "赞！",
        "uid": "1788240697/",
        "followers_count": "19943",
        "statuses_count": "20572",
        "verified": 1,
        "user_created_at": "2010-08-06",
        "has_description": 1,
        "parent": "4527722153911463"
    },
    {
        "mid": "4528136080855744",
        "has_multimedia": 1,
        "comments_count": 18,
        "reposts_count": 39,
        "attitudes_count": 321,
        "t": "1595028840000",
        "text": "//@亲范学堂-殷飞:赞！",
        "uid": "1584487472/",
        "followers_count": "386",
        "statuses_count": "5693",
        "verified": 0,
        "user_created_at": "2010-03-22",
        "has_description": 0,
        "parent": "4527723677220879"
    },
    {
        "mid": "4528106125406869",
        "has_multimedia": 1,
        "comments_count": 0,
        "reposts_count": 0,
        "attitudes_count": 0,
        "t": "1595068091000",
        "text": "//@王人平://@亲范学堂-殷飞:赞！",
        "uid": "5015163874/",
        "followers_count": "87",
        "statuses_count": "2596",
        "verified": 0,
        "user_created_at": "2014-01-27",
        "has_description": 1,
        "parent": "4527723677220879"
    },
    {
        "mid": "4528103005624955",
        "has_multimedia": 1,
        "comments_count": 0,
        "reposts_count": 1,
        "attitudes_count": 1,
        "t": "1595030280000",
        "text": "//@王人平://@亲范学堂-殷飞:赞！",
        "uid": "5697082370/",
        "followers_count": "14",
        "statuses_count": "103",
        "verified": 0,
        "user_created_at": "2015-09-26",
        "has_description": 1,
        "parent": "4527723677220879"
    },
    {
        "mid": "4528081266546602",
        "has_multimedia": 1,
        "comments_count": 18,
        "reposts_count": 39,
        "attitudes_count": 321,
        "t": "1595028840000",
        "text": "//@亲范学堂-殷飞:赞！",
        "uid": "1154687033/",
        "followers_count": "60",
        "statuses_count": "584",
        "verified": 0,
        "user_created_at": "2011-12-09",
        "has_description": 0,
        "parent": "4527723677220879"
    },
    {
        "mid": "4528075314050302",
        "has_multimedia": 1,
        "comments_count": 18,
        "reposts_count": 39,
        "attitudes_count": 321,
        "t": "1595028840000",
        "text": "//@亲范学堂-殷飞:赞！",
        "uid": "2278267902/",
        "followers_count": "123",
        "statuses_count": "40",
        "verified": 0,
        "user_created_at": "2012-04-08",
        "has_description": 1,
        "parent": "4527723677220879"
    },
    {
        "mid": "4527994398048778",
        "has_multimedia": 1,
        "comments_count": 0,
        "reposts_count": 0,
        "attitudes_count": 0,
        "t": "1595041452000",
        "text": "//@王人平://@亲范学堂-殷飞:赞！",
        "uid": "1822434431/",
        "followers_count": "520",
        "statuses_count": "9869",
        "verified": 0,
        "user_created_at": "2011-02-01",
        "has_description": 1,
        "parent": "4527723677220879"
    },
    {
        "mid": "4527977105464414",
        "has_multimedia": 1,
        "comments_count": 0,
        "reposts_count": 0,
        "attitudes_count": 0,
        "t": "1595037330000",
        "text": "👍//@王人平://@亲范学堂-殷飞:赞！",
        "uid": "2859413222/",
        "followers_count": "115",
        "statuses_count": "1385",
        "verified": 0,
        "user_created_at": "2012-07-03",
        "has_description": 1,
        "parent": "4527723677220879"
    },
    {
        "mid": "4528210802902807",
        "has_multimedia": 1,
        "comments_count": 0,
        "reposts_count": 0,
        "attitudes_count": 0,
        "t": "1595093048000",
        "text": "//@王人平://@亲范学堂-殷飞:赞！",
        "uid": "6834252256/",
        "followers_count": "39",
        "statuses_count": "2982",
        "verified": 0,
        "user_created_at": "2018-11-10",
        "has_description": 1,
        "parent": "4527722153911463"
    }
]