[
    {
        "mid": "4527722417628203",
        "has_multimedia": 1,
        "comments_count": 392,
        "reposts_count": 219,
        "attitudes_count": 5577,
        "t": "1594976608000",
        "text": "网友来稿：日媒报道了贵州大巴坠湖事件，日本键盘侠：“果然是不把人命当回事的中国人呢，不奇怪了。” ​​​​",
        "uid": "1647486362/",
        "followers_count": "2277966",
        "statuses_count": "32132",
        "verified": 1,
        "user_created_at": "2009-09-15",
        "has_description": 1,
        "parent": "0"
    },
    {
        "mid": "4528129677204166",
        "has_multimedia": 1,
        "comments_count": 0,
        "reposts_count": 0,
        "attitudes_count": 0,
        "t": "1595073706000",
        "text": "",
        "uid": "1825018523/",
        "followers_count": "253",
        "statuses_count": "4256",
        "verified": 1,
        "user_created_at": "2010-10-02",
        "has_description": 1,
        "parent": "4527722417628203"
    },
    {
        "mid": "4528123980547988",
        "has_multimedia": 1,
        "comments_count": 0,
        "reposts_count": 0,
        "attitudes_count": 0,
        "t": "1595072348000",
        "text": "精日震怒",
        "uid": "7293748470/",
        "followers_count": "7",
        "statuses_count": "118",
        "verified": 0,
        "user_created_at": "2019-08-27",
        "has_description": 0,
        "parent": "4527722417628203"
    },
    {
        "mid": "4528117374518077",
        "has_multimedia": 1,
        "comments_count": 0,
        "reposts_count": 0,
        "attitudes_count": 0,
        "t": "1595070772000",
        "text": "转发微博",
        "uid": "6008429007/",
        "followers_count": "29",
        "statuses_count": "150",
        "verified": 0,
        "user_created_at": "2016-08-22",
        "has_description": 1,
        "parent": "4527722417628203"
    },
    {
        "mid": "4528113981589820",
        "has_multimedia": 1,
        "comments_count": 0,
        "reposts_count": 0,
        "attitudes_count": 0,
        "t": "1595069963000",
        "text": "//@天这么大大大:鬼子连侵略屠杀都能给自己找到理由，残忍和反智是刻在骨子里的。",
        "uid": "2060823253/",
        "followers_count": "296",
        "statuses_count": "35211",
        "verified": 0,
        "user_created_at": "2011-04-01",
        "has_description": 1,
        "parent": "4527722417628203"
    },
    {
        "mid": "4528070214031798",
        "has_multimedia": 1,
        "comments_count": 0,
        "reposts_count": 0,
        "attitudes_count": 0,
        "t": "1595059529000",
        "text": "对比京阿尼中国网友的反应真是高下立判",
        "uid": "3251338771/",
        "followers_count": "270",
        "statuses_count": "2980",
        "verified": 0,
        "user_created_at": "2013-03-26",
        "has_description": 1,
        "parent": "4527722417628203"
    },
    {
        "mid": "4528056390387759",
        "has_multimedia": 1,
        "comments_count": 0,
        "reposts_count": 0,
        "attitudes_count": 0,
        "t": "1595056232000",
        "text": "我看不懂日文，若翻译没错的话，还是请大家看清现状吧",
        "uid": "5480451257/",
        "followers_count": "55",
        "statuses_count": "432",
        "verified": 0,
        "user_created_at": "2015-04-03",
        "has_description": 1,
        "parent": "4527722417628203"
    },
    {
        "mid": "4527995967244156",
        "has_multimedia": 1,
        "comments_count": 0,
        "reposts_count": 0,
        "attitudes_count": 0,
        "t": "1595041826000",
        "text": "//@Kris0901:日本按道理有历史包袱，我们可以在舆论上把日本得死死的，现在情况却完全相反，这都什么事。//@璇玑_瑶光:侵略者对被侵略者充满憎恨，被侵略者对侵略者充满同情。真讽刺。//@霓虹傻姐:中国这几天在纪念京都动画纵火案一周年，如图。#我们在霓虹国等你来# ¡查看图片",
        "uid": "5022039082/",
        "followers_count": "136",
        "statuses_count": "16308",
        "verified": 0,
        "user_created_at": "2014-02-03",
        "has_description": 1,
        "parent": "4527722417628203"
    }
]