[
    {
        "mid": "4527722745566772",
        "has_multimedia": 1,
        "comments_count": 574,
        "reposts_count": 303,
        "attitudes_count": 3734,
        "t": "1594976686000",
        "text": "【北京市气象局：预计#北京7月20日进入主汛期#】17日，北京市气象局召开新闻发布会。北京市气候中心副主任施洪波介绍，经过和国家气候中心会商，预计北京市今年主汛期为7月20日-8月10日，降水量为140～160毫米，比常年同期（119.4毫米）偏多2～3成；平均气温为25～26℃，接近常年同期（25.3℃）。（郎朗 图为视频截图）",
        "uid": "1784473157/",
        "followers_count": "67426938",
        "statuses_count": "145910",
        "verified": 1,
        "has_description": 1,
        "parent": "0",
        "user_created_at": "2010-07-26"
    },
    {
        "mid": "4528080259135821",
        "has_multimedia": 1,
        "comments_count": 0,
        "reposts_count": 0,
        "attitudes_count": 1,
        "t": "1595061924000",
        "text": "天天说有雨，也没见下",
        "uid": "1300011402/",
        "followers_count": "91",
        "statuses_count": "318",
        "verified": 0,
        "user_created_at": "2010-11-19",
        "has_description": 0,
        "parent": "4527722745566772"
    },
    {
        "mid": "4528070817744417",
        "has_multimedia": 1,
        "comments_count": 0,
        "reposts_count": 0,
        "attitudes_count": 0,
        "t": "1595059672000",
        "text": "艹？",
        "uid": "5742470591/",
        "followers_count": "321",
        "statuses_count": "95",
        "verified": 0,
        "user_created_at": "2015-10-28",
        "has_description": 1,
        "parent": "4527722745566772"
    },
    {
        "mid": "4528017881179697",
        "has_multimedia": 1,
        "comments_count": 0,
        "reposts_count": 0,
        "attitudes_count": 0,
        "t": "1595047052000",
        "text": "......//@爱-永远都在: 721…………",
        "uid": "1287978783/",
        "followers_count": "1408",
        "statuses_count": "3397",
        "verified": 1,
        "user_created_at": "2011-02-03",
        "has_description": 0,
        "parent": "4527722745566772"
    }
]