[
    {
        "mid": "4527739175179545",
        "has_multimedia": 1,
        "comments_count": 365,
        "reposts_count": 228,
        "attitudes_count": 2345,
        "t": "1594980603000",
        "text": "【CNN主播痛骂特朗普：这时候你在忙卖豆子，是开玩笑吗？！】16日，CNN主播、纽约州长弟弟克里斯·科莫在节目上痛骂特朗普不务正业，“你告诉我，在全球疫情大流行的当口，一个总统怎么还可以有时间卖豆子？在白宫的办公桌上，这是在开玩笑吗？”上周，美国著名食品公司戈雅（Goya）公司CEO在白宫记者会上对特朗普大肆夸奖，引发全网抵制。为表示对戈雅的支持，特朗普和女儿伊万卡在社交媒体上发布戈雅产品的照片，为它做广告，此举引发更大争议。 L微丢的微博视频",
        "uid": "1974576991/",
        "followers_count": "28218928",
        "statuses_count": "190685",
        "verified": 1,
        "has_description": 1,
        "parent": "0",
        "user_created_at": "2011-02-17"
    },
    {
        "mid": "4528354374189262",
        "has_multimedia": 1,
        "comments_count": 0,
        "reposts_count": 0,
        "attitudes_count": 0,
        "t": "1595127277000",
        "text": "转发微博",
        "uid": "1277972401/",
        "followers_count": "8457",
        "statuses_count": "18",
        "verified": 0,
        "user_created_at": "2010-06-27",
        "has_description": 1,
        "parent": "4527739175179545"
    },
    {
        "mid": "4528282454983630",
        "has_multimedia": 1,
        "comments_count": 0,
        "reposts_count": 0,
        "attitudes_count": 0,
        "t": "1595110131000",
        "text": "转发微博",
        "uid": "2019694245/",
        "followers_count": "1817",
        "statuses_count": "6644",
        "verified": 0,
        "user_created_at": "2011-03-11",
        "has_description": 1,
        "parent": "4527739175179545"
    },
    {
        "mid": "4528119908401592",
        "has_multimedia": 1,
        "comments_count": 0,
        "reposts_count": 1,
        "attitudes_count": 0,
        "t": "1595046600000",
        "text": "作为总统帮戈雅做广告 广告费是以什么方式交换呢  利益归特朗普还是美国政府呢 美国民众受益了吗 如果利益归特朗普这算不算收受贿赂呢@美国驻华大使馆",
        "uid": "2035048990/",
        "followers_count": "91",
        "statuses_count": "2508",
        "verified": 0,
        "user_created_at": "2011-03-24",
        "has_description": 0,
        "parent": "4527739175179545"
    },
    {
        "mid": "4528088194749234",
        "has_multimedia": 1,
        "comments_count": 0,
        "reposts_count": 0,
        "attitudes_count": 0,
        "t": "1595063816000",
        "text": "转发微博",
        "uid": "6975024958/",
        "followers_count": "38",
        "statuses_count": "54",
        "verified": 0,
        "user_created_at": "2019-01-27",
        "has_description": 0,
        "parent": "4527739175179545"
    }
]