[
    {
        "mid": "4527724469424125",
        "has_multimedia": 1,
        "comments_count": 467,
        "reposts_count": 305,
        "attitudes_count": 2758,
        "t": "1594977097000",
        "text": "【银保监会：#2022年基本建成全国非法集资监测预警体系#】据银保监会网站17日消息，近日，处置非法集资部际联席会议印发《全国非法集资监测预警体系建设规划（2020-2022年）》。规划提出，到2020年底，完成国家平台和大部分地方平台建设，率先实现国家平台与重点地区平台对接。到2021年底，各地完成地方平台建设，并与国家平台全面对接。到2022年底，基本建成“统分结合、智能驱动、高效协同”的全国非法集资监测预警体系。",
        "uid": "1784473157/",
        "followers_count": "67427298",
        "statuses_count": "145916",
        "verified": 1,
        "has_description": 1,
        "parent": "0",
        "user_created_at": "2010-07-26"
    },
    {
        "mid": "4528373299157938",
        "has_multimedia": 1,
        "comments_count": 0,
        "reposts_count": 0,
        "attitudes_count": 0,
        "t": "1595131790000",
        "text": "@老人普资江苏:当初倡导是ZF，现在一刀切关闭也是它，还把几亿民众莫名其妙套个＂非法集资＂罪名，哪个能服？100％还钱才是关键，现在几亿百姓家庭惨不目睹，这个责任谁来担？人民至上，民心向上，不是喊出来的，而是实事求是做出来的。",
        "uid": "7202630150/",
        "followers_count": "41",
        "statuses_count": "98",
        "verified": 0,
        "user_created_at": "2019-06-20",
        "has_description": 0,
        "parent": "4527724469424125"
    },
    {
        "mid": "4528371838751761",
        "has_multimedia": 1,
        "comments_count": 0,
        "reposts_count": 0,
        "attitudes_count": 0,
        "t": "1595131441000",
        "text": "转发微博",
        "uid": "3600298847/",
        "followers_count": "60",
        "statuses_count": "666",
        "verified": 0,
        "user_created_at": "2013-07-08",
        "has_description": 0,
        "parent": "4527724469424125"
    },
    {
        "mid": "4528353761826469",
        "has_multimedia": 1,
        "comments_count": 0,
        "reposts_count": 2,
        "attitudes_count": 4,
        "t": "1595038980000",
        "text": "@老人普资江苏: 庞大金灾难民问题不解决，出台规划有老百姓相信？现在出台规划说明之前政府没有考虑清楚就推出互联网金融，造成全国3亿金灾难民损失惨重，返回贫困。如果不解决金灾难民资金返还老百姓不会善罢甘休。",
        "uid": "5789309030/",
        "followers_count": "515",
        "statuses_count": "10084",
        "verified": 0,
        "user_created_at": "2015-12-11",
        "has_description": 0,
        "parent": "4527724469424125"
    },
    {
        "mid": "4528350922277556",
        "has_multimedia": 1,
        "comments_count": 0,
        "reposts_count": 0,
        "attitudes_count": 1,
        "t": "1595126454000",
        "text": "//@成辉-付融宝15: 庞大金灾难民问题不解决，出台规划有老百姓相信？ 现在出台规划说明之前政府没有考虑清楚就推出互联网金融，造成全国3亿金灾难民损失惨重，返回贫困。 如果不解决金灾难民资金返还，老百姓不会善罢甘休。",
        "uid": "2598242082/",
        "followers_count": "5232",
        "statuses_count": "15752",
        "verified": 1,
        "user_created_at": "2011-12-09",
        "has_description": 1,
        "parent": "4527724469424125"
    },
    {
        "mid": "4528326422826616",
        "has_multimedia": 1,
        "comments_count": 0,
        "reposts_count": 0,
        "attitudes_count": 0,
        "t": "1595120614000",
        "text": "转发微博",
        "uid": "2441349351/",
        "followers_count": "351",
        "statuses_count": "2185",
        "verified": 0,
        "user_created_at": "2011-11-18",
        "has_description": 0,
        "parent": "4527724469424125"
    },
    {
        "mid": "4528311612735689",
        "has_multimedia": 1,
        "comments_count": 0,
        "reposts_count": 0,
        "attitudes_count": 0,
        "t": "1595117082000",
        "text": "民智已觉醒，几亿人被骗几万亿资金，没有一家媒体报道，正常嘛？政府工作报告与新闻联播都说是国家认可的金融创新，17部委监管下全部暴雷，百姓分文拿不到，你们是监管者还是骗子配合者? 毛主席讲:星星之火可以燎原。@CCTV焦点访谈 @新闻一加一 @财经杂志 @中央纪委 @英雄剑 @血饮",
        "uid": "5226233470/",
        "followers_count": "52",
        "statuses_count": "130",
        "verified": 0,
        "user_created_at": "2014-12-05",
        "has_description": 0,
        "parent": "4527724469424125"
    }
]