[
    {
        "mid": "4527725203425548",
        "has_multimedia": 1,
        "comments_count": 489,
        "reposts_count": 1829,
        "attitudes_count": 26797,
        "t": "1594977272000",
        "text": "阿姨开始可能吓一跳，转身一看是军人，立刻放心了，换成其他人估计阿姨不会放手有军人的地方都有满满的安全感！他们才是当下我们最应该崇拜的人！ L种花家的菌事兔的微博视频 ​​​​",
        "uid": "6096067091/",
        "followers_count": "3186641",
        "statuses_count": "2493",
        "verified": 1,
        "user_created_at": "2017-01-08",
        "has_description": 1,
        "parent": "0"
    },
    {
        "mid": "4528052383779884",
        "has_multimedia": 1,
        "comments_count": 2,
        "reposts_count": 14,
        "attitudes_count": 35,
        "t": "1595055277000",
        "text": "",
        "uid": "5510773324/",
        "followers_count": "352428",
        "statuses_count": "44355",
        "verified": 1,
        "user_created_at": "2015-02-06",
        "has_description": 1,
        "parent": "4527725203425548"
    },
    {
        "mid": "4528190700135757",
        "has_multimedia": 1,
        "comments_count": 2,
        "reposts_count": 14,
        "attitudes_count": 35,
        "t": "1595055240000",
        "text": "",
        "uid": "6499023603/",
        "followers_count": "115",
        "statuses_count": "10846",
        "verified": 0,
        "user_created_at": "2018-03-03",
        "has_description": 0,
        "parent": "4528052383779884"
    },
    {
        "mid": "4528159834250140",
        "has_multimedia": 1,
        "comments_count": 0,
        "reposts_count": 0,
        "attitudes_count": 0,
        "t": "1595080896000",
        "text": "感到骄傲//@可爱的小葱://@林-瑜璟: 嗯//@东邪影视:",
        "uid": "1962167915/",
        "followers_count": "335",
        "statuses_count": "2934",
        "verified": 0,
        "user_created_at": "2011-02-14",
        "has_description": 1,
        "parent": "4528052383779884"
    },
    {
        "mid": "4528136874103985",
        "has_multimedia": 1,
        "comments_count": 0,
        "reposts_count": 1,
        "attitudes_count": 0,
        "t": "1595075422000",
        "text": "//@林-瑜璟: 嗯//@东邪影视:",
        "uid": "1310548172/",
        "followers_count": "939",
        "statuses_count": "52235",
        "verified": 1,
        "user_created_at": "2010-08-06",
        "has_description": 1,
        "parent": "4528052383779884"
    },
    {
        "mid": "4528109338231298",
        "has_multimedia": 1,
        "comments_count": 2,
        "reposts_count": 14,
        "attitudes_count": 35,
        "t": "1595055240000",
        "text": "",
        "uid": "1260505781/",
        "followers_count": "164",
        "statuses_count": "986",
        "verified": 0,
        "user_created_at": "2011-07-13",
        "has_description": 0,
        "parent": "4528052383779884"
    },
    {
        "mid": "4528087478568778",
        "has_multimedia": 1,
        "comments_count": 0,
        "reposts_count": 0,
        "attitudes_count": 0,
        "t": "1595063645000",
        "text": "//@东邪影视:",
        "uid": "2825401332/",
        "followers_count": "470",
        "statuses_count": "9017",
        "verified": 1,
        "user_created_at": "2012-06-06",
        "has_description": 1,
        "parent": "4528052383779884"
    },
    {
        "mid": "4528068486240233",
        "has_multimedia": 1,
        "comments_count": 0,
        "reposts_count": 0,
        "attitudes_count": 0,
        "t": "1595059116000",
        "text": "安全感//@东邪影视:",
        "uid": "6056574982/",
        "followers_count": "16",
        "statuses_count": "1384",
        "verified": 0,
        "user_created_at": "2016-10-30",
        "has_description": 1,
        "parent": "4528052383779884"
    },
    {
        "mid": "4528068086992515",
        "has_multimedia": 1,
        "comments_count": 0,
        "reposts_count": 0,
        "attitudes_count": 0,
        "t": "1595059021000",
        "text": "//@东邪影视:",
        "uid": "1335890211/",
        "followers_count": "1668",
        "statuses_count": "51538",
        "verified": 1,
        "user_created_at": "2010-01-04",
        "has_description": 1,
        "parent": "4528052383779884"
    },
    {
        "mid": "4528065823113550",
        "has_multimedia": 1,
        "comments_count": 0,
        "reposts_count": 0,
        "attitudes_count": 0,
        "t": "1595058481000",
        "text": "//@林-瑜璟:嗯//@东邪影视:",
        "uid": "5331224600/",
        "followers_count": "161",
        "statuses_count": "4029",
        "verified": 0,
        "user_created_at": "2014-10-14",
        "has_description": 1,
        "parent": "4528052383779884"
    },
    {
        "mid": "4528062568340653",
        "has_multimedia": 1,
        "comments_count": 0,
        "reposts_count": 0,
        "attitudes_count": 0,
        "t": "1595057706000",
        "text": "子弟兵//@东邪影视:",
        "uid": "1219955825/",
        "followers_count": "1231",
        "statuses_count": "30735",
        "verified": 0,
        "user_created_at": "2011-03-06",
        "has_description": 1,
        "parent": "4528052383779884"
    },
    {
        "mid": "4528061586347502",
        "has_multimedia": 1,
        "comments_count": 0,
        "reposts_count": 0,
        "attitudes_count": 0,
        "t": "1595057472000",
        "text": "//@东邪影视:",
        "uid": "6692128317/",
        "followers_count": "335",
        "statuses_count": "14227",
        "verified": 0,
        "user_created_at": "2018-09-10",
        "has_description": 0,
        "parent": "4528052383779884"
    },
    {
        "mid": "4528389836244517",
        "has_multimedia": 1,
        "comments_count": 0,
        "reposts_count": 0,
        "attitudes_count": 0,
        "t": "1595135732000",
        "text": "#正能量#",
        "uid": "7195001701/",
        "followers_count": "22",
        "statuses_count": "408",
        "verified": 0,
        "user_created_at": "2019-06-15",
        "has_description": 1,
        "parent": "4527725203425548"
    },
    {
        "mid": "4528388482802722",
        "has_multimedia": 1,
        "comments_count": 0,
        "reposts_count": 0,
        "attitudes_count": 0,
        "t": "1595135410000",
        "text": "转发微博",
        "uid": "7481297567/",
        "followers_count": "12",
        "statuses_count": "16",
        "verified": 0,
        "user_created_at": "2020-07-16",
        "has_description": 0,
        "parent": "4527725203425548"
    },
    {
        "mid": "4528383222881837",
        "has_multimedia": 1,
        "comments_count": 0,
        "reposts_count": 0,
        "attitudes_count": 0,
        "t": "1595134156000",
        "text": "转发微博",
        "uid": "5991887766/",
        "followers_count": "166",
        "statuses_count": "7375",
        "verified": 0,
        "user_created_at": "2016-07-28",
        "has_description": 1,
        "parent": "4527725203425548"
    },
    {
        "mid": "4528374736749021",
        "has_multimedia": 1,
        "comments_count": 0,
        "reposts_count": 0,
        "attitudes_count": 0,
        "t": "1595132132000",
        "text": "转发微博",
        "uid": "1309572815/",
        "followers_count": "7512",
        "statuses_count": "5809",
        "verified": 1,
        "user_created_at": "2011-03-11",
        "has_description": 1,
        "parent": "4527725203425548"
    },
    {
        "mid": "4528374347732126",
        "has_multimedia": 1,
        "comments_count": 0,
        "reposts_count": 0,
        "attitudes_count": 0,
        "t": "1595132040000",
        "text": "转发微博",
        "uid": "2240373870/",
        "followers_count": "92",
        "statuses_count": "383",
        "verified": 0,
        "user_created_at": "2011-07-11",
        "has_description": 1,
        "parent": "4527725203425548"
    },
    {
        "mid": "4528360493685362",
        "has_multimedia": 1,
        "comments_count": 0,
        "reposts_count": 0,
        "attitudes_count": 1,
        "t": "1595128737000",
        "text": "最可爱的人！//@阿苏有虎牙://@种花家的蓝领兔://@老牌天下逍遥://@好人卡灰狼:境外反华媒体：ZG军人抢老百姓的包裹",
        "uid": "5788624479/",
        "followers_count": "730",
        "statuses_count": "15262",
        "verified": 0,
        "user_created_at": "2015-12-11",
        "has_description": 1,
        "parent": "4527725203425548"
    }
]