[
    {
        "mid": "4527728252172443",
        "has_multimedia": 1,
        "comments_count": 385,
        "reposts_count": 109,
        "attitudes_count": 1178,
        "t": "1594977999000",
        "text": "#天气# 下午更新的EC数值认为：7月27日，副高又被打回江南。都快八月了，副高这是打算不北抬了吗…… ​​​​",
        "uid": "1763864272/",
        "followers_count": "9282609",
        "statuses_count": "24033",
        "verified": 1,
        "user_created_at": "2010-06-19",
        "has_description": 1,
        "parent": "0"
    },
    {
        "mid": "4528358782408637",
        "has_multimedia": 1,
        "comments_count": 0,
        "reposts_count": 4,
        "attitudes_count": 0,
        "t": "1595101440000",
        "text": "//@夏天的云飘呀飘呀飘:副高控制的地方高温少雨，就像现在的广东福建，但在副高的北部边缘会形成雨带，容易产生洪涝灾害，就是现在长江沿岸的地方//@夜雨声烦声声乱:副高在的地方是会热么？还是有雨的意思啊？",
        "uid": "1618010182/",
        "followers_count": "6423",
        "statuses_count": "32533",
        "verified": 0,
        "user_created_at": "2009-10-13",
        "has_description": 1,
        "parent": "4527728252172443"
    },
    {
        "mid": "4528333116938134",
        "has_multimedia": 1,
        "comments_count": 0,
        "reposts_count": 0,
        "attitudes_count": 0,
        "t": "1595122210000",
        "text": "转发微博",
        "uid": "6432840576/",
        "followers_count": "3599",
        "statuses_count": "47893",
        "verified": 0,
        "user_created_at": "2017-12-13",
        "has_description": 1,
        "parent": "4527728252172443"
    },
    {
        "mid": "4528319280972937",
        "has_multimedia": 1,
        "comments_count": 0,
        "reposts_count": 0,
        "attitudes_count": 0,
        "t": "1595118910000",
        "text": "//@程序员邹欣://@夏天的云飘呀飘呀飘:副高控制的地方高温少雨，就像现在的广东福建，但在副高的北部边缘会形成雨带，容易产生洪涝灾害，就是现在长江沿岸的地方//@夜雨声烦声声乱:副高在的地方是会热么？还是有雨的意思啊？",
        "uid": "7008623039/",
        "followers_count": "59",
        "statuses_count": "4083",
        "verified": 0,
        "user_created_at": "2019-02-23",
        "has_description": 1,
        "parent": "4527728252172443"
    },
    {
        "mid": "4528287764447751",
        "has_multimedia": 1,
        "comments_count": 0,
        "reposts_count": 0,
        "attitudes_count": 0,
        "t": "1595111397000",
        "text": "//@程序员邹欣 ://@夏天的云飘呀飘呀飘 :副高控制的地方高温少雨，就像现在的广东福建，但在副高的北部边缘会形成雨带，容易产生洪涝灾害，就是现在长江沿岸的地方//@夜雨声烦声声乱 :副高在的地方是会热么？还是有雨的意思啊？",
        "uid": "2345007004/",
        "followers_count": "303",
        "statuses_count": "7397",
        "verified": 1,
        "user_created_at": "2011-08-26",
        "has_description": 0,
        "parent": "4527728252172443"
    },
    {
        "mid": "4528259881238883",
        "has_multimedia": 1,
        "comments_count": 0,
        "reposts_count": 0,
        "attitudes_count": 0,
        "t": "1595104749000",
        "text": "最近一直在想这个问题：今年副高力量太弱//@程序员邹欣://@夏天的云飘呀飘呀飘:副高控制的地方高温少雨，就像现在的广东福建，但在副高的北部边缘会形成雨带，容易产生洪涝灾害，就是现在长江沿岸的地方//@夜雨声烦声声乱:副高在的地方是会热么？还是有雨的意思啊？",
        "uid": "2639885181/",
        "followers_count": "520",
        "statuses_count": "15073",
        "verified": 0,
        "user_created_at": "2012-02-29",
        "has_description": 1,
        "parent": "4527728252172443"
    },
    {
        "mid": "4528246022471994",
        "has_multimedia": 1,
        "comments_count": 0,
        "reposts_count": 4,
        "attitudes_count": 0,
        "t": "1595101444000",
        "text": "//@夏天的云飘呀飘呀飘:副高控制的地方高温少雨，就像现在的广东福建，但在副高的北部边缘会形成雨带，容易产生洪涝灾害，就是现在长江沿岸的地方//@夜雨声烦声声乱:副高在的地方是会热么？还是有雨的意思啊？",
        "uid": "1912273717/",
        "followers_count": "361430",
        "statuses_count": "61525",
        "verified": 1,
        "user_created_at": "2011-01-05",
        "has_description": 1,
        "parent": "4527728252172443"
    },
    {
        "mid": "4528085653002037",
        "has_multimedia": 1,
        "comments_count": 0,
        "reposts_count": 0,
        "attitudes_count": 0,
        "t": "1595063209000",
        "text": "md，还以为是副高太强，没想到是太弱！真tmd～～～",
        "uid": "1314184290/",
        "followers_count": "156",
        "statuses_count": "8028",
        "verified": 0,
        "user_created_at": "2009-09-25",
        "has_description": 1,
        "parent": "4527728252172443"
    },
    {
        "mid": "4528060303678970",
        "has_multimedia": 1,
        "comments_count": 0,
        "reposts_count": 0,
        "attitudes_count": 0,
        "t": "1595057166000",
        "text": "记录：下午更新的EC数值认为：7月27日，副高又被打回江南。都快八月了，副高这是打算不北抬了吗…… ​​​​",
        "uid": "5335524466/",
        "followers_count": "192",
        "statuses_count": "9909",
        "verified": 0,
        "user_created_at": "2014-10-17",
        "has_description": 1,
        "parent": "4527728252172443"
    },
    {
        "mid": "4528037523360380",
        "has_multimedia": 1,
        "comments_count": 0,
        "reposts_count": 0,
        "attitudes_count": 0,
        "t": "1595051734000",
        "text": "今年福州奇热",
        "uid": "5732541708/",
        "followers_count": "78",
        "statuses_count": "846",
        "verified": 0,
        "user_created_at": "2015-10-21",
        "has_description": 0,
        "parent": "4527728252172443"
    }
]