[
    {
        "mid": "4527744484123237",
        "has_multimedia": 1,
        "comments_count": 356,
        "reposts_count": 138,
        "attitudes_count": 5859,
        "t": "1594981869000",
        "text": "【#1/3网约车内冲突因醉酒吸烟引发#】滴滴公众评议会#网约车10大不文明行为#投票结果出炉，共178216投票，酒后滋事和车内异味占据乘客、司机不文明行为最高票。另19%的车内冲突因醉酒引发、14%的车内冲突由吸烟等不文明行为引发，约占整体车内冲突的1/3。@中国新闻网 ​​​​",
        "uid": "1618051664/",
        "followers_count": "80780171",
        "statuses_count": "187168",
        "verified": 1,
        "has_description": 1,
        "parent": "0",
        "user_created_at": "2009-08-28"
    },
    {
        "mid": "4528310375681598",
        "has_multimedia": 1,
        "comments_count": 0,
        "reposts_count": 0,
        "attitudes_count": 0,
        "t": "1595116788000",
        "text": "我还经常遇到副驾驶坐着不相干的人，都不知道是什么人",
        "uid": "1816295244/",
        "followers_count": "1047",
        "statuses_count": "1377",
        "verified": 0,
        "user_created_at": "2010-09-15",
        "has_description": 1,
        "parent": "4527744484123237"
    },
    {
        "mid": "4528257967587601",
        "has_multimedia": 1,
        "comments_count": 0,
        "reposts_count": 0,
        "attitudes_count": 0,
        "t": "1595104292000",
        "text": "还有开车玩手机的",
        "uid": "5909975581/",
        "followers_count": "22",
        "statuses_count": "12",
        "verified": 0,
        "user_created_at": "2016-04-28",
        "has_description": 0,
        "parent": "4527744484123237"
    },
    {
        "mid": "4528184265280282",
        "has_multimedia": 1,
        "comments_count": 0,
        "reposts_count": 0,
        "attitudes_count": 0,
        "t": "1595086720000",
        "text": "//@瓶中妖:司机不文明行为之一：索要乘客个人信息",
        "uid": "1802614291/",
        "followers_count": "365",
        "statuses_count": "3861",
        "verified": 0,
        "user_created_at": "2010-08-25",
        "has_description": 1,
        "parent": "4527744484123237"
    },
    {
        "mid": "4528133569254660",
        "has_multimedia": 1,
        "comments_count": 0,
        "reposts_count": 0,
        "attitudes_count": 0,
        "t": "1595074634000",
        "text": "聊天搭话都是不文明了啊",
        "uid": "2848791355/",
        "followers_count": "60",
        "statuses_count": "310",
        "verified": 0,
        "user_created_at": "2012-07-03",
        "has_description": 0,
        "parent": "4527744484123237"
    }
]