[
    {
        "mid": "4527745265047666",
        "has_multimedia": 1,
        "comments_count": 264,
        "reposts_count": 541,
        "attitudes_count": 401,
        "t": "1594982055000",
        "text": "头榜头条超话 【#抗洪战士与考生擦肩而过大声鼓励#：#安心考试洪水有我们# 致敬！】“安心考试，洪水有我们！”今天，江西省中考开考。早上，借宿鄱阳中学体育馆的抗洪抢险官兵列队出发上堤，刚好遇到了前来考试的学生↓这一幕，好暖！L央视新闻的微博视频 ​​​​",
        "uid": "3489986950/",
        "followers_count": "6186265",
        "statuses_count": "48252",
        "verified": 0,
        "user_created_at": "2013-05-25",
        "has_description": 1,
        "parent": "0"
    },
    {
        "mid": "4527956182961891",
        "has_multimedia": 1,
        "comments_count": 0,
        "reposts_count": 0,
        "attitudes_count": 0,
        "t": "1595032342000",
        "text": "祖国有你们，百姓有安康。",
        "uid": "2768138191/",
        "followers_count": "2",
        "statuses_count": "147",
        "verified": 0,
        "user_created_at": "2012-05-15",
        "has_description": 0,
        "parent": "4527745265047666"
    },
    {
        "mid": "4527927721723993",
        "has_multimedia": 1,
        "comments_count": 0,
        "reposts_count": 0,
        "attitudes_count": 0,
        "t": "1595025556000",
        "text": "转发微博",
        "uid": "2496535967/",
        "followers_count": "9446",
        "statuses_count": "32271",
        "verified": 0,
        "user_created_at": "2011-11-28",
        "has_description": 0,
        "parent": "4527745265047666"
    },
    {
        "mid": "4527831059531809",
        "has_multimedia": 1,
        "comments_count": 0,
        "reposts_count": 0,
        "attitudes_count": 0,
        "t": "1595002509000",
        "text": "转发微博",
        "uid": "2730039647/",
        "followers_count": "598630",
        "statuses_count": "16006",
        "verified": 0,
        "user_created_at": "2012-04-21",
        "has_description": 0,
        "parent": "4527745265047666"
    },
    {
        "mid": "4527829020054748",
        "has_multimedia": 1,
        "comments_count": 0,
        "reposts_count": 0,
        "attitudes_count": 0,
        "t": "1595002024000",
        "text": "转发微博",
        "uid": "2730046183/",
        "followers_count": "599643",
        "statuses_count": "15417",
        "verified": 0,
        "user_created_at": "2012-04-21",
        "has_description": 0,
        "parent": "4527745265047666"
    },
    {
        "mid": "4527828537970024",
        "has_multimedia": 1,
        "comments_count": 0,
        "reposts_count": 0,
        "attitudes_count": 0,
        "t": "1595001909000",
        "text": "转发微博",
        "uid": "2730039647/",
        "followers_count": "598637",
        "statuses_count": "16007",
        "verified": 0,
        "user_created_at": "2012-04-21",
        "has_description": 0,
        "parent": "4527745265047666"
    },
    {
        "mid": "4527828534306025",
        "has_multimedia": 1,
        "comments_count": 0,
        "reposts_count": 0,
        "attitudes_count": 0,
        "t": "1595001908000",
        "text": "转发微博",
        "uid": "2731042311/",
        "followers_count": "599646",
        "statuses_count": "15806",
        "verified": 0,
        "user_created_at": "2012-04-21",
        "has_description": 0,
        "parent": "4527745265047666"
    },
    {
        "mid": "4527827775133384",
        "has_multimedia": 1,
        "comments_count": 0,
        "reposts_count": 0,
        "attitudes_count": 0,
        "t": "1595001727000",
        "text": "转发微博",
        "uid": "2731041721/",
        "followers_count": "599205",
        "statuses_count": "15788",
        "verified": 0,
        "user_created_at": "2012-04-21",
        "has_description": 0,
        "parent": "4527745265047666"
    },
    {
        "mid": "4527827280729671",
        "has_multimedia": 1,
        "comments_count": 0,
        "reposts_count": 0,
        "attitudes_count": 0,
        "t": "1595001609000",
        "text": "转发微博",
        "uid": "2730052347/",
        "followers_count": "599908",
        "statuses_count": "15965",
        "verified": 0,
        "user_created_at": "2012-04-21",
        "has_description": 0,
        "parent": "4527745265047666"
    },
    {
        "mid": "4527827263433362",
        "has_multimedia": 1,
        "comments_count": 0,
        "reposts_count": 0,
        "attitudes_count": 0,
        "t": "1595001605000",
        "text": "转发微博",
        "uid": "2730042857/",
        "followers_count": "598754",
        "statuses_count": "15767",
        "verified": 0,
        "user_created_at": "2012-04-21",
        "has_description": 0,
        "parent": "4527745265047666"
    }
]