[
    {
        "mid": "4527745583288453",
        "has_multimedia": 1,
        "comments_count": 282,
        "reposts_count": 140,
        "attitudes_count": 1982,
        "t": "1594982131000",
        "text": "置顶\n                                                                                                                        成年人的崩溃就在一瞬间，善良是一生的品质#奇趣视频#  L搞笑刘皇叔的微博视频 ​​​​",
        "uid": "6700215460/",
        "followers_count": "446378",
        "statuses_count": "30570",
        "verified": 1,
        "user_created_at": "2018-09-14",
        "has_description": 1,
        "parent": "0"
    },
    {
        "mid": "4528210807357885",
        "has_multimedia": 1,
        "comments_count": 5,
        "reposts_count": 7,
        "attitudes_count": 32,
        "t": "1595066280000",
        "text": "",
        "uid": "5342364956/",
        "followers_count": "71",
        "statuses_count": "1044",
        "verified": 0,
        "user_created_at": "2014-11-13",
        "has_description": 1,
        "parent": "4527745583288453"
    },
    {
        "mid": "4528179702925596",
        "has_multimedia": 1,
        "comments_count": 0,
        "reposts_count": 0,
        "attitudes_count": 0,
        "t": "1595085632000",
        "text": "害//@潘多拉要开心://@来个会说的:",
        "uid": "5666178560/",
        "followers_count": "78",
        "statuses_count": "90",
        "verified": 0,
        "user_created_at": "2015-08-01",
        "has_description": 1,
        "parent": "4527745583288453"
    },
    {
        "mid": "4528171439110164",
        "has_multimedia": 1,
        "comments_count": 0,
        "reposts_count": 1,
        "attitudes_count": 1,
        "t": "1595083663000",
        "text": "//@来个会说的:",
        "uid": "5358618186/",
        "followers_count": "10398",
        "statuses_count": "93",
        "verified": 0,
        "user_created_at": "2014-11-05",
        "has_description": 1,
        "parent": "4527745583288453"
    },
    {
        "mid": "4528151742647256",
        "has_multimedia": 1,
        "comments_count": 0,
        "reposts_count": 0,
        "attitudes_count": 0,
        "t": "1595078966000",
        "text": "转发微博",
        "uid": "5234848978/",
        "followers_count": "26",
        "statuses_count": "1",
        "verified": 0,
        "user_created_at": "2014-07-28",
        "has_description": 0,
        "parent": "4527745583288453"
    },
    {
        "mid": "4528135922256642",
        "has_multimedia": 1,
        "comments_count": 0,
        "reposts_count": 0,
        "attitudes_count": 1,
        "t": "1595075194000",
        "text": "善良",
        "uid": "7468430477/",
        "followers_count": "5",
        "statuses_count": "14",
        "verified": 0,
        "user_created_at": "2020-06-05",
        "has_description": 1,
        "parent": "4527745583288453"
    },
    {
        "mid": "4528135535603415",
        "has_multimedia": 1,
        "comments_count": 0,
        "reposts_count": 0,
        "attitudes_count": 0,
        "t": "1595075103000",
        "text": "片段来自医生观察纪实类节目，我的白大褂，大家有时间可以看看。生老病死是我们都需要面对的，看看医院里每天发生的事情，我们会更珍惜自己的生活。",
        "uid": "3914916598/",
        "followers_count": "43069",
        "statuses_count": "963",
        "verified": 1,
        "user_created_at": "2013-11-23",
        "has_description": 1,
        "parent": "4527745583288453"
    },
    {
        "mid": "4528135473208279",
        "has_multimedia": 1,
        "comments_count": 2,
        "reposts_count": 2,
        "attitudes_count": 17,
        "t": "1595066220000",
        "text": "",
        "uid": "7434215347/",
        "followers_count": "6",
        "statuses_count": "184",
        "verified": 0,
        "user_created_at": "2020-04-09",
        "has_description": 1,
        "parent": "4527745583288453"
    },
    {
        "mid": "4528132549518511",
        "has_multimedia": 1,
        "comments_count": 0,
        "reposts_count": 0,
        "attitudes_count": 0,
        "t": "1595074391000",
        "text": "//@来个会说的:",
        "uid": "7109411693/",
        "followers_count": "217",
        "statuses_count": "2641",
        "verified": 0,
        "user_created_at": "2019-05-01",
        "has_description": 0,
        "parent": "4527745583288453"
    }
]