[
    {
        "mid": "4527733177057951",
        "has_multimedia": 1,
        "comments_count": 327,
        "reposts_count": 68,
        "attitudes_count": 3782,
        "t": "1594979172000",
        "text": "国安法要求台湾“驻港代表”必须签字承认一个中国，台方呼吁：珍视交流机会，不要政治干预 ​​​​",
        "uid": "1647486362/",
        "followers_count": "2279525",
        "statuses_count": "32275",
        "verified": 1,
        "user_created_at": "2009-09-15",
        "has_description": 1,
        "parent": "0"
    },
    {
        "mid": "4528569114168904",
        "has_multimedia": 1,
        "comments_count": 0,
        "reposts_count": 0,
        "attitudes_count": 0,
        "t": "1595178476000",
        "text": "//@风吹麦浪-Amor:这就对了。以后不认一个中国，就别想来赚钱。只能二选一。",
        "uid": "3192542517/",
        "followers_count": "171",
        "statuses_count": "4852",
        "verified": 0,
        "user_created_at": "2012-12-16",
        "has_description": 1,
        "parent": "4527733177057951"
    },
    {
        "mid": "4528334569214546",
        "has_multimedia": 1,
        "comments_count": 0,
        "reposts_count": 0,
        "attitudes_count": 0,
        "t": "1595122556000",
        "text": "//@唐_ruo:政治机构呼吁不要政治？",
        "uid": "6939862056/",
        "followers_count": "368",
        "statuses_count": "5504",
        "verified": 0,
        "user_created_at": "2019-01-15",
        "has_description": 0,
        "parent": "4527733177057951"
    },
    {
        "mid": "4528257624179320",
        "has_multimedia": 1,
        "comments_count": 0,
        "reposts_count": 0,
        "attitudes_count": 0,
        "t": "1595104211000",
        "text": "转发微博",
        "uid": "7280110523/",
        "followers_count": "1",
        "statuses_count": "32",
        "verified": 0,
        "user_created_at": "2019-08-13",
        "has_description": 0,
        "parent": "4527733177057951"
    },
    {
        "mid": "4528206067272255",
        "has_multimedia": 1,
        "comments_count": 0,
        "reposts_count": 0,
        "attitudes_count": 0,
        "t": "1595091919000",
        "text": "转发微博",
        "uid": "2403576887/",
        "followers_count": "86",
        "statuses_count": "2112",
        "verified": 0,
        "user_created_at": "2012-11-21",
        "has_description": 0,
        "parent": "4527733177057951"
    },
    {
        "mid": "4528183925553704",
        "has_multimedia": 1,
        "comments_count": 0,
        "reposts_count": 0,
        "attitudes_count": 0,
        "t": "1595086640000",
        "text": "啊这//@zk你好喵喵殿:啧啧啧",
        "uid": "3005769594/",
        "followers_count": "135",
        "statuses_count": "106",
        "verified": 0,
        "user_created_at": "2012-11-08",
        "has_description": 1,
        "parent": "4527733177057951"
    },
    {
        "mid": "4528085930614004",
        "has_multimedia": 1,
        "comments_count": 0,
        "reposts_count": 0,
        "attitudes_count": 0,
        "t": "1595063276000",
        "text": "无耻",
        "uid": "6625431956/",
        "followers_count": "111",
        "statuses_count": "3253",
        "verified": 0,
        "user_created_at": "2018-08-07",
        "has_description": 1,
        "parent": "4527733177057951"
    }
]