[
    {
        "mid": "4527734183695585",
        "has_multimedia": 1,
        "comments_count": 327,
        "reposts_count": 286,
        "attitudes_count": 681,
        "t": "1594979413000",
        "text": "谁看了不说一句：次奥#大叔伪装女主播诈骗50万# L松鼠视频的微博视频 ​​​​",
        "uid": "2393541445/",
        "followers_count": "8071929",
        "statuses_count": "8691",
        "verified": 1,
        "user_created_at": "2011-10-02",
        "has_description": 1,
        "parent": "0"
    },
    {
        "mid": "4528023598534316",
        "has_multimedia": 1,
        "comments_count": 0,
        "reposts_count": 0,
        "attitudes_count": 0,
        "t": "1595048414000",
        "text": "所以网上的我都不是很相信！",
        "uid": "6171836160/",
        "followers_count": "3",
        "statuses_count": "523",
        "verified": 0,
        "user_created_at": "2017-03-17",
        "has_description": 1,
        "parent": "4527734183695585"
    },
    {
        "mid": "4527939364063334",
        "has_multimedia": 1,
        "comments_count": 0,
        "reposts_count": 0,
        "attitudes_count": 0,
        "t": "1595028331000",
        "text": "老公你在吗 老公我想你了",
        "uid": "5817033142/",
        "followers_count": "29",
        "statuses_count": "333",
        "verified": 0,
        "user_created_at": "2016-01-01",
        "has_description": 0,
        "parent": "4527734183695585"
    },
    {
        "mid": "4527856762488193",
        "has_multimedia": 1,
        "comments_count": 0,
        "reposts_count": 0,
        "attitudes_count": 0,
        "t": "1595008638000",
        "text": "次奥",
        "uid": "6619513047/",
        "followers_count": "1",
        "statuses_count": "20",
        "verified": 0,
        "user_created_at": "2018-08-02",
        "has_description": 0,
        "parent": "4527734183695585"
    },
    {
        "mid": "4527795545584366",
        "has_multimedia": 1,
        "comments_count": 0,
        "reposts_count": 0,
        "attitudes_count": 0,
        "t": "1594994043000",
        "text": "？？？？",
        "uid": "5911226555/",
        "followers_count": "366",
        "statuses_count": "10070",
        "verified": 0,
        "user_created_at": "2016-04-29",
        "has_description": 0,
        "parent": "4527734183695585"
    },
    {
        "mid": "4527792656230982",
        "has_multimedia": 1,
        "comments_count": 0,
        "reposts_count": 0,
        "attitudes_count": 0,
        "t": "1594993354000",
        "text": "????//@通通都叫黑泽: ？？",
        "uid": "1264870807/",
        "followers_count": "588",
        "statuses_count": "21992",
        "verified": 1,
        "user_created_at": "2009-09-25",
        "has_description": 1,
        "parent": "4527734183695585"
    },
    {
        "mid": "4527782643896967",
        "has_multimedia": 1,
        "comments_count": 3,
        "reposts_count": 0,
        "attitudes_count": 0,
        "t": "1594990966000",
        "text": "@AE86还有一整箱的油",
        "uid": "7051437910/",
        "followers_count": "34",
        "statuses_count": "962",
        "verified": 0,
        "user_created_at": "2019-03-27",
        "has_description": 0,
        "parent": "4527734183695585"
    }
]