[
    {
        "mid": "4527734141226225",
        "has_multimedia": 1,
        "comments_count": 574,
        "reposts_count": 467,
        "attitudes_count": 1356,
        "t": "1594979402000",
        "text": "【#中国小店都是野生rapper#网友：段子高手在民间】街边巷尾、夜市上的小摊店主，除了有一身独门高超的手艺外，吆喝起来也是一把好手。朗朗上口、魔性的吆喝洗脑路人。老板们脑洞大开，通俗易懂、平仄押韵的吆喝词尽显智慧，所谓“高手在民间”名不虚传。L梨视频的秒拍视频 ​​​​",
        "uid": "6004281123/",
        "followers_count": "22990200",
        "statuses_count": "68241",
        "verified": 1,
        "has_description": 1,
        "parent": "0",
        "user_created_at": "2016-08-16"
    },
    {
        "mid": "4527944443104298",
        "has_multimedia": 1,
        "comments_count": 0,
        "reposts_count": 0,
        "attitudes_count": 0,
        "t": "1595029543000",
        "text": "转发微博",
        "uid": "2356947792/",
        "followers_count": "1510",
        "statuses_count": "95",
        "verified": 0,
        "user_created_at": "2011-08-29",
        "has_description": 0,
        "parent": "4527734141226225"
    },
    {
        "mid": "4527943277085319",
        "has_multimedia": 1,
        "comments_count": 0,
        "reposts_count": 0,
        "attitudes_count": 0,
        "t": "1595029264000",
        "text": "转发微博",
        "uid": "3279144972/",
        "followers_count": "106",
        "statuses_count": "227",
        "verified": 0,
        "user_created_at": "2013-04-22",
        "has_description": 0,
        "parent": "4527734141226225"
    }
]