[
    {
        "mid": "4527736666721157",
        "has_multimedia": 1,
        "comments_count": 800,
        "reposts_count": 621,
        "attitudes_count": 1042,
        "t": "1594980005000",
        "text": "被社会毒打后必须接受的现实！成人世界风浪太多舒服太少。#夏日乐宠粉##毕业季# L名侦探拳头的微博视频 ​​​​",
        "uid": "2948415605/",
        "followers_count": "1086925",
        "statuses_count": "669",
        "verified": 1,
        "user_created_at": "2012-09-14",
        "has_description": 1,
        "parent": "0"
    },
    {
        "mid": "4528334594378153",
        "has_multimedia": 1,
        "comments_count": 0,
        "reposts_count": 0,
        "attitudes_count": 0,
        "t": "1595122561000",
        "text": "#大V宠粉# 七十二式~~第三式：替我粉丝接受社会毒打！社会人的这些“潜规则”你都应该懂",
        "uid": "5178772029/",
        "followers_count": "875844",
        "statuses_count": "798",
        "verified": 1,
        "has_description": 1,
        "parent": "4527736666721157",
        "user_created_at": "2014-06-13"
    },
    {
        "mid": "4528251881915196",
        "has_multimedia": 1,
        "comments_count": 0,
        "reposts_count": 0,
        "attitudes_count": 0,
        "t": "1595102842000",
        "text": "过于真实，举报了+1",
        "uid": "6271738166/",
        "followers_count": "21",
        "statuses_count": "406",
        "verified": 0,
        "user_created_at": "2017-06-05",
        "has_description": 1,
        "parent": "4527736666721157"
    },
    {
        "mid": "4528206260995935",
        "has_multimedia": 1,
        "comments_count": 0,
        "reposts_count": 0,
        "attitudes_count": 0,
        "t": "1595091964000",
        "text": "看到这个视频感同身受的",
        "uid": "6979580885/",
        "followers_count": "107",
        "statuses_count": "129",
        "verified": 0,
        "user_created_at": "2019-01-31",
        "has_description": 1,
        "parent": "4527736666721157"
    },
    {
        "mid": "4528206046565528",
        "has_multimedia": 1,
        "comments_count": 0,
        "reposts_count": 0,
        "attitudes_count": 0,
        "t": "1595091914000",
        "text": "现在这个社会中要面临的压力太大",
        "uid": "6491461713/",
        "followers_count": "137",
        "statuses_count": "394",
        "verified": 0,
        "user_created_at": "2018-02-20",
        "has_description": 0,
        "parent": "4527736666721157"
    },
    {
        "mid": "4528205010311497",
        "has_multimedia": 1,
        "comments_count": 0,
        "reposts_count": 0,
        "attitudes_count": 0,
        "t": "1595091666000",
        "text": "在人生道路上不可能都是一帆风顺的。",
        "uid": "6439159149/",
        "followers_count": "98",
        "statuses_count": "188",
        "verified": 0,
        "user_created_at": "2017-12-28",
        "has_description": 0,
        "parent": "4527736666721157"
    }
]