[
    {
        "mid": "4527755259810060",
        "has_multimedia": 1,
        "comments_count": 1965,
        "reposts_count": 529,
        "attitudes_count": 35803,
        "t": "1594984438000",
        "text": "【耗资26亿卢比！#印度8年建成大桥1个月被冲垮#】当地时间15日，印度比哈尔邦一座大桥被洪水冲垮，这座大桥于2012年开工，耗时8年完工，仅通车一个月。工程总投入资金达26.34亿卢比（约合人民币2.45亿元）。比哈尔邦议会反对派领导人Tejashwi Yadav 对此事提出了强烈批评，他称这是腐败所导致的。L海客新闻的秒拍视频",
        "uid": "1887344341/",
        "followers_count": "12617118",
        "statuses_count": "110646",
        "verified": 1,
        "has_description": 1,
        "parent": "0",
        "user_created_at": "2010-12-09"
    },
    {
        "mid": "4527822800955680",
        "has_multimedia": 1,
        "comments_count": 13,
        "reposts_count": 26,
        "attitudes_count": 71,
        "t": "1595000541000",
        "text": "你看，人家大桥垮了，公开透明，不像某国，三峡大坝年年垮掉，不敢告诉人民，每年偷偷重建一次。这就是差距。",
        "uid": "1402551940/",
        "followers_count": "122721",
        "statuses_count": "79350",
        "verified": 1,
        "user_created_at": "2010-02-09",
        "has_description": 1,
        "parent": "4527755259810060"
    },
    {
        "mid": "4528049246446635",
        "has_multimedia": 1,
        "comments_count": 0,
        "reposts_count": 0,
        "attitudes_count": 0,
        "t": "1595054530000",
        "text": "//@风湿科聂医生://@无穷的探索:→_→//@西西福厮:你看，人家大桥垮了，公开透明，不像某国，三峡大坝年年垮掉，不敢告诉人民，每年偷偷重建一次。这就是差距。",
        "uid": "2694469645/",
        "followers_count": "249",
        "statuses_count": "4201",
        "verified": 0,
        "user_created_at": "2012-04-04",
        "has_description": 1,
        "parent": "4527822800955680"
    },
    {
        "mid": "4528029730347443",
        "has_multimedia": 1,
        "comments_count": 0,
        "reposts_count": 0,
        "attitudes_count": 0,
        "t": "1595049877000",
        "text": "要是咱们能每年建一个三峡，懂王都得尿了//@旅者应龙: //@西西福厮:你看，人家大桥垮了，公开透明，不像某国，三峡大坝年年垮掉，不敢告诉人民，每年偷偷重建一次。这就是差距。",
        "uid": "2050872285/",
        "followers_count": "578",
        "statuses_count": "33456",
        "verified": 0,
        "user_created_at": "2011-03-28",
        "has_description": 0,
        "parent": "4527822800955680"
    },
    {
        "mid": "4528013667205585",
        "has_multimedia": 1,
        "comments_count": 13,
        "reposts_count": 26,
        "attitudes_count": 71,
        "t": "1595000520000",
        "text": "你看，人家大桥垮了，公开透明，不像某国，三峡大坝年年垮掉，不敢告诉人民，每年偷偷重建一次。这就是差距。",
        "uid": "1687251193/",
        "followers_count": "1008",
        "statuses_count": "32590",
        "verified": 1,
        "user_created_at": "2010-01-29",
        "has_description": 1,
        "parent": "4527822800955680"
    },
    {
        "mid": "4527833054971639",
        "has_multimedia": 1,
        "comments_count": 13,
        "reposts_count": 18,
        "attitudes_count": 18,
        "t": "1595002985000",
        "text": "就踏马这么一个破桥要两亿rmb？",
        "uid": "1017668561/",
        "followers_count": "70868",
        "statuses_count": "95007",
        "verified": 1,
        "user_created_at": "2014-02-28",
        "has_description": 1,
        "parent": "4527755259810060"
    },
    {
        "mid": "4527999225171472",
        "has_multimedia": 1,
        "comments_count": 0,
        "reposts_count": 0,
        "attitudes_count": 0,
        "t": "1595042603000",
        "text": "还修8年//@宽容公正麦卡锡:就踏马这么一个破桥要两亿rmb？",
        "uid": "5697892193/",
        "followers_count": "2131",
        "statuses_count": "26131",
        "verified": 1,
        "user_created_at": "2015-09-09",
        "has_description": 1,
        "parent": "4527833054971639"
    },
    {
        "mid": "4527969437221660",
        "has_multimedia": 1,
        "comments_count": 0,
        "reposts_count": 0,
        "attitudes_count": 0,
        "t": "1595035501000",
        "text": "//@宽容公正麦卡锡:就踏马这么一个破桥要两亿rmb？",
        "uid": "6561651213/",
        "followers_count": "135",
        "statuses_count": "2408",
        "verified": 0,
        "user_created_at": "2018-08-14",
        "has_description": 1,
        "parent": "4527833054971639"
    },
    {
        "mid": "4527959366960562",
        "has_multimedia": 1,
        "comments_count": 0,
        "reposts_count": 0,
        "attitudes_count": 0,
        "t": "1595033100000",
        "text": "去呗，反正我们可以自循环//@湘哥李啦:就这样还想着承包伊朗铁路建设呢//@文活武使:工程队、监管、招商部门、银行、当地政府等等这么多家分，2亿多吗？//@宽容公正麦卡锡:就踏马这么一个破桥要两亿rmb？",
        "uid": "1247085053/",
        "followers_count": "7265",
        "statuses_count": "60490",
        "verified": 1,
        "user_created_at": "2010-10-26",
        "has_description": 1,
        "parent": "4527833054971639"
    },
    {
        "mid": "4528054443444861",
        "has_multimedia": 1,
        "comments_count": 2,
        "reposts_count": 4,
        "attitudes_count": 5,
        "t": "1595041140000",
        "text": "//@无穷的探索:→_→//@西西福厮:你看，人家大桥垮了，公开透明，不像某国，三峡大坝年年垮掉，不敢告诉人民，每年偷偷重建一次。这就是差距。",
        "uid": "7304203384/",
        "followers_count": "42",
        "statuses_count": "5200",
        "verified": 0,
        "user_created_at": "2019-09-12",
        "has_description": 1,
        "parent": "4527755259810060"
    }
]