[
    {
        "mid": "4527757926867104",
        "has_multimedia": 1,
        "comments_count": 338,
        "reposts_count": 285,
        "attitudes_count": 2910,
        "t": "1594985074000",
        "text": "【#钧评#：让网络空间风清气正】在流量为王、眼球经济的时代，正面舆论引导、弘扬主流价值观、维护用户利益，尤为重要。优质内容的生产需要网站平台、内容创作者等主体共同发力。在算法推荐机制下，提高正能量内容比重，过滤标题党、低俗、恶意营销等内容是应有之义。向一切垃圾信息说不，全力维护清朗网络空间。",
        "uid": "7377933773/",
        "followers_count": "827229",
        "statuses_count": "428",
        "verified": 1,
        "has_description": 1,
        "parent": "0",
        "user_created_at": "2020-01-25"
    },
    {
        "mid": "4527809785246899",
        "has_multimedia": 1,
        "comments_count": 30,
        "reposts_count": 33,
        "attitudes_count": 153,
        "t": "1594997438000",
        "text": "营造风清气正的网络空间！",
        "uid": "5594165638/",
        "followers_count": "491775",
        "statuses_count": "11961",
        "verified": 1,
        "has_description": 1,
        "parent": "4527757926867104",
        "user_created_at": "2015-04-24"
    },
    {
        "mid": "4527985720299520",
        "has_multimedia": 1,
        "comments_count": 0,
        "reposts_count": 0,
        "attitudes_count": 0,
        "t": "1595039384000",
        "text": "→//@又把麻瓜弄丢了:先务必把日本外务省清出去//@战略安全与军控在线:营造风清气正的网络空间！",
        "uid": "6499845694/",
        "followers_count": "367",
        "statuses_count": "10110",
        "verified": 0,
        "user_created_at": "2018-03-04",
        "has_description": 1,
        "parent": "4527809785246899"
    },
    {
        "mid": "4527961073525092",
        "has_multimedia": 1,
        "comments_count": 0,
        "reposts_count": 0,
        "attitudes_count": 0,
        "t": "1595033508000",
        "text": "//@战略安全与军控在线:营造风清气正的网络空间！",
        "uid": "1954298904/",
        "followers_count": "440",
        "statuses_count": "58713",
        "verified": 0,
        "user_created_at": "2011-05-21",
        "has_description": 1,
        "parent": "4527809785246899"
    },
    {
        "mid": "4527952127330098",
        "has_multimedia": 1,
        "comments_count": 0,
        "reposts_count": 0,
        "attitudes_count": 0,
        "t": "1595031374000",
        "text": "太好了，洗洗眼睛，太讨厌标题党了//@战略安全与军控在线:营造风清气正的网络空间！",
        "uid": "3342027630/",
        "followers_count": "2418",
        "statuses_count": "1299",
        "verified": 0,
        "user_created_at": "2013-04-19",
        "has_description": 1,
        "parent": "4527809785246899"
    },
    {
        "mid": "4527946477608974",
        "has_multimedia": 1,
        "comments_count": 0,
        "reposts_count": 0,
        "attitudes_count": 0,
        "t": "1595030028000",
        "text": "//@战略安全与军控在线:营造风清气正的网络空间！",
        "uid": "5299226752/",
        "followers_count": "57",
        "statuses_count": "6687",
        "verified": 0,
        "user_created_at": "2014-09-20",
        "has_description": 1,
        "parent": "4527809785246899"
    },
    {
        "mid": "4527925305280493",
        "has_multimedia": 1,
        "comments_count": 1,
        "reposts_count": 1,
        "attitudes_count": 2,
        "t": "1595024980000",
        "text": "共同努力，全力维护清朗网络空间。//@战略安全与军控在线:营造风清气正的网络空间！",
        "uid": "5545236080/",
        "followers_count": "73624",
        "statuses_count": "31262",
        "verified": 0,
        "user_created_at": "2015-03-07",
        "has_description": 1,
        "parent": "4527809785246899"
    },
    {
        "mid": "4527926664235329",
        "has_multimedia": 1,
        "comments_count": 1,
        "reposts_count": 1,
        "attitudes_count": 2,
        "t": "1595024940000",
        "text": "共同努力，全力维护清朗网络空间。//@战略安全与军控在线:营造风清气正的网络空间！",
        "uid": "6813258450/",
        "followers_count": "3077",
        "statuses_count": "28715",
        "verified": 0,
        "user_created_at": "2018-11-01",
        "has_description": 1,
        "parent": "4527925305280493"
    },
    {
        "mid": "4527880115323452",
        "has_multimedia": 1,
        "comments_count": 30,
        "reposts_count": 33,
        "attitudes_count": 153,
        "t": "1594997400000",
        "text": "营造风清气正的网络空间！",
        "uid": "6401976735/",
        "followers_count": "179",
        "statuses_count": "2734",
        "verified": 0,
        "user_created_at": "2017-11-16",
        "has_description": 1,
        "parent": "4527809785246899"
    },
    {
        "mid": "4527871403491936",
        "has_multimedia": 1,
        "comments_count": 0,
        "reposts_count": 0,
        "attitudes_count": 0,
        "t": "1595012128000",
        "text": "正本清源。某些管理员珍重！//@战略安全与军控在线:营造风清气正的网络空间！",
        "uid": "6370669153/",
        "followers_count": "5331",
        "statuses_count": "5491",
        "verified": 0,
        "user_created_at": "2017-11-28",
        "has_description": 1,
        "parent": "4527809785246899"
    },
    {
        "mid": "4527839200677772",
        "has_multimedia": 1,
        "comments_count": 0,
        "reposts_count": 0,
        "attitudes_count": 0,
        "t": "1595004451000",
        "text": "从人民网开始//@战略安全与军控在线:营造风清气正的网络空间！",
        "uid": "3229393001/",
        "followers_count": "136",
        "statuses_count": "1586",
        "verified": 0,
        "user_created_at": "2014-07-13",
        "has_description": 1,
        "parent": "4527809785246899"
    },
    {
        "mid": "4527758044046212",
        "has_multimedia": 1,
        "comments_count": 10,
        "reposts_count": 24,
        "attitudes_count": 101,
        "t": "1594985102000",
        "text": "转发微博",
        "uid": "6486930715/",
        "followers_count": "631097",
        "statuses_count": "44576",
        "verified": 1,
        "user_created_at": "2018-03-05",
        "has_description": 1,
        "parent": "4527757926867104"
    },
    {
        "mid": "4527846653428579",
        "has_multimedia": 1,
        "comments_count": 0,
        "reposts_count": 0,
        "attitudes_count": 0,
        "t": "1595006227000",
        "text": "从平台入手，从制度入手//@脱欧入亚卡菊轮:转发微博",
        "uid": "6859215661/",
        "followers_count": "12",
        "statuses_count": "1745",
        "verified": 0,
        "user_created_at": "2018-11-20",
        "has_description": 0,
        "parent": "4527758044046212"
    },
    {
        "mid": "4527845806445229",
        "has_multimedia": 1,
        "comments_count": 0,
        "reposts_count": 0,
        "attitudes_count": 0,
        "t": "1595006026000",
        "text": "//@脱欧入亚卡菊轮:转发微博",
        "uid": "3526056774/",
        "followers_count": "92",
        "statuses_count": "4662",
        "verified": 0,
        "user_created_at": "2013-07-14",
        "has_description": 0,
        "parent": "4527758044046212"
    },
    {
        "mid": "4527845701584989",
        "has_multimedia": 1,
        "comments_count": 0,
        "reposts_count": 0,
        "attitudes_count": 0,
        "t": "1595006001000",
        "text": "//@脱欧入亚卡菊轮:转发微博",
        "uid": "3953878661/",
        "followers_count": "7",
        "statuses_count": "67",
        "verified": 0,
        "user_created_at": "2013-12-24",
        "has_description": 0,
        "parent": "4527758044046212"
    },
    {
        "mid": "4527807075717235",
        "has_multimedia": 1,
        "comments_count": 0,
        "reposts_count": 0,
        "attitudes_count": 0,
        "t": "1594996792000",
        "text": "//@脱欧入亚卡菊轮:转发微博",
        "uid": "6222517495/",
        "followers_count": "10",
        "statuses_count": "2233",
        "verified": 0,
        "user_created_at": "2017-04-22",
        "has_description": 0,
        "parent": "4527758044046212"
    },
    {
        "mid": "4527788377512856",
        "has_multimedia": 1,
        "comments_count": 0,
        "reposts_count": 0,
        "attitudes_count": 0,
        "t": "1594992333000",
        "text": "//@脱欧入亚卡菊轮:转发微博",
        "uid": "2139151904/",
        "followers_count": "80",
        "statuses_count": "6774",
        "verified": 0,
        "user_created_at": "2014-07-27",
        "has_description": 1,
        "parent": "4527758044046212"
    },
    {
        "mid": "4527785537973814",
        "has_multimedia": 1,
        "comments_count": 10,
        "reposts_count": 24,
        "attitudes_count": 101,
        "t": "1594985100000",
        "text": "转发微博",
        "uid": "2188142765/",
        "followers_count": "71",
        "statuses_count": "1428",
        "verified": 0,
        "user_created_at": "2014-03-04",
        "has_description": 0,
        "parent": "4527758044046212"
    },
    {
        "mid": "4527778882650390",
        "has_multimedia": 1,
        "comments_count": 0,
        "reposts_count": 0,
        "attitudes_count": 0,
        "t": "1594990069000",
        "text": "//@脱欧入亚卡菊轮:转发微博",
        "uid": "3192652302/",
        "followers_count": "118",
        "statuses_count": "6240",
        "verified": 0,
        "user_created_at": "2013-02-17",
        "has_description": 1,
        "parent": "4527758044046212"
    },
    {
        "mid": "4527777435616851",
        "has_multimedia": 1,
        "comments_count": 0,
        "reposts_count": 0,
        "attitudes_count": 0,
        "t": "1594989724000",
        "text": "//@脱欧入亚卡菊轮:转发微博",
        "uid": "1435923431/",
        "followers_count": "65",
        "statuses_count": "7039",
        "verified": 0,
        "user_created_at": "2010-04-01",
        "has_description": 1,
        "parent": "4527758044046212"
    },
    {
        "mid": "4528373466931082",
        "has_multimedia": 1,
        "comments_count": 0,
        "reposts_count": 0,
        "attitudes_count": 0,
        "t": "1595131830000",
        "text": "置顶\n                                                                                                                        转发微博",
        "uid": "2501299274/",
        "followers_count": "23",
        "statuses_count": "860",
        "verified": 0,
        "user_created_at": "2011-10-29",
        "has_description": 1,
        "parent": "4527757926867104"
    },
    {
        "mid": "4528182957709604",
        "has_multimedia": 1,
        "comments_count": 0,
        "reposts_count": 0,
        "attitudes_count": 0,
        "t": "1595086409000",
        "text": "转发微博",
        "uid": "6607427061/",
        "followers_count": "82",
        "statuses_count": "3985",
        "verified": 0,
        "user_created_at": "2018-07-20",
        "has_description": 1,
        "parent": "4527757926867104"
    },
    {
        "mid": "4528164811839412",
        "has_multimedia": 1,
        "comments_count": 1,
        "reposts_count": 0,
        "attitudes_count": 1,
        "t": "1595082083000",
        "text": "希望平台提供优质内容。不过有些平台吧，真就是整改了跟没整改一样。",
        "uid": "5238727024/",
        "followers_count": "316",
        "statuses_count": "943",
        "verified": 0,
        "user_created_at": "2014-08-02",
        "has_description": 1,
        "parent": "4527757926867104"
    },
    {
        "mid": "4528140288532172",
        "has_multimedia": 1,
        "comments_count": 0,
        "reposts_count": 0,
        "attitudes_count": 0,
        "t": "1595076236000",
        "text": "現在網絡世界有很多荼毒青少年的內容，必須嚴打！",
        "uid": "6539902000/",
        "followers_count": "47",
        "statuses_count": "165",
        "verified": 0,
        "user_created_at": "2018-10-31",
        "has_description": 0,
        "parent": "4527757926867104"
    },
    {
        "mid": "4528096017392900",
        "has_multimedia": 1,
        "comments_count": 0,
        "reposts_count": 0,
        "attitudes_count": 1,
        "t": "1595065681000",
        "text": "//@卡哇伊的小馨馨:让网络空间充满正能量！抵制不良信息！",
        "uid": "6603561582/",
        "followers_count": "208",
        "statuses_count": "32359",
        "verified": 0,
        "user_created_at": "2018-07-17",
        "has_description": 0,
        "parent": "4527757926867104"
    },
    {
        "mid": "4528072218908019",
        "has_multimedia": 1,
        "comments_count": 0,
        "reposts_count": 0,
        "attitudes_count": 0,
        "t": "1595060006000",
        "text": "",
        "uid": "1707587042/",
        "followers_count": "362",
        "statuses_count": "8464",
        "verified": 0,
        "user_created_at": "2011-07-13",
        "has_description": 1,
        "parent": "4527757926867104"
    }
]