[
    {
        "mid": "4527757855825878",
        "has_multimedia": 1,
        "comments_count": 282,
        "reposts_count": 183,
        "attitudes_count": 111,
        "t": "1594985057000",
        "text": "【惊险！女子#早高峰挤地铁腿卡进站台缝隙#，保安大喊让司机别开车】7月15日早高峰，深圳一女子在乘坐地铁时腿部掉入地铁与站台之间的缝隙，情况危急。女乘客称，因为被同车人推了一下，左腿掉进了缝隙里，当时跟保安大哥拼命把腿拉出，大喊让司机别开车。所幸女子腿部仅是擦伤，无大碍。一手VideoL一手video的秒拍视频",
        "uid": "6239767191/",
        "followers_count": "3885927",
        "statuses_count": "11679",
        "verified": 0,
        "user_created_at": "2017-05-13",
        "has_description": 1,
        "parent": "0"
    },
    {
        "mid": "4528533168466241",
        "has_multimedia": 1,
        "comments_count": 0,
        "reposts_count": 0,
        "attitudes_count": 0,
        "t": "1595169905000",
        "text": "转发微博",
        "uid": "5057324115/",
        "followers_count": "201",
        "statuses_count": "2544",
        "verified": 0,
        "user_created_at": "2014-03-12",
        "has_description": 0,
        "parent": "4527757855825878"
    },
    {
        "mid": "4528261210570957",
        "has_multimedia": 1,
        "comments_count": 0,
        "reposts_count": 0,
        "attitudes_count": 0,
        "t": "1595105065000",
        "text": "我小时候也被挤下去过一次",
        "uid": "7009036747/",
        "followers_count": "0",
        "statuses_count": "0",
        "verified": 0,
        "user_created_at": "2019-02-24",
        "has_description": 0,
        "parent": "4527757855825878"
    },
    {
        "mid": "4528141185331682",
        "has_multimedia": 1,
        "comments_count": 0,
        "reposts_count": 0,
        "attitudes_count": 0,
        "t": "1595076450000",
        "text": "幸好啊",
        "uid": "7439623456/",
        "followers_count": "2",
        "statuses_count": "147",
        "verified": 0,
        "user_created_at": "2020-04-20",
        "has_description": 0,
        "parent": "4527757855825878"
    }
]