[
    {
        "mid": "4527757915327835",
        "has_multimedia": 1,
        "comments_count": 261,
        "reposts_count": 35,
        "attitudes_count": 2888,
        "t": "1594985071000",
        "text": "国际记者组织指控我们“加紧控制外国媒体” ​​​​",
        "uid": "1647486362/",
        "followers_count": "2279615",
        "statuses_count": "32278",
        "verified": 1,
        "user_created_at": "2009-09-15",
        "has_description": 1,
        "parent": "0"
    },
    {
        "mid": "4528539434494336",
        "has_multimedia": 1,
        "comments_count": 0,
        "reposts_count": 0,
        "attitudes_count": 0,
        "t": "1595171400000",
        "text": "转发微博",
        "uid": "5058021098/",
        "followers_count": "592",
        "statuses_count": "3491",
        "verified": 0,
        "user_created_at": "2014-03-12",
        "has_description": 0,
        "parent": "4527757915327835"
    },
    {
        "mid": "4528424947288670",
        "has_multimedia": 1,
        "comments_count": 0,
        "reposts_count": 0,
        "attitudes_count": 0,
        "t": "1595144103000",
        "text": "转发微博",
        "uid": "5056754307/",
        "followers_count": "161",
        "statuses_count": "2576",
        "verified": 0,
        "user_created_at": "2014-03-12",
        "has_description": 0,
        "parent": "4527757915327835"
    },
    {
        "mid": "4528145920961720",
        "has_multimedia": 1,
        "comments_count": 0,
        "reposts_count": 0,
        "attitudes_count": 0,
        "t": "1595077579000",
        "text": "这选的图真是完全突出了外媒歪曲中国的精髓。阴间滤镜，低矮破旧的房屋和道路，脏乱差的环境，破旧的自行车，灰暗的天空，面色凝重的路人。和红专的标语，被行人遮挡的牌子漏出北京两个字来告诉地点。新闻说是媒体，选的图片最显眼的地方是口罩和红专标语。暗地里想表达啥，一般人都能看出来。",
        "uid": "1011726173/",
        "followers_count": "232",
        "statuses_count": "1742",
        "verified": 0,
        "user_created_at": "2012-03-11",
        "has_description": 0,
        "parent": "4527757915327835"
    },
    {
        "mid": "4528123108136201",
        "has_multimedia": 1,
        "comments_count": 0,
        "reposts_count": 0,
        "attitudes_count": 0,
        "t": "1595072140000",
        "text": "转发微博",
        "uid": "6543376541/",
        "followers_count": "245",
        "statuses_count": "3476",
        "verified": 0,
        "user_created_at": "2018-05-07",
        "has_description": 0,
        "parent": "4527757915327835"
    },
    {
        "mid": "4528089465356985",
        "has_multimedia": 1,
        "comments_count": 0,
        "reposts_count": 0,
        "attitudes_count": 0,
        "t": "1595064118000",
        "text": "//@英王乔治:跑遍全中国，找一个城中村或落后村子，背景加上一副上个世纪的宣传画或掐头去尾的红色横幅，运用炉火纯青的拍摄手法，加上阴间滤镜，一副所谓“专制”国家的“压抑”图片就完美出炉了。//@SuperDeng秋秋:一看就知道是用CNN的图，传统阴间滤镜",
        "uid": "7455331129/",
        "followers_count": "11",
        "statuses_count": "474",
        "verified": 0,
        "user_created_at": "2020-05-13",
        "has_description": 0,
        "parent": "4527757915327835"
    },
    {
        "mid": "4528079655669305",
        "has_multimedia": 1,
        "comments_count": 0,
        "reposts_count": 0,
        "attitudes_count": 0,
        "t": "1595061779000",
        "text": "国际记者联盟：美国首先发起舆论战，控制全球媒体，推动其独裁宣传",
        "uid": "6044574199/",
        "followers_count": "330",
        "statuses_count": "15302",
        "verified": 0,
        "user_created_at": "2016-10-13",
        "has_description": 1,
        "parent": "4527757915327835"
    },
    {
        "mid": "4528023019194642",
        "has_multimedia": 1,
        "comments_count": 0,
        "reposts_count": 0,
        "attitudes_count": 0,
        "t": "1595048276000",
        "text": "这照片不好找啊",
        "uid": "7288682261/",
        "followers_count": "49",
        "statuses_count": "1323",
        "verified": 0,
        "user_created_at": "2019-08-22",
        "has_description": 1,
        "parent": "4527757915327835"
    }
]