[
    {
        "mid": "4527759307054851",
        "has_multimedia": 1,
        "comments_count": 469,
        "reposts_count": 208,
        "attitudes_count": 8345,
        "t": "1594985403000",
        "text": "【#小学生用第一份工资请爸妈吃饭#】青岛一位小女孩放暑假就在自家店里 “打工”赚钱。干了9天活，她拿到了180元。自己没舍得花，而是请爸爸妈妈去吃饭。这顿饭花了173块钱，爸爸问小女孩心疼不心疼， 她却说： 挣钱就是为你们花的。@未来网 L未来网的微博视频 ​​​ ​​​​",
        "uid": "1974576991/",
        "followers_count": "28217865",
        "statuses_count": "190674",
        "verified": 1,
        "has_description": 1,
        "parent": "0",
        "user_created_at": "2011-02-17"
    },
    {
        "mid": "4528113315487679",
        "has_multimedia": 1,
        "comments_count": 0,
        "reposts_count": 0,
        "attitudes_count": 0,
        "t": "1595069805000",
        "text": "转发微博",
        "uid": "7479554025/",
        "followers_count": "6",
        "statuses_count": "27",
        "verified": 0,
        "user_created_at": "2020-07-10",
        "has_description": 0,
        "parent": "4527759307054851"
    },
    {
        "mid": "4528040846301685",
        "has_multimedia": 1,
        "comments_count": 0,
        "reposts_count": 0,
        "attitudes_count": 0,
        "t": "1595052527000",
        "text": "",
        "uid": "3152084132/",
        "followers_count": "686",
        "statuses_count": "1847",
        "verified": 0,
        "user_created_at": "2013-02-02",
        "has_description": 1,
        "parent": "4527759307054851"
    },
    {
        "mid": "4528029000278711",
        "has_multimedia": 1,
        "comments_count": 0,
        "reposts_count": 0,
        "attitudes_count": 0,
        "t": "1595049703000",
        "text": "可可爱爱",
        "uid": "2371620937/",
        "followers_count": "288",
        "statuses_count": "5465",
        "verified": 0,
        "user_created_at": "2011-09-20",
        "has_description": 0,
        "parent": "4527759307054851"
    }
]