[
    {
        "mid": "4527760061501812",
        "has_multimedia": 1,
        "comments_count": 367,
        "reposts_count": 22,
        "attitudes_count": 2702,
        "t": "1594985583000",
        "text": "什么时候搞个马家军绘画大赛？！感觉小老板们人才辈出啊！ ​​​​",
        "uid": "5540452645/",
        "followers_count": "4028331",
        "statuses_count": "775",
        "verified": 1,
        "user_created_at": "2015-03-02",
        "has_description": 1,
        "parent": "0"
    },
    {
        "mid": "4528094351996632",
        "has_multimedia": 1,
        "comments_count": 0,
        "reposts_count": 0,
        "attitudes_count": 1,
        "t": "1595065284000",
        "text": "绘画带师",
        "uid": "5948721757/",
        "followers_count": "24",
        "statuses_count": "59",
        "verified": 0,
        "user_created_at": "2016-06-08",
        "has_description": 1,
        "parent": "4527760061501812"
    },
    {
        "mid": "4528087272003804",
        "has_multimedia": 1,
        "comments_count": 0,
        "reposts_count": 0,
        "attitudes_count": 0,
        "t": "1595063596000",
        "text": "哈哈哈哈哈哈哈哈哈",
        "uid": "6128185414/",
        "followers_count": "17",
        "statuses_count": "5",
        "verified": 0,
        "user_created_at": "2017-01-30",
        "has_description": 0,
        "parent": "4527760061501812"
    },
    {
        "mid": "4527990337179029",
        "has_multimedia": 1,
        "comments_count": 0,
        "reposts_count": 0,
        "attitudes_count": 0,
        "t": "1595040485000",
        "text": "转发微博",
        "uid": "5811457728/",
        "followers_count": "1481",
        "statuses_count": "294",
        "verified": 0,
        "user_created_at": "2015-12-28",
        "has_description": 1,
        "parent": "4527760061501812"
    },
    {
        "mid": "4527974465935945",
        "has_multimedia": 1,
        "comments_count": 0,
        "reposts_count": 0,
        "attitudes_count": 0,
        "t": "1595036701000",
        "text": "转发微博",
        "uid": "5254981916/",
        "followers_count": "72",
        "statuses_count": "111",
        "verified": 0,
        "user_created_at": "2014-08-17",
        "has_description": 0,
        "parent": "4527760061501812"
    },
    {
        "mid": "4527950509376469",
        "has_multimedia": 1,
        "comments_count": 0,
        "reposts_count": 0,
        "attitudes_count": 0,
        "t": "1595030989000",
        "text": "转发微博",
        "uid": "2792616133/",
        "followers_count": "33",
        "statuses_count": "58",
        "verified": 0,
        "user_created_at": "2012-06-02",
        "has_description": 0,
        "parent": "4527760061501812"
    },
    {
        "mid": "4527897333727884",
        "has_multimedia": 1,
        "comments_count": 0,
        "reposts_count": 0,
        "attitudes_count": 1,
        "t": "1595018311000",
        "text": "宇智波马",
        "uid": "5844630464/",
        "followers_count": "31",
        "statuses_count": "19",
        "verified": 0,
        "user_created_at": "2016-01-30",
        "has_description": 1,
        "parent": "4527760061501812"
    },
    {
        "mid": "4527796972161490",
        "has_multimedia": 1,
        "comments_count": 0,
        "reposts_count": 0,
        "attitudes_count": 0,
        "t": "1594994383000",
        "text": "屌啊！",
        "uid": "1985574407/",
        "followers_count": "139",
        "statuses_count": "127",
        "verified": 0,
        "user_created_at": "2011-02-23",
        "has_description": 0,
        "parent": "4527760061501812"
    }
]