[
    {
        "mid": "4527760137528768",
        "has_multimedia": 1,
        "comments_count": 281,
        "reposts_count": 153,
        "attitudes_count": 7251,
        "t": "1594985601000",
        "text": "拉条子加油给！ ​​​​",
        "uid": "1483820045/",
        "followers_count": "2732171",
        "statuses_count": "4312",
        "verified": 1,
        "user_created_at": "2009-11-04",
        "has_description": 1,
        "parent": "0"
    },
    {
        "mid": "4527837291220407",
        "has_multimedia": 1,
        "comments_count": 0,
        "reposts_count": 19,
        "attitudes_count": 19,
        "t": "1595003996000",
        "text": "转发微博",
        "uid": "1927294101/",
        "followers_count": "885",
        "statuses_count": "594",
        "verified": 1,
        "user_created_at": "2011-01-19",
        "has_description": 1,
        "parent": "4527760137528768"
    },
    {
        "mid": "4528221137142846",
        "has_multimedia": 1,
        "comments_count": 0,
        "reposts_count": 0,
        "attitudes_count": 1,
        "t": "1595095512000",
        "text": "//@Gvlm1raaaa:转发微博",
        "uid": "2767645075/",
        "followers_count": "823",
        "statuses_count": "5322",
        "verified": 0,
        "user_created_at": "2012-09-13",
        "has_description": 1,
        "parent": "4527837291220407"
    },
    {
        "mid": "4528203790291598",
        "has_multimedia": 1,
        "comments_count": 0,
        "reposts_count": 0,
        "attitudes_count": 1,
        "t": "1595091376000",
        "text": "//@Gvlm1raaaa:转发微博",
        "uid": "6312770856/",
        "followers_count": "1694",
        "statuses_count": "271",
        "verified": 0,
        "user_created_at": "2017-07-08",
        "has_description": 1,
        "parent": "4527837291220407"
    },
    {
        "mid": "4528080201189091",
        "has_multimedia": 1,
        "comments_count": 0,
        "reposts_count": 0,
        "attitudes_count": 0,
        "t": "1595061909000",
        "text": "//@Ley·losh://@Gvlm1raaaa:转发微博",
        "uid": "5624293716/",
        "followers_count": "365",
        "statuses_count": "110",
        "verified": 0,
        "user_created_at": "2017-01-04",
        "has_description": 1,
        "parent": "4527837291220407"
    },
    {
        "mid": "4528046025214359",
        "has_multimedia": 1,
        "comments_count": 0,
        "reposts_count": 0,
        "attitudes_count": 0,
        "t": "1595053761000",
        "text": "//@Gvlm1raaaa:转发微博",
        "uid": "6131084181/",
        "followers_count": "213",
        "statuses_count": "1468",
        "verified": 0,
        "user_created_at": "2017-02-11",
        "has_description": 1,
        "parent": "4527837291220407"
    },
    {
        "mid": "4528042532149785",
        "has_multimedia": 1,
        "comments_count": 0,
        "reposts_count": 19,
        "attitudes_count": 19,
        "t": "1595003940000",
        "text": "转发微博",
        "uid": "2614532645/",
        "followers_count": "1155",
        "statuses_count": "2864",
        "verified": 0,
        "user_created_at": "2012-02-12",
        "has_description": 1,
        "parent": "4527837291220407"
    },
    {
        "mid": "4528036798012649",
        "has_multimedia": 1,
        "comments_count": 0,
        "reposts_count": 19,
        "attitudes_count": 19,
        "t": "1595003940000",
        "text": "转发微博",
        "uid": "6085865985/",
        "followers_count": "325",
        "statuses_count": "395",
        "verified": 0,
        "user_created_at": "2016-12-22",
        "has_description": 1,
        "parent": "4527837291220407"
    },
    {
        "mid": "4528036445164301",
        "has_multimedia": 1,
        "comments_count": 0,
        "reposts_count": 0,
        "attitudes_count": 0,
        "t": "1595051478000",
        "text": "//@Ley·losh://@Gvlm1raaaa:转发微博",
        "uid": "5071143148/",
        "followers_count": "140",
        "statuses_count": "3191",
        "verified": 0,
        "user_created_at": "2014-03-14",
        "has_description": 1,
        "parent": "4527837291220407"
    },
    {
        "mid": "4528025082798878",
        "has_multimedia": 1,
        "comments_count": 0,
        "reposts_count": 19,
        "attitudes_count": 19,
        "t": "1595003940000",
        "text": "转发微博",
        "uid": "5198756174/",
        "followers_count": "219",
        "statuses_count": "1277",
        "verified": 0,
        "user_created_at": "2014-06-29",
        "has_description": 1,
        "parent": "4527837291220407"
    },
    {
        "mid": "4528699574324648",
        "has_multimedia": 1,
        "comments_count": 0,
        "reposts_count": 0,
        "attitudes_count": 0,
        "t": "1595209580000",
        "text": "转发微博",
        "uid": "6313369604/",
        "followers_count": "176",
        "statuses_count": "1366",
        "verified": 0,
        "user_created_at": "2017-07-09",
        "has_description": 1,
        "parent": "4527760137528768"
    },
    {
        "mid": "4528469772338303",
        "has_multimedia": 1,
        "comments_count": 0,
        "reposts_count": 0,
        "attitudes_count": 0,
        "t": "1595154790000",
        "text": "转发微博",
        "uid": "6917673911/",
        "verified": 0,
        "user_created_at": "2019-01-04",
        "has_description": 0,
        "parent": "4527760137528768",
        "followers_count": "3",
        "statuses_count": "167"
    },
    {
        "mid": "4528465946870587",
        "has_multimedia": 1,
        "comments_count": 0,
        "reposts_count": 19,
        "attitudes_count": 19,
        "t": "1595003940000",
        "text": "转发微博",
        "uid": "5832681312/",
        "followers_count": "94",
        "statuses_count": "949",
        "verified": 0,
        "user_created_at": "2016-01-18",
        "has_description": 1,
        "parent": "4527760137528768"
    },
    {
        "mid": "4528442119559468",
        "has_multimedia": 1,
        "comments_count": 0,
        "reposts_count": 0,
        "attitudes_count": 0,
        "t": "1595148198000",
        "text": "加油给",
        "uid": "1842046331/",
        "followers_count": "657",
        "statuses_count": "2194",
        "verified": 1,
        "user_created_at": "2010-12-05",
        "has_description": 1,
        "parent": "4527760137528768"
    },
    {
        "mid": "4528427519186209",
        "has_multimedia": 1,
        "comments_count": 0,
        "reposts_count": 0,
        "attitudes_count": 1,
        "t": "1595144717000",
        "text": "Repost",
        "uid": "5378110208/",
        "followers_count": "350",
        "statuses_count": "83",
        "verified": 0,
        "user_created_at": "2014-12-15",
        "has_description": 1,
        "parent": "4527760137528768"
    },
    {
        "mid": "4528243912999365",
        "has_multimedia": 1,
        "comments_count": 0,
        "reposts_count": 0,
        "attitudes_count": 1,
        "t": "1595100942000",
        "text": "转发微博",
        "uid": "1598095195/",
        "followers_count": "13418",
        "statuses_count": "227",
        "verified": 0,
        "user_created_at": "2010-10-24",
        "has_description": 1,
        "parent": "4527760137528768"
    }
]