[
    {
        "mid": "4527777065482199",
        "has_multimedia": 1,
        "comments_count": 1570,
        "reposts_count": 1092,
        "attitudes_count": 46248,
        "t": "1594989637000",
        "text": "【看直播！直击#新疆乌鲁木齐防疫现场#】16日0时至17日12时，#新疆36小时内新增5例确诊病例#，均在乌鲁木齐市。目前，乌鲁木齐的防疫状况如何？社区防疫工作进行得怎么样了？直击防疫现场↓（总台央视记者孙继文 吴涛 张卓雅） O央视新闻的微博直播 . ​​​​",
        "uid": "2656274875/",
        "followers_count": "111936553",
        "statuses_count": "130494",
        "verified": 1,
        "has_description": 1,
        "parent": "0",
        "user_created_at": "2012-03-07"
    },
    {
        "mid": "4527798003958109",
        "has_multimedia": 1,
        "comments_count": 0,
        "reposts_count": 18,
        "attitudes_count": 3,
        "t": "1594994628000",
        "text": "关注！",
        "uid": "1869124960/",
        "followers_count": "822520",
        "statuses_count": "26822",
        "verified": 1,
        "has_description": 1,
        "parent": "4527777065482199",
        "user_created_at": "2012-01-01"
    },
    {
        "mid": "4527988073040072",
        "has_multimedia": 1,
        "comments_count": 0,
        "reposts_count": 0,
        "attitudes_count": 0,
        "t": "1595039944000",
        "text": "关注！",
        "uid": "3962971317/",
        "followers_count": "4646",
        "statuses_count": "509",
        "verified": 0,
        "user_created_at": "2013-12-30",
        "has_description": 1,
        "parent": "4527798003958109"
    },
    {
        "mid": "4527975918207140",
        "has_multimedia": 1,
        "comments_count": 0,
        "reposts_count": 18,
        "attitudes_count": 3,
        "t": "1594994580000",
        "text": "关注！",
        "uid": "3380085962/",
        "followers_count": "117",
        "statuses_count": "1757",
        "verified": 0,
        "user_created_at": "2013-05-20",
        "has_description": 1,
        "parent": "4527798003958109"
    },
    {
        "mid": "4527975725274518",
        "has_multimedia": 1,
        "comments_count": 0,
        "reposts_count": 18,
        "attitudes_count": 3,
        "t": "1594994580000",
        "text": "关注！",
        "uid": "7020812863/",
        "followers_count": "1",
        "statuses_count": "2133",
        "verified": 0,
        "user_created_at": "2019-03-05",
        "has_description": 0,
        "parent": "4527798003958109"
    },
    {
        "mid": "4528071493817712",
        "has_multimedia": 1,
        "comments_count": 0,
        "reposts_count": 0,
        "attitudes_count": 0,
        "t": "1595059833000",
        "text": "挺住！！！我亲爱的羊肉串！！！",
        "uid": "7208144724/",
        "followers_count": "171",
        "statuses_count": "7924",
        "verified": 0,
        "user_created_at": "2019-06-26",
        "has_description": 1,
        "parent": "4527777065482199"
    }
]