[
    {
        "mid": "4527763564533925",
        "has_multimedia": 1,
        "comments_count": 1909,
        "reposts_count": 725,
        "attitudes_count": 24320,
        "t": "1594986418000",
        "text": "【辟谣！#网传北京某小区出现确诊病例不实#】今日，网传北京海淀某小区又出现一确诊病例。记者从有关部门获悉，网传不实。O网页链接 ​​​​",
        "uid": "2803301701/",
        "followers_count": "119867898",
        "statuses_count": "120655",
        "verified": 1,
        "has_description": 1,
        "parent": "0",
        "user_created_at": "2012-07-22"
    },
    {
        "mid": "4527984498712523",
        "has_multimedia": 1,
        "comments_count": 3,
        "reposts_count": 32,
        "attitudes_count": 33,
        "t": "1595039093000",
        "text": "#北京新增1例无症状感染者# 你们是不是该向被挂的女生道个歉！确诊两个字是你人日说的，人家可没说确诊、疑似还是无症状，社区都发通知了，人家这朋友圈发的有问题吗？相反是你人日在玩文字游戏！",
        "uid": "5277392898/",
        "followers_count": "256548",
        "statuses_count": "27633",
        "verified": 1,
        "user_created_at": "2014-09-01",
        "has_description": 1,
        "parent": "4527763564533925"
    },
    {
        "mid": "4528043051716275",
        "has_multimedia": 1,
        "comments_count": 9,
        "reposts_count": 19,
        "attitudes_count": 74,
        "t": "1595042700000",
        "text": "真现代版“指鹿为马”，而且影响是从今天开始，网上传的信息，谣言也会成为真的。//@凤凰鱼肥: #北京新增1例无症状感染者# 你们是不是该向被挂的女生道个歉！确诊两个字是你人日说的，人家可没说确诊、疑似还是无症状，社区都发通知了，人家这朋友圈发的有问题吗？相反是你人日在玩文字游戏！",
        "uid": "2133282045/",
        "followers_count": "1849",
        "statuses_count": "41992",
        "verified": 0,
        "user_created_at": "2011-05-13",
        "has_description": 1,
        "parent": "4527984498712523"
    },
    {
        "mid": "4528040988379574",
        "has_multimedia": 1,
        "comments_count": 0,
        "reposts_count": 0,
        "attitudes_count": 0,
        "t": "1595052561000",
        "text": "唉！又来了！！//@京城吃货日记:真现代版“指鹿为马”，网上传的信息，谣言也会成为真的。//@凤凰鱼肥: #北京新增1例无症状感染者# 你们是不是该向被挂的女生道个歉！确诊两个字是你人日说的，人家可没说确诊、疑似还是无症状，社区都发通知了，人家这朋友圈发的有问题吗？相反是你人日在玩文字游戏！",
        "uid": "1739355595/",
        "followers_count": "871",
        "statuses_count": "1609",
        "verified": 1,
        "user_created_at": "2010-05-08",
        "has_description": 0,
        "parent": "4527984498712523"
    },
    {
        "mid": "4528039390875593",
        "has_multimedia": 1,
        "comments_count": 0,
        "reposts_count": 0,
        "attitudes_count": 0,
        "t": "1595052180000",
        "text": "无语//@京城吃货日记:真现代版“指鹿为马”，而且影响是从今天开始 网上传的信息 谣言也会成为真的//@凤凰鱼肥: #北京新增1例无症状感染者# 你们是不是该向被挂的女生道个歉 确诊两个字是你人日说的 人家可没说确诊 疑似还是无症状 社区都发通知了 人家这朋友圈发的有问题吗 相反是你人日在玩文字游戏",
        "uid": "6628876698/",
        "followers_count": "93",
        "statuses_count": "3202",
        "verified": 0,
        "user_created_at": "2018-08-10",
        "has_description": 1,
        "parent": "4527984498712523"
    },
    {
        "mid": "4528065872925404",
        "has_multimedia": 1,
        "comments_count": 0,
        "reposts_count": 0,
        "attitudes_count": 0,
        "t": "1595058494000",
        "text": "是的//@京城吃货日记:真现代版“指鹿为马”，而且影响是从今天开始，网上传的信息，谣言也会成为真的。//@凤凰鱼肥: #北京新增1例无症状感染者# 你们是不是该向被挂的女生道个歉！确诊两个字是你人日说的，人家可没说确诊、疑似还是无症状，社区都发通知了，人家这朋友圈发的有问题吗？相反是你人日在",
        "uid": "1881621321/",
        "followers_count": "1382",
        "statuses_count": "24106",
        "verified": 1,
        "user_created_at": "2010-12-03",
        "has_description": 1,
        "parent": "4527763564533925"
    },
    {
        "mid": "4528052228593378",
        "has_multimedia": 1,
        "comments_count": 0,
        "reposts_count": 0,
        "attitudes_count": 0,
        "t": "1595055241000",
        "text": "#净网2020# #微博辟谣# 网传北京某小区出现确诊病例不实",
        "uid": "5656475379/",
        "followers_count": "2261",
        "statuses_count": "7716",
        "verified": 1,
        "has_description": 1,
        "parent": "4527763564533925",
        "user_created_at": "2015-07-20"
    }
]