[
    {
        "mid": "4527781889705763",
        "has_multimedia": 1,
        "comments_count": 440,
        "reposts_count": 59,
        "attitudes_count": 1193,
        "t": "1594990787000",
        "text": "#炙热的我们# ，也可以用到我们身上 ​​​​",
        "uid": "2610786607/",
        "followers_count": "207554",
        "statuses_count": "28381",
        "verified": 1,
        "has_description": 1,
        "parent": "0",
        "user_created_at": "2012-02-09"
    },
    {
        "mid": "4527788075261207",
        "has_multimedia": 1,
        "comments_count": 222,
        "reposts_count": 27,
        "attitudes_count": 2367,
        "t": "1594992262000",
        "text": "感谢每个炙热的夏天有你们的陪伴",
        "uid": "7389916318/",
        "followers_count": "173470",
        "statuses_count": "648",
        "verified": 1,
        "has_description": 1,
        "parent": "4527781889705763",
        "user_created_at": "2020-02-10"
    },
    {
        "mid": "4527838788854190",
        "has_multimedia": 1,
        "comments_count": 222,
        "reposts_count": 27,
        "attitudes_count": 2367,
        "t": "1594992240000",
        "text": "感谢每个炙热的夏天有你们的陪伴",
        "uid": "5699286483/",
        "followers_count": "243",
        "statuses_count": "13866",
        "verified": 0,
        "user_created_at": "2015-09-10",
        "has_description": 1,
        "parent": "4527788075261207"
    },
    {
        "mid": "4527826826434291",
        "has_multimedia": 1,
        "comments_count": 222,
        "reposts_count": 27,
        "attitudes_count": 2367,
        "t": "1594992240000",
        "text": "感谢每个炙热的夏天有你们的陪伴",
        "uid": "6120550231/",
        "followers_count": "404",
        "statuses_count": "24713",
        "verified": 0,
        "user_created_at": "2017-01-31",
        "has_description": 0,
        "parent": "4527788075261207"
    },
    {
        "mid": "4527819970054769",
        "has_multimedia": 1,
        "comments_count": 0,
        "reposts_count": 0,
        "attitudes_count": 0,
        "t": "1594999865000",
        "text": "哈哈哈 可以可以//@腾讯视频炙热的我们:感谢每个炙热的夏天有你们的陪伴",
        "uid": "1859360031/",
        "followers_count": "487",
        "statuses_count": "6903",
        "verified": 0,
        "user_created_at": "2010-11-13",
        "has_description": 1,
        "parent": "4527788075261207"
    },
    {
        "mid": "4527990798556743",
        "has_multimedia": 1,
        "comments_count": 0,
        "reposts_count": 0,
        "attitudes_count": 0,
        "t": "1595040595000",
        "text": "辛苦啦",
        "uid": "7342452492/",
        "followers_count": "1284",
        "statuses_count": "2801",
        "verified": 1,
        "user_created_at": "2019-11-24",
        "has_description": 1,
        "parent": "4527781889705763"
    },
    {
        "mid": "4527941775790682",
        "has_multimedia": 1,
        "comments_count": 0,
        "reposts_count": 0,
        "attitudes_count": 0,
        "t": "1595028907000",
        "text": "#炙热的我们# 辛苦了，像你们致敬！",
        "uid": "5227431674/",
        "followers_count": "212",
        "statuses_count": "2063",
        "verified": 0,
        "user_created_at": "2014-07-21",
        "has_description": 1,
        "parent": "4527781889705763"
    }
]