[
    {
        "mid": "4527770909016569",
        "has_multimedia": 1,
        "comments_count": 2529,
        "reposts_count": 2230,
        "attitudes_count": 22402,
        "t": "1594988168000",
        "text": "【开口跪！花臂#壮汉苦练萝莉音诈骗50万# 被抓后一开口惊到民警】近日，天津警方抓获一名冒充女主播的网络诈骗犯，该男子清清嗓子一张嘴就可发出“软萌萝莉音”。据男子交代，他没有用变声器，这就是他自己的声音，因觉得女主播更容易收到礼物，所以才苦练发音。男子还利用声音及网络照片，与一名网友确立网恋关系，并以各种理由骗对方打钱，半年就骗获50余万元。目前案件正进一步处理中。#男子苦练萝莉音网恋半年骗50万#@时间视频 L时间视频的微博视频",
        "uid": "1618051664/",
        "followers_count": "80738120",
        "statuses_count": "187121",
        "verified": 1,
        "has_description": 1,
        "parent": "0",
        "user_created_at": "2009-08-28"
    },
    {
        "mid": "4527771395826294",
        "has_multimedia": 1,
        "comments_count": 0,
        "reposts_count": 818,
        "attitudes_count": 0,
        "t": "1594988285000",
        "text": "太努力了哈哈哈哈哈哈哈哈哈草",
        "uid": "2936616217/",
        "followers_count": "1089",
        "statuses_count": "11295",
        "verified": 1,
        "user_created_at": "2012-09-02",
        "has_description": 1,
        "parent": "4527770909016569"
    },
    {
        "mid": "4527797148856670",
        "has_multimedia": 1,
        "comments_count": 0,
        "reposts_count": 667,
        "attitudes_count": 0,
        "t": "1594994425000",
        "text": "太努力了//@修修从来不羞羞:太努力了哈哈哈哈哈哈哈哈哈草",
        "uid": "3825742175/",
        "followers_count": "4286",
        "statuses_count": "16886",
        "verified": 0,
        "user_created_at": "2013-10-01",
        "has_description": 1,
        "parent": "4527771395826294"
    },
    {
        "mid": "4528061821492020",
        "has_multimedia": 1,
        "comments_count": 0,
        "reposts_count": 0,
        "attitudes_count": 0,
        "t": "1595057528000",
        "text": "能学的这么像都可以去当配音演员了非要去诈骗//@M大王叫我来巡山:卧槽……这声音好像啊……//@风吹铃铛响叮叮:？//@妖妖小精://@北境魚卷:原来伪音是能练出来的么我一直以为是天赋异禀//@修修从来不羞羞:太努力了哈哈哈哈哈哈哈哈哈草",
        "uid": "6079459602/",
        "followers_count": "2763",
        "statuses_count": "11504",
        "verified": 0,
        "user_created_at": "2016-12-08",
        "has_description": 1,
        "parent": "4527797148856670"
    },
    {
        "mid": "4528061397340933",
        "has_multimedia": 1,
        "comments_count": 0,
        "reposts_count": 0,
        "attitudes_count": 0,
        "t": "1595057427000",
        "text": "//@风吹铃铛响叮叮:？//@妖妖小精://@万事屋纸纸酱:？？？？//@北境魚卷:原来伪音是能练出来的么我一直以为是天赋异禀//@能拉黑就尽量别吵架:太努力了//@修修从来不羞羞:太努力了哈哈哈哈哈哈哈哈哈草",
        "uid": "5863324770/",
        "followers_count": "47",
        "statuses_count": "1879",
        "verified": 0,
        "user_created_at": "2016-02-21",
        "has_description": 1,
        "parent": "4527797148856670"
    },
    {
        "mid": "4528060974503668",
        "has_multimedia": 1,
        "comments_count": 0,
        "reposts_count": 0,
        "attitudes_count": 0,
        "t": "1595057326000",
        "text": "@千年圣京 这tm真天赋异禀 咋不去当声优//@然后下面就没了:🐂🍺//@M大王叫我来巡山:卧槽……这声音好像啊……//@风吹铃铛响叮叮:？//@万事屋纸纸酱:？？？？//@北境魚卷:原来伪音是能练出来的么我一直以为是天赋异禀//@修修从来不羞羞:太努力了哈哈哈哈哈哈哈哈草",
        "uid": "1610958030/",
        "followers_count": "195",
        "statuses_count": "9761",
        "verified": 0,
        "user_created_at": "2011-06-29",
        "has_description": 0,
        "parent": "4527797148856670"
    },
    {
        "mid": "4528009802943459",
        "has_multimedia": 1,
        "comments_count": 10,
        "reposts_count": 154,
        "attitudes_count": 54,
        "t": "1595045126000",
        "text": "还有什么理由不努力_(:з」∠)_//@修修从来不羞羞:太努力了哈哈哈哈哈哈哈哈哈草",
        "uid": "1086233511/",
        "followers_count": "5787852",
        "statuses_count": "53566",
        "verified": 1,
        "user_created_at": "2011-12-20",
        "has_description": 1,
        "parent": "4527771395826294"
    },
    {
        "mid": "4528034986597054",
        "has_multimedia": 1,
        "comments_count": 0,
        "reposts_count": 95,
        "attitudes_count": 0,
        "t": "1595051129000",
        "text": "好吧 我也得努力努力了//@颜文字君:还有什么理由不努力_(:з」∠)_//@修修从来不羞羞:太努力了哈哈哈哈哈哈哈哈哈草",
        "uid": "1745625407/",
        "followers_count": "866",
        "statuses_count": "2974",
        "verified": 1,
        "user_created_at": "2010-05-23",
        "has_description": 1,
        "parent": "4528009802943459"
    },
    {
        "mid": "4528035593721395",
        "has_multimedia": 1,
        "comments_count": 24,
        "reposts_count": 106,
        "attitudes_count": 113,
        "t": "1595051274000",
        "text": "这！给我听傻了哇😯//@一闪一闪小肥ling:好吧 我也得努力努力了//@颜文字君:还有什么理由不努力_(:з」∠)_//@修修从来不羞羞:太努力了哈哈哈哈哈哈哈哈哈草",
        "uid": "2595784965/",
        "followers_count": "1588283",
        "statuses_count": "11228",
        "verified": 1,
        "user_created_at": "2012-01-30",
        "has_description": 1,
        "parent": "4528034986597054"
    },
    {
        "mid": "4528048513489580",
        "has_multimedia": 1,
        "comments_count": 0,
        "reposts_count": 0,
        "attitudes_count": 0,
        "t": "1595054355000",
        "text": "怪我不够努力！//@花样作死:这！给我听傻了哇😯//@一闪一闪小肥ling:好吧 我也得努力努力了//@颜文字君:还有什么理由不努力_(:з」∠)_//@修修从来不羞羞:太努力了哈哈哈哈哈哈哈哈哈草",
        "uid": "3101452271/",
        "followers_count": "157",
        "statuses_count": "8682",
        "verified": 0,
        "user_created_at": "2012-11-10",
        "has_description": 1,
        "parent": "4528034986597054"
    },
    {
        "mid": "4528045849840534",
        "has_multimedia": 1,
        "comments_count": 0,
        "reposts_count": 0,
        "attitudes_count": 0,
        "t": "1595053720000",
        "text": "哈哈哈//@花样作死:这！给我听傻了哇😯//@一闪一闪小肥ling:好吧 我也得努力努力了//@颜文字君:还有什么理由不努力_(:з」∠)_//@修修从来不羞羞:太努力了哈哈哈哈哈哈哈哈哈草",
        "uid": "2275887222/",
        "followers_count": "229",
        "statuses_count": "18936",
        "verified": 0,
        "user_created_at": "2011-07-29",
        "has_description": 1,
        "parent": "4528034986597054"
    },
    {
        "mid": "4528059565221536",
        "has_multimedia": 1,
        "comments_count": 0,
        "reposts_count": 0,
        "attitudes_count": 0,
        "t": "1595056990000",
        "text": "//@颜文字君:还有什么理由不努力_(:з」∠)_//@修修从来不羞羞:太努力了哈哈哈哈哈哈哈哈哈草",
        "uid": "1612527875/",
        "followers_count": "110",
        "statuses_count": "1659",
        "verified": 0,
        "user_created_at": "2010-06-30",
        "has_description": 1,
        "parent": "4528009802943459"
    },
    {
        "mid": "4528051705092636",
        "has_multimedia": 1,
        "comments_count": 0,
        "reposts_count": 0,
        "attitudes_count": 0,
        "t": "1595055115000",
        "text": "？？？？//@颜文字君:还有什么理由不努力_(:з」∠)_//@修修从来不羞羞:太努力了哈哈哈哈哈哈哈哈哈草",
        "uid": "1620731175/",
        "followers_count": "773",
        "statuses_count": "5835",
        "verified": 1,
        "user_created_at": "2011-02-13",
        "has_description": 1,
        "parent": "4528009802943459"
    },
    {
        "mid": "4528061917444564",
        "has_multimedia": 1,
        "comments_count": 0,
        "reposts_count": 3,
        "attitudes_count": 1,
        "t": "1595057551000",
        "text": "努力//@纯良英俊的笑了笑:……太努力了…………//@然后下面就没了:🐂🍺//@M大王叫我来巡山:卧槽……这声音好像啊……//@风吹铃铛响叮叮:？//@妖妖小精://@万事屋纸纸酱:？？？？",
        "uid": "1062536002/",
        "followers_count": "2523795",
        "statuses_count": "8873",
        "verified": 1,
        "user_created_at": "2010-04-16",
        "has_description": 1,
        "parent": "4527771395826294"
    },
    {
        "mid": "4528063180969198",
        "has_multimedia": 1,
        "comments_count": 0,
        "reposts_count": 0,
        "attitudes_count": 0,
        "t": "1595057852000",
        "text": "//@正宗好鱼头 :努力//@纯良英俊的笑了笑 :……太努力了…………//@然后下面就没了 :🐂🍺//@M大王叫我来巡山 :卧槽……这声音好像啊……//@风吹铃铛响叮叮 :？//@妖妖小精 ://@万事屋纸纸酱 :？？？？",
        "uid": "1813470940/",
        "followers_count": "534",
        "statuses_count": "15275",
        "verified": 1,
        "user_created_at": "2010-09-13",
        "has_description": 1,
        "parent": "4528061917444564"
    },
    {
        "mid": "4528062689706619",
        "has_multimedia": 1,
        "comments_count": 0,
        "reposts_count": 3,
        "attitudes_count": 1,
        "t": "1595057520000",
        "text": "努力//@纯良英俊的笑了笑:……太努力了…………//@然后下面就没了:🐂🍺//@M大王叫我来巡山:卧槽……这声音好像啊……//@风吹铃铛响叮叮:？//@妖妖小精://@万事屋纸纸酱:？？？？",
        "uid": "7402653012/",
        "followers_count": "10",
        "statuses_count": "1907",
        "verified": 0,
        "user_created_at": "2020-03-01",
        "has_description": 0,
        "parent": "4528061917444564"
    },
    {
        "mid": "4528062626009751",
        "has_multimedia": 1,
        "comments_count": 0,
        "reposts_count": 0,
        "attitudes_count": 0,
        "t": "1595057720000",
        "text": "//@正宗好鱼头:努力//@纯良英俊的笑了笑:……太努力了…………//@然后下面就没了:🐂🍺//@M大王叫我来巡山:卧槽……这声音好像啊……//@风吹铃铛响叮叮:？//@妖妖小精://@万事屋纸纸酱:？？？？",
        "uid": "1239031094/",
        "followers_count": "814",
        "statuses_count": "16461",
        "verified": 0,
        "user_created_at": "2010-02-08",
        "has_description": 1,
        "parent": "4528061917444564"
    },
    {
        "mid": "4527806640564918",
        "has_multimedia": 1,
        "comments_count": 67,
        "reposts_count": 680,
        "attitudes_count": 155,
        "t": "1594996688000",
        "text": "？？？？//@北境魚卷:原来伪音是能练出来的么我一直以为是天赋异禀//@能拉黑就尽量别吵架:太努力了//@修修从来不羞羞:太努力了哈哈哈哈哈哈哈哈哈草",
        "uid": "2438867634/",
        "followers_count": "6433084",
        "statuses_count": "42434",
        "verified": 1,
        "user_created_at": "2011-10-02",
        "has_description": 1,
        "parent": "4527770909016569"
    },
    {
        "mid": "4528063424235082",
        "has_multimedia": 1,
        "comments_count": 3,
        "reposts_count": 28,
        "attitudes_count": 23,
        "t": "1595050140000",
        "text": "？//@妖妖小精://@万事屋纸纸酱:？？？？//@北境魚卷:原来伪音是能练出来的么我一直以为是天赋异禀//@修修从来不羞羞:太努力了哈哈哈哈哈哈哈哈哈草",
        "uid": "5720479146/",
        "followers_count": "67",
        "statuses_count": "8755",
        "verified": 0,
        "user_created_at": "2015-10-07",
        "has_description": 1,
        "parent": "4527806640564918"
    },
    {
        "mid": "4528063171264725",
        "has_multimedia": 1,
        "comments_count": 0,
        "reposts_count": 0,
        "attitudes_count": 0,
        "t": "1595057849000",
        "text": "牛逼//@高嘉程Russell:绝了//@依萍日记:哈哈哈哈老公你在吗//@风吹铃铛响叮叮:？//@妖妖小精://@万事屋纸纸酱:？？？？//@北境魚卷:原来伪音是能练出来的么我一直以为是天赋异禀//@能拉黑就尽量别吵架:太努力了//@修修从来不羞羞:太努力了哈哈哈哈哈草",
        "uid": "3155185357/",
        "followers_count": "202",
        "statuses_count": "566",
        "verified": 0,
        "user_created_at": "2012-11-22",
        "has_description": 0,
        "parent": "4527806640564918"
    },
    {
        "mid": "4528062852767830",
        "has_multimedia": 1,
        "comments_count": 0,
        "reposts_count": 0,
        "attitudes_count": 0,
        "t": "1595057774000",
        "text": "？//@椒塩柚子茶:我笑得哈哈哈哈哈哈//@欧拉欧拉欧若拉:？//@风吹铃铛响叮叮:？//@妖妖小精://@万事屋纸纸酱:？？？？//@北境魚卷:原来伪音是能练出来的么我一直以为是天赋异禀//@能拉黑就尽量别吵架:太努力了//@修修从来不羞羞:太努力了哈哈哈哈哈哈哈哈",
        "uid": "5970290238/",
        "followers_count": "106",
        "statuses_count": "11334",
        "verified": 0,
        "user_created_at": "2016-06-26",
        "has_description": 1,
        "parent": "4527806640564918"
    },
    {
        "mid": "4528062064757227",
        "has_multimedia": 1,
        "comments_count": 0,
        "reposts_count": 0,
        "attitudes_count": 0,
        "t": "1595057585000",
        "text": "也算是孜孜不倦学无止境了//@小矛:还挺带感怎么回事//@妖妖小精: //@万事屋纸纸酱:？？？？//@北境魚卷:原来伪音是能练出来的么我一直以为是天赋异禀//@能拉黑就尽量别吵架:太努力了//@修修从来不羞羞:太努力了哈哈哈哈哈哈哈哈哈草",
        "uid": "1712731155/",
        "followers_count": "653",
        "statuses_count": "12891",
        "verified": 0,
        "user_created_at": "2010-03-17",
        "has_description": 1,
        "parent": "4527770909016569"
    }
]