[
    {
        "mid": "4527770577405337",
        "has_multimedia": 1,
        "comments_count": 1786,
        "reposts_count": 760,
        "attitudes_count": 28497,
        "t": "1594988089000",
        "text": "【#中组部划拨1.2亿元党费用于防汛救灾#】近日，中央组织部从代中央管理党费中给江西、湖北等省区市下拨专项资金1.2亿元，用于支持防汛救灾工作。中央组织部强调，这笔党费主要用于慰问奋战在防汛救灾第一线的基层党员、干部和群众，慰问因受灾严重而遇到生活困难的党员、群众。相关省区市要根据实际从本级管理党费中落实配套资金，及时下拨给基层，投入防汛救灾，做到专款专用。O网页链接",
        "uid": "2803301701/",
        "followers_count": "119868154",
        "statuses_count": "120657",
        "verified": 1,
        "has_description": 1,
        "parent": "0",
        "user_created_at": "2012-07-22"
    },
    {
        "mid": "4528035040334288",
        "has_multimedia": 1,
        "comments_count": 0,
        "reposts_count": 0,
        "attitudes_count": 1,
        "t": "1595051143000",
        "text": "【#中组部划拨1.2亿元党费用于防汛救灾#】土地拿去开发，发了财的房地产商们， 此时此刻，你们情以何堪？共产党员赈灾，富豪们拔一毛利天下，如何？",
        "uid": "2170256994/",
        "followers_count": "2258",
        "statuses_count": "32162",
        "verified": 0,
        "user_created_at": "2011-06-12",
        "has_description": 1,
        "parent": "4527770577405337"
    },
    {
        "mid": "4528034101332826",
        "has_multimedia": 1,
        "comments_count": 0,
        "reposts_count": 0,
        "attitudes_count": 0,
        "t": "1595050919000",
        "text": "影后一部戏的钱💰",
        "uid": "1600898523/",
        "followers_count": "36",
        "statuses_count": "5240",
        "verified": 0,
        "user_created_at": "2011-09-18",
        "has_description": 0,
        "parent": "4527770577405337"
    }
]