[
    {
        "mid": "4527788005006923",
        "has_multimedia": 1,
        "comments_count": 2093,
        "reposts_count": 1390,
        "attitudes_count": 29802,
        "t": "1594992245000",
        "text": "【公交没顶江水漫到居民区  #恩施拉响防空警报#】#恩施城市防洪应急响应升为一级#恩施市政府紧急通知，清江干流及龙洞河淹没线以下居民迅速转移。记者在渍水最严重的施州大道看到，路面积水超过2米，树木只剩半截，公交车也被淹没只留着车顶还能看到。下午2时许，在清江沿岸的大桥北路，江水猛涨漫过亲水走廊，冲进附近多个居民小区，水印郦都小区一位住户告诉记者，地下车库的车都被淹没，只有少数幸免。在清江桥附近，可以看到洪水流速极快，水位快要抵达桥面下沿，附近上空响起刺耳的防空警报。截至17日晚8时，暴雨还在持续，恩施市组织的抢险救援还在继续，警方10支抢险突击队共计300人奔赴在官坡、后山湾、南门等内涝严重地区，争分夺秒的转移着被困群众和物资。恩施的小伙伴们还好吗？注意安全啊！  L楚天都市报的微博视频",
        "uid": "1720962692/",
        "followers_count": "17396242",
        "statuses_count": "130575",
        "verified": 1,
        "has_description": 1,
        "parent": "0",
        "user_created_at": "2010-03-29"
    },
    {
        "mid": "4528058100879259",
        "has_multimedia": 1,
        "comments_count": 0,
        "reposts_count": 0,
        "attitudes_count": 0,
        "t": "1595056641000",
        "text": "望无人员伤亡🙏🙏🙏//@谭粤_Tiffany:🙏🙏🙏",
        "uid": "6557406390/",
        "followers_count": "23077",
        "statuses_count": "61",
        "verified": 1,
        "user_created_at": "2018-05-23",
        "has_description": 0,
        "parent": "4527788005006923"
    },
    {
        "mid": "4528035014912919",
        "has_multimedia": 1,
        "comments_count": 11,
        "reposts_count": 14,
        "attitudes_count": 36,
        "t": "1595033520000",
        "text": "#2020湖北汛情# 好消息！@宣恩发布 报平安！ 18日凌晨，恩施水位已退至警戒水位以下！宣恩县城水位已降！各位请放心！#恩施拉响防空警报# O网页链接",
        "uid": "6615711561/",
        "followers_count": "593",
        "statuses_count": "17671",
        "verified": 0,
        "user_created_at": "2018-07-29",
        "has_description": 1,
        "parent": "4527788005006923"
    },
    {
        "mid": "4528028924775353",
        "has_multimedia": 1,
        "comments_count": 0,
        "reposts_count": 0,
        "attitudes_count": 0,
        "t": "1595049684000",
        "text": "🙏🙏🙏",
        "uid": "5108530628/",
        "followers_count": "192",
        "statuses_count": "891",
        "verified": 0,
        "user_created_at": "2014-04-12",
        "has_description": 1,
        "parent": "4527788005006923"
    }
]