[
    {
        "mid": "4527773315768963",
        "has_multimedia": 1,
        "comments_count": 488,
        "reposts_count": 256,
        "attitudes_count": 3868,
        "t": "1594988743000",
        "text": "【#重庆开州山体滑坡救援结束6人遇难#】重庆市应急管理局通报，特大暴雨导致开州区敦好镇同时发生3起山体滑坡引起的事故，目前救援工作结束。白岩村、正阳村各1名失联人员、云门村4名失联人员均已找到，6名人员均遇难。O开州敦好镇3起山体滑坡事故救援处置结束，6人... ​​​​",
        "uid": "2803301701/",
        "followers_count": "119869633",
        "statuses_count": "120659",
        "verified": 1,
        "has_description": 1,
        "parent": "0",
        "user_created_at": "2012-07-22"
    },
    {
        "mid": "4528062496774930",
        "has_multimedia": 1,
        "comments_count": 0,
        "reposts_count": 0,
        "attitudes_count": 0,
        "t": "1595057689000",
        "text": "",
        "uid": "5899392047/",
        "followers_count": "529",
        "statuses_count": "56",
        "verified": 0,
        "user_created_at": "2016-04-15",
        "has_description": 1,
        "parent": "4527773315768963"
    },
    {
        "mid": "4528049314078438",
        "has_multimedia": 1,
        "comments_count": 0,
        "reposts_count": 0,
        "attitudes_count": 0,
        "t": "1595054546000",
        "text": "🙏🙏🙏平安",
        "uid": "2817185285/",
        "followers_count": "21",
        "statuses_count": "44",
        "verified": 0,
        "user_created_at": "2012-06-17",
        "has_description": 1,
        "parent": "4527773315768963"
    },
    {
        "mid": "4528026153127091",
        "has_multimedia": 1,
        "comments_count": 0,
        "reposts_count": 0,
        "attitudes_count": 0,
        "t": "1595049023000",
        "text": "愿平安🙏🙏🙏",
        "uid": "7343989093/",
        "followers_count": "33",
        "statuses_count": "821",
        "verified": 0,
        "user_created_at": "2019-11-26",
        "has_description": 1,
        "parent": "4527773315768963"
    }
]