[
    {
        "mid": "4527774709062645",
        "has_multimedia": 1,
        "comments_count": 277,
        "reposts_count": 1343,
        "attitudes_count": 5016,
        "t": "1594989075000",
        "text": "全球最大儿童/色/情/暗/网/运营者仅判刑一年半、N号房加害者只有少数被公之于众、《熔/炉》原型判刑过轻……出于对于各种案件判罚的不满，韩国出现了“数字监狱”，运营者将罪犯的无//码/照片、现居地址、个人IP、学历、社交平台地址等信息一并公布，并称要每个罪犯的信息持续更新30年，“用犯罪分子害怕的方法，来抚慰受害者”。而这种方法，也引起了巨大争议…",
        "uid": "3099016097/",
        "followers_count": "17300520",
        "statuses_count": "31190",
        "verified": 1,
        "user_created_at": "2012-11-10",
        "has_description": 1,
        "parent": "0"
    },
    {
        "mid": "4528182407464447",
        "has_multimedia": 1,
        "comments_count": 0,
        "reposts_count": 0,
        "attitudes_count": 0,
        "t": "1595086277000",
        "text": "转发微博",
        "uid": "6192877268/",
        "followers_count": "6",
        "statuses_count": "673",
        "verified": 0,
        "user_created_at": "2017-03-29",
        "has_description": 0,
        "parent": "4527774709062645"
    },
    {
        "mid": "4528173046041912",
        "has_multimedia": 1,
        "comments_count": 0,
        "reposts_count": 0,
        "attitudes_count": 0,
        "t": "1595084046000",
        "text": "",
        "uid": "6620655092/",
        "followers_count": "144",
        "statuses_count": "7111",
        "verified": 0,
        "user_created_at": "2018-08-03",
        "has_description": 1,
        "parent": "4527774709062645"
    },
    {
        "mid": "4528165928829332",
        "has_multimedia": 1,
        "comments_count": 0,
        "reposts_count": 0,
        "attitudes_count": 0,
        "t": "1595082348000",
        "text": "//@钢铁洪流菲roro:围中救韩开始了，因为中国这方面做得不好所以永远不能批判别国的这方面哦//@HAON88:我觉蛮好的。。。韩国真的有好多案子判的一言难尽",
        "uid": "6390205655/",
        "followers_count": "146",
        "statuses_count": "3376",
        "verified": 0,
        "user_created_at": "2017-10-15",
        "has_description": 1,
        "parent": "4527774709062645"
    },
    {
        "mid": "4528121142053250",
        "has_multimedia": 1,
        "comments_count": 0,
        "reposts_count": 0,
        "attitudes_count": 0,
        "t": "1595071670000",
        "text": "转发微博",
        "uid": "1906247043/",
        "followers_count": "60",
        "statuses_count": "7310",
        "verified": 0,
        "user_created_at": "2010-12-29",
        "has_description": 0,
        "parent": "4527774709062645"
    },
    {
        "mid": "4528116515214661",
        "has_multimedia": 1,
        "comments_count": 0,
        "reposts_count": 0,
        "attitudes_count": 0,
        "t": "1595070568000",
        "text": "//@换颗灵魂:不说别的，我觉得设计这个网站的行为真的很cool",
        "uid": "6719535798/",
        "followers_count": "222",
        "statuses_count": "1985",
        "verified": 0,
        "user_created_at": "2018-09-23",
        "has_description": 1,
        "parent": "4527774709062645"
    },
    {
        "mid": "4528116238653031",
        "has_multimedia": 1,
        "comments_count": 0,
        "reposts_count": 0,
        "attitudes_count": 0,
        "t": "1595070502000",
        "text": "转发微博",
        "uid": "3184184720/",
        "followers_count": "83",
        "statuses_count": "55279",
        "verified": 0,
        "user_created_at": "2013-02-08",
        "has_description": 0,
        "parent": "4527774709062645"
    },
    {
        "mid": "4528115533742496",
        "has_multimedia": 1,
        "comments_count": 0,
        "reposts_count": 0,
        "attitudes_count": 0,
        "t": "1595070333000",
        "text": "//@猫之腻:支持国内也弄这样公布犯罪人的照片和信息，既然他们敢做就得承担被人唾弃的下场，这样也能让其他人预防这种人",
        "uid": "6719535798/",
        "followers_count": "222",
        "statuses_count": "1985",
        "verified": 0,
        "user_created_at": "2018-09-23",
        "has_description": 1,
        "parent": "4527774709062645"
    }
]