[
    {
        "mid": "4527792027342046",
        "has_multimedia": 1,
        "comments_count": 240,
        "reposts_count": 44,
        "attitudes_count": 2096,
        "t": "1594993204000",
        "text": "【#迷糊夫妻开车上高速落下7岁女儿# 女孩追车时哭喊：妈妈不要我了！】7月15号，沪昆高速衢州西收费站里出现了危险一幕，一对夫妻自顾自开车走了，7岁的女儿在后面追着车跑，还一边喊着妈妈不要我了。 L1818黄金眼的微博视频 ​​​​",
        "uid": "2334162530/",
        "followers_count": "6506309",
        "statuses_count": "54209",
        "verified": 1,
        "has_description": 1,
        "parent": "0",
        "user_created_at": "2011-08-23"
    },
    {
        "mid": "4528393716767068",
        "has_multimedia": 1,
        "comments_count": 0,
        "reposts_count": 0,
        "attitudes_count": 0,
        "t": "1595136658000",
        "text": "转发微博",
        "uid": "3042856103/",
        "followers_count": "531",
        "statuses_count": "1627",
        "verified": 0,
        "user_created_at": "2012-10-13",
        "has_description": 0,
        "parent": "4527792027342046"
    },
    {
        "mid": "4528209309473935",
        "has_multimedia": 1,
        "comments_count": 0,
        "reposts_count": 0,
        "attitudes_count": 0,
        "t": "1595092692000",
        "text": "//@hepturn的喵:回复@WhoahDuh:我真的懒得微博支教了……你动动你的脑子，量刑标准，量刑轻重，报案率，儿童非正常死亡率，青少年自杀率，我国的儿童保障工作进展，每个都有论文。提升一下你的理解能力，就会明白我在说什么//@hepturn的喵:我国的儿童过的真是差，这个时候国外的月亮真的更圆",
        "uid": "3556072900/",
        "followers_count": "245",
        "statuses_count": "1217",
        "verified": 0,
        "user_created_at": "2013-07-14",
        "has_description": 1,
        "parent": "4527792027342046"
    },
    {
        "mid": "4528075783807423",
        "has_multimedia": 1,
        "comments_count": 0,
        "reposts_count": 0,
        "attitudes_count": 0,
        "t": "1595060856000",
        "text": "转发微博",
        "uid": "1965398355/",
        "followers_count": "375",
        "statuses_count": "2186",
        "verified": 1,
        "user_created_at": "2011-02-12",
        "has_description": 1,
        "parent": "4527792027342046"
    },
    {
        "mid": "4528065088852158",
        "has_multimedia": 1,
        "comments_count": 0,
        "reposts_count": 0,
        "attitudes_count": 0,
        "t": "1595058307000",
        "text": "//@野原Shinnosuke丶:呵呵呵，现在的家长就是图一时爽快，孩子都是意外。",
        "uid": "6324247439/",
        "followers_count": "142",
        "statuses_count": "5671",
        "verified": 0,
        "user_created_at": "2017-07-21",
        "has_description": 1,
        "parent": "4527792027342046"
    },
    {
        "mid": "4527986612902963",
        "has_multimedia": 1,
        "comments_count": 0,
        "reposts_count": 0,
        "attitudes_count": 0,
        "t": "1595039597000",
        "text": "心够大，两人在车上，居然都没注意到女儿不在！！！",
        "uid": "5802659871/",
        "followers_count": "113",
        "statuses_count": "159",
        "verified": 0,
        "user_created_at": "2015-12-21",
        "has_description": 1,
        "parent": "4527792027342046"
    },
    {
        "mid": "4527959720071543",
        "has_multimedia": 1,
        "comments_count": 2,
        "reposts_count": 0,
        "attitudes_count": 0,
        "t": "1595033185000",
        "text": "？？？@xiaoaailee",
        "uid": "2106393452/",
        "followers_count": "140",
        "statuses_count": "1187",
        "verified": 0,
        "user_created_at": "2011-04-19",
        "has_description": 1,
        "parent": "4527792027342046"
    },
    {
        "mid": "4527955592348173",
        "has_multimedia": 1,
        "comments_count": 0,
        "reposts_count": 0,
        "attitudes_count": 0,
        "t": "1595032200000",
        "text": "不配当父母",
        "uid": "3214679335/",
        "followers_count": "7418",
        "statuses_count": "6018",
        "verified": 1,
        "user_created_at": "2013-01-07",
        "has_description": 0,
        "parent": "4527792027342046"
    },
    {
        "mid": "4527945882272269",
        "has_multimedia": 1,
        "comments_count": 0,
        "reposts_count": 0,
        "attitudes_count": 0,
        "t": "1595029885000",
        "text": "转发微博",
        "uid": "2214137360/",
        "followers_count": "227",
        "statuses_count": "28883",
        "verified": 0,
        "user_created_at": "2011-07-04",
        "has_description": 0,
        "parent": "4527792027342046"
    }
]