[
    {
        "mid": "4527775798796088",
        "has_multimedia": 1,
        "comments_count": 2228,
        "reposts_count": 1452,
        "attitudes_count": 14796,
        "t": "1594989335000",
        "text": "【注意避险！#湖北恩施城区大面积被淹#】#恩施暴雨#受持续强降雨影响，湖北省恩施土家族苗族自治州恩施市城区清江漫堤，城区大面积被淹，部分路段积水深达数米。当地正紧急组织转移群众。    17日17时30分，清江恩施水位站流量超过3670立方米/秒，水位超过418.5米。恩施市水利防汛抗旱分指挥部决定12时将恩施市城市防洪应急响应由IV级提升为Ⅲ级，13时30分将应急响应提升至Ⅱ级，16时30分将应急响应提升至Ⅰ级。（新华社）",
        "uid": "2286908003/",
        "followers_count": "76208357",
        "statuses_count": "178620",
        "verified": 1,
        "has_description": 1,
        "parent": "0",
        "user_created_at": "2011-08-05"
    },
    {
        "mid": "4527806585776066",
        "has_multimedia": 1,
        "comments_count": 106,
        "reposts_count": 39,
        "attitudes_count": 549,
        "t": "1594996675000",
        "text": "朋友们 注意安全 🙏",
        "uid": "1270788695/",
        "followers_count": "1553182",
        "statuses_count": "199",
        "verified": 1,
        "user_created_at": "2011-12-18",
        "has_description": 1,
        "parent": "4527775798796088"
    },
    {
        "mid": "4528014971634921",
        "has_multimedia": 1,
        "comments_count": 0,
        "reposts_count": 0,
        "attitudes_count": 0,
        "t": "1595046358000",
        "text": "🙏🏻//@骆明劼 :朋友们 注意安全 🙏",
        "uid": "6373120440/",
        "followers_count": "42",
        "statuses_count": "13178",
        "verified": 0,
        "user_created_at": "2017-09-21",
        "has_description": 1,
        "parent": "4527806585776066"
    },
    {
        "mid": "4528012415998262",
        "has_multimedia": 1,
        "comments_count": 0,
        "reposts_count": 0,
        "attitudes_count": 0,
        "t": "1595045749000",
        "text": "祝愿恩施平安顺利//@骆明劼:朋友们 注意安全 🙏",
        "uid": "1795584141/",
        "followers_count": "237",
        "statuses_count": "676",
        "verified": 0,
        "user_created_at": "2010-08-15",
        "has_description": 1,
        "parent": "4527806585776066"
    },
    {
        "mid": "4528000085790092",
        "has_multimedia": 1,
        "comments_count": 106,
        "reposts_count": 39,
        "attitudes_count": 549,
        "t": "1594996620000",
        "text": "朋友们 注意安全 🙏",
        "uid": "3969436090/",
        "followers_count": "35",
        "statuses_count": "5747",
        "verified": 0,
        "user_created_at": "2014-01-29",
        "has_description": 0,
        "parent": "4527806585776066"
    },
    {
        "mid": "4528053398804899",
        "has_multimedia": 1,
        "comments_count": 0,
        "reposts_count": 0,
        "attitudes_count": 0,
        "t": "1595055520000",
        "text": "🙏",
        "uid": "6383242376/",
        "followers_count": "422",
        "statuses_count": "10067",
        "verified": 0,
        "user_created_at": "2017-10-12",
        "has_description": 1,
        "parent": "4527775798796088"
    },
    {
        "mid": "4528048386618576",
        "has_multimedia": 1,
        "comments_count": 0,
        "reposts_count": 0,
        "attitudes_count": 0,
        "t": "1595054325000",
        "text": "Repost",
        "uid": "1967696334/",
        "followers_count": "1159",
        "statuses_count": "1465",
        "verified": 0,
        "user_created_at": "2011-05-11",
        "has_description": 1,
        "parent": "4527775798796088"
    }
]