[
    {
        "mid": "4527793205155805",
        "has_multimedia": 1,
        "comments_count": 568,
        "reposts_count": 105,
        "attitudes_count": 2968,
        "t": "1594993485000",
        "text": "我晕，这样的逆行和违规太让人恶心了 L热门表哥的微博视频 ​​​​",
        "uid": "5820188838/",
        "followers_count": "386229",
        "statuses_count": "30300",
        "verified": 1,
        "user_created_at": "2016-01-03",
        "has_description": 1,
        "parent": "0"
    },
    {
        "mid": "4528318956970489",
        "has_multimedia": 1,
        "comments_count": 0,
        "reposts_count": 0,
        "attitudes_count": 0,
        "t": "1595118834000",
        "text": "//@普通微博:这种人应该自己撞到大货车后面，然后死了就大快人心啦！",
        "uid": "6519495725/",
        "followers_count": "142",
        "statuses_count": "2908",
        "verified": 0,
        "user_created_at": "2018-04-03",
        "has_description": 0,
        "parent": "4527793205155805"
    },
    {
        "mid": "4528286320820285",
        "has_multimedia": 1,
        "comments_count": 0,
        "reposts_count": 0,
        "attitudes_count": 1,
        "t": "1595111052000",
        "text": "违法者，一定要严惩！我晕，这样的逆行和违规太让人恶心了 ！究竟是无知还是不懂法？",
        "uid": "2674862233/",
        "followers_count": "2191",
        "statuses_count": "15655",
        "verified": 0,
        "user_created_at": "2012-03-21",
        "has_description": 1,
        "parent": "4527793205155805"
    },
    {
        "mid": "4528178443851523",
        "has_multimedia": 1,
        "comments_count": 0,
        "reposts_count": 0,
        "attitudes_count": 0,
        "t": "1595085333000",
        "text": "顺行道路一辆车都没有，还逆行，还撞交警，无法无天。",
        "uid": "7447663576/",
        "followers_count": "154",
        "statuses_count": "849",
        "verified": 0,
        "user_created_at": "2020-04-30",
        "has_description": 1,
        "parent": "4527793205155805"
    },
    {
        "mid": "4528177583755652",
        "has_multimedia": 1,
        "comments_count": 0,
        "reposts_count": 0,
        "attitudes_count": 0,
        "t": "1595085128000",
        "text": "才牛批哦",
        "uid": "6614465028/",
        "followers_count": "137",
        "statuses_count": "107",
        "verified": 0,
        "user_created_at": "2018-07-28",
        "has_description": 1,
        "parent": "4527793205155805"
    },
    {
        "mid": "4528167127362490",
        "has_multimedia": 1,
        "comments_count": 0,
        "reposts_count": 0,
        "attitudes_count": 0,
        "t": "1595082635000",
        "text": "转发微博",
        "uid": "2123187744/",
        "followers_count": "77",
        "statuses_count": "183",
        "verified": 0,
        "user_created_at": "2014-03-01",
        "has_description": 0,
        "parent": "4527793205155805"
    },
    {
        "mid": "4528153114978502",
        "has_multimedia": 1,
        "comments_count": 0,
        "reposts_count": 0,
        "attitudes_count": 0,
        "t": "1595079294000",
        "text": "666",
        "uid": "6084516328/",
        "followers_count": "55",
        "statuses_count": "743",
        "verified": 0,
        "user_created_at": "2016-12-09",
        "has_description": 1,
        "parent": "4527793205155805"
    },
    {
        "mid": "4528149310472449",
        "has_multimedia": 1,
        "comments_count": 0,
        "reposts_count": 0,
        "attitudes_count": 0,
        "t": "1595078386000",
        "text": "转发微博",
        "uid": "5985177697/",
        "followers_count": "112",
        "statuses_count": "1213",
        "verified": 0,
        "user_created_at": "2016-07-21",
        "has_description": 0,
        "parent": "4527793205155805"
    }
]