[
    {
        "mid": "4527793541218720",
        "has_multimedia": 1,
        "comments_count": 204,
        "reposts_count": 88,
        "attitudes_count": 3859,
        "t": "1594993564000",
        "text": "今日世界疫情。巴西累计确诊病例超过200万人。印度累计确诊病例超过100万人。美国将在下周累计确诊病例超过400万人。南非增速加快。俄罗斯拉美中东南亚继续保持较快增长。全球累计确诊病例已经超过1400万人，近60万人死亡。 ​​​​",
        "uid": "2382356540/",
        "followers_count": "4636918",
        "statuses_count": "14425",
        "verified": 1,
        "user_created_at": "2011-09-08",
        "has_description": 1,
        "parent": "0"
    },
    {
        "mid": "4528163126782367",
        "has_multimedia": 1,
        "comments_count": 0,
        "reposts_count": 0,
        "attitudes_count": 0,
        "t": "1595081681000",
        "text": "牛逼",
        "uid": "2692170033/",
        "followers_count": "183",
        "statuses_count": "599",
        "verified": 0,
        "user_created_at": "2012-04-02",
        "has_description": 1,
        "parent": "4527793541218720"
    },
    {
        "mid": "4528155862503868",
        "has_multimedia": 1,
        "comments_count": 0,
        "reposts_count": 0,
        "attitudes_count": 0,
        "t": "1595079949000",
        "text": "11区牛逼了希望不要是TC最后一个限制入境的国家",
        "uid": "1773319332/",
        "followers_count": "457",
        "statuses_count": "22745",
        "verified": 0,
        "user_created_at": "2010-07-29",
        "has_description": 1,
        "parent": "4527793541218720"
    },
    {
        "mid": "4528111753896010",
        "has_multimedia": 1,
        "comments_count": 0,
        "reposts_count": 0,
        "attitudes_count": 0,
        "t": "1595069433000",
        "text": "转发微博",
        "uid": "5462695375/",
        "followers_count": "42",
        "statuses_count": "16183",
        "verified": 0,
        "user_created_at": "2015-02-13",
        "has_description": 1,
        "parent": "4527793541218720"
    },
    {
        "mid": "4527989402116376",
        "has_multimedia": 1,
        "comments_count": 0,
        "reposts_count": 0,
        "attitudes_count": 0,
        "t": "1595040262000",
        "text": "//@Toto新年要当大学霸_RAmen:所以也多少可以理解早期中国那么严重的时候西方国家一个个心贼大都觉得那是别的国家的事只是个数字没有实感//@果冻冻冻冻冻一动也不动:看国外数字都看麻木了…………但是国内有一例就会炸毛“woc这地方怎么防控的啊！”",
        "uid": "3171071912/",
        "followers_count": "1362",
        "statuses_count": "17276",
        "verified": 1,
        "user_created_at": "2013-01-27",
        "has_description": 1,
        "parent": "4527793541218720"
    },
    {
        "mid": "4527864021779407",
        "has_multimedia": 1,
        "comments_count": 0,
        "reposts_count": 0,
        "attitudes_count": 0,
        "t": "1595010369000",
        "text": "诶，我们一整个县城还多的人。",
        "uid": "2531957814/",
        "followers_count": "377",
        "statuses_count": "2289",
        "verified": 1,
        "user_created_at": "2011-11-13",
        "has_description": 1,
        "parent": "4527793541218720"
    }
]