[
    {
        "mid": "4527795273472799",
        "has_multimedia": 1,
        "comments_count": 361,
        "reposts_count": 260,
        "attitudes_count": 3253,
        "t": "1594993978000",
        "text": "南京好像可以买电影票了，虽然只有一个影院上了一部复映大片。。。 然后能选的座位简直是九宫格 ​​​​",
        "uid": "2382356540/",
        "followers_count": "4636932",
        "statuses_count": "14418",
        "verified": 1,
        "user_created_at": "2011-09-08",
        "has_description": 1,
        "parent": "0"
    },
    {
        "mid": "4527795717541015",
        "has_multimedia": 1,
        "comments_count": 0,
        "reposts_count": 16,
        "attitudes_count": 2,
        "t": "1594994083000",
        "text": "怎么老是这个💢我才不要看这个！给我看战狼3！",
        "uid": "3196125092/",
        "followers_count": "50784",
        "statuses_count": "60172",
        "verified": 1,
        "user_created_at": "2013-03-02",
        "has_description": 1,
        "parent": "4527795273472799"
    },
    {
        "mid": "4527951662285058",
        "has_multimedia": 1,
        "comments_count": 0,
        "reposts_count": 0,
        "attitudes_count": 0,
        "t": "1595031263000",
        "text": "@吳京 吴导，战狼三剧本好了吗？//@回聲失落:电影院！快开门！//@融化你口袋的C:我也要看😭😭😭//@拔云总羊毛喂木斯尼:怎么老是这个💢我才不要看这个！给我看战狼3！",
        "uid": "1440758580/",
        "followers_count": "478",
        "statuses_count": "7622",
        "verified": 0,
        "user_created_at": "2010-06-17",
        "has_description": 1,
        "parent": "4527795717541015"
    },
    {
        "mid": "4527941104439833",
        "has_multimedia": 1,
        "comments_count": 0,
        "reposts_count": 0,
        "attitudes_count": 0,
        "t": "1595028747000",
        "text": "我羡慕了…怎么我这里还没有//@坑王妃:没来得及补电影票的宝贝，可以补起来啦//@絲絲-大熊猫和小玫瑰:哪天能大哈二哈三哈大荧幕连看就好了//@回聲失落:电影院！快开门！//@融化你口袋的C:我也要看😭😭//@拔云总羊毛喂木斯尼:怎么老是这个我才不要看这个！给我看战狼3！",
        "uid": "6424068123/",
        "followers_count": "38",
        "statuses_count": "19",
        "verified": 0,
        "user_created_at": "2017-12-03",
        "has_description": 1,
        "parent": "4527795717541015"
    },
    {
        "mid": "4527835874596082",
        "has_multimedia": 1,
        "comments_count": 0,
        "reposts_count": 0,
        "attitudes_count": 0,
        "t": "1595003658000",
        "text": "北京给我gkd//@坑王妃:没来得及补电影票的宝贝，可以补起来啦//@絲絲-大熊猫和小玫瑰:哪天能大哈二哈三哈大荧幕连看就好了【渴望的眼神】//@回聲失落:电影院！快开门！//@融化你口袋的C:我也要看😭😭😭//@拔云总羊毛喂木斯尼:怎么老是这个💢我才不要看这个！给我看战狼3！",
        "uid": "5038905596/",
        "followers_count": "449",
        "statuses_count": "33538",
        "verified": 0,
        "user_created_at": "2014-02-17",
        "has_description": 1,
        "parent": "4527795717541015"
    },
    {
        "mid": "4528234634937565",
        "has_multimedia": 1,
        "comments_count": 0,
        "reposts_count": 0,
        "attitudes_count": 0,
        "t": "1595098730000",
        "text": "大家可能想隔一人一座安全意识很强//@江宁婆婆:回复@宇宙区长小扁:你看错了，红色是不能选的，只有白色可以选//@宇宙区长小扁:第十排为什么可以整排买//@江宁婆婆:看了一下能买的座位。。。太难了。。。真的得按九宫格买票啊 ¡查看图片",
        "uid": "5891813192/",
        "followers_count": "49",
        "statuses_count": "17737",
        "verified": 0,
        "user_created_at": "2016-04-01",
        "has_description": 1,
        "parent": "4527795273472799"
    },
    {
        "mid": "4528142960827935",
        "has_multimedia": 1,
        "comments_count": 0,
        "reposts_count": 0,
        "attitudes_count": 0,
        "t": "1595076873000",
        "text": "哎……最常去的那间电影院关掉了……//@江宁婆婆:看了一下能买的座位。。。太难了。。。真的得按九宫格买票啊 ¡查看图片",
        "uid": "2990588783/",
        "followers_count": "54",
        "statuses_count": "6793",
        "verified": 0,
        "user_created_at": "2012-10-04",
        "has_description": 1,
        "parent": "4527795273472799"
    }
]