[
    {
        "mid": "4527814693629812",
        "has_multimedia": 1,
        "comments_count": 368,
        "reposts_count": 130,
        "attitudes_count": 1225,
        "t": "1594998608000",
        "text": "【网曝#幼儿园孩子不睡觉被老师殴打出血痕# 警方介入调查处理】7月17日，浙江宁波，网曝宁波汇博七彩园老师因刚孩子入园不睡觉对其进行殴打，致孩子脸上出现血痕。家长调取多日监控后认为，孩子脸部的伤是老师殴打所致。孩子家长还发现，幼儿园老师存在罚站、扔被子、将孩子带到监控盲区等问题。目前涉事老师仍在待岗，后续园方将根据警方调查结果进行处理。@沸点视频O网曝孩子不睡觉被幼儿园老师殴打至血痕 警方...L身边拍客的秒拍视频",
        "uid": "1642512402/",
        "followers_count": "56610731",
        "statuses_count": "149503",
        "verified": 1,
        "has_description": 1,
        "parent": "0",
        "user_created_at": "2009-09-02"
    },
    {
        "mid": "4528111515336805",
        "has_multimedia": 1,
        "comments_count": 0,
        "reposts_count": 0,
        "attitudes_count": 0,
        "t": "1595069375000",
        "text": "该幼师涉嫌殴打幼儿情节严重的话可能会构成虐待被看护人罪。包括发生在幼儿园里的虐童行为，该罪的客观行为通常表现为殴打或者体罚。",
        "uid": "6266562131/",
        "followers_count": "3",
        "statuses_count": "35",
        "verified": 0,
        "user_created_at": "2017-06-06",
        "has_description": 1,
        "parent": "4527814693629812"
    },
    {
        "mid": "4528059430999860",
        "has_multimedia": 1,
        "comments_count": 0,
        "reposts_count": 0,
        "attitudes_count": 0,
        "t": "1595056958000",
        "text": "转发微博",
        "uid": "2945909725/",
        "followers_count": "158",
        "statuses_count": "1487",
        "verified": 0,
        "user_created_at": "2012-09-11",
        "has_description": 1,
        "parent": "4527814693629812"
    }
]