[
    {
        "mid": "4527799572371544",
        "has_multimedia": 1,
        "comments_count": 243,
        "reposts_count": 18,
        "attitudes_count": 585,
        "t": "1594995003000",
        "text": "消防员日复一日的训练，磨练出这样的双手，晚安#天蓝夜话# ​​​​",
        "uid": "2085621483/",
        "followers_count": "1231254",
        "statuses_count": "21955",
        "verified": 1,
        "has_description": 1,
        "parent": "0",
        "user_created_at": "2011-04-14"
    },
    {
        "mid": "4528134354118378",
        "has_multimedia": 1,
        "comments_count": 0,
        "reposts_count": 0,
        "attitudes_count": 0,
        "t": "1595074821000",
        "text": "辛苦啦",
        "uid": "5646674672/",
        "followers_count": "25",
        "statuses_count": "570",
        "verified": 0,
        "user_created_at": "2015-07-04",
        "has_description": 1,
        "parent": "4527799572371544"
    },
    {
        "mid": "4528067575291239",
        "has_multimedia": 1,
        "comments_count": 0,
        "reposts_count": 0,
        "attitudes_count": 0,
        "t": "1595058900000",
        "text": "转发微博",
        "uid": "6200047700/",
        "followers_count": "26",
        "statuses_count": "529",
        "verified": 0,
        "user_created_at": "2017-10-01",
        "has_description": 0,
        "parent": "4527799572371544"
    },
    {
        "mid": "4527984298427564",
        "has_multimedia": 1,
        "comments_count": 0,
        "reposts_count": 0,
        "attitudes_count": 0,
        "t": "1595039044000",
        "text": "转发微博",
        "uid": "6517783844/",
        "followers_count": "3",
        "statuses_count": "112",
        "verified": 0,
        "user_created_at": "2018-03-31",
        "has_description": 0,
        "parent": "4527799572371544"
    },
    {
        "mid": "4527834691278991",
        "has_multimedia": 1,
        "comments_count": 0,
        "reposts_count": 0,
        "attitudes_count": 0,
        "t": "1595003376000",
        "text": "转发微博",
        "uid": "6682749991/",
        "followers_count": "129",
        "statuses_count": "11816",
        "verified": 0,
        "user_created_at": "2018-09-05",
        "has_description": 1,
        "parent": "4527799572371544"
    },
    {
        "mid": "4527826487218448",
        "has_multimedia": 1,
        "comments_count": 0,
        "reposts_count": 0,
        "attitudes_count": 1,
        "t": "1595001419000",
        "text": "晚安💤",
        "uid": "3489450883/",
        "followers_count": "253740",
        "statuses_count": "13344",
        "verified": 1,
        "has_description": 1,
        "parent": "4527799572371544",
        "user_created_at": "2013-05-25"
    }
]