[
    {
        "mid": "4527816605173184",
        "has_multimedia": 1,
        "comments_count": 377,
        "reposts_count": 189,
        "attitudes_count": 412,
        "t": "1594999063000",
        "text": "美国16号新冠确诊人数单日超过75600，而15号的时候也不低，68241这是美国在一个月内，11次刷新单日确诊记录。。。 佛罗里达仍然是美国第一大重灾区，这周美国10个州都打破了新冠单日死亡记录：佛罗里达，阿拉巴马，亚利桑那，夏威夷，爱达荷，蒙大拿，俄勒冈，南卡，得州，犹他州。 一对朋友夫妇上个月刚从华盛顿搬去佛罗里达，昨天问他们还好吗？他们说周围的人都不戴口罩！只有他俩又是口罩又是手套，显得格格不入。。。",
        "uid": "2174585797/",
        "followers_count": "1917067",
        "statuses_count": "4407",
        "verified": 1,
        "user_created_at": "2011-06-12",
        "has_description": 1,
        "parent": "0"
    },
    {
        "mid": "4528064002267932",
        "has_multimedia": 1,
        "comments_count": 0,
        "reposts_count": 0,
        "attitudes_count": 0,
        "t": "1595058048000",
        "text": "到11月份川普能带领美利坚群体免疫成功吗👻",
        "uid": "1975400582/",
        "followers_count": "903",
        "statuses_count": "1588",
        "verified": 0,
        "user_created_at": "2011-03-04",
        "has_description": 1,
        "parent": "4527816605173184"
    },
    {
        "mid": "4528063906585199",
        "has_multimedia": 1,
        "comments_count": 0,
        "reposts_count": 0,
        "attitudes_count": 0,
        "t": "1595058025000",
        "text": "转发微博",
        "uid": "3859999666/",
        "followers_count": "2281",
        "statuses_count": "66492",
        "verified": 0,
        "user_created_at": "2013-10-17",
        "has_description": 1,
        "parent": "4527816605173184"
    }
]