[
    {
        "mid": "4527817193434384",
        "has_multimedia": 1,
        "comments_count": 229,
        "reposts_count": 259,
        "attitudes_count": 515,
        "t": "1594999204000",
        "text": "【美国网络谣言：口罩含有5G天线 会被跟踪及引发癌症】在美国，戴口罩被“黑化”，社交媒体上甚至有关于戴口罩有害身体健康的谣言。谣言声称，一次性口罩中含有5G天线，目的是通过无线电波跟踪并控制民众，最终会导致人们大脑患癌。 （CCTV-4） L人民日报海外版-海外网的微博视频 ​​​​",
        "uid": "3057540037/",
        "followers_count": "3632945",
        "statuses_count": "74357",
        "verified": 1,
        "has_description": 1,
        "parent": "0",
        "user_created_at": "2012-10-19"
    },
    {
        "mid": "4527949980897818",
        "has_multimedia": 1,
        "comments_count": 129,
        "reposts_count": 123,
        "attitudes_count": 264,
        "t": "1595030863000",
        "text": "反智主义在美国有这么大的市场，这是以前怎么也想不到的。",
        "uid": "1263406744/",
        "followers_count": "1609392",
        "statuses_count": "46126",
        "verified": 1,
        "user_created_at": "2009-08-28",
        "has_description": 1,
        "parent": "4527817193434384"
    },
    {
        "mid": "4527992611801718",
        "has_multimedia": 1,
        "comments_count": 79,
        "reposts_count": 39,
        "attitudes_count": 161,
        "t": "1595041026000",
        "text": "额地的神啊，这孩子没救了，快把他收了吧。阿门（阿前一棵葡萄树，塔国高挂纸尿裤）！//@元神道:司马南先生以为自己是智慧的？乱造名词反智主义！不知道耶和华神说，要毁灭智慧人的智慧，弃绝聪明人的聪明吗？//@司马南:反智主义在美国有这么大的市场，这是以前怎么也想不到的。",
        "uid": "1263406744/",
        "followers_count": "1609392",
        "statuses_count": "46126",
        "verified": 1,
        "user_created_at": "2009-08-28",
        "has_description": 1,
        "parent": "4527949980897818"
    },
    {
        "mid": "4528306096968174",
        "has_multimedia": 1,
        "comments_count": 0,
        "reposts_count": 0,
        "attitudes_count": 0,
        "t": "1595115768000",
        "text": "//@司马南:额地的神啊，这孩子没救了，快把他收了吧。阿门（阿前一棵葡萄树，塔国高挂纸尿裤）！//@元神道:司马南先生以为自己是智慧的？乱造名词反智主义！不知道耶和华神说，要毁灭智慧人的智慧，弃绝聪明人的聪明吗？//@司马南:反智主义在美国有这么大的市场，这是以前怎么也想不到的。",
        "uid": "7094803346/",
        "followers_count": "3",
        "statuses_count": "2182",
        "verified": 0,
        "user_created_at": "2019-04-24",
        "has_description": 0,
        "parent": "4527949980897818"
    },
    {
        "mid": "4528266105585865",
        "has_multimedia": 1,
        "comments_count": 0,
        "reposts_count": 0,
        "attitudes_count": 0,
        "t": "1595106232000",
        "text": "//@司马南: 额地的神啊，这孩子没救了，快把他收了吧。阿门（阿前一棵葡萄树，塔国高挂纸尿裤）！//@元神道:司马南先生以为自己是智慧的？乱造名词反智主义！不知道耶和华神说，要毁灭智慧人的智慧，弃绝聪明人的聪明吗？//@司马南:反智主义在美国有这么大的市场，这是以前怎么也想不到的。",
        "uid": "1302384565/",
        "followers_count": "8",
        "statuses_count": "1301",
        "verified": 0,
        "user_created_at": "2012-07-19",
        "has_description": 0,
        "parent": "4527949980897818"
    },
    {
        "mid": "4528553180268571",
        "has_multimedia": 1,
        "comments_count": 0,
        "reposts_count": 0,
        "attitudes_count": 0,
        "t": "1595174676000",
        "text": "转发微博",
        "uid": "1635918665/",
        "followers_count": "413",
        "statuses_count": "12747",
        "verified": 0,
        "user_created_at": "2010-03-19",
        "has_description": 1,
        "parent": "4527817193434384"
    },
    {
        "mid": "4528444556451133",
        "has_multimedia": 1,
        "comments_count": 0,
        "reposts_count": 0,
        "attitudes_count": 0,
        "t": "1595148779000",
        "text": "就爱看你们这么无知的表现",
        "uid": "5528279632/",
        "followers_count": "2860",
        "statuses_count": "35124",
        "verified": 0,
        "user_created_at": "2015-02-19",
        "has_description": 1,
        "parent": "4527817193434384"
    },
    {
        "mid": "4528407590741361",
        "has_multimedia": 1,
        "comments_count": 0,
        "reposts_count": 0,
        "attitudes_count": 0,
        "t": "1595139966000",
        "text": "美国【现代】文化落后的本质：——【依然】遵循东、西方【神的文化神学体系】！依然绞杀东、西方【人的文化哲学体系】！  依然遵循残酷的、西方【传统】【神的文化神学体系】【奴隶制】【文化】！ 请各位网友搜索、阅读我的文章《二十一世纪中国的两篇‘文化宣言’》，谢谢！",
        "uid": "1118704012/",
        "followers_count": "92874",
        "statuses_count": "56113",
        "verified": 1,
        "user_created_at": "2009-10-27",
        "has_description": 1,
        "parent": "4527817193434384"
    },
    {
        "mid": "4528377291866352",
        "has_multimedia": 1,
        "comments_count": 1,
        "reposts_count": 6,
        "attitudes_count": 1,
        "t": "1595049120000",
        "text": "反智在美国一直很有市场。其实，上世纪六、七十年代描述美国的一个词: 光怪陆离，是比较准确的。不过也不必太惊诧。完全不同的文化。好坏美国人自己去承受吧。//@司马南:额地的神啊，这孩子没救了，快把他收了吧。阿门（阿前一棵葡萄树，塔国高挂纸尿裤）！",
        "uid": "7470648003/",
        "followers_count": "1",
        "statuses_count": "21",
        "verified": 0,
        "user_created_at": "2020-06-13",
        "has_description": 0,
        "parent": "4527817193434384"
    },
    {
        "mid": "4528353308579653",
        "has_multimedia": 1,
        "comments_count": 0,
        "reposts_count": 0,
        "attitudes_count": 0,
        "t": "1595127023000",
        "text": "回复@我是果子爹:人家西方人讲什么都有确定的真理耶稣！你们又不信，所以无论什么，被你们拿来一用就成了乱造臆造！鲁迅拿来主义，用你们身上多贴切，自以为智慧真理的造神权威主义？这不是官僚主义吗？还主义？",
        "uid": "7459423283/",
        "followers_count": "13",
        "statuses_count": "317",
        "verified": 0,
        "user_created_at": "2020-05-24",
        "has_description": 0,
        "parent": "4527817193434384"
    },
    {
        "mid": "4528347926765432",
        "has_multimedia": 1,
        "comments_count": 0,
        "reposts_count": 0,
        "attitudes_count": 0,
        "t": "1595125741000",
        "text": "回复@我是果子爹:官僚都把自己搞成有智慧的权威，于是造神引导臆造虚无的权威，知识分子全披此皮？当清算消灭时，你说这叫反智不？围着官僚转造神的本身是反智不？还拿来臆造你们的主义？",
        "uid": "7459423283/",
        "followers_count": "13",
        "statuses_count": "317",
        "verified": 0,
        "user_created_at": "2020-05-24",
        "has_description": 0,
        "parent": "4527817193434384"
    },
    {
        "mid": "4528343594832822",
        "has_multimedia": 1,
        "comments_count": 0,
        "reposts_count": 0,
        "attitudes_count": 0,
        "t": "1595124708000",
        "text": "回复@我是果子爹:你去百度一下哟，象你们这样需要权威的叫不叫反智？还以为自己很聪明？司马先生不是这样？所以任何形式的拿来都是臆造不对吗？还主义？",
        "uid": "7459423283/",
        "followers_count": "13",
        "statuses_count": "317",
        "verified": 0,
        "user_created_at": "2020-05-24",
        "has_description": 0,
        "parent": "4527817193434384"
    },
    {
        "mid": "4528325076979904",
        "has_multimedia": 1,
        "comments_count": 0,
        "reposts_count": 0,
        "attitudes_count": 0,
        "t": "1595120292000",
        "text": "回复@元神道:噗，还来劲了，听你这意思是自认反智主义喽？不过，虽然你在司马南微博上见到“反智主义”几个字，就想当然认为“反智主义”是司马南自造的，并把反智当成了“反智慧”，这个行为是相当标准的反智主义，但显然你并不清楚什么是反智主义。就如同你认为新冠“群体免疫”是在“群体感染”之后就能免疫一样",
        "uid": "3675434834/",
        "followers_count": "62",
        "statuses_count": "300",
        "verified": 0,
        "user_created_at": "2013-08-15",
        "has_description": 1,
        "parent": "4527817193434384"
    }
]