[
    {
        "mid": "4527817590571584",
        "has_multimedia": 1,
        "comments_count": 308,
        "reposts_count": 31,
        "attitudes_count": 2094,
        "t": "1594999298000",
        "text": "【32年驾龄老司机 倒车犯了低级错误】杭州新业路市民中心门口，一辆奔驰车倒车时，碰上了后方的一辆宝马车，奔驰车驾驶员说，她可是个驾龄32年的老司机了，驾驶技术也不差的，平时倒车都是一把进。那这次是怎么出的差错呢？ L1818黄金眼的微博视频 ​​​​",
        "uid": "2334162530/",
        "followers_count": "6497926",
        "statuses_count": "54195",
        "verified": 1,
        "has_description": 1,
        "parent": "0",
        "user_created_at": "2011-08-23"
    },
    {
        "mid": "4528343380925211",
        "has_multimedia": 1,
        "comments_count": 0,
        "reposts_count": 0,
        "attitudes_count": 0,
        "t": "1595124657000",
        "text": "转发微博",
        "uid": "3357594524/",
        "followers_count": "200",
        "statuses_count": "17594",
        "verified": 0,
        "user_created_at": "2013-05-15",
        "has_description": 1,
        "parent": "4527817590571584"
    },
    {
        "mid": "4528214506473223",
        "has_multimedia": 1,
        "comments_count": 0,
        "reposts_count": 0,
        "attitudes_count": 0,
        "t": "1595093931000",
        "text": "转发微博",
        "uid": "6022309414/",
        "followers_count": "355",
        "statuses_count": "11497",
        "verified": 0,
        "user_created_at": "2016-09-11",
        "has_description": 1,
        "parent": "4527817590571584"
    },
    {
        "mid": "4528149549291638",
        "has_multimedia": 1,
        "comments_count": 0,
        "reposts_count": 0,
        "attitudes_count": 0,
        "t": "1595078444000",
        "text": "转发微博",
        "uid": "6356821317/",
        "followers_count": "29",
        "statuses_count": "44",
        "verified": 0,
        "user_created_at": "2017-09-02",
        "has_description": 0,
        "parent": "4527817590571584"
    }
]