[
    {
        "mid": "4527801473183410",
        "has_multimedia": 1,
        "comments_count": 261,
        "reposts_count": 68,
        "attitudes_count": 2374,
        "t": "1594995456000",
        "text": "这个要支持，请加快、加大力度 ​​​​",
        "uid": "1647486362/",
        "followers_count": "2278158",
        "statuses_count": "32136",
        "verified": 1,
        "user_created_at": "2009-09-15",
        "has_description": 1,
        "parent": "0"
    },
    {
        "mid": "4528346732433761",
        "has_multimedia": 1,
        "comments_count": 0,
        "reposts_count": 0,
        "attitudes_count": 0,
        "t": "1595125456000",
        "text": "反腐先锋川建国//@白露型1番艦潛水空母小猿改:这个好",
        "uid": "2030099361/",
        "followers_count": "181",
        "statuses_count": "4804",
        "verified": 1,
        "user_created_at": "2011-03-16",
        "has_description": 1,
        "parent": "4527801473183410"
    },
    {
        "mid": "4528140900632652",
        "has_multimedia": 1,
        "comments_count": 0,
        "reposts_count": 0,
        "attitudes_count": 0,
        "t": "1595076381000",
        "text": "人嘴两张皮。但是 公道的说：他们走还是留下都有各自的好与坏",
        "uid": "5024546934/",
        "followers_count": "23",
        "statuses_count": "512",
        "verified": 0,
        "user_created_at": "2014-02-06",
        "has_description": 0,
        "parent": "4527801473183410"
    },
    {
        "mid": "4527970611627881",
        "has_multimedia": 1,
        "comments_count": 0,
        "reposts_count": 0,
        "attitudes_count": 0,
        "t": "1595035781000",
        "text": "//@空明犹喜一潭星wh: 看来建国选情不妙，这是抓紧最后的一点时间，为党再做几件实事。话说这次香港国安法算不算他累累功勋里最卓著的一项？等他下了台一定要颁发紫荆大勋章。",
        "uid": "1280781641/",
        "followers_count": "10705",
        "statuses_count": "163873",
        "verified": 1,
        "user_created_at": "2011-01-29",
        "has_description": 1,
        "parent": "4527801473183410"
    },
    {
        "mid": "4527928434231834",
        "has_multimedia": 1,
        "comments_count": 1,
        "reposts_count": 1,
        "attitudes_count": 0,
        "t": "1595025726000",
        "text": "看来建国选情不妙，这是抓紧最后的一点时间，为党再做几件实事。话说这次香港国安法算不算他累累功勋里最卓著的一项？等他下了台一定要颁发紫荆大勋章。",
        "uid": "1284713152/",
        "followers_count": "958",
        "statuses_count": "9338",
        "verified": 0,
        "user_created_at": "2012-01-31",
        "has_description": 1,
        "parent": "4527801473183410"
    }
]