[
    {
        "mid": "4527803007503098",
        "has_multimedia": 1,
        "comments_count": 335,
        "reposts_count": 114,
        "attitudes_count": 2912,
        "t": "1594995822000",
        "text": "#迷惑行为大赏# 中国多次在外交场合表示，希望与其他国家达成“双赢”局面。对此，美国司法部长巴尔竟宣称：“在中文中，双赢是‘中国连赢’2次的意思” ​​​​",
        "uid": "1647486362/",
        "followers_count": "2277881",
        "statuses_count": "32121",
        "verified": 1,
        "user_created_at": "2009-09-15",
        "has_description": 1,
        "parent": "0"
    },
    {
        "mid": "4528339556241037",
        "has_multimedia": 1,
        "comments_count": 0,
        "reposts_count": 0,
        "attitudes_count": 0,
        "t": "1595123745000",
        "text": "转发微博",
        "uid": "5057324115/",
        "followers_count": "201",
        "statuses_count": "2539",
        "verified": 0,
        "user_created_at": "2014-03-12",
        "has_description": 0,
        "parent": "4527803007503098"
    },
    {
        "mid": "4528182676686893",
        "has_multimedia": 1,
        "comments_count": 0,
        "reposts_count": 0,
        "attitudes_count": 0,
        "t": "1595086341000",
        "text": "",
        "uid": "3170577312/",
        "followers_count": "107",
        "statuses_count": "1619",
        "verified": 0,
        "user_created_at": "2013-01-27",
        "has_description": 1,
        "parent": "4527803007503098"
    },
    {
        "mid": "4528181882653106",
        "has_multimedia": 1,
        "comments_count": 0,
        "reposts_count": 0,
        "attitudes_count": 0,
        "t": "1595086152000",
        "text": "转发微博",
        "uid": "6522860669/",
        "followers_count": "61",
        "statuses_count": "11938",
        "verified": 0,
        "user_created_at": "2018-04-08",
        "has_description": 1,
        "parent": "4527803007503098"
    }
]