[
    {
        "mid": "4527820325788317",
        "has_multimedia": 1,
        "comments_count": 249,
        "reposts_count": 308,
        "attitudes_count": 2757,
        "t": "1594999951000",
        "text": "【#消防员洪水中接考生对家长说放心吧# 家长：肯定放心！】受汛情影响，江西九江多县市被淹，许多村庄陆路不通。今天，彭泽县芙蓉农场10多名需参加中考的学生被困。消防员赶到后，为学生们穿好救生衣，把他们护送上冲锋舟，并对家长说：“交给我们，你们放心！”转发致敬，也祝孩子们取得好成绩！ L央视新闻的微博视频",
        "uid": "2656274875/",
        "followers_count": "111956766",
        "statuses_count": "130533",
        "verified": 1,
        "has_description": 1,
        "parent": "0",
        "user_created_at": "2012-03-07"
    },
    {
        "mid": "4528362225402273",
        "has_multimedia": 1,
        "comments_count": 0,
        "reposts_count": 0,
        "attitudes_count": 0,
        "t": "1595129149000",
        "text": "转发微博",
        "uid": "2569691550/",
        "followers_count": "3485",
        "statuses_count": "49045",
        "verified": 1,
        "has_description": 1,
        "parent": "4527820325788317",
        "user_created_at": "2011-11-29"
    },
    {
        "mid": "4528185129835941",
        "has_multimedia": 1,
        "comments_count": 0,
        "reposts_count": 0,
        "attitudes_count": 0,
        "t": "1595086927000",
        "text": "转发微博",
        "uid": "5638574825/",
        "followers_count": "4",
        "statuses_count": "20",
        "verified": 0,
        "user_created_at": "2017-01-25",
        "has_description": 0,
        "parent": "4527820325788317"
    },
    {
        "mid": "4528166712905126",
        "has_multimedia": 1,
        "comments_count": 0,
        "reposts_count": 0,
        "attitudes_count": 0,
        "t": "1595082536000",
        "text": "转发微博",
        "uid": "5661103257/",
        "followers_count": "312",
        "statuses_count": "9134",
        "verified": 0,
        "user_created_at": "2015-07-24",
        "has_description": 0,
        "parent": "4527820325788317"
    },
    {
        "mid": "4528048814951297",
        "has_multimedia": 1,
        "comments_count": 0,
        "reposts_count": 0,
        "attitudes_count": 0,
        "t": "1595054426000",
        "text": "哪里有需要，哪里就有你们，消防战士！",
        "uid": "2083535821/",
        "followers_count": "189",
        "statuses_count": "1125",
        "verified": 1,
        "user_created_at": "2011-04-12",
        "has_description": 1,
        "parent": "4527820325788317"
    }
]