[
    {
        "mid": "4527804022523639",
        "has_multimedia": 1,
        "comments_count": 396,
        "reposts_count": 422,
        "attitudes_count": 2201,
        "t": "1594996064000",
        "text": "【转！警惕！#南京水阳江和石臼湖区域防汛一级响应#启动】受长江高水位、本地降雨和上游来水影响，今日20时，水阳江水碧桥站水位13.35米，超警戒2.85米；石臼湖蛇山站水位12.86米，超警戒2.46米。据气象、水文预报，预计水阳江、石臼湖水位仍呈上涨趋势，且高水位将维持较长时间。江苏南京市防指决定，今天22时起，启动南京市水阳江、石臼湖区域防汛Ⅰ级应急响应。（总台央视记者李筱）",
        "uid": "2656274875/",
        "followers_count": "111937380",
        "statuses_count": "130500",
        "verified": 1,
        "has_description": 1,
        "parent": "0",
        "user_created_at": "2012-03-07"
    },
    {
        "mid": "4528083102604041",
        "has_multimedia": 1,
        "comments_count": 0,
        "reposts_count": 0,
        "attitudes_count": 0,
        "t": "1595062602000",
        "text": "转发微博",
        "uid": "7477797843/",
        "followers_count": "4",
        "statuses_count": "96",
        "verified": 0,
        "user_created_at": "2020-07-05",
        "has_description": 0,
        "parent": "4527804022523639"
    },
    {
        "mid": "4528075230680596",
        "has_multimedia": 1,
        "comments_count": 13,
        "reposts_count": 9,
        "attitudes_count": 15,
        "t": "1595034360000",
        "text": "转发微博",
        "uid": "7391465957/",
        "followers_count": "6",
        "statuses_count": "1723",
        "verified": 0,
        "user_created_at": "2020-02-13",
        "has_description": 0,
        "parent": "4527804022523639"
    },
    {
        "mid": "4528068573800020",
        "has_multimedia": 1,
        "comments_count": 13,
        "reposts_count": 9,
        "attitudes_count": 15,
        "t": "1595034360000",
        "text": "转发微博",
        "uid": "3931735236/",
        "followers_count": "42",
        "statuses_count": "5172",
        "verified": 0,
        "user_created_at": "2013-12-05",
        "has_description": 0,
        "parent": "4527804022523639"
    }
]