[
    {
        "mid": "4527805289998649",
        "has_multimedia": 1,
        "comments_count": 2239,
        "reposts_count": 4242,
        "attitudes_count": 52079,
        "t": "1594996366000",
        "text": "【#外交部新任发言人汪文斌#亮相！网友称：欢迎加入“中国外交天团”！】今天，外交部新任发言人汪文斌亮相，成为外交部第32任新闻发言人。一段视频，回顾近期#中国外交天团高能集锦#↓↓转发，欢迎新发言人，期待更多“外交好声音”！  L人民日报的微博视频 ​​​​",
        "uid": "2803301701/",
        "followers_count": "119867098",
        "statuses_count": "120654",
        "verified": 1,
        "has_description": 1,
        "parent": "0",
        "user_created_at": "2012-07-22"
    },
    {
        "mid": "4528054963546849",
        "has_multimedia": 1,
        "comments_count": 0,
        "reposts_count": 0,
        "attitudes_count": 0,
        "t": "1595055893000",
        "text": "转发微博",
        "uid": "7417192094/",
        "followers_count": "4",
        "statuses_count": "68",
        "verified": 0,
        "user_created_at": "2020-03-22",
        "has_description": 0,
        "parent": "4527805289998649"
    },
    {
        "mid": "4528054053902040",
        "has_multimedia": 1,
        "comments_count": 0,
        "reposts_count": 0,
        "attitudes_count": 0,
        "t": "1595055676000",
        "text": "轉發微博",
        "uid": "2947245412/",
        "followers_count": "172",
        "statuses_count": "1163",
        "verified": 0,
        "user_created_at": "2012-08-12",
        "has_description": 1,
        "parent": "4527805289998649"
    }
]