[
    {
        "mid": "4527823631418270",
        "has_multimedia": 1,
        "comments_count": 209,
        "reposts_count": 35,
        "attitudes_count": 1212,
        "t": "1595000738000",
        "text": "白宫的科学家也跳出来向中国泼脏水了，白宫科学技术政策办公室主任德罗格迈尔指责中国“盗窃美国的科研经费和科研成果”，对美国的“科研安全与国家安全”构成了威胁。 ​​​​",
        "uid": "1647486362/",
        "followers_count": "2278224",
        "statuses_count": "32140",
        "verified": 1,
        "user_created_at": "2009-09-15",
        "has_description": 1,
        "parent": "0"
    },
    {
        "mid": "4528347406669967",
        "has_multimedia": 1,
        "comments_count": 0,
        "reposts_count": 0,
        "attitudes_count": 0,
        "t": "1595125616000",
        "text": "毕竟现在还能就在白宫的都是川普一流的货色，不然凡是要点脸有点良知的不是辞职就是被开除了",
        "uid": "1423335363/",
        "followers_count": "117",
        "statuses_count": "5224",
        "verified": 0,
        "user_created_at": "2011-08-01",
        "has_description": 0,
        "parent": "4527823631418270"
    },
    {
        "mid": "4528052316935349",
        "has_multimedia": 1,
        "comments_count": 0,
        "reposts_count": 0,
        "attitudes_count": 0,
        "t": "1595055262000",
        "text": "呵呵",
        "uid": "1914154321/",
        "followers_count": "285",
        "statuses_count": "7214",
        "verified": 0,
        "user_created_at": "2011-01-07",
        "has_description": 1,
        "parent": "4527823631418270"
    },
    {
        "mid": "4528026219712963",
        "has_multimedia": 1,
        "comments_count": 0,
        "reposts_count": 0,
        "attitudes_count": 0,
        "t": "1595049040000",
        "text": "//@墨者清竹:嗯，我们盗取美国现在没有的未来的科技",
        "uid": "3198064270/",
        "followers_count": "128",
        "statuses_count": "20784",
        "verified": 0,
        "user_created_at": "2013-02-22",
        "has_description": 1,
        "parent": "4527823631418270"
    },
    {
        "mid": "4527987137711366",
        "has_multimedia": 1,
        "comments_count": 0,
        "reposts_count": 0,
        "attitudes_count": 0,
        "t": "1595039722000",
        "text": "把博物馆里的宝贝先还了再说",
        "uid": "6273193910/",
        "followers_count": "41",
        "statuses_count": "1699",
        "verified": 0,
        "user_created_at": "2017-06-09",
        "has_description": 1,
        "parent": "4527823631418270"
    },
    {
        "mid": "4527983610304264",
        "has_multimedia": 1,
        "comments_count": 0,
        "reposts_count": 0,
        "attitudes_count": 0,
        "t": "1595038881000",
        "text": "转发微博",
        "uid": "1087097710/",
        "followers_count": "39",
        "statuses_count": "40878",
        "verified": 0,
        "user_created_at": "2011-12-16",
        "has_description": 1,
        "parent": "4527823631418270"
    },
    {
        "mid": "4527956200524490",
        "has_multimedia": 1,
        "comments_count": 0,
        "reposts_count": 0,
        "attitudes_count": 0,
        "t": "1595032345000",
        "text": "何必在意这些狗吠呢？",
        "uid": "2154699472/",
        "followers_count": "557",
        "statuses_count": "2384",
        "verified": 0,
        "user_created_at": "2011-06-02",
        "has_description": 1,
        "parent": "4527823631418270"
    }
]