[
    {
        "mid": "4527824881587378",
        "has_multimedia": 1,
        "comments_count": 667,
        "reposts_count": 143,
        "attitudes_count": 1697,
        "t": "1595001037000",
        "text": "【#福州#30万贷款三年利息九万多，贷款人直呼：太贵，接受不了！】陈先生打电话给帮帮团，说自己在福州平安银行贷款30万。每个月都要还一万多，目前已经还了29期了，本以为还款差不多了，没想到还有七八万没还。陈先生表示，当时平安银行贷款人员明明跟自己讲得利率是八厘五，为什么利息会如此高呢？而且陈先生告诉记者，他后来去平安银行协调，发现协议上也没他本人签字，而且还另外买了一份四千的保险。办贷款还买保险也让陈先生不能接受。当天，记者随着陈先生来到了立洲大厦平安银行，工作人员表示陈先生为信用贷款，而且当时说的是等额本息，每月固定还款。另外，工作人员有明确告知陈先生利率为月利率1.53%，三十万利息为九万多。平安银行表示，目前银监会也已经介入了，他们也会将所有证据提交给银监会。via@第一帮帮团",
        "uid": "2046263187/",
        "followers_count": "213691",
        "statuses_count": "22349",
        "verified": 1,
        "user_created_at": "2011-03-29",
        "has_description": 1,
        "parent": "0"
    },
    {
        "mid": "4528707316744565",
        "has_multimedia": 1,
        "comments_count": 0,
        "reposts_count": 0,
        "attitudes_count": 0,
        "t": "1595211425000",
        "text": "//@Sylvia11syyy:是真的烂，员工素质可以参考我最新微博有图有真相//@人生顿悟2014:平安最烂不接受任何反驳",
        "uid": "2043032381/",
        "followers_count": "568",
        "statuses_count": "3421",
        "verified": 1,
        "user_created_at": "2011-03-24",
        "has_description": 0,
        "parent": "4527824881587378"
    },
    {
        "mid": "4528702795029057",
        "has_multimedia": 1,
        "comments_count": 0,
        "reposts_count": 0,
        "attitudes_count": 0,
        "t": "1595210348000",
        "text": "转发微博",
        "uid": "3223784505/",
        "followers_count": "1636",
        "statuses_count": "2278",
        "verified": 0,
        "user_created_at": "2013-01-15",
        "has_description": 1,
        "parent": "4527824881587378"
    },
    {
        "mid": "4528651092099790",
        "has_multimedia": 1,
        "comments_count": 0,
        "reposts_count": 0,
        "attitudes_count": 0,
        "t": "1595198021000",
        "text": "转发微博",
        "uid": "5127951669/",
        "followers_count": "302",
        "statuses_count": "3465",
        "verified": 0,
        "user_created_at": "2014-04-30",
        "has_description": 1,
        "parent": "4527824881587378"
    },
    {
        "mid": "4528606774559294",
        "has_multimedia": 1,
        "comments_count": 0,
        "reposts_count": 0,
        "attitudes_count": 0,
        "t": "1595187455000",
        "text": "转发微博",
        "uid": "1863216832/",
        "followers_count": "616",
        "statuses_count": "3168",
        "verified": 0,
        "user_created_at": "2010-10-28",
        "has_description": 0,
        "parent": "4527824881587378"
    }
]