[
    {
        "mid": "4527808812685403",
        "has_multimedia": 1,
        "comments_count": 272,
        "reposts_count": 86,
        "attitudes_count": 1350,
        "t": "1594997206000",
        "text": "英国最高法院大法官韦彦德勋爵发表声明。表示，国安法多个条文引起关注。 其效果将取决于它在实践中的应用方式，这还有待观察。 毫无疑问，终审法院的法官将竭尽全力维护《香港基本法》第八十五条的规定，即“香港特别行政区法院应独立行使司法权力，不受任何干涉”。 英国最高法院会评估香港情况，到底最高法院法官能否继续在香港担任法官，将视乎他们的工作能否保持符合司法独立及法治。#神评论#",
        "uid": "5393135816/",
        "followers_count": "1212103",
        "statuses_count": "27211",
        "verified": 1,
        "user_created_at": "2015-02-09",
        "has_description": 1,
        "parent": "0"
    },
    {
        "mid": "4528143979779472",
        "has_multimedia": 1,
        "comments_count": 2,
        "reposts_count": 3,
        "attitudes_count": 8,
        "t": "1595027640000",
        "text": "英国还在把香港当成是他的殖民地啊，还试图干预香港最高法院审判",
        "uid": "1136910571/",
        "followers_count": "916",
        "statuses_count": "44664",
        "verified": 0,
        "user_created_at": "2011-02-12",
        "has_description": 1,
        "parent": "4527808812685403"
    },
    {
        "mid": "4528064556433584",
        "has_multimedia": 1,
        "comments_count": 0,
        "reposts_count": 0,
        "attitudes_count": 0,
        "t": "1595058179000",
        "text": "回复@ZBCZDR:英国人是专家，现在中国各行各业聘请专家不是很正常的吗。外资是很重视司法独立的，因为只有这样才能最大程度地得到公平公正的司法裁判。//@ZBCZDR:回复@唐政清-天生自由的人:两种法律制度就一定要聘用英国人做？只有聘用了才能保持司法独立？",
        "uid": "7302245222/",
        "followers_count": "93",
        "statuses_count": "1143",
        "verified": 0,
        "user_created_at": "2019-09-07",
        "has_description": 1,
        "parent": "4527808812685403"
    },
    {
        "mid": "4528035469205564",
        "has_multimedia": 1,
        "comments_count": 0,
        "reposts_count": 0,
        "attitudes_count": 0,
        "t": "1595051245000",
        "text": "英國狗食屎啦!",
        "uid": "6269344327/",
        "followers_count": "348",
        "statuses_count": "2665",
        "verified": 0,
        "user_created_at": "2017-06-01",
        "has_description": 0,
        "parent": "4527808812685403"
    },
    {
        "mid": "4527988743348210",
        "has_multimedia": 1,
        "comments_count": 0,
        "reposts_count": 0,
        "attitudes_count": 0,
        "t": "1595040105000",
        "text": "一国两制于香港问题上的重大矛盾就在于：它默认了普通法在香港的适用，但是伴随而来的区际法律冲突和法律文化的渗透，却未提供解决方案。并进而造成了司法主权的分化：这个问题在更早前就被大陆的法律人所意识到，只是他们的声音并未被当时歌舞升平的官僚文化所注意到。",
        "uid": "5239875737/",
        "followers_count": "2132",
        "statuses_count": "31381",
        "verified": 0,
        "user_created_at": "2014-08-03",
        "has_description": 1,
        "parent": "4527808812685403"
    },
    {
        "mid": "4527984498971917",
        "has_multimedia": 1,
        "comments_count": 0,
        "reposts_count": 0,
        "attitudes_count": 0,
        "t": "1595039093000",
        "text": "转发微博",
        "uid": "6203597680/",
        "followers_count": "36",
        "statuses_count": "416",
        "verified": 0,
        "user_created_at": "2017-04-06",
        "has_description": 0,
        "parent": "4527808812685403"
    },
    {
        "mid": "4527964929396606",
        "has_multimedia": 1,
        "comments_count": 0,
        "reposts_count": 0,
        "attitudes_count": 0,
        "t": "1595034427000",
        "text": "转发微博",
        "uid": "6296625297/",
        "followers_count": "372",
        "statuses_count": "4430",
        "verified": 0,
        "user_created_at": "2017-06-27",
        "has_description": 0,
        "parent": "4527808812685403"
    },
    {
        "mid": "4527958822490669",
        "has_multimedia": 1,
        "comments_count": 0,
        "reposts_count": 0,
        "attitudes_count": 0,
        "t": "1595032971000",
        "text": "//@周锦虹: 撇开有否评估权不论，其实英国最高法院的声明也从另一个角度说明，#港版国安法# 大体没有什么问题。关键在于如何执行。如果确实能严格恪守法律，不越权干涉香港一般事务，或以国安名义越界行事，相信形势会慢慢转好。",
        "uid": "2060640443/",
        "followers_count": "120523",
        "statuses_count": "19290",
        "verified": 1,
        "user_created_at": "2011-04-01",
        "has_description": 0,
        "parent": "4527808812685403"
    },
    {
        "mid": "4527955512400085",
        "has_multimedia": 1,
        "comments_count": 0,
        "reposts_count": 0,
        "attitudes_count": 0,
        "t": "1595032182000",
        "text": "//@麦角六: 一气之下全部走人多好",
        "uid": "6540752936/",
        "followers_count": "996",
        "statuses_count": "28157",
        "verified": 0,
        "user_created_at": "2018-05-03",
        "has_description": 1,
        "parent": "4527808812685403"
    },
    {
        "mid": "4527951561101768",
        "has_multimedia": 1,
        "comments_count": 0,
        "reposts_count": 1,
        "attitudes_count": 0,
        "t": "1595031239000",
        "text": "一气之下全部走人多好",
        "uid": "2918427331/",
        "followers_count": "183",
        "statuses_count": "13550",
        "verified": 0,
        "user_created_at": "2013-11-17",
        "has_description": 1,
        "parent": "4527808812685403"
    }
]