[
    {
        "mid": "4527809463061991",
        "has_multimedia": 0,
        "comments_count": 303,
        "reposts_count": 10,
        "attitudes_count": 748,
        "t": "1594997361000",
        "text": "来分享一下你亲身经历的恐怖事件 ​​​​",
        "uid": "5947707432/",
        "followers_count": "5200711",
        "statuses_count": "2975",
        "verified": 1,
        "user_created_at": "2016-06-07",
        "has_description": 1,
        "parent": "0"
    },
    {
        "mid": "4528117974566357",
        "has_multimedia": 0,
        "comments_count": 1,
        "reposts_count": 0,
        "attitudes_count": 0,
        "t": "1595070915000",
        "text": "被变态跟踪过",
        "uid": "1762528594/",
        "followers_count": "279",
        "statuses_count": "559",
        "verified": 0,
        "user_created_at": "2010-06-15",
        "has_description": 1,
        "parent": "4527809463061991"
    },
    {
        "mid": "4528043857545111",
        "has_multimedia": 0,
        "comments_count": 0,
        "reposts_count": 0,
        "attitudes_count": 0,
        "t": "1595053244000",
        "text": "转发微博",
        "uid": "3789454030/",
        "followers_count": "287",
        "statuses_count": "40403",
        "verified": 0,
        "user_created_at": "2013-09-11",
        "has_description": 1,
        "parent": "4527809463061991"
    },
    {
        "mid": "4528019681053335",
        "has_multimedia": 1,
        "comments_count": 0,
        "reposts_count": 0,
        "attitudes_count": 0,
        "t": "1595047480000",
        "text": "那么多人，只追我，疯狂追我，一边追一边汪//@是方圆不是元芳:被狗追然后一口气不带喘的上了7楼，从此远离任何狗狗，即使它很可爱，但是我还是很怕",
        "uid": "6173874075/",
        "followers_count": "43",
        "statuses_count": "1318",
        "verified": 0,
        "user_created_at": "2017-03-11",
        "has_description": 1,
        "parent": "4527809463061991"
    },
    {
        "mid": "4527895244963933",
        "has_multimedia": 0,
        "comments_count": 0,
        "reposts_count": 0,
        "attitudes_count": 0,
        "t": "1595017812000",
        "text": "转发微博",
        "uid": "2214553730/",
        "followers_count": "207",
        "statuses_count": "1784",
        "verified": 0,
        "user_created_at": "2011-07-04",
        "has_description": 1,
        "parent": "4527809463061991"
    },
    {
        "mid": "4527854131350409",
        "has_multimedia": 1,
        "comments_count": 0,
        "reposts_count": 0,
        "attitudes_count": 0,
        "t": "1595008011000",
        "text": "故事汇//@小ssss呀:2马",
        "uid": "5621637394/",
        "followers_count": "1177",
        "statuses_count": "447",
        "verified": 0,
        "user_created_at": "2015-05-31",
        "has_description": 1,
        "parent": "4527809463061991"
    },
    {
        "mid": "4527817582713830",
        "has_multimedia": 1,
        "comments_count": 0,
        "reposts_count": 0,
        "attitudes_count": 0,
        "t": "1594999296000",
        "text": "明天要上班，够恐怖吧",
        "uid": "5543068122/",
        "followers_count": "543",
        "statuses_count": "979",
        "verified": 0,
        "user_created_at": "2015-03-06",
        "has_description": 1,
        "parent": "4527809463061991"
    },
    {
        "mid": "4527816714756488",
        "has_multimedia": 0,
        "comments_count": 1,
        "reposts_count": 0,
        "attitudes_count": 0,
        "t": "1594999090000",
        "text": "我以为评论会是灵异故事 结果 就这？？？？",
        "uid": "5364246483/",
        "followers_count": "199",
        "statuses_count": "6",
        "verified": 0,
        "user_created_at": "2014-11-09",
        "has_description": 1,
        "parent": "4527809463061991"
    },
    {
        "mid": "4527812713912057",
        "has_multimedia": 0,
        "comments_count": 0,
        "reposts_count": 1,
        "attitudes_count": 0,
        "t": "1594998136000",
        "text": "2马",
        "uid": "5045447771/",
        "followers_count": "265",
        "statuses_count": "229",
        "verified": 0,
        "user_created_at": "2014-02-21",
        "has_description": 1,
        "parent": "4527809463061991"
    },
    {
        "mid": "4527809915260556",
        "has_multimedia": 0,
        "comments_count": 3,
        "reposts_count": 0,
        "attitudes_count": 0,
        "t": "1594997468000",
        "text": "花呗逾期了，没钱还，太恐怖了",
        "uid": "6195932376/",
        "followers_count": "54",
        "statuses_count": "1667",
        "verified": 0,
        "user_created_at": "2017-09-26",
        "has_description": 1,
        "parent": "4527809463061991"
    }
]