[
    {
        "mid": "4527826693524181",
        "has_multimedia": 1,
        "comments_count": 379,
        "reposts_count": 84,
        "attitudes_count": 2984,
        "t": "1595001469000",
        "text": "英国封杀华为后，马上与美国商讨5G合作问题 ​​​​",
        "uid": "1647486362/",
        "followers_count": "2276938",
        "statuses_count": "32064",
        "verified": 1,
        "user_created_at": "2009-09-15",
        "has_description": 1,
        "parent": "0"
    },
    {
        "mid": "4528034520239290",
        "has_multimedia": 1,
        "comments_count": 14,
        "reposts_count": 15,
        "attitudes_count": 58,
        "t": "1595051018000",
        "text": "//@没人比我更懂建国同志:建议去参加科技创新奖//@闷了一个多月:美国3G＋英国2G=5G",
        "uid": "1483330984/",
        "followers_count": "3937558",
        "statuses_count": "255762",
        "verified": 1,
        "user_created_at": "2009-08-28",
        "has_description": 1,
        "parent": "4527826693524181"
    },
    {
        "mid": "4528060026064022",
        "has_multimedia": 1,
        "comments_count": 0,
        "reposts_count": 0,
        "attitudes_count": 0,
        "t": "1595057099000",
        "text": "//@闷了一个多月:美国3G＋英国2G=5G",
        "uid": "1570711070/",
        "followers_count": "2546",
        "statuses_count": "4568",
        "verified": 0,
        "user_created_at": "2011-05-31",
        "has_description": 1,
        "parent": "4528034520239290"
    },
    {
        "mid": "4528052870066931",
        "has_multimedia": 1,
        "comments_count": 0,
        "reposts_count": 0,
        "attitudes_count": 0,
        "t": "1595055394000",
        "text": "//@侯宁://@没人比我更懂建国同志:建议去参加科技创新奖//@闷了一个多月:美国3G＋英国2G=5G",
        "uid": "7013447224/",
        "followers_count": "60",
        "statuses_count": "5143",
        "verified": 0,
        "user_created_at": "2019-02-27",
        "has_description": 1,
        "parent": "4528034520239290"
    },
    {
        "mid": "4528044892488308",
        "has_multimedia": 1,
        "comments_count": 0,
        "reposts_count": 0,
        "attitudes_count": 0,
        "t": "1595053491000",
        "text": "没毛病的5G//@侯宁://@没人比我更懂建国同志:建议去参加科技创新奖//@闷了一个多月:美国3G＋英国2G=5G",
        "uid": "5857200772/",
        "followers_count": "127",
        "statuses_count": "565",
        "verified": 0,
        "user_created_at": "2016-02-12",
        "has_description": 1,
        "parent": "4528034520239290"
    },
    {
        "mid": "4528077210653454",
        "has_multimedia": 1,
        "comments_count": 14,
        "reposts_count": 15,
        "attitudes_count": 58,
        "t": "1595050980000",
        "text": "//@没人比我更懂建国同志:建议去参加科技创新奖//@闷了一个多月:美国3G＋英国2G=5G",
        "uid": "2436221041/",
        "followers_count": "467",
        "statuses_count": "918",
        "verified": 0,
        "user_created_at": "2012-03-06",
        "has_description": 1,
        "parent": "4527826693524181"
    },
    {
        "mid": "4528073540370932",
        "has_multimedia": 1,
        "comments_count": 0,
        "reposts_count": 0,
        "attitudes_count": 0,
        "t": "1595060321000",
        "text": "//@侯宁://@没人比我更懂建国同志:建议去参加科技创新奖//@闷了一个多月:美国3G＋英国2G=5G",
        "uid": "2661670611/",
        "followers_count": "1488",
        "statuses_count": "6630",
        "verified": 0,
        "user_created_at": "2012-03-13",
        "has_description": 0,
        "parent": "4527826693524181"
    }
]