[
    {
        "mid": "4527812964782809",
        "has_multimedia": 1,
        "comments_count": 237,
        "reposts_count": 249,
        "attitudes_count": 2128,
        "t": "1594998196000",
        "text": "王俊凯粉丝联盟防汛抗洪物资捐赠最新进度目前捐赠的4批物资已经先后到达江西湖口、鄱阳、安徽歙县等地，且将持续更新捐赠物资的进度，公益路上始终紧跟正能量偶像王俊凯脚步，传递爱与温暖#跟着王俊凯益起来# @TFBOYS-王俊凯 ​​​​",
        "uid": "1974754790/",
        "followers_count": "11631409",
        "statuses_count": "21412",
        "verified": 1,
        "user_created_at": "2014-03-03",
        "has_description": 1,
        "parent": "0"
    },
    {
        "mid": "4528146436588565",
        "has_multimedia": 1,
        "comments_count": 0,
        "reposts_count": 0,
        "attitudes_count": 0,
        "t": "1595077701000",
        "text": "王俊凯粉丝联盟防汛抗洪物资捐赠最新进度 目前捐赠的4批物资已经先后到达江西湖口、鄱阳、安徽歙县等地，且将持续更新捐赠物资的进度，公益路上始终紧跟正能量偶像王俊凯脚步，传递爱与温暖#跟着王俊凯益起来# @TFBOYS-王俊凯 ​​​",
        "uid": "7270127077/",
        "followers_count": "15",
        "statuses_count": "126",
        "verified": 0,
        "user_created_at": "2019-08-02",
        "has_description": 1,
        "parent": "4527812964782809"
    },
    {
        "mid": "4528130956202380",
        "has_multimedia": 1,
        "comments_count": 0,
        "reposts_count": 0,
        "attitudes_count": 1,
        "t": "1595074010000",
        "text": "👍🏻 👍🏻 👍🏻",
        "uid": "6258436035/",
        "followers_count": "65",
        "statuses_count": "8870",
        "verified": 0,
        "user_created_at": "2017-05-29",
        "has_description": 1,
        "parent": "4527812964782809"
    },
    {
        "mid": "4528099611640664",
        "has_multimedia": 1,
        "comments_count": 0,
        "reposts_count": 0,
        "attitudes_count": 0,
        "t": "1595066537000",
        "text": "跟凯凯一起做公益",
        "uid": "6805110440/",
        "followers_count": "98",
        "statuses_count": "747",
        "verified": 0,
        "user_created_at": "2018-10-29",
        "has_description": 1,
        "parent": "4527812964782809"
    },
    {
        "mid": "4528093852865580",
        "has_multimedia": 1,
        "comments_count": 0,
        "reposts_count": 0,
        "attitudes_count": 0,
        "t": "1595065165000",
        "text": "转发微博",
        "uid": "1057081383/",
        "followers_count": "85",
        "statuses_count": "2863",
        "verified": 0,
        "user_created_at": "2014-03-01",
        "has_description": 0,
        "parent": "4527812964782809"
    },
    {
        "mid": "4528083133013919",
        "has_multimedia": 1,
        "comments_count": 0,
        "reposts_count": 0,
        "attitudes_count": 0,
        "t": "1595062609000",
        "text": "转发微博",
        "uid": "5505016675/",
        "followers_count": "54",
        "statuses_count": "6526",
        "verified": 0,
        "user_created_at": "2015-02-01",
        "has_description": 1,
        "parent": "4527812964782809"
    },
    {
        "mid": "4528076257498218",
        "has_multimedia": 1,
        "comments_count": 0,
        "reposts_count": 0,
        "attitudes_count": 1,
        "t": "1595060970000",
        "text": "粉丝随爱豆,根苗正红 和王俊凯一起做公益@TFBOYS-王俊凯  #王俊凯# #跟着王俊凯益起来# #王俊凯粉丝公益#",
        "uid": "7236978576/",
        "followers_count": "31",
        "statuses_count": "129",
        "verified": 0,
        "user_created_at": "2019-07-15",
        "has_description": 1,
        "parent": "4527812964782809"
    },
    {
        "mid": "4528067189939967",
        "has_multimedia": 1,
        "comments_count": 0,
        "reposts_count": 0,
        "attitudes_count": 1,
        "t": "1595058808000",
        "text": "转发微博",
        "uid": "6617660347/",
        "followers_count": "48",
        "statuses_count": "83",
        "verified": 0,
        "user_created_at": "2018-07-31",
        "has_description": 1,
        "parent": "4527812964782809"
    },
    {
        "mid": "4528004329899047",
        "has_multimedia": 1,
        "comments_count": 0,
        "reposts_count": 0,
        "attitudes_count": 0,
        "t": "1595043820000",
        "text": "跟着王俊凯益起来超话",
        "uid": "7366205633/",
        "followers_count": "184",
        "statuses_count": "1995",
        "verified": 0,
        "user_created_at": "2020-01-02",
        "has_description": 1,
        "parent": "4527812964782809"
    }
]