[
    {
        "mid": "4527812939888777",
        "has_multimedia": 1,
        "comments_count": 213,
        "reposts_count": 54,
        "attitudes_count": 2886,
        "t": "1594998190000",
        "text": "叶刘淑仪要求严管香港教育后，她在斯坦福大学的硕士论文导师戴尔蒙声称：“我对我的学生攻击香港自由的言论感到难过”。 ​​​​",
        "uid": "1647486362/",
        "followers_count": "2279538",
        "statuses_count": "32276",
        "verified": 1,
        "user_created_at": "2009-09-15",
        "has_description": 1,
        "parent": "0"
    },
    {
        "mid": "4528570501697446",
        "has_multimedia": 1,
        "comments_count": 0,
        "reposts_count": 0,
        "attitudes_count": 0,
        "t": "1595178807000",
        "text": "//@热血男儿李开腹:我为刘女士有你这个老师感到难过☹",
        "uid": "3192542517/",
        "followers_count": "171",
        "statuses_count": "4852",
        "verified": 0,
        "user_created_at": "2012-12-16",
        "has_description": 1,
        "parent": "4527812939888777"
    },
    {
        "mid": "4528051654498541",
        "has_multimedia": 1,
        "comments_count": 0,
        "reposts_count": 0,
        "attitudes_count": 2,
        "t": "1595055104000",
        "text": "自由有度，不能失序。",
        "uid": "6574092910/",
        "followers_count": "12035",
        "statuses_count": "22163",
        "verified": 0,
        "user_created_at": "2018-06-13",
        "has_description": 1,
        "parent": "4527812939888777"
    },
    {
        "mid": "4528010911287933",
        "has_multimedia": 1,
        "comments_count": 0,
        "reposts_count": 0,
        "attitudes_count": 0,
        "t": "1595045390000",
        "text": "//@热血男儿李开腹:我为刘女士有你这个老师感到难过☹",
        "uid": "2282065423/",
        "followers_count": "88",
        "statuses_count": "5132",
        "verified": 0,
        "user_created_at": "2011-08-02",
        "has_description": 1,
        "parent": "4527812939888777"
    },
    {
        "mid": "4528001835077241",
        "has_multimedia": 1,
        "comments_count": 0,
        "reposts_count": 0,
        "attitudes_count": 0,
        "t": "1595043225000",
        "text": "英国🇬🇧， @英国驻华使馆 价值观崩塌了",
        "uid": "1772753582/",
        "followers_count": "222",
        "statuses_count": "2793",
        "verified": 0,
        "user_created_at": "2010-07-29",
        "has_description": 1,
        "parent": "4527812939888777"
    },
    {
        "mid": "4527965083800750",
        "has_multimedia": 1,
        "comments_count": 0,
        "reposts_count": 0,
        "attitudes_count": 3,
        "t": "1595034464000",
        "text": "老外是真不懂还是装的啊 Critical thinking包括分裂国家的部分吗 叶刘淑仪写给经济学人的信我还拿来背了 香港自治还好有这样的人 否则真的看不到希望 👌",
        "uid": "1627442945/",
        "followers_count": "255",
        "statuses_count": "37646",
        "verified": 0,
        "user_created_at": "2010-03-01",
        "has_description": 0,
        "parent": "4527812939888777"
    }
]