[
    {
        "mid": "4527813719240829",
        "has_multimedia": 1,
        "comments_count": 251,
        "reposts_count": 127,
        "attitudes_count": 2058,
        "t": "1594998376000",
        "text": "#印度6.1级地震# 突发:中国地震台网正式测定：07月17日22时03分在印度安达曼群岛地区（北纬12.10度，东经95.06度）发生6.1级地震，震源深度10千米。今天，刚刚上线了一期《局座时评》，题目是《封锁海峡？印度想多了！》节目中主要是讲印度在安达曼—尼科巴群岛的军事行动，片中确实讲了地震的事情。关于刚刚发生的地震，我赶紧否认三连，我没奶，我没讲，别瞎说！自己去看完整视频～L局座召忠的微博视频",
        "uid": "6049590367/",
        "followers_count": "13631376",
        "statuses_count": "1658",
        "verified": 1,
        "user_created_at": "2016-10-21",
        "has_description": 1,
        "parent": "0"
    },
    {
        "mid": "4528302427998197",
        "has_multimedia": 1,
        "comments_count": 0,
        "reposts_count": 0,
        "attitudes_count": 0,
        "t": "1595114893000",
        "text": "转发微博",
        "uid": "3770237263/",
        "followers_count": "52",
        "statuses_count": "28",
        "verified": 0,
        "user_created_at": "2013-09-04",
        "has_description": 1,
        "parent": "4527813719240829"
    },
    {
        "mid": "4528154683905702",
        "has_multimedia": 1,
        "comments_count": 0,
        "reposts_count": 0,
        "attitudes_count": 0,
        "t": "1595079668000",
        "text": "转发微博",
        "uid": "3820842896/",
        "followers_count": "4",
        "statuses_count": "23",
        "verified": 0,
        "user_created_at": "2013-09-27",
        "has_description": 0,
        "parent": "4527813719240829"
    },
    {
        "mid": "4528131174566085",
        "has_multimedia": 1,
        "comments_count": 0,
        "reposts_count": 0,
        "attitudes_count": 0,
        "t": "1595074063000",
        "text": "转发微博",
        "uid": "2671129334/",
        "followers_count": "79",
        "statuses_count": "984",
        "verified": 0,
        "user_created_at": "2012-01-19",
        "has_description": 0,
        "parent": "4527813719240829"
    },
    {
        "mid": "4528119857294334",
        "has_multimedia": 1,
        "comments_count": 0,
        "reposts_count": 0,
        "attitudes_count": 0,
        "t": "1595071365000",
        "text": "转发微博",
        "uid": "6473183835/",
        "followers_count": "17",
        "statuses_count": "1022",
        "verified": 0,
        "user_created_at": "2018-02-09",
        "has_description": 0,
        "parent": "4527813719240829"
    },
    {
        "mid": "4528101708536088",
        "has_multimedia": 1,
        "comments_count": 0,
        "reposts_count": 0,
        "attitudes_count": 0,
        "t": "1595067037000",
        "text": "还说没有，完整版里面明明说了地震，当时就觉得好端端的怎么加了一个地震的内容，原来如此",
        "uid": "2173323883/",
        "followers_count": "571",
        "statuses_count": "2187",
        "verified": 1,
        "user_created_at": "2011-06-11",
        "has_description": 1,
        "parent": "4527813719240829"
    }
]