[
    {
        "mid": "4527830014367607",
        "has_multimedia": 1,
        "comments_count": 452,
        "reposts_count": 297,
        "attitudes_count": 4978,
        "t": "1595002261000",
        "text": "《參選聲明》 於2020年7月17日下午9時正，本人楊官華（華記）正式加入何君堯團隊，並參加2020年的立法會新界西地方選舉。 本人特此聲明：1.  本人持有的Facebook專頁、YouTube頻道、微博賬戶、Twitter、Instagram及Bilibili等網上平台賬戶，在此之前發佈的內容與是次立法會選舉無關； 2.  本人youtube頻道不接受任何選舉捐獻和打賞，但日常的經營收益不受影響。3.  如果有任何市民、支持者分享及轉載之後網上平台的分享貼文和廣告，何君堯團隊非常歡迎。由於轉載和分享是自發行為，並不是何君堯團隊所能控制的，有關轉載和分享何君堯團隊在此聲明免責。 有關何君堯團隊的競選資訊和廣告，統一將會在何君堯Facebook專頁、何君堯YouTube頻道和何君堯微博賬戶發放，並當依本港選舉規則申報。 如欲進一步了解何君堯競選團隊最新消息，歡迎到何君堯Facebook專頁了解@NOVA战大 @李力持導演  @風中微塵 @老港有話說 @香港沉默之聲 @屈穎妍002 @高志森_ @冯炜光_HK @中华法律达人  @肥皂電台_SOAPHK @Ching澄澄  @晞綸--情駐香江   @香港市民尹先生  @空手小虎 @何俊賢StevenHo  @曹永廉Raymond  @香港警察隊員佐級協會 @香港警嫂正義孖媽 @Ball-chi @正義的香港警嫂 @保護寶貝姐 @警嫂詩林 @唐僧sir景嫂林莫雅清 @香港光頭警長 @我們是香港警嫂  @香港正义姐蓝雪宝   @陳淨心_香港@葛珮帆Elizabeth_Quat @柯創盛@麥美娟Alice香港立法會議員  @梁美芬博士香港@何君堯JuniusHo @穆sir @封面新闻@澎湃新闻 @红星新闻 @帝吧官微@俠客島 @头条文章 @覌察者网 @大公報-大公網 @胡锡进 @風中微塵  #屈颖妍002##香港正义姐##蓝雪宝##HKG報2.0##屈颖妍002##香港正义姐##蓝雪宝##蓝雪宝被打至头破血流##HKG報2.0##口罩##时代广场##铜锣湾#  L香港正义姐蓝雪宝的微博视频  L华记茶餐厅杨官华的微博视频 Dhttp://mapi/006N90Cwgy1gguf73gjzcj310u0u0jx7 2香港",
        "uid": "6222984796/",
        "followers_count": "138956",
        "statuses_count": "933",
        "verified": 0,
        "user_created_at": "2017-04-30",
        "has_description": 1,
        "parent": "0"
    },
    {
        "mid": "4528325537827973",
        "has_multimedia": 1,
        "comments_count": 0,
        "reposts_count": 0,
        "attitudes_count": 0,
        "t": "1595120402000",
        "text": "转发微博",
        "uid": "5526350717/",
        "followers_count": "5",
        "statuses_count": "67",
        "verified": 0,
        "user_created_at": "2015-02-18",
        "has_description": 0,
        "parent": "4527830014367607"
    },
    {
        "mid": "4528309221720870",
        "has_multimedia": 1,
        "comments_count": 0,
        "reposts_count": 0,
        "attitudes_count": 0,
        "t": "1595116512000",
        "text": "转发微博",
        "uid": "7479527201/",
        "followers_count": "1",
        "statuses_count": "9",
        "verified": 0,
        "user_created_at": "2020-07-10",
        "has_description": 0,
        "parent": "4527830014367607"
    },
    {
        "mid": "4528307116442686",
        "has_multimedia": 1,
        "comments_count": 0,
        "reposts_count": 0,
        "attitudes_count": 0,
        "t": "1595116010000",
        "text": "转发微博",
        "uid": "7463486701/",
        "followers_count": "3",
        "statuses_count": "9",
        "verified": 0,
        "user_created_at": "2020-07-04",
        "has_description": 1,
        "parent": "4527830014367607"
    }
]