[
    {
        "mid": "4527843444268384",
        "has_multimedia": 1,
        "comments_count": 1654,
        "reposts_count": 1840,
        "attitudes_count": 29996,
        "t": "1595005463000",
        "text": "#南京暴雨#希望南方不要在下雨，也希望洪水早点过去！看到一线抗洪战士用战友堆“土”蛋糕过生日，看到太心酸了，这是你一生中最特别的一个生日。祝你生日快乐！！ L__江小乐的微博视频 ​​​​",
        "uid": "5525821357/",
        "followers_count": "167916",
        "statuses_count": "2711",
        "verified": 1,
        "user_created_at": "2015-02-18",
        "has_description": 1,
        "parent": "0"
    },
    {
        "mid": "4527946641441081",
        "has_multimedia": 1,
        "comments_count": 0,
        "reposts_count": 525,
        "attitudes_count": 3,
        "t": "1595030066000",
        "text": "转发微博",
        "uid": "1396482020/",
        "followers_count": "70506",
        "statuses_count": "15551",
        "verified": 1,
        "user_created_at": "2010-11-05",
        "has_description": 0,
        "parent": "4527843444268384"
    },
    {
        "mid": "4528074152740265",
        "has_multimedia": 1,
        "comments_count": 0,
        "reposts_count": 0,
        "attitudes_count": 0,
        "t": "1595060467000",
        "text": "生日快乐！//@江南大野花:啊生日快乐 永远快乐//@清狂Aling://@Sun翠花儿_:加油啊//@一碗蛋花羹:转发微博",
        "uid": "3609024782/",
        "followers_count": "375",
        "statuses_count": "18768",
        "verified": 0,
        "user_created_at": "2013-09-19",
        "has_description": 1,
        "parent": "4527946641441081"
    },
    {
        "mid": "4528072675827142",
        "has_multimedia": 1,
        "comments_count": 0,
        "reposts_count": 0,
        "attitudes_count": 0,
        "t": "1595060116000",
        "text": "生日快乐希望洪水赶紧过去~//@Sweeter-fiction:这个太戳泪点了 生日快乐啊//@我是落生:生日快乐，谢谢你们//@荷尔萌: 生日快乐//@江南大野花:啊生日快乐 永远快乐//@清狂Aling://@Sun翠花儿_:加油啊//@一碗蛋花羹:转发微博",
        "uid": "1230998084/",
        "followers_count": "3242",
        "statuses_count": "8271",
        "verified": 1,
        "user_created_at": "2010-03-27",
        "has_description": 1,
        "parent": "4527946641441081"
    },
    {
        "mid": "4528070909761343",
        "has_multimedia": 1,
        "comments_count": 0,
        "reposts_count": 0,
        "attitudes_count": 0,
        "t": "1595059695000",
        "text": "加油！！！//@我是落生:生日快乐，谢谢你们//@荷尔萌: 生日快乐//@江南大野花:啊生日快乐 永远快乐//@清狂Aling://@Sun翠花儿_:加油啊//@一碗蛋花羹:转发微博",
        "uid": "3229157233/",
        "followers_count": "87",
        "statuses_count": "145",
        "verified": 0,
        "user_created_at": "2013-01-27",
        "has_description": 1,
        "parent": "4527946641441081"
    },
    {
        "mid": "4528016027293065",
        "has_multimedia": 1,
        "comments_count": 4,
        "reposts_count": 246,
        "attitudes_count": 111,
        "t": "1595046610000",
        "text": "生日快乐🎂//@你的网友小李:🎂//@Sun翠花儿_:加油啊//@一碗蛋花羹:转发微博",
        "uid": "1727006174/",
        "followers_count": "5348964",
        "statuses_count": "42450",
        "verified": 1,
        "user_created_at": "2010-04-08",
        "has_description": 1,
        "parent": "4527843444268384"
    },
    {
        "mid": "4528016858552452",
        "has_multimedia": 1,
        "comments_count": 1,
        "reposts_count": 131,
        "attitudes_count": 72,
        "t": "1595046808000",
        "text": "🎂//@夏目家的小诗哥:生日快乐🎂//@你的网友小李:🎂//@Sun翠花儿_:加油啊//@一碗蛋花羹:转发微博",
        "uid": "1876879003/",
        "followers_count": "1674035",
        "statuses_count": "153052",
        "verified": 1,
        "user_created_at": "2010-11-28",
        "has_description": 1,
        "parent": "4528016027293065"
    },
    {
        "mid": "4528072869283942",
        "has_multimedia": 1,
        "comments_count": 0,
        "reposts_count": 0,
        "attitudes_count": 0,
        "t": "1595060162000",
        "text": "生日快乐！//@这是一个很高冷的ID:🎂//@夏目家的小诗哥:生日快乐🎂//@你的网友小李:🎂//@Sun翠花儿_:加油啊//@一碗蛋花羹:转发微博",
        "uid": "6055317554/",
        "followers_count": "67",
        "statuses_count": "1650",
        "verified": 0,
        "user_created_at": "2016-10-29",
        "has_description": 1,
        "parent": "4528016858552452"
    },
    {
        "mid": "4528071921636194",
        "has_multimedia": 1,
        "comments_count": 0,
        "reposts_count": 0,
        "attitudes_count": 0,
        "t": "1595059936000",
        "text": "生日快乐!(^O^)y//@这是一个很高冷的ID:🎂//@夏目家的小诗哥:生日快乐🎂//@你的网友小李:🎂//@Sun翠花儿_:加油啊//@一碗蛋花羹:转发微博",
        "uid": "5440947552/",
        "followers_count": "64",
        "statuses_count": "2191",
        "verified": 0,
        "user_created_at": "2014-12-20",
        "has_description": 1,
        "parent": "4528016858552452"
    },
    {
        "mid": "4528071816254174",
        "has_multimedia": 1,
        "comments_count": 0,
        "reposts_count": 0,
        "attitudes_count": 0,
        "t": "1595059911000",
        "text": "//@这是一个很高冷的ID:🎂//@夏目家的小诗哥:生日快乐🎂//@你的网友小李:🎂//@Sun翠花儿_:加油啊//@一碗蛋花羹:转发微博",
        "uid": "5662846280/",
        "followers_count": "164",
        "statuses_count": "2186",
        "verified": 0,
        "user_created_at": "2015-07-29",
        "has_description": 0,
        "parent": "4528016858552452"
    },
    {
        "mid": "4528017579455649",
        "has_multimedia": 1,
        "comments_count": 2,
        "reposts_count": 21,
        "attitudes_count": 44,
        "t": "1595046980000",
        "text": "我看到了一群年轻美好的战友情，生日快乐！//@夏目家的小诗哥:生日快乐🎂//@你的网友小李:🎂//@Sun翠花儿_:加油啊",
        "uid": "3186369537/",
        "followers_count": "2322899",
        "statuses_count": "7576",
        "verified": 1,
        "user_created_at": "2012-12-12",
        "has_description": 1,
        "parent": "4528016027293065"
    },
    {
        "mid": "4528056872473977",
        "has_multimedia": 1,
        "comments_count": 0,
        "reposts_count": 0,
        "attitudes_count": 0,
        "t": "1595056348000",
        "text": "真心希望不要这么大雨了//@江南警哥:我看到了一群年轻美好的战友情，生日快乐！//@夏目家的小诗哥:生日快乐🎂//@你的网友小李:🎂//@Sun翠花儿_:加油啊",
        "uid": "1789399577/",
        "followers_count": "686",
        "statuses_count": "7838",
        "verified": 1,
        "user_created_at": "2010-08-07",
        "has_description": 1,
        "parent": "4528017579455649"
    },
    {
        "mid": "4528040744586754",
        "has_multimedia": 1,
        "comments_count": 0,
        "reposts_count": 1,
        "attitudes_count": 0,
        "t": "1595052502000",
        "text": "生日快乐！！！//@江南警哥:我看到了一群年轻美好的战友情，生日快乐！//@夏目家的小诗哥:生日快乐🎂//@你的网友小李:🎂//@Sun翠花儿_:加油啊",
        "uid": "2521667235/",
        "followers_count": "334",
        "statuses_count": "5497",
        "verified": 1,
        "user_created_at": "2011-12-10",
        "has_description": 1,
        "parent": "4528017579455649"
    },
    {
        "mid": "4528047569248608",
        "has_multimedia": 1,
        "comments_count": 0,
        "reposts_count": 0,
        "attitudes_count": 0,
        "t": "1595054130000",
        "text": "生日快乐🎂//@大娃噜完二娃噜:生日快乐！！！//@江南警哥:我看到了一群年轻美好的战友情，生日快乐！//@夏目家的小诗哥:生日快乐🎂//@你的网友小李:🎂//@Sun翠花儿_:加油啊",
        "uid": "2830083684/",
        "followers_count": "78",
        "statuses_count": "7076",
        "verified": 0,
        "user_created_at": "2012-06-10",
        "has_description": 1,
        "parent": "4528040744586754"
    },
    {
        "mid": "4528038765666600",
        "has_multimedia": 1,
        "comments_count": 0,
        "reposts_count": 0,
        "attitudes_count": 0,
        "t": "1595052031000",
        "text": "//@江南警哥:我看到了一群年轻美好的战友情，生日快乐！//@夏目家的小诗哥:生日快乐🎂//@你的网友小李:🎂//@Sun翠花儿_:加油啊",
        "uid": "5119469230/",
        "followers_count": "164",
        "statuses_count": "105990",
        "verified": 0,
        "user_created_at": "2014-05-16",
        "has_description": 1,
        "parent": "4528017579455649"
    },
    {
        "mid": "4528073565018883",
        "has_multimedia": 1,
        "comments_count": 1,
        "reposts_count": 131,
        "attitudes_count": 72,
        "t": "1595046780000",
        "text": "🎂//@夏目家的小诗哥:生日快乐🎂//@你的网友小李:🎂//@Sun翠花儿_:加油啊//@一碗蛋花羹:转发微博",
        "uid": "1843840122/",
        "followers_count": "433",
        "statuses_count": "4253",
        "verified": 1,
        "user_created_at": "2010-10-06",
        "has_description": 1,
        "parent": "4528016027293065"
    },
    {
        "mid": "4527980246993236",
        "has_multimedia": 1,
        "comments_count": 2,
        "reposts_count": 539,
        "attitudes_count": 77,
        "t": "1595038079000",
        "text": "加油啊//@一碗蛋花羹:转发微博",
        "uid": "1829529081/",
        "followers_count": "190300",
        "statuses_count": "21502",
        "verified": 1,
        "user_created_at": "2010-10-13",
        "has_description": 1,
        "parent": "4527843444268384"
    },
    {
        "mid": "4527980732495383",
        "has_multimedia": 1,
        "comments_count": 0,
        "reposts_count": 489,
        "attitudes_count": 0,
        "t": "1595038195000",
        "text": "//@Sun翠花儿_:加油啊//@一碗蛋花羹:转发微博",
        "uid": "2215736194/",
        "followers_count": "65246",
        "statuses_count": "261280",
        "verified": 1,
        "user_created_at": "2011-07-05",
        "has_description": 1,
        "parent": "4527980246993236"
    },
    {
        "mid": "4528076509421340",
        "has_multimedia": 1,
        "comments_count": 0,
        "reposts_count": 0,
        "attitudes_count": 0,
        "t": "1595061029000",
        "text": "//@幕斯:生日快乐//@M大王叫我来巡山:🎂生日快乐辛苦了//@江南大野花:啊生日快乐 永远快乐//@清狂Aling://@Sun翠花儿_:加油啊//@一碗蛋花羹:转发微博",
        "uid": "1789484231/",
        "followers_count": "1527",
        "statuses_count": "1108",
        "verified": 0,
        "user_created_at": "2010-08-07",
        "has_description": 1,
        "parent": "4527980732495383"
    },
    {
        "mid": "4528076463023420",
        "has_multimedia": 1,
        "comments_count": 19,
        "reposts_count": 244,
        "attitudes_count": 350,
        "t": "1595046420000",
        "text": "🎂生日快乐辛苦了//@江南大野花:啊生日快乐 永远快乐//@清狂Aling://@Sun翠花儿_:加油啊//@一碗蛋花羹:转发微博",
        "uid": "5330148476/",
        "followers_count": "223",
        "statuses_count": "3225",
        "verified": 0,
        "user_created_at": "2014-11-20",
        "has_description": 1,
        "parent": "4527980732495383"
    },
    {
        "mid": "4528076422123133",
        "has_multimedia": 1,
        "comments_count": 0,
        "reposts_count": 0,
        "attitudes_count": 0,
        "t": "1595061008000",
        "text": "生日快乐//@幕斯:生日快乐//@M大王叫我来巡山:🎂生日快乐辛苦了//@江南大野花:啊生日快乐 永远快乐//@清狂Aling://@Sun翠花儿_:加油啊//@一碗蛋花羹:转发微博",
        "uid": "1309100860/",
        "followers_count": "492",
        "statuses_count": "7452",
        "verified": 1,
        "user_created_at": "2009-11-27",
        "has_description": 1,
        "parent": "4527980732495383"
    },
    {
        "mid": "4528076379134179",
        "has_multimedia": 1,
        "comments_count": 0,
        "reposts_count": 0,
        "attitudes_count": 0,
        "t": "1595060999000",
        "text": "生日快乐！//@花泽美美:生日快乐//@M大王叫我来巡山:🎂生日快乐辛苦了//@江南大野花:啊生日快乐 永远快乐//@清狂Aling://@Sun翠花儿_:加油啊//@一碗蛋花羹:转发微博",
        "uid": "5996199926/",
        "followers_count": "137",
        "statuses_count": "1069",
        "verified": 0,
        "user_created_at": "2016-08-04",
        "has_description": 1,
        "parent": "4527980246993236"
    },
    {
        "mid": "4528076350299325",
        "has_multimedia": 1,
        "comments_count": 1,
        "reposts_count": 15,
        "attitudes_count": 58,
        "t": "1595060760000",
        "text": "生日快乐//@M大王叫我来巡山:🎂生日快乐辛苦了//@江南大野花:啊生日快乐 永远快乐//@清狂Aling://@Sun翠花儿_:加油啊//@一碗蛋花羹:转发微博",
        "uid": "1750822802/",
        "followers_count": "270",
        "statuses_count": "17427",
        "verified": 0,
        "user_created_at": "2011-06-05",
        "has_description": 1,
        "parent": "4527980246993236"
    }
]