[
    {
        "mid": "4527900138930428",
        "has_multimedia": 1,
        "comments_count": 321,
        "reposts_count": 141,
        "attitudes_count": 1241,
        "t": "1595018980000",
        "text": "置顶\n                                                                                                                        美国快讯7.17：1.美国司法部长巴尔批评美国过于依赖中国市场 2.美国农业部：中国已向美国订购52万吨大豆，137万吨玉米和32万吨小麦，都创造了单周记录3.中国多次表示希望与其他国家达成“双赢”，对此，美国司法部长巴尔竟称：在中文中，双赢是‘中国连赢’2次 4.特朗普提名的国家安全教育委员会委员戈尔卡称：中国和美国一旦开战，分分钟一败涂地 ​​​​5.白宫发言人准备相当充分，上面几十个议题，“CHINA”的标签也醒目 6.土澳总理莫里森表示与美国立场高度一致，特朗普对此连连赞扬#2名小学生研究喝茶抗癌获奖父亲回应# #养海参整箱放敌敌畏#",
        "uid": "6340026081/",
        "followers_count": "525089",
        "statuses_count": "5979",
        "verified": 1,
        "user_created_at": "2017-08-07",
        "has_description": 1,
        "parent": "0"
    },
    {
        "mid": "4528391589994636",
        "has_multimedia": 1,
        "comments_count": 0,
        "reposts_count": 0,
        "attitudes_count": 0,
        "t": "1595136151000",
        "text": "又在犯贱，",
        "uid": "1279716685/",
        "followers_count": "581",
        "statuses_count": "5117",
        "verified": 0,
        "user_created_at": "2010-08-14",
        "has_description": 1,
        "parent": "4527900138930428"
    },
    {
        "mid": "4528385764365603",
        "has_multimedia": 1,
        "comments_count": 0,
        "reposts_count": 0,
        "attitudes_count": 0,
        "t": "1595134762000",
        "text": "//@茂哥日记:为了钱和石油，为发泄情绪，美国以洗衣粉撒谎，就灭了一个国家 ¡评论配图",
        "uid": "5697128027/",
        "followers_count": "88",
        "statuses_count": "827",
        "verified": 0,
        "user_created_at": "2015-09-24",
        "has_description": 0,
        "parent": "4527900138930428"
    },
    {
        "mid": "4528383658565108",
        "has_multimedia": 1,
        "comments_count": 0,
        "reposts_count": 0,
        "attitudes_count": 0,
        "t": "1595134260000",
        "text": "转发微博",
        "uid": "2267980815/",
        "followers_count": "1307",
        "statuses_count": "67905",
        "verified": 0,
        "user_created_at": "2011-07-25",
        "has_description": 1,
        "parent": "4527900138930428"
    },
    {
        "mid": "4528342609430140",
        "has_multimedia": 1,
        "comments_count": 0,
        "reposts_count": 0,
        "attitudes_count": 0,
        "t": "1595124472000",
        "text": "转发微博",
        "uid": "3858663262/",
        "followers_count": "134",
        "statuses_count": "282",
        "verified": 0,
        "user_created_at": "2013-10-19",
        "has_description": 0,
        "parent": "4527900138930428"
    },
    {
        "mid": "4528325860527812",
        "has_multimedia": 1,
        "comments_count": 0,
        "reposts_count": 0,
        "attitudes_count": 0,
        "t": "1595120479000",
        "text": "回复@A股七八年一轮牛:挨棒被唾面，趋步忙递钱。 割肉饲恶虎，招患自取辱。//@A股七八年一轮牛:重点是第二条。中美关系都这样了为什么还要订购美国52万吨大豆137万吨玉米32万吨小麦？哪个部门谁签的合同？",
        "uid": "6583642776/",
        "followers_count": "125",
        "statuses_count": "1064",
        "verified": 0,
        "user_created_at": "2018-06-26",
        "has_description": 0,
        "parent": "4527900138930428"
    }
]