[
    {
        "mid": "4527913762817262",
        "has_multimedia": 1,
        "comments_count": 1007,
        "reposts_count": 539,
        "attitudes_count": 6286,
        "t": "1595022228000",
        "text": "#美国单日新增确诊超7万例#【#美国新冠肺炎超362万例#】据美国约翰斯·霍普金斯大学最新统计数据显示，截至美东时间7月17日17：34，美国新冠肺炎累计确诊病例超362万例，为3626500例，累计死亡 138979例。过去24小时，美国新增确诊病例77049例，新增死亡907例。（央视记者许弢） ​​​​",
        "uid": "2656274875/",
        "followers_count": "111936453",
        "statuses_count": "130494",
        "verified": 1,
        "has_description": 1,
        "parent": "0",
        "user_created_at": "2012-03-07"
    },
    {
        "mid": "4528068868444558",
        "has_multimedia": 1,
        "comments_count": 7,
        "reposts_count": 7,
        "attitudes_count": 10,
        "t": "1595034300000",
        "text": "转发微博",
        "uid": "3931735236/",
        "followers_count": "42",
        "statuses_count": "5172",
        "verified": 0,
        "user_created_at": "2013-12-05",
        "has_description": 0,
        "parent": "4527913762817262"
    },
    {
        "mid": "4528062757345764",
        "has_multimedia": 1,
        "comments_count": 0,
        "reposts_count": 0,
        "attitudes_count": 0,
        "t": "1595057751000",
        "text": "我靠",
        "uid": "2589696151/",
        "followers_count": "1236",
        "statuses_count": "86",
        "verified": 0,
        "user_created_at": "2012-01-15",
        "has_description": 0,
        "parent": "4527913762817262"
    },
    {
        "mid": "4528052455872088",
        "has_multimedia": 1,
        "comments_count": 0,
        "reposts_count": 0,
        "attitudes_count": 0,
        "t": "1595055295000",
        "text": "#净网2020# #美国单日新增确诊超7万例#【#美国新冠肺炎超362万例#】",
        "uid": "5656475379/",
        "followers_count": "2261",
        "statuses_count": "7716",
        "verified": 1,
        "has_description": 1,
        "parent": "4527913762817262",
        "user_created_at": "2015-07-20"
    }
]