[
    {
        "mid": "4527932950712181",
        "has_multimedia": 1,
        "comments_count": 1397,
        "reposts_count": 812,
        "attitudes_count": 15631,
        "t": "1595026803000",
        "text": "【看着都疼！#00后抗洪战士双臂晒出上百水泡# 转发致敬】“00后”战士王子浩，7月10日来到江西鄱阳湖大堤上，已在抗洪一线连续奋战数日。他的双臂，留下了上百个水泡……网友：谢谢你们的守护，真的辛苦了！（总台央视记者关美璐） ​​​​",
        "uid": "2656274875/",
        "followers_count": "111935324",
        "statuses_count": "130489",
        "verified": 1,
        "has_description": 1,
        "parent": "0",
        "user_created_at": "2012-03-07"
    },
    {
        "mid": "4527938463336942",
        "has_multimedia": 1,
        "comments_count": 11,
        "reposts_count": 14,
        "attitudes_count": 57,
        "t": "1595028117000",
        "text": "",
        "uid": "1400887105/",
        "followers_count": "6792138",
        "statuses_count": "192124",
        "verified": 1,
        "user_created_at": "2009-08-28",
        "has_description": 1,
        "parent": "4527932950712181"
    },
    {
        "mid": "4528006804542669",
        "has_multimedia": 1,
        "comments_count": 11,
        "reposts_count": 14,
        "attitudes_count": 57,
        "t": "1595028060000",
        "text": "",
        "uid": "5716322285/",
        "followers_count": "776",
        "statuses_count": "4576",
        "verified": 0,
        "user_created_at": "2015-10-02",
        "has_description": 0,
        "parent": "4527938463336942"
    },
    {
        "mid": "4527971686420418",
        "has_multimedia": 1,
        "comments_count": 11,
        "reposts_count": 14,
        "attitudes_count": 57,
        "t": "1595028060000",
        "text": "",
        "uid": "2417960137/",
        "followers_count": "176",
        "statuses_count": "646",
        "verified": 0,
        "user_created_at": "2011-10-18",
        "has_description": 1,
        "parent": "4527938463336942"
    },
    {
        "mid": "4527970075017811",
        "has_multimedia": 1,
        "comments_count": 0,
        "reposts_count": 0,
        "attitudes_count": 0,
        "t": "1595035653000",
        "text": "不要忘记他们！如有一天转业国家要好好安置他们，给好的待遇//@司马平邦:",
        "uid": "2110821725/",
        "followers_count": "470",
        "statuses_count": "6520",
        "verified": 0,
        "user_created_at": "2011-04-28",
        "has_description": 0,
        "parent": "4527938463336942"
    },
    {
        "mid": "4528049489450627",
        "has_multimedia": 1,
        "comments_count": 0,
        "reposts_count": 0,
        "attitudes_count": 0,
        "t": "1595054588000",
        "text": "#00后抗洪战士# 天啊！“00后”战士王子浩，7月10日来到江西鄱阳湖大堤上，已在抗洪一线连续奋战数日。他的双臂，留下了上百个水泡……请大家转发致敬❤️",
        "uid": "7479023357/",
        "followers_count": "3",
        "statuses_count": "3",
        "verified": 0,
        "user_created_at": "2020-07-10",
        "has_description": 1,
        "parent": "4527932950712181"
    },
    {
        "mid": "4528049108026185",
        "has_multimedia": 1,
        "comments_count": 0,
        "reposts_count": 0,
        "attitudes_count": 0,
        "t": "1595054496000",
        "text": "心疼，致敬",
        "uid": "3814458902/",
        "followers_count": "64",
        "statuses_count": "569",
        "verified": 0,
        "user_created_at": "2013-09-26",
        "has_description": 0,
        "parent": "4527932950712181"
    }
]