[
    {
        "mid": "4527938538046830",
        "has_multimedia": 1,
        "comments_count": 107,
        "reposts_count": 54,
        "attitudes_count": 465,
        "t": "1595028135000",
        "text": "【劣质精装修！#杭州春秋华庭被曝装修太水#，业主怒砸门打假】浙江杭州春秋华庭小区遭央视315晚会曝光，每平米6000元的精装标准，竟有漏水、煤气泄漏、地板发黑等种种问题。业主气愤的称，开发商卖房时描绘的是“格格”，收房却看到个“嬷嬷”，还有业主当场砸门打假。@一手Video L一手video的秒拍视频 ​​​​",
        "uid": "6004281123/",
        "followers_count": "22997379",
        "statuses_count": "68348",
        "verified": 1,
        "has_description": 1,
        "parent": "0",
        "user_created_at": "2016-08-16"
    },
    {
        "mid": "4528734638184888",
        "has_multimedia": 1,
        "comments_count": 0,
        "reposts_count": 0,
        "attitudes_count": 0,
        "t": "1595217939000",
        "text": "@招商蛇口 你马死了",
        "uid": "2152975852/",
        "followers_count": "433",
        "statuses_count": "236",
        "verified": 1,
        "user_created_at": "2011-06-01",
        "has_description": 1,
        "parent": "4527938538046830"
    },
    {
        "mid": "4528210363287336",
        "has_multimedia": 1,
        "comments_count": 0,
        "reposts_count": 0,
        "attitudes_count": 0,
        "t": "1595092943000",
        "text": "惊装修，大家转转。避雷的，一生的事情",
        "uid": "7216550085/",
        "followers_count": "1130",
        "statuses_count": "1152",
        "verified": 0,
        "user_created_at": "2019-07-03",
        "has_description": 0,
        "parent": "4527938538046830"
    },
    {
        "mid": "4528129039671414",
        "has_multimedia": 1,
        "comments_count": 0,
        "reposts_count": 0,
        "attitudes_count": 0,
        "t": "1595073554000",
        "text": "转发微博",
        "uid": "5743541384/",
        "followers_count": "69",
        "statuses_count": "824",
        "verified": 0,
        "user_created_at": "2015-11-03",
        "has_description": 0,
        "parent": "4527938538046830"
    },
    {
        "mid": "4528073557154715",
        "has_multimedia": 1,
        "comments_count": 0,
        "reposts_count": 0,
        "attitudes_count": 0,
        "t": "1595060326000",
        "text": "案例，房相关",
        "uid": "5832467965/",
        "followers_count": "140",
        "statuses_count": "36630",
        "verified": 0,
        "user_created_at": "2016-01-19",
        "has_description": 1,
        "parent": "4527938538046830"
    },
    {
        "mid": "4528065491509115",
        "has_multimedia": 1,
        "comments_count": 0,
        "reposts_count": 0,
        "attitudes_count": 0,
        "t": "1595058403000",
        "text": "转发微博",
        "uid": "5860533905/",
        "followers_count": "142",
        "statuses_count": "865",
        "verified": 0,
        "user_created_at": "2016-02-16",
        "has_description": 1,
        "parent": "4527938538046830"
    },
    {
        "mid": "4528039347881824",
        "has_multimedia": 1,
        "comments_count": 0,
        "reposts_count": 0,
        "attitudes_count": 0,
        "t": "1595052169000",
        "text": "转发微博",
        "uid": "2786982202/",
        "followers_count": "1296",
        "statuses_count": "2384",
        "verified": 0,
        "user_created_at": "2012-04-30",
        "has_description": 1,
        "parent": "4527938538046830"
    }
]