[
    {
        "mid": "4527939468925921",
        "has_multimedia": 1,
        "comments_count": 141,
        "reposts_count": 140,
        "attitudes_count": 607,
        "t": "1595028357000",
        "text": "#芋头讲医学史# 历史记录：2020年3月5日张文宏说：“对这个输入性疾病，（美国）他们的应对是很从容的，美国医疗体系一旦启动起来，检测、救治都跟得上。他们才有100左右新冠患者，你要他们重视到什么程度？”L老板联播的微博视频 2020年7月18日，美国新冠肺炎376万，死亡14万（病死数据已被人为操控）。40万留学生被滞留在美国，归国不能，惶惶不安。",
        "uid": "2199180467/",
        "followers_count": "1160605",
        "statuses_count": "32901",
        "verified": 1,
        "user_created_at": "2011-08-23",
        "has_description": 1,
        "parent": "0"
    },
    {
        "mid": "4528702731326726",
        "has_multimedia": 1,
        "comments_count": 0,
        "reposts_count": 0,
        "attitudes_count": 2,
        "t": "1595210332000",
        "text": "这家伙也太哈美了！哈的连脸都不要了！灯塔国确诊病例再多也是最好的！和特朗普一个腔调！这家伙还从来贬低中医药！这种网红很有害啊！//@jrry86://@闲看潮起潮落: 有人说，新冠病毒是专业打脸病毒。有无数的网红被新冠打脸。连美帝的自由民主都被新冠打脸，暴露出了专业的双标原形。",
        "uid": "6349488869/",
        "followers_count": "6222",
        "statuses_count": "3152",
        "verified": 0,
        "user_created_at": "2017-08-19",
        "has_description": 0,
        "parent": "4527939468925921"
    },
    {
        "mid": "4528579284569377",
        "has_multimedia": 1,
        "comments_count": 0,
        "reposts_count": 0,
        "attitudes_count": 0,
        "t": "1595180901000",
        "text": "这个教授不寻常！！最早听得靠谱，听得多了就太不靠谱了？还是不厚道了呢？",
        "uid": "1737586011/",
        "followers_count": "568",
        "statuses_count": "31423",
        "verified": 0,
        "user_created_at": "2012-05-03",
        "has_description": 1,
        "parent": "4527939468925921"
    },
    {
        "mid": "4528521810544621",
        "has_multimedia": 1,
        "comments_count": 0,
        "reposts_count": 0,
        "attitudes_count": 0,
        "t": "1595167197000",
        "text": "//@得意学堂岱珈:这四十万留学生将来大部分人会记得张医生，并且估计会记一辈子，刻骨铭心。",
        "uid": "1797303212/",
        "followers_count": "852",
        "statuses_count": "11193",
        "verified": 0,
        "user_created_at": "2010-08-21",
        "has_description": 1,
        "parent": "4527939468925921"
    },
    {
        "mid": "4528356060563104",
        "has_multimedia": 1,
        "comments_count": 0,
        "reposts_count": 0,
        "attitudes_count": 0,
        "t": "1595127679000",
        "text": "美国则是假装不懂因果，仍然不管病因，人蠢和西医无关，皮瓤不符//@医生田建华: 有一种愚蠢叫骗子做得时间长了自己信了。愚蠢的以为发热疾病多吃蛋白会增加免疫能力，岂不知蛋白会替糖维持生命，释放氮质，增加肾脏负担//@中医杨桢: 别人家的娃。。。//@芋头微波:正儿八经证明美国防疫能力世界第一",
        "uid": "1349596275/",
        "followers_count": "9824",
        "statuses_count": "20057",
        "verified": 1,
        "user_created_at": "2009-11-15",
        "has_description": 1,
        "parent": "4527939468925921"
    },
    {
        "mid": "4528350377547091",
        "has_multimedia": 1,
        "comments_count": 1,
        "reposts_count": 1,
        "attitudes_count": 0,
        "t": "1595126324000",
        "text": "有一种愚蠢叫骗子做得时间长了自己信了。例如假装不懂西医的三大能量相互关系，愚蠢的以为发热疾病多吃蛋白会增加免疫能力，岂不知蛋白会替糖维持生命，释放氮质，增加肾脏负担//@医生田建华: 卑躬屈膝是一种习惯，号称循证//@中医杨桢: 别人家的娃。。。//@芋头微波:正儿八经证明美国防疫能力世界第一",
        "uid": "1349596275/",
        "followers_count": "9824",
        "statuses_count": "20057",
        "verified": 1,
        "user_created_at": "2009-11-15",
        "has_description": 1,
        "parent": "4527939468925921"
    },
    {
        "mid": "4528346631509848",
        "has_multimedia": 1,
        "comments_count": 0,
        "reposts_count": 0,
        "attitudes_count": 0,
        "t": "1595125432000",
        "text": "//@红旗漫卷西风微博4://@指溶入事:网络带路党新才俊~//@哲镛:有个叫魔隐者的教授也这么说呢，好久没见让浪给夹没啦？//@小马过河SNS://@绝版英雄:我当时甚至都分不清他是认真的，还是高级黑。。。",
        "uid": "7340257395/",
        "followers_count": "120",
        "statuses_count": "3591",
        "verified": 0,
        "user_created_at": "2019-11-19",
        "has_description": 1,
        "parent": "4527939468925921"
    },
    {
        "mid": "4528346211291644",
        "has_multimedia": 1,
        "comments_count": 0,
        "reposts_count": 0,
        "attitudes_count": 0,
        "t": "1595125332000",
        "text": "张网红",
        "uid": "6154754584/",
        "followers_count": "322",
        "statuses_count": "3292",
        "verified": 0,
        "user_created_at": "2017-02-28",
        "has_description": 1,
        "parent": "4527939468925921"
    },
    {
        "mid": "4528346140512873",
        "has_multimedia": 1,
        "comments_count": 0,
        "reposts_count": 0,
        "attitudes_count": 0,
        "t": "1595125315000",
        "text": "哈哈哈哈//@红旗漫卷西风微博4://@指溶入事:网络带路党新才俊~//@哲镛:有个叫魔隐者的教授也这么说呢，好久没见让浪给夹没啦？//@小马过河SNS://@绝版英雄:我当时甚至都分不清他是认真的，还是高级黑。。。",
        "uid": "6154754584/",
        "followers_count": "322",
        "statuses_count": "3292",
        "verified": 0,
        "user_created_at": "2017-02-28",
        "has_description": 1,
        "parent": "4527939468925921"
    },
    {
        "mid": "4528341779227137",
        "has_multimedia": 1,
        "comments_count": 0,
        "reposts_count": 0,
        "attitudes_count": 0,
        "t": "1595124275000",
        "text": "//@jrry86://@闲看潮起潮落: 有人说，新冠病毒是专业打脸病毒。有无数的网红被新冠打脸。连美帝的自由民主都被新冠打脸，暴露出了专业的双标原形。",
        "uid": "6373346014/",
        "followers_count": "199",
        "statuses_count": "3826",
        "verified": 0,
        "user_created_at": "2017-09-22",
        "has_description": 0,
        "parent": "4527939468925921"
    },
    {
        "mid": "4528341699535656",
        "has_multimedia": 1,
        "comments_count": 0,
        "reposts_count": 0,
        "attitudes_count": 0,
        "t": "1595124256000",
        "text": "//@红旗漫卷西风微博4: //@指溶入事:网络带路党新才俊~//@哲镛:有个叫魔隐者的教授也这么说呢，好久没见让浪给夹没啦？//@小马过河SNS://@绝版英雄:我当时甚至都分不清他是认真的，还是高级黑。。。",
        "uid": "2170995924/",
        "followers_count": "366",
        "statuses_count": "1769",
        "verified": 0,
        "user_created_at": "2011-06-12",
        "has_description": 1,
        "parent": "4527939468925921"
    }
]