[
    {
        "mid": "4527941016619309",
        "has_multimedia": 1,
        "comments_count": 130,
        "reposts_count": 86,
        "attitudes_count": 426,
        "t": "1595028726000",
        "text": "【美国科技公司CEO惨死家中被碎尸后续：嫌犯为其私人助理】当地时间17日，纽约市一名涉嫌肢解杀害自己前老板的21岁男子被警方逮捕，被控二级谋杀和其他罪行。本周二，33岁的科技企业家萨利赫被发现死于其位于曼哈顿的公寓。《纽约时报》报道称，警方认为萨利赫是其21岁的前行政助理哈斯皮尔杀害。该助理从16岁起就开始为萨利赫工作，谋杀动机可能与一场商业纠纷有关。警方称，他们相信哈斯皮尔先用泰瑟枪将萨利赫击晕，随后刺死对方，并将其尸体肢解。(中国日报)L中报视频的秒拍视频",
        "uid": "1618051664/",
        "followers_count": "80791706",
        "statuses_count": "187176",
        "verified": 1,
        "has_description": 1,
        "parent": "0",
        "user_created_at": "2009-08-28"
    },
    {
        "mid": "4528079505196900",
        "has_multimedia": 1,
        "comments_count": 0,
        "reposts_count": 0,
        "attitudes_count": 0,
        "t": "1595061743000",
        "text": "转发微博",
        "uid": "5496290488/",
        "followers_count": "98",
        "statuses_count": "10373",
        "verified": 0,
        "user_created_at": "2015-01-26",
        "has_description": 0,
        "parent": "4527941016619309"
    },
    {
        "mid": "4528007697410610",
        "has_multimedia": 1,
        "comments_count": 0,
        "reposts_count": 0,
        "attitudes_count": 0,
        "t": "1595044624000",
        "text": "我丢？？？",
        "uid": "5945201308/",
        "followers_count": "27",
        "statuses_count": "173",
        "verified": 0,
        "user_created_at": "2016-06-05",
        "has_description": 1,
        "parent": "4527941016619309"
    },
    {
        "mid": "4527991000668209",
        "has_multimedia": 1,
        "comments_count": 0,
        "reposts_count": 0,
        "attitudes_count": 0,
        "t": "1595040643000",
        "text": "【美国科技公司CEO惨死家中被碎尸后续：嫌犯为其私人助理】太吓人了",
        "uid": "5023266201/",
        "followers_count": "524",
        "statuses_count": "34090",
        "verified": 0,
        "user_created_at": "2014-02-04",
        "has_description": 1,
        "parent": "4527941016619309"
    },
    {
        "mid": "4527990250406215",
        "has_multimedia": 1,
        "comments_count": 0,
        "reposts_count": 0,
        "attitudes_count": 0,
        "t": "1595040463000",
        "text": "这是多大仇多大怨？",
        "uid": "7158589977/",
        "followers_count": "77",
        "statuses_count": "3311",
        "verified": 0,
        "user_created_at": "2019-05-24",
        "has_description": 1,
        "parent": "4527941016619309"
    },
    {
        "mid": "4527980246729542",
        "has_multimedia": 1,
        "comments_count": 0,
        "reposts_count": 0,
        "attitudes_count": 0,
        "t": "1595038078000",
        "text": "《纽约时报》采访的三个了解此事的官员：这个助理偷了死者Saleh大约9万美元，Saleh并没有报警，只是解雇了这个助理，并且还允许他分期偿还这9万美元。现代版的“农夫与蛇”。",
        "uid": "5542066333/",
        "followers_count": "2",
        "statuses_count": "1",
        "verified": 0,
        "user_created_at": "2015-03-04",
        "has_description": 0,
        "parent": "4527941016619309"
    }
]