[
    {
        "mid": "4527941335387539",
        "has_multimedia": 1,
        "comments_count": 651,
        "reposts_count": 205,
        "attitudes_count": 3407,
        "t": "1595028802000",
        "text": "【大型认贼作父现场：罗冠聪宣称“代表香港人感谢彭定康”】逃往伦敦的“港独”组织头目罗冠聪，近日同屡屡插手香港事务的末代港督彭定康见面，还宣称“代表很多香港人向他道谢”。香港网友怒批罗冠聪“认贼作父”，“我有让你代表我吗？”16日晚，罗冠聪在社交媒体脸书上发布他在伦敦与彭定康见面的合照，并称“能够遇到很多睿智的前辈，并得到他们的鼓励和分享，我是相当感恩的。”他还大言不惭地说，“也许我能代很多香港人讲一句：感谢你，最后一任港督”云云。O罗冠聪宣称“代表香港人感谢彭定康”，网友怒批...",
        "uid": "1887344341/",
        "followers_count": "12617405",
        "statuses_count": "110646",
        "verified": 1,
        "has_description": 1,
        "parent": "0",
        "user_created_at": "2010-12-09"
    },
    {
        "mid": "4527952873652394",
        "has_multimedia": 1,
        "comments_count": 22,
        "reposts_count": 29,
        "attitudes_count": 74,
        "t": "1595031552000",
        "text": "置顶\n                                                                                                                        不说别的，如果做主子能做到葬礼上也有人如丧考妣，肯定也算是种人生成就吧。 ¡查看图片",
        "uid": "1555113427/",
        "followers_count": "12253875",
        "statuses_count": "44791",
        "verified": 0,
        "user_created_at": "2010-02-11",
        "has_description": 1,
        "parent": "4527941335387539"
    },
    {
        "mid": "4528004744884381",
        "has_multimedia": 1,
        "comments_count": 0,
        "reposts_count": 0,
        "attitudes_count": 1,
        "t": "1595043920000",
        "text": "//@青青虫的微博:不说别的，如果做主子能做到葬礼上也有人如丧考妣，肯定也算是种人生成就吧。 ¡查看图片",
        "uid": "3128757325/",
        "followers_count": "299",
        "statuses_count": "705",
        "verified": 0,
        "user_created_at": "2012-11-19",
        "has_description": 1,
        "parent": "4527952873652394"
    },
    {
        "mid": "4528000245176208",
        "has_multimedia": 1,
        "comments_count": 0,
        "reposts_count": 0,
        "attitudes_count": 0,
        "t": "1595042847000",
        "text": "活久见//@青青虫的微博:回复@小狼风马:彭是末代港督，这可是货真价实的殖民地真主子啊，所以不是虫哥配图到位，应该说现实比配图还到位。//@小狼风马:在点开配图之前，万万没想到博主配图水平这么高了，太到位了",
        "uid": "6498376689/",
        "followers_count": "199",
        "statuses_count": "8521",
        "verified": 0,
        "user_created_at": "2018-03-02",
        "has_description": 0,
        "parent": "4527952873652394"
    },
    {
        "mid": "4527998961452554",
        "has_multimedia": 1,
        "comments_count": 5,
        "reposts_count": 6,
        "attitudes_count": 27,
        "t": "1595033100000",
        "text": "回复@小狼风马:彭是末代港督，这可是货真价实的殖民地真主子啊，所以不是虫哥配图到位，应该说现实比配图还到位。//@小狼风马:在点开配图之前，万万没想到博主配图水平这么高了，太到位了",
        "uid": "2655378764/",
        "followers_count": "190",
        "statuses_count": "9437",
        "verified": 0,
        "user_created_at": "2012-01-07",
        "has_description": 1,
        "parent": "4527952873652394"
    },
    {
        "mid": "4528056825556361",
        "has_multimedia": 1,
        "comments_count": 0,
        "reposts_count": 1,
        "attitudes_count": 1,
        "t": "1595044260000",
        "text": "感谢末代港督，不就是奴隶感谢奴隶主么？//@A朝仓莹子:百年奴役，跪的膝下生根，根深蒂固。",
        "uid": "1737778234/",
        "followers_count": "710",
        "statuses_count": "9014",
        "verified": 0,
        "user_created_at": "2010-05-04",
        "has_description": 1,
        "parent": "4527941335387539"
    }
]