[
    {
        "mid": "4527942431146044",
        "has_multimedia": 1,
        "comments_count": 153,
        "reposts_count": 50,
        "attitudes_count": 1032,
        "t": "1595029062000",
        "text": "分享视频 L北京谢通祥律师的微博视频 ​​​​",
        "uid": "1918180903/",
        "followers_count": "267741",
        "statuses_count": "12761",
        "verified": 1,
        "user_created_at": "2011-01-11",
        "has_description": 1,
        "parent": "0"
    },
    {
        "mid": "4528346672930446",
        "has_multimedia": 1,
        "comments_count": 0,
        "reposts_count": 0,
        "attitudes_count": 0,
        "t": "1595125442000",
        "text": "看到这视频很感动，为这些爱心人士点赞！！能爱惜小鸭生命的人，说明他们热爱生活，珍惜生命！！如果在杭州，恐怕早把老鸭煲汤，小鸭煎炸了，虽然是小事，体现了人的素质修养和格局！！但愿人人多一点爱心，世界必定就很美好！！！",
        "uid": "6558050864/",
        "followers_count": "108",
        "statuses_count": "695",
        "verified": 0,
        "user_created_at": "2018-05-24",
        "has_description": 0,
        "parent": "4527942431146044"
    },
    {
        "mid": "4528300015224841",
        "has_multimedia": 1,
        "comments_count": 0,
        "reposts_count": 0,
        "attitudes_count": 0,
        "t": "1595114317000",
        "text": "//@人民ycy:@善良的阳光忆珑: 中恒三三公司资金链没有断裂，老板没有跑路，正在企业经营的红红火火的时候被查封，杭州中院扣了个非法集资的罪名，老百姓不服啊，希望浙江高院能够公正处理，倾听民意，还48万人安静生活！",
        "uid": "5960845154/",
        "followers_count": "92",
        "statuses_count": "1639",
        "verified": 0,
        "user_created_at": "2016-06-18",
        "has_description": 0,
        "parent": "4527942431146044"
    },
    {
        "mid": "4528166956172507",
        "has_multimedia": 1,
        "comments_count": 0,
        "reposts_count": 0,
        "attitudes_count": 0,
        "t": "1595082593000",
        "text": "做人要厚道善良！大自然的平衡不能打破，好人一生平安。期盼王文俊带领中恒三三好好创业，我们仍然是一家人，一件事，一起做。",
        "uid": "6586708267/",
        "followers_count": "13",
        "statuses_count": "237",
        "verified": 0,
        "user_created_at": "2018-06-28",
        "has_description": 0,
        "parent": "4527942431146044"
    },
    {
        "mid": "4528114056570044",
        "has_multimedia": 1,
        "comments_count": 1,
        "reposts_count": 0,
        "attitudes_count": 2,
        "t": "1595069982000",
        "text": "警察帮助鸭妈妈救助一群小鸭的视频令人感动。反观杭州公检法中的一小撮害群之马无视中恒三三的董事长王文俊苦心经营创建了以“民族文化、健康、现代农业”为经营支点的中恒三三（中国民族企业的创新标杆），无视48万投资者的生命、财产安全，强行拖延并判决的行为真是丧尽天良！强烈要求无罪释放王文俊",
        "uid": "2476441165/",
        "followers_count": "202",
        "statuses_count": "1176",
        "verified": 0,
        "user_created_at": "2011-11-19",
        "has_description": 0,
        "parent": "4527942431146044"
    },
    {
        "mid": "4528081107164793",
        "has_multimedia": 1,
        "comments_count": 0,
        "reposts_count": 0,
        "attitudes_count": 0,
        "t": "1595062126000",
        "text": "我们还不如野鸭，我们被萧山公检法欺凌至此，心寒如冰窟！人间正义离我三三人太远了！！！！知法犯法的人依然潇遥法外，含冤如狱的人依然受尽百般凄苦，这是什么世道？？？",
        "uid": "5734486344/",
        "followers_count": "3",
        "statuses_count": "156",
        "verified": 0,
        "user_created_at": "2015-10-23",
        "has_description": 0,
        "parent": "4527942431146044"
    },
    {
        "mid": "4528050647345589",
        "has_multimedia": 1,
        "comments_count": 0,
        "reposts_count": 0,
        "attitudes_count": 1,
        "t": "1595054864000",
        "text": "看到这视频很感动，为这些爱心人士点赞！！能爱惜小鸭生命的人，说明他们热爱生活，珍惜生命！！如果在杭州，恐怕早把老鸭煲汤，小鸭煎炸了，虽然是小事，体现了人的素质修养和格局！！但愿人人多一点爱心，世界必定就很美好！！！",
        "uid": "6568843383/",
        "followers_count": "155",
        "statuses_count": "980",
        "verified": 0,
        "user_created_at": "2018-06-07",
        "has_description": 1,
        "parent": "4527942431146044"
    },
    {
        "mid": "4528036176997675",
        "has_multimedia": 1,
        "comments_count": 0,
        "reposts_count": 0,
        "attitudes_count": 0,
        "t": "1595051414000",
        "text": "//@姚建亮8340:中恒三三公司资金链没有断裂，老板没有跑路，正在企业经营的红红火火的时候被查封，杭州中院扣了个非法集资的罪名，老百姓不服啊，希望浙江高院能够公正处理，倾听民意，还48万人安静生活！",
        "uid": "6371133036/",
        "followers_count": "2",
        "statuses_count": "12",
        "verified": 0,
        "user_created_at": "2017-09-23",
        "has_description": 0,
        "parent": "4527942431146044"
    },
    {
        "mid": "4528012727688188",
        "has_multimedia": 1,
        "comments_count": 0,
        "reposts_count": 0,
        "attitudes_count": 1,
        "t": "1595045823000",
        "text": "转发微博",
        "uid": "6371128728/",
        "followers_count": "17",
        "statuses_count": "138",
        "verified": 0,
        "user_created_at": "2017-09-23",
        "has_description": 0,
        "parent": "4527942431146044"
    }
]