[
    {
        "mid": "4527943017826911",
        "has_multimedia": 1,
        "comments_count": 164,
        "reposts_count": 51,
        "attitudes_count": 1194,
        "t": "1595029203000",
        "text": "【#吵架后丈夫把妻子扔高速#，民警怒怼：作为男人你考虑过后果吗】近日，福建厦门，民警在高速上发现一独行女子，了解后得知，女子与丈夫在服务区吵架，丈夫扔下她开车离开，女子独自走上应急车道。民警随即联系女子丈夫，见面后怒怼对方：作为男人，半路扔下老婆，你考虑过后果吗？@一手Video L一手video的秒拍视频",
        "uid": "6004281123/",
        "followers_count": "22995509",
        "statuses_count": "68281",
        "verified": 1,
        "has_description": 1,
        "parent": "0",
        "user_created_at": "2016-08-16"
    },
    {
        "mid": "4528345628282116",
        "has_multimedia": 1,
        "comments_count": 0,
        "reposts_count": 0,
        "attitudes_count": 0,
        "t": "1595125193000",
        "text": "//@我是楠朋友阿:离婚证甩给他就对了",
        "uid": "6398322095/",
        "followers_count": "81",
        "statuses_count": "9470",
        "verified": 0,
        "user_created_at": "2017-10-28",
        "has_description": 1,
        "parent": "4527943017826911"
    },
    {
        "mid": "4528154972783987",
        "has_multimedia": 1,
        "comments_count": 0,
        "reposts_count": 0,
        "attitudes_count": 0,
        "t": "1595079736000",
        "text": "@猪猪侠13 你会不会",
        "uid": "1720975440/",
        "followers_count": "1154",
        "statuses_count": "42440",
        "verified": 0,
        "user_created_at": "2010-03-29",
        "has_description": 0,
        "parent": "4527943017826911"
    },
    {
        "mid": "4528147456079453",
        "has_multimedia": 1,
        "comments_count": 0,
        "reposts_count": 0,
        "attitudes_count": 0,
        "t": "1595077945000",
        "text": "吵架后，才知道自己嫁的是不是条狗",
        "uid": "5214191348/",
        "followers_count": "11",
        "statuses_count": "37",
        "verified": 0,
        "user_created_at": "2014-07-12",
        "has_description": 1,
        "parent": "4527943017826911"
    }
]