[
    {
        "mid": "4527948164764885",
        "has_multimedia": 1,
        "comments_count": 837,
        "reposts_count": 730,
        "attitudes_count": 4575,
        "t": "1595030430000",
        "text": "【警惕！#长江重庆段迎入汛以来最大洪水#】受近期强降雨影响，长江重庆段迎入汛以来最大洪水。据水文部门预报，今天，#新一轮洪峰将通过重庆主城水域#。截至今早8时，长江寸滩站水位达179.36米。为保障航运安全，重庆海事局对长江干线观音滩等急流江段实施临时交通管制。转发提醒：注意防范！（总台央视记者牟亮）",
        "uid": "2656274875/",
        "followers_count": "111935860",
        "statuses_count": "130492",
        "verified": 1,
        "has_description": 1,
        "parent": "0",
        "user_created_at": "2012-03-07"
    },
    {
        "mid": "4527949522933670",
        "has_multimedia": 1,
        "comments_count": 0,
        "reposts_count": 15,
        "attitudes_count": 1,
        "t": "1595030754000",
        "text": "注意防范！重庆平安",
        "uid": "5466566731/",
        "followers_count": "20923",
        "statuses_count": "13988",
        "verified": 1,
        "user_created_at": "2015-01-08",
        "has_description": 1,
        "parent": "4527948164764885"
    },
    {
        "mid": "4527975871554342",
        "has_multimedia": 1,
        "comments_count": 0,
        "reposts_count": 0,
        "attitudes_count": 0,
        "t": "1595037036000",
        "text": "//@FalseCharges:注意防范！重庆平安",
        "uid": "7418393458/",
        "followers_count": "14",
        "statuses_count": "759",
        "verified": 0,
        "user_created_at": "2020-03-23",
        "has_description": 1,
        "parent": "4527949522933670"
    },
    {
        "mid": "4527975938662160",
        "has_multimedia": 1,
        "comments_count": 1,
        "reposts_count": 13,
        "attitudes_count": 12,
        "t": "1595037052000",
        "text": "",
        "uid": "2143462671/",
        "followers_count": "796098",
        "statuses_count": "44286",
        "verified": 1,
        "has_description": 1,
        "parent": "4527948164764885",
        "user_created_at": "2011-05-26"
    },
    {
        "mid": "4528010680075014",
        "has_multimedia": 1,
        "comments_count": 1,
        "reposts_count": 2,
        "attitudes_count": 4,
        "t": "1595039880000",
        "text": "#长江重庆段迎入汛以来最大洪水# 注意安全！//@中央气象台:长江重庆段迎入汛以来最大洪水，远离江岸，注意安全！//@重庆天气:",
        "uid": "5275115259/",
        "followers_count": "1364",
        "statuses_count": "100739",
        "verified": 0,
        "user_created_at": "2014-08-30",
        "has_description": 1,
        "parent": "4527975938662160"
    },
    {
        "mid": "4528007823232078",
        "has_multimedia": 1,
        "comments_count": 0,
        "reposts_count": 0,
        "attitudes_count": 0,
        "t": "1595044653000",
        "text": "没完没了的下雨，还是大到暴雨//@中央气象台:长江重庆段迎入汛以来最大洪水，远离江岸，注意安全！//@重庆天气:",
        "uid": "5834712701/",
        "followers_count": "682",
        "statuses_count": "102157",
        "verified": 0,
        "user_created_at": "2016-01-20",
        "has_description": 0,
        "parent": "4527975938662160"
    },
    {
        "mid": "4527997623214945",
        "has_multimedia": 1,
        "comments_count": 0,
        "reposts_count": 0,
        "attitudes_count": 0,
        "t": "1595042222000",
        "text": "🙏🙏🙏平安//@中央气象台:长江重庆段迎入汛以来最大洪水，远离江岸，注意安全！//@重庆天气:",
        "uid": "2231276715/",
        "followers_count": "121",
        "statuses_count": "4981",
        "verified": 0,
        "user_created_at": "2011-07-06",
        "has_description": 1,
        "parent": "4527975938662160"
    },
    {
        "mid": "4528060239710191",
        "has_multimedia": 1,
        "comments_count": 0,
        "reposts_count": 0,
        "attitudes_count": 0,
        "t": "1595057150000",
        "text": "天啦！我的大重庆一定要平安🙏🙏",
        "uid": "3826884719/",
        "followers_count": "236",
        "statuses_count": "10656",
        "verified": 0,
        "user_created_at": "2013-10-01",
        "has_description": 1,
        "parent": "4527948164764885"
    }
]