[
    {
        "mid": "4527948059906288",
        "has_multimedia": 1,
        "comments_count": 255,
        "reposts_count": 537,
        "attitudes_count": 2385,
        "t": "1595030405000",
        "text": "【#美女作家的500㎡别墅# 】离职时尚媒体，@祝羽捷 搬到了上海青浦郊区，住进500多平的大别墅，在家写作。200㎡的花园，她种上了月季、绣球……朋友们都笑她是“青浦李子柒”。搬家之后，她很少去市区社交，还坚持每天上午不看手机，远离网络。今天，一条带大家认识一下这位美女作家！ L一条的微博视频",
        "uid": "5135808743/",
        "followers_count": "10051414",
        "statuses_count": "8167",
        "verified": 1,
        "user_created_at": "2014-05-08",
        "has_description": 1,
        "parent": "0"
    },
    {
        "mid": "4528342441133903",
        "has_multimedia": 1,
        "comments_count": 0,
        "reposts_count": 0,
        "attitudes_count": 0,
        "t": "1595124433000",
        "text": "转发微博",
        "uid": "2539710893/",
        "followers_count": "423",
        "statuses_count": "9984",
        "verified": 0,
        "user_created_at": "2011-12-19",
        "has_description": 1,
        "parent": "4527948059906288"
    },
    {
        "mid": "4528336905182122",
        "has_multimedia": 1,
        "comments_count": 0,
        "reposts_count": 0,
        "attitudes_count": 0,
        "t": "1595123113000",
        "text": "祝小兔的独居，谢谢分享，终于能欣赏到了。",
        "uid": "5915331903/",
        "followers_count": "139",
        "statuses_count": "317",
        "verified": 0,
        "user_created_at": "2016-05-02",
        "has_description": 1,
        "parent": "4527948059906288"
    }
]