[
    {
        "mid": "4527948503456410",
        "has_multimedia": 1,
        "comments_count": 117,
        "reposts_count": 37,
        "attitudes_count": 540,
        "t": "1595030511000",
        "text": "其实那个演员姜涛的事，就那么大点事，以闹的程度性质和后果来说，他得到的舆论惩罚比例还算挺高，后续他就不该再跳了，越跳越挨骂。想起当年王玉青，拿水杯砸陈宗祥，满医院的用无比肮脏恶毒的脏话辱骂陈宗祥，啥事没有，牛逼闪电横扫聊城医疗圈。就这么邪乎，也不过是几个月后才曝光的，那还是因为王玉青自己找山东卫视把事儿闹大了，我去了趟聊城，才找到王玉青当时的录音。",
        "uid": "1907166177/",
        "followers_count": "4800591",
        "statuses_count": "19991",
        "verified": 1,
        "user_created_at": "2013-08-14",
        "has_description": 1,
        "parent": "0"
    },
    {
        "mid": "4528100026624763",
        "has_multimedia": 0,
        "comments_count": 0,
        "reposts_count": 0,
        "attitudes_count": 0,
        "t": "1595066637000",
        "text": "//@老李飞刀的叨叨刀:估计是自己觉得遇见千载难逢的机遇了，不成功便成仁，反正没好，就奔黑化去了。这样的人不会有底线的，社会也一定会教育他，时间而已。",
        "uid": "2240263160/",
        "followers_count": "177689",
        "statuses_count": "18757",
        "verified": 1,
        "user_created_at": "2011-07-11",
        "has_description": 1,
        "parent": "4527948503456410"
    },
    {
        "mid": "4528079931978301",
        "has_multimedia": 1,
        "comments_count": 0,
        "reposts_count": 0,
        "attitudes_count": 0,
        "t": "1595061846000",
        "text": "转发微博",
        "uid": "5362860794/",
        "followers_count": "163",
        "statuses_count": "22241",
        "verified": 0,
        "user_created_at": "2014-11-07",
        "has_description": 0,
        "parent": "4527948503456410"
    },
    {
        "mid": "4528072714099626",
        "has_multimedia": 1,
        "comments_count": 0,
        "reposts_count": 0,
        "attitudes_count": 0,
        "t": "1595060125000",
        "text": "白衣山猫直接搞地域歧视，也不是什么好东西。",
        "uid": "6008412536/",
        "followers_count": "342",
        "statuses_count": "2902",
        "verified": 0,
        "user_created_at": "2016-08-22",
        "has_description": 0,
        "parent": "4527948503456410"
    },
    {
        "mid": "4528057660223526",
        "has_multimedia": 1,
        "comments_count": 11,
        "reposts_count": 12,
        "attitudes_count": 54,
        "t": "1595040720000",
        "text": "每个医院都需要一个白衣山猫————想起当年王玉青，拿水杯砸陈宗祥，满医院的用无比肮脏恶毒的脏话辱骂陈宗祥，啥事没有，牛逼闪电横扫聊城医疗圈。还是王玉青自己找山东卫视把事儿闹大了，我去了趟聊城，才找到王玉青当时的录音。",
        "uid": "1285456153/",
        "followers_count": "84",
        "statuses_count": "13811",
        "verified": 0,
        "user_created_at": "2012-08-03",
        "has_description": 0,
        "parent": "4527948503456410"
    },
    {
        "mid": "4528041872861399",
        "has_multimedia": 0,
        "comments_count": 5,
        "reposts_count": 2,
        "attitudes_count": 2,
        "t": "1595052600000",
        "text": "每个医院都需要一个撒谎精？//@凯雷:每个医院都需要一个白衣山猫————想起当年王玉青，拿水杯砸陈宗祥，满医院的用无比肮脏恶毒的脏话辱骂陈宗祥，啥事没有，牛逼闪电横扫聊城医疗圈。还是王玉青自己找山东卫视把事儿闹大了，我去了趟聊城，才找到王玉青当时的录音。",
        "uid": "6500675109/",
        "followers_count": "143",
        "statuses_count": "8476",
        "verified": 0,
        "user_created_at": "2018-03-05",
        "has_description": 1,
        "parent": "4527948503456410"
    }
]