[
    {
        "mid": "4527949183196249",
        "has_multimedia": 0,
        "comments_count": 115,
        "reposts_count": 39,
        "attitudes_count": 1184,
        "t": "1595030673000",
        "text": "整个反婚反育的中文网路世界让我懂了，有钱结婚不如存钱买房去做医那个美，有钱生孩子养孩子不如养宠物。至少你家猫狗学会了上厕所就已经做好了所有素质教育，没人让你鸡妈鸡娃，不需要育儿的你还能有时间去健身，去打溶脂针保持年轻，不会被网路教育专家骂 ​​​​",
        "uid": "5997605338/",
        "followers_count": "480604",
        "statuses_count": "3275",
        "verified": 0,
        "user_created_at": "2016-08-09",
        "has_description": 1,
        "parent": "0"
    },
    {
        "mid": "4528177140207270",
        "has_multimedia": 0,
        "comments_count": 0,
        "reposts_count": 0,
        "attitudes_count": 0,
        "t": "1595085022000",
        "text": "四个大字 开心就好",
        "uid": "7074590166/",
        "followers_count": "17",
        "statuses_count": "661",
        "verified": 0,
        "user_created_at": "2019-04-11",
        "has_description": 1,
        "parent": "4527949183196249"
    },
    {
        "mid": "4528175150803992",
        "has_multimedia": 1,
        "comments_count": 0,
        "reposts_count": 0,
        "attitudes_count": 0,
        "t": "1595084548000",
        "text": "//@做一个快乐的小女孩e:熊，我在地产上班，别买公寓，买住宅，一般来说公寓不安全，住的人太多了，一梯太多户，商业用电用水贵，物业费也贵，而且难卖。还不能做饭，通风也不好，投资回报率也很低。",
        "uid": "6881291212/",
        "followers_count": "66",
        "statuses_count": "1273",
        "verified": 0,
        "user_created_at": "2018-12-11",
        "has_description": 1,
        "parent": "4527949183196249"
    },
    {
        "mid": "4528113217973706",
        "has_multimedia": 1,
        "comments_count": 0,
        "reposts_count": 0,
        "attitudes_count": 1,
        "t": "1595069782000",
        "text": "//@9086eus:不婚不育的想法被大家广泛讨论我觉得这个思想的转变和萌芽发展肯定肯定是进步。然而打着不婚不育后半辈子会更幸福的这套论调是怎么被大家认可的。婚育对女生是选择题，它在哪种情况下都不是个命题呀。 应该带着更大的包容性去看这个问题，而不是跟着论调去批判任何一方。",
        "uid": "5631469249/",
        "followers_count": "207",
        "statuses_count": "355",
        "verified": 0,
        "user_created_at": "2015-06-13",
        "has_description": 1,
        "parent": "4527949183196249"
    },
    {
        "mid": "4528037393604385",
        "has_multimedia": 1,
        "comments_count": 0,
        "reposts_count": 0,
        "attitudes_count": 0,
        "t": "1595051704000",
        "text": "转发微博",
        "uid": "6317765888/",
        "followers_count": "9",
        "statuses_count": "1949",
        "verified": 0,
        "user_created_at": "2017-07-20",
        "has_description": 1,
        "parent": "4527949183196249"
    },
    {
        "mid": "4528036005550048",
        "has_multimedia": 1,
        "comments_count": 0,
        "reposts_count": 0,
        "attitudes_count": 0,
        "t": "1595051373000",
        "text": "很多事情同理//@9086eus:不婚不育的想法被大家广泛讨论我觉得这个思想的转变和萌芽发展肯定肯定是进步。然而打着不婚不育后半辈子会更幸福的这套论调是怎么被大家认可的。婚育对女生是选择题，它在哪种情况下都不是个命题呀。 应该带着更大的包容性去看这个问题，而不是跟着论调去批判任何一方。",
        "uid": "6353207817/",
        "followers_count": "1173",
        "statuses_count": "2079",
        "verified": 0,
        "user_created_at": "2017-09-01",
        "has_description": 1,
        "parent": "4527949183196249"
    },
    {
        "mid": "4528030863592912",
        "has_multimedia": 0,
        "comments_count": 0,
        "reposts_count": 0,
        "attitudes_count": 0,
        "t": "1595050147000",
        "text": "转发微博",
        "uid": "7444207024/",
        "followers_count": "6",
        "statuses_count": "461",
        "verified": 0,
        "user_created_at": "2020-04-27",
        "has_description": 1,
        "parent": "4527949183196249"
    }
]