[
    {
        "mid": "4527968896162848",
        "has_multimedia": 1,
        "comments_count": 62,
        "reposts_count": 21,
        "attitudes_count": 77,
        "t": "1595035373000",
        "text": "【强降雨追踪】昨天到今晨，18个国家气象站出现100毫米以上大暴雨，主要在湖北西南部恩施一带，以及河南东南部和安徽中部一带（图1），安徽金寨220.2毫米，排名第一，合肥104.5毫米也是大暴雨！从目前雷达看，河南东南部到安徽的降水回波依然很强（图2），对应低空有低涡切变线（图3为今晨低空流场），未来低涡向东北移动，但切变线还在安徽河南湖北等地维持（图4为今晚低空流场）。因此还会带来强降雨！今晨中央气象台继续发布暴雨预警（图5）：预计今天白天到夜间，黄淮东部和南部、江淮、江汉南部和东部、湖南北部、西南地区东部、云南北部等地的部分地区有大到暴雨，其中，安徽中北部、河南东南部、湖北东部和西南部、湖南西北部以及贵州中北部和云南东北部等地的部分地区有大暴雨（100～180毫米）。从逐6小时降雨预报看，今天白天降雨是略有减弱，但入夜后，尤其明天凌晨降雨会显著增强。今夜到明天上午可能成为17-19日降雨过程的另一个巅峰时段（昨夜到今晨是一个巅峰）！武陵山区，桐柏山区，大别山区都要警惕山洪和地质灾害！",
        "uid": "1920136013/",
        "followers_count": "1729705",
        "statuses_count": "18776",
        "verified": 1,
        "user_created_at": "2011-01-13",
        "has_description": 1,
        "parent": "0"
    },
    {
        "mid": "4528376561796806",
        "has_multimedia": 1,
        "comments_count": 1,
        "reposts_count": 0,
        "attitudes_count": 0,
        "t": "1595132567000",
        "text": "转发微博",
        "uid": "2347859252/",
        "followers_count": "40",
        "statuses_count": "134",
        "verified": 0,
        "user_created_at": "2011-08-27",
        "has_description": 1,
        "parent": "4527968896162848"
    },
    {
        "mid": "4528011590764103",
        "has_multimedia": 1,
        "comments_count": 5,
        "reposts_count": 0,
        "attitudes_count": 0,
        "t": "1595045551000",
        "text": "我还是不要出门了雨水太大，排水量无法满足需求。虽然听起来很奇怪，但是真的冲走了不少井盖，出门看不见路，就算常走的熟悉不过的路也有可能掉进排污沟里下雨很凉快，但是不要有危险啊#光山# #信阳暴雨#",
        "uid": "5666537654/",
        "followers_count": "144",
        "statuses_count": "580",
        "verified": 0,
        "user_created_at": "2015-08-01",
        "has_description": 1,
        "parent": "4527968896162848"
    },
    {
        "mid": "4527991944124612",
        "has_multimedia": 1,
        "comments_count": 0,
        "reposts_count": 0,
        "attitudes_count": 0,
        "t": "1595040868000",
        "text": "转发微博",
        "uid": "6645282943/",
        "followers_count": "226",
        "statuses_count": "2639",
        "verified": 0,
        "user_created_at": "2018-08-18",
        "has_description": 0,
        "parent": "4527968896162848"
    },
    {
        "mid": "4527988652117183",
        "has_multimedia": 1,
        "comments_count": 0,
        "reposts_count": 0,
        "attitudes_count": 1,
        "t": "1595040083000",
        "text": "天莫不是漏了，下个不停#河南东南部大别山区强降雨#",
        "uid": "1941487142/",
        "followers_count": "591",
        "statuses_count": "4025",
        "verified": 1,
        "user_created_at": "2011-02-16",
        "has_description": 1,
        "parent": "4527968896162848"
    },
    {
        "mid": "4527986454566148",
        "has_multimedia": 1,
        "comments_count": 0,
        "reposts_count": 0,
        "attitudes_count": 0,
        "t": "1595039559000",
        "text": "@weatherman_信欣 信咖，合肥现在暴雨倾盆",
        "uid": "5833054899/",
        "followers_count": "131",
        "statuses_count": "111",
        "verified": 0,
        "user_created_at": "2016-01-18",
        "has_description": 0,
        "parent": "4527968896162848"
    }
]