[
    {
        "mid": "4527970699718568",
        "has_multimedia": 1,
        "comments_count": 82,
        "reposts_count": 64,
        "attitudes_count": 639,
        "t": "1595035803000",
        "text": "【刚刚！#中洲圩溃口成功实现合龙#】7月9日，江西鄱阳昌州乡中洲圩发生溃堤，溃口长达188米，昌州乡15个行政村因此受灾。经过5日连夜抢修，18日8时22分，中洲圩溃口合龙。这标志着今年入汛以来，江西省三条漫决圩堤当中，溃口最长、积水最深、用料最多、施工环境最复杂的#鄱阳中洲圩顺利复堤#！（央视）O今早！中洲圩决口成功实现合龙！",
        "uid": "2286908003/",
        "followers_count": "76213341",
        "statuses_count": "178662",
        "verified": 1,
        "has_description": 1,
        "parent": "0",
        "user_created_at": "2011-08-05"
    },
    {
        "mid": "4528083732792924",
        "has_multimedia": 1,
        "comments_count": 0,
        "reposts_count": 0,
        "attitudes_count": 0,
        "t": "1595062751000",
        "text": "转发微博",
        "uid": "5119711218/",
        "followers_count": "44",
        "statuses_count": "1450",
        "verified": 0,
        "user_created_at": "2014-06-15",
        "has_description": 0,
        "parent": "4527970699718568"
    },
    {
        "mid": "4528069467442245",
        "has_multimedia": 1,
        "comments_count": 0,
        "reposts_count": 0,
        "attitudes_count": 0,
        "t": "1595059351000",
        "text": "辛苦了👏👏👏👏👏👏",
        "uid": "1984970631/",
        "followers_count": "65",
        "statuses_count": "26573",
        "verified": 0,
        "user_created_at": "2011-02-22",
        "has_description": 0,
        "parent": "4527970699718568"
    },
    {
        "mid": "4528068137590179",
        "has_multimedia": 1,
        "comments_count": 0,
        "reposts_count": 0,
        "attitudes_count": 0,
        "t": "1595059034000",
        "text": "安能安能，无所不能",
        "uid": "2484886095/",
        "followers_count": "583",
        "statuses_count": "1780",
        "verified": 1,
        "user_created_at": "2011-11-22",
        "has_description": 1,
        "parent": "4527970699718568"
    },
    {
        "mid": "4528027906871742",
        "has_multimedia": 1,
        "comments_count": 0,
        "reposts_count": 0,
        "attitudes_count": 0,
        "t": "1595049442000",
        "text": "转发微博",
        "uid": "7395174132/",
        "followers_count": "14",
        "statuses_count": "130",
        "verified": 0,
        "user_created_at": "2020-02-18",
        "has_description": 0,
        "parent": "4527970699718568"
    },
    {
        "mid": "4528015348342358",
        "has_multimedia": 1,
        "comments_count": 0,
        "reposts_count": 0,
        "attitudes_count": 0,
        "t": "1595046448000",
        "text": "转发微博",
        "uid": "6272613173/",
        "followers_count": "282477",
        "statuses_count": "59624",
        "verified": 1,
        "has_description": 1,
        "parent": "4527970699718568",
        "user_created_at": "2017-06-12"
    },
    {
        "mid": "4528004837154102",
        "has_multimedia": 1,
        "comments_count": 0,
        "reposts_count": 0,
        "attitudes_count": 0,
        "t": "1595043942000",
        "text": "转发微博",
        "uid": "7297989532/",
        "followers_count": "37",
        "statuses_count": "747",
        "verified": 0,
        "user_created_at": "2019-09-01",
        "has_description": 1,
        "parent": "4527970699718568"
    },
    {
        "mid": "4528001410141535",
        "has_multimedia": 1,
        "comments_count": 0,
        "reposts_count": 0,
        "attitudes_count": 0,
        "t": "1595043124000",
        "text": "辛苦了//@我要做你手背上的叮叮喵: 太好了！",
        "uid": "1233445433/",
        "followers_count": "445",
        "statuses_count": "51657",
        "verified": 1,
        "user_created_at": "2009-12-31",
        "has_description": 1,
        "parent": "4527970699718568"
    },
    {
        "mid": "4528001045499082",
        "has_multimedia": 1,
        "comments_count": 0,
        "reposts_count": 0,
        "attitudes_count": 0,
        "t": "1595043037000",
        "text": "",
        "uid": "3208093621/",
        "followers_count": "346",
        "statuses_count": "17564",
        "verified": 0,
        "user_created_at": "2012-12-29",
        "has_description": 1,
        "parent": "4527970699718568"
    }
]