[
    {
        "mid": "4527971269870754",
        "has_multimedia": 1,
        "comments_count": 80,
        "reposts_count": 37,
        "attitudes_count": 277,
        "t": "1595035938000",
        "text": "【“住院治疗接近失控！”美媒：新冠病例激增，#佛罗里达州感染比例居全美之首#】“随着病例激增，住院治疗情况接近失控。”美国有线电视新闻网（CNN）17日首页头条以此为题报道说，全美各州中，佛罗里达州的疫情状况更为严峻，其中该州人口大县迈阿密-戴德县更是出现了重症监护病床不足的情况。据CNN报道，已经连续5天，佛罗里达州的所有人口中感染新冠病毒的比例高居全美之首。根据约翰斯·霍普金斯大学数据分析，目前佛罗里达州每10万人中平均有55人感染。佛州应急管理部门通讯总监杰森·马洪（Jason Mahon）17日告诉CNN，在有12名工作人员病毒检测呈阳性后，位于塔拉哈西的佛州紧急行动中心的主要楼层已被清空并进行清洁，关闭将持续至下周一。迈阿密-戴德县县长卡洛斯·希门尼斯的发言人在一份最新声明中告诉CNN，“当地医院ICU病床上的新冠感染患者比他们现有的ICU病床还要多”。声明称，ICU病房现在的容量已经超过100%。“一些医院已经开始使用比正常情况下更多的ICU病床。我们的目标是将这一指标控制在70%或低于这一比例。换句话说，我们希望有30%的ICU床位用于非新冠病人的治疗用途。”近日美国单日新增确诊病例数多次创纪录。美疾控中心数据显示，截至16日，过去7天全美范围内有10个州新增病例超过1万例，其中佛罗里达州、得克萨斯州、加利福尼亚州新增病例超5万例。根据约翰斯·霍普金斯大学公布的实时疫情数据，截至美东时间17日20时34分，美国累计新冠肺炎确诊病例达到3641355例，其中死亡病例达到139175例。美国连日来的病例数激增使医疗机构面临前所未有的压力，西部和南部许多地区的医院接诊量和床位几近饱和，医护人员、防护设备和检测设备告急。目前，美国共有20多个州和首都华盛顿哥伦比亚特区发布了“口罩令”，要求民众在公共场所佩戴口罩。美疾控中心主任罗伯特·雷德菲尔德在社交媒体推特上表示，如果未来4至6周每个人都能戴口罩，美国的疫情就能得到控制。O“住院治疗接近失控！”美媒：新冠病例激增，佛...",
        "uid": "1686546714/",
        "followers_count": "20722044",
        "statuses_count": "98549",
        "verified": 1,
        "has_description": 1,
        "parent": "0",
        "user_created_at": "2010-01-26"
    },
    {
        "mid": "4527977897657249",
        "has_multimedia": 1,
        "comments_count": 0,
        "reposts_count": 0,
        "attitudes_count": 0,
        "t": "1595037518000",
        "text": "谁说米国医疗系统没受影响呢",
        "uid": "6617463576/",
        "followers_count": "45",
        "statuses_count": "4055",
        "verified": 0,
        "user_created_at": "2018-07-31",
        "has_description": 1,
        "parent": "4527971269870754"
    },
    {
        "mid": "4527977826353964",
        "has_multimedia": 1,
        "comments_count": 0,
        "reposts_count": 0,
        "attitudes_count": 0,
        "t": "1595037501000",
        "text": "上帝保佑美国的医护人员身体健康、顽强拼搏、精力旺盛、医术精湛，永远比疫情更强大。世界各国都需要他们把疫情控制在美国国境以内。",
        "uid": "1256812462/",
        "followers_count": "4072",
        "statuses_count": "31735",
        "verified": 1,
        "user_created_at": "2011-01-26",
        "has_description": 1,
        "parent": "4527971269870754"
    }
]