[
    {
        "mid": "4527971858127014",
        "has_multimedia": 1,
        "comments_count": 131,
        "reposts_count": 103,
        "attitudes_count": 1352,
        "t": "1595036079000",
        "text": "【最坚强的泥巴兵！#新兵抗洪划破手不喊疼#】第71集团军某合成旅新兵诸葛家伟在抗洪过程中划伤了手，鲜血直流，简单包扎后，他便再次投入了抗洪战斗中。“解放军不应该喊疼，不能怕疼。”为了不让家人担心，他没有告诉家人自己参加了抗洪任务。想到家人时，坚强的他忍不住流下了眼泪。（郝铮 李攀奇 徐尤强）#子弟兵在行动#  L央广军事的微博视频",
        "uid": "1728148193/",
        "followers_count": "13879185",
        "statuses_count": "86061",
        "verified": 1,
        "has_description": 1,
        "parent": "0",
        "user_created_at": "2010-04-10"
    },
    {
        "mid": "4528329178222290",
        "has_multimedia": 1,
        "comments_count": 0,
        "reposts_count": 0,
        "attitudes_count": 1,
        "t": "1595121270000",
        "text": "这样活着，挺好！！！",
        "uid": "2812716380/",
        "followers_count": "3869",
        "statuses_count": "538",
        "verified": 1,
        "user_created_at": "2012-05-25",
        "has_description": 1,
        "parent": "4527971858127014"
    },
    {
        "mid": "4528313944512574",
        "has_multimedia": 1,
        "comments_count": 0,
        "reposts_count": 0,
        "attitudes_count": 0,
        "t": "1595117639000",
        "text": "转发微博",
        "uid": "7479538372/",
        "followers_count": "1",
        "statuses_count": "18",
        "verified": 0,
        "user_created_at": "2020-07-10",
        "has_description": 0,
        "parent": "4527971858127014"
    },
    {
        "mid": "4528303207356585",
        "has_multimedia": 1,
        "comments_count": 0,
        "reposts_count": 0,
        "attitudes_count": 0,
        "t": "1595115079000",
        "text": "转发微博",
        "uid": "1902147850/",
        "followers_count": "526",
        "statuses_count": "3264",
        "verified": 0,
        "user_created_at": "2010-12-21",
        "has_description": 1,
        "parent": "4527971858127014"
    }
]