[
    {
        "mid": "4527957181993651",
        "has_multimedia": 1,
        "comments_count": 119,
        "reposts_count": 136,
        "attitudes_count": 914,
        "t": "1595032580000",
        "text": "刚看到@巍岳钦禹 的一个微博“乌鲁木齐启动应急响应预案，一夜之间乌鲁木齐就变了样。这就是中国的执行力，也是战胜病毒的主要原因。”想到前几天我坐长途汽车，汽车上没几个人，有乘客谈到疫情，司机师傅说了这番话：做大事就得相信gcd，gcd不做就算了，但凡想做的，没有做不成功的，对疫情没必要紧张，即使发现个别的问题，迅速就能解决，我天天开车，一点也不紧张的……确实是，有gcd的领导，有群众的信任支持，中国没有干不成的事！！",
        "uid": "1759015447/",
        "followers_count": "1162435",
        "statuses_count": "125131",
        "verified": 1,
        "user_created_at": "2010-06-17",
        "has_description": 1,
        "parent": "0"
    },
    {
        "mid": "4527962491454633",
        "has_multimedia": 1,
        "comments_count": 19,
        "reposts_count": 80,
        "attitudes_count": 52,
        "t": "1595033845000",
        "text": "奴你马勒戈壁的性。//@传奇才能:奴性",
        "uid": "6068854020/",
        "followers_count": "911106",
        "statuses_count": "5930",
        "verified": 1,
        "user_created_at": "2016-11-14",
        "has_description": 1,
        "parent": "4527957181993651"
    },
    {
        "mid": "4527962907478666",
        "has_multimedia": 1,
        "comments_count": 47,
        "reposts_count": 66,
        "attitudes_count": 164,
        "t": "1595033945000",
        "text": "奴你马勒戈壁的性。//@铁军祥哥:奴你马勒戈壁的性。//@传奇才能:奴性",
        "uid": "3775056661/",
        "followers_count": "7800134",
        "statuses_count": "38718",
        "verified": 1,
        "user_created_at": "2013-09-06",
        "has_description": 1,
        "parent": "4527962491454633"
    },
    {
        "mid": "4528014416939985",
        "has_multimedia": 1,
        "comments_count": 47,
        "reposts_count": 66,
        "attitudes_count": 164,
        "t": "1595033940000",
        "text": "奴你马勒戈壁的性。//@铁军祥哥:奴你马勒戈壁的性。//@传奇才能:奴性",
        "uid": "1003284972/",
        "followers_count": "947",
        "statuses_count": "1737",
        "verified": 0,
        "user_created_at": "2013-09-10",
        "has_description": 1,
        "parent": "4527962907478666"
    },
    {
        "mid": "4528013486853935",
        "has_multimedia": 1,
        "comments_count": 0,
        "reposts_count": 0,
        "attitudes_count": 0,
        "t": "1595046004000",
        "text": "免费送他去对岸//@巍岳钦禹:奴你马勒戈壁的性。//@铁军祥哥:奴你马勒戈壁的性。//@传奇才能:奴性",
        "uid": "2831681744/",
        "followers_count": "264",
        "statuses_count": "4114",
        "verified": 0,
        "user_created_at": "2012-06-12",
        "has_description": 1,
        "parent": "4527962907478666"
    },
    {
        "mid": "4528077038688236",
        "has_multimedia": 1,
        "comments_count": 26,
        "reposts_count": 11,
        "attitudes_count": 109,
        "t": "1595034180000",
        "text": "啧啧啧，又骂人了！我都是跟着你们这些人学坏的！//@巍岳钦禹:奴你马勒戈壁的性。//@铁军祥哥:奴你马勒戈壁的性。//@传奇才能:奴性",
        "uid": "2900294041/",
        "followers_count": "274",
        "statuses_count": "15870",
        "verified": 0,
        "user_created_at": "2012-07-24",
        "has_description": 0,
        "parent": "4527962491454633"
    },
    {
        "mid": "4528073208501078",
        "has_multimedia": 1,
        "comments_count": 0,
        "reposts_count": 0,
        "attitudes_count": 0,
        "t": "1595060242000",
        "text": "//@胖子陈越: 啧啧啧，又骂人了！我都是跟着你们这些人学坏的！//@巍岳钦禹:奴你马勒戈壁的性。//@铁军祥哥:奴你马勒戈壁的性。//@传奇才能:奴性",
        "uid": "5617251118/",
        "followers_count": "118818",
        "statuses_count": "90483",
        "verified": 1,
        "user_created_at": "2016-08-26",
        "has_description": 1,
        "parent": "4527962491454633"
    },
    {
        "mid": "4528056989909546",
        "has_multimedia": 1,
        "comments_count": 0,
        "reposts_count": 1,
        "attitudes_count": 1,
        "t": "1595047260000",
        "text": "最右它美爹没奴性，所以死了几十万人。//@铁军祥哥:奴你马勒戈壁的性。//@传奇才能:奴性",
        "uid": "7134689166/",
        "followers_count": "120",
        "statuses_count": "15320",
        "verified": 0,
        "user_created_at": "2019-05-12",
        "has_description": 1,
        "parent": "4527962491454633"
    },
    {
        "mid": "4528029500708780",
        "has_multimedia": 1,
        "comments_count": 0,
        "reposts_count": 0,
        "attitudes_count": 0,
        "t": "1595049822000",
        "text": "//@巍岳钦禹: 奴你马勒戈壁的性。//@铁军祥哥:奴你马勒戈壁的性。//@传奇才能:奴性",
        "uid": "1312152640/",
        "followers_count": "251",
        "statuses_count": "13958",
        "verified": 0,
        "user_created_at": "2013-03-31",
        "has_description": 1,
        "parent": "4527962491454633"
    },
    {
        "mid": "4528024777137481",
        "has_multimedia": 1,
        "comments_count": 0,
        "reposts_count": 0,
        "attitudes_count": 0,
        "t": "1595048696000",
        "text": "挂辣鸡@首都网警 @微博客服 //@铁军祥哥:奴你马勒戈壁的性。//@传奇才能:奴性",
        "uid": "1289611631/",
        "followers_count": "197",
        "statuses_count": "5920",
        "verified": 0,
        "user_created_at": "2012-04-21",
        "has_description": 1,
        "parent": "4527962491454633"
    },
    {
        "mid": "4528327333250470",
        "has_multimedia": 1,
        "comments_count": 19,
        "reposts_count": 80,
        "attitudes_count": 52,
        "t": "1595033820000",
        "text": "奴你马勒戈壁的性。//@传奇才能:奴性",
        "uid": "2160845103/",
        "followers_count": "212",
        "statuses_count": "9507",
        "verified": 0,
        "user_created_at": "2011-06-03",
        "has_description": 0,
        "parent": "4527957181993651"
    },
    {
        "mid": "4528235742495503",
        "has_multimedia": 1,
        "comments_count": 0,
        "reposts_count": 0,
        "attitudes_count": 0,
        "t": "1595098994000",
        "text": "//@巍岳钦禹:奴你马勒戈壁的性。//@铁军祥哥:奴你马勒戈壁的性。//@传奇才能:奴性",
        "uid": "3787966545/",
        "followers_count": "12",
        "statuses_count": "4233",
        "verified": 0,
        "user_created_at": "2013-09-10",
        "has_description": 0,
        "parent": "4527957181993651"
    },
    {
        "mid": "4528116988645291",
        "has_multimedia": 1,
        "comments_count": 0,
        "reposts_count": 0,
        "attitudes_count": 0,
        "t": "1595070680000",
        "text": "奴你马勒戈壁的性//@巍岳钦禹:奴你马勒戈壁的性。//@铁军祥哥:奴你马勒戈壁的性。//@传奇才能:奴性",
        "uid": "1997978057/",
        "followers_count": "315",
        "statuses_count": "5579",
        "verified": 0,
        "user_created_at": "2011-02-28",
        "has_description": 0,
        "parent": "4527957181993651"
    },
    {
        "mid": "4528081286733141",
        "has_multimedia": 1,
        "comments_count": 0,
        "reposts_count": 0,
        "attitudes_count": 0,
        "t": "1595062169000",
        "text": "//@0NN01:回复@咚咚的靳哥哥:骂的是犬，不是人。//@庄志明律师://@巍岳钦禹: 奴你马勒戈壁的性。//@铁军祥哥:奴你马勒戈壁的性。//@传奇才能:奴性",
        "uid": "2039842445/",
        "followers_count": "38",
        "statuses_count": "1208",
        "verified": 0,
        "user_created_at": "2011-03-22",
        "has_description": 0,
        "parent": "4527957181993651"
    },
    {
        "mid": "4528080959580950",
        "has_multimedia": 1,
        "comments_count": 0,
        "reposts_count": 0,
        "attitudes_count": 0,
        "t": "1595062091000",
        "text": "转发微博",
        "uid": "5509184756/",
        "followers_count": "218",
        "statuses_count": "4603",
        "verified": 0,
        "user_created_at": "2015-03-13",
        "has_description": 0,
        "parent": "4527957181993651"
    },
    {
        "mid": "4528080708965915",
        "has_multimedia": 1,
        "comments_count": 0,
        "reposts_count": 0,
        "attitudes_count": 0,
        "t": "1595062031000",
        "text": "奴你马勒戈壁的性。//@巍岳钦禹:奴你马勒戈壁的性。//@铁军祥哥:奴你马勒戈壁的性。//@传奇才能:奴性",
        "uid": "1856955012/",
        "followers_count": "13650",
        "statuses_count": "20376",
        "verified": 0,
        "user_created_at": "2010-10-17",
        "has_description": 1,
        "parent": "4527957181993651"
    }
]