[
    {
        "mid": "4527973740579550",
        "has_multimedia": 1,
        "comments_count": 86,
        "reposts_count": 592,
        "attitudes_count": 667,
        "t": "1595036528000",
        "text": "7月18日 京阿尼纵火案一周年 官方追悼视频   L日_推的微博视频 ​​​​",
        "uid": "1195908387/",
        "followers_count": "5139525",
        "statuses_count": "61989",
        "verified": 1,
        "user_created_at": "2009-12-28",
        "has_description": 1,
        "parent": "0"
    },
    {
        "mid": "4528341492697255",
        "has_multimedia": 1,
        "comments_count": 0,
        "reposts_count": 0,
        "attitudes_count": 0,
        "t": "1595124206000",
        "text": "",
        "uid": "5365943071/",
        "followers_count": "36",
        "statuses_count": "1353",
        "verified": 0,
        "user_created_at": "2015-01-26",
        "has_description": 1,
        "parent": "4527973740579550"
    },
    {
        "mid": "4528320044074738",
        "has_multimedia": 1,
        "comments_count": 0,
        "reposts_count": 0,
        "attitudes_count": 0,
        "t": "1595119093000",
        "text": "转发微博",
        "uid": "5101591107/",
        "followers_count": "144",
        "statuses_count": "434",
        "verified": 0,
        "user_created_at": "2014-04-07",
        "has_description": 0,
        "parent": "4527973740579550"
    },
    {
        "mid": "4528306416260093",
        "has_multimedia": 1,
        "comments_count": 1,
        "reposts_count": 0,
        "attitudes_count": 0,
        "t": "1595115844000",
        "text": "哎 不知道说什么好",
        "uid": "6443318323/",
        "followers_count": "5",
        "statuses_count": "363",
        "verified": 0,
        "user_created_at": "2017-12-26",
        "has_description": 0,
        "parent": "4527973740579550"
    },
    {
        "mid": "4528245293449951",
        "has_multimedia": 1,
        "comments_count": 0,
        "reposts_count": 0,
        "attitudes_count": 0,
        "t": "1595101271000",
        "text": "//@Shionna夏安: 一年了",
        "uid": "1894906397/",
        "followers_count": "157",
        "statuses_count": "16168",
        "verified": 0,
        "user_created_at": "2010-12-16",
        "has_description": 1,
        "parent": "4527973740579550"
    },
    {
        "mid": "4528239870215325",
        "has_multimedia": 1,
        "comments_count": 0,
        "reposts_count": 0,
        "attitudes_count": 0,
        "t": "1595099978000",
        "text": "",
        "uid": "6003354972/",
        "followers_count": "15",
        "statuses_count": "5687",
        "verified": 0,
        "user_created_at": "2016-08-16",
        "has_description": 1,
        "parent": "4527973740579550"
    },
    {
        "mid": "4528180072024360",
        "has_multimedia": 1,
        "comments_count": 0,
        "reposts_count": 0,
        "attitudes_count": 0,
        "t": "1595085720000",
        "text": "",
        "uid": "5400452494/",
        "followers_count": "100",
        "statuses_count": "1909",
        "verified": 0,
        "user_created_at": "2014-12-04",
        "has_description": 1,
        "parent": "4527973740579550"
    },
    {
        "mid": "4528175974188292",
        "has_multimedia": 1,
        "comments_count": 0,
        "reposts_count": 0,
        "attitudes_count": 0,
        "t": "1595084743000",
        "text": "堵",
        "uid": "2676101425/",
        "followers_count": "147",
        "statuses_count": "2429",
        "verified": 0,
        "user_created_at": "2012-03-24",
        "has_description": 1,
        "parent": "4527973740579550"
    },
    {
        "mid": "4528173661825347",
        "has_multimedia": 1,
        "comments_count": 0,
        "reposts_count": 0,
        "attitudes_count": 2,
        "t": "1595084193000",
        "text": "好快啊，原来已经过去一年了，失去的也都回不来了",
        "uid": "7428973232/",
        "followers_count": "6",
        "statuses_count": "16",
        "verified": 0,
        "user_created_at": "2020-04-04",
        "has_description": 1,
        "parent": "4527973740579550"
    }
]