[
    {
        "mid": "4527973909139548",
        "has_multimedia": 1,
        "comments_count": 236,
        "reposts_count": 190,
        "attitudes_count": 2789,
        "t": "1595036568000",
        "text": "#2020抗洪防汛# 【10.23米！长江南京站水位创历史新高！】据江苏省水文水资源勘测局消息，7月18日7：00，长江南京潮水位站水位达10.23米，已超过1954年的10.22米。创历史新高！记者上午8时在南京河西绿博园北门看到，园区已拉起警戒线，附近水杉等树木均淹没于江水中。距离北门150—200米处，积水达到成人小腿。滨江绿道已全部封闭。（扬子晚报/紫牛新闻记者 薄云峰）",
        "uid": "1653603955/",
        "followers_count": "18295875",
        "statuses_count": "167732",
        "verified": 1,
        "has_description": 1,
        "parent": "0",
        "user_created_at": "2009-10-14"
    },
    {
        "mid": "4528044103962700",
        "has_multimedia": 1,
        "comments_count": 3,
        "reposts_count": 28,
        "attitudes_count": 11,
        "t": "1595053303000",
        "text": "真成虎踞龙盘了🙏🙏🙏",
        "uid": "1210417191/",
        "followers_count": "3966940",
        "statuses_count": "25430",
        "verified": 1,
        "user_created_at": "2009-08-28",
        "has_description": 1,
        "parent": "4527973909139548"
    },
    {
        "mid": "4528245867021027",
        "has_multimedia": 1,
        "comments_count": 22,
        "reposts_count": 26,
        "attitudes_count": 77,
        "t": "1595053560000",
        "text": "南京的水位好高，而且长江上游的洪峰也在形成，今年真的是要特别小心水患了，苏州太湖昨天也启动了防洪I级响应，希望整个长江流域不管哪个城市和乡村都能安然渡过洪峰的考验。//@尹鸿: 真成虎踞龙盘了🙏🙏🙏",
        "uid": "6134748323/",
        "followers_count": "5",
        "statuses_count": "91",
        "verified": 0,
        "user_created_at": "2017-02-26",
        "has_description": 1,
        "parent": "4528044103962700"
    },
    {
        "mid": "4528241353949865",
        "has_multimedia": 1,
        "comments_count": 0,
        "reposts_count": 3,
        "attitudes_count": 2,
        "t": "1595086080000",
        "text": "//@理性的白痴:南京的水位好高，而且长江上游的洪峰也在形成，今年真的是要特别小心水患了，苏州太湖昨天也启动了防洪I级响应，希望整个长江流域不管哪个城市和乡村都能安然渡过洪峰的考验。//@尹鸿: 真成虎踞龙盘了🙏🙏🙏",
        "uid": "2457701525/",
        "followers_count": "129",
        "statuses_count": "4722",
        "verified": 0,
        "user_created_at": "2011-11-10",
        "has_description": 0,
        "parent": "4528044103962700"
    },
    {
        "mid": "4528196768507870",
        "has_multimedia": 1,
        "comments_count": 0,
        "reposts_count": 0,
        "attitudes_count": 0,
        "t": "1595089702000",
        "text": "//@7Egrett://@微观大湾区://@理性的白痴:南京的水位好高，而且长江上游的洪峰也在形成，今年真的是要特别小心水患了，苏州太湖昨天也启动了防洪I级响应，希望整个长江流域不管哪个城市和乡村都能安然渡过洪峰的考验。//@尹鸿: 真成虎踞龙盘了🙏🙏🙏",
        "uid": "6121516715/",
        "followers_count": "44",
        "statuses_count": "2551",
        "verified": 0,
        "user_created_at": "2017-01-27",
        "has_description": 1,
        "parent": "4528044103962700"
    },
    {
        "mid": "4528181631264901",
        "has_multimedia": 1,
        "comments_count": 0,
        "reposts_count": 3,
        "attitudes_count": 2,
        "t": "1595086093000",
        "text": "//@理性的白痴:南京的水位好高，而且长江上游的洪峰也在形成，今年真的是要特别小心水患了，苏州太湖昨天也启动了防洪I级响应，希望整个长江流域不管哪个城市和乡村都能安然渡过洪峰的考验。//@尹鸿: 真成虎踞龙盘了🙏🙏🙏",
        "uid": "5604879461/",
        "followers_count": "531072",
        "statuses_count": "20014",
        "verified": 1,
        "user_created_at": "2015-05-10",
        "has_description": 1,
        "parent": "4528044103962700"
    },
    {
        "mid": "4528107225351254",
        "has_multimedia": 1,
        "comments_count": 22,
        "reposts_count": 26,
        "attitudes_count": 77,
        "t": "1595053560000",
        "text": "南京的水位好高，而且长江上游的洪峰也在形成，今年真的是要特别小心水患了，苏州太湖昨天也启动了防洪I级响应，希望整个长江流域不管哪个城市和乡村都能安然渡过洪峰的考验。//@尹鸿: 真成虎踞龙盘了🙏🙏🙏",
        "uid": "7120820583/",
        "followers_count": "648",
        "statuses_count": "31965",
        "verified": 0,
        "user_created_at": "2019-05-06",
        "has_description": 0,
        "parent": "4528044103962700"
    },
    {
        "mid": "4528090648420776",
        "has_multimedia": 1,
        "comments_count": 0,
        "reposts_count": 1,
        "attitudes_count": 0,
        "t": "1595059980000",
        "text": "有一个洪灾新词“胖峰”//@理性的白痴:南京的水位好高，而且长江上游的洪峰也在形成，今年真的是要特别小心水患了，苏州太湖昨天也启动了防洪I级响应，希望整个长江流域不管哪个城市和乡村都能安然渡过洪峰的考验。//@尹鸿: 真成虎踞龙盘了🙏🙏🙏",
        "uid": "7360552196/",
        "followers_count": "14",
        "statuses_count": "89",
        "verified": 0,
        "user_created_at": "2019-12-23",
        "has_description": 1,
        "parent": "4528044103962700"
    },
    {
        "mid": "4528083359237871",
        "has_multimedia": 1,
        "comments_count": 22,
        "reposts_count": 26,
        "attitudes_count": 77,
        "t": "1595053560000",
        "text": "南京的水位好高，而且长江上游的洪峰也在形成，今年真的是要特别小心水患了，苏州太湖昨天也启动了防洪I级响应，希望整个长江流域不管哪个城市和乡村都能安然渡过洪峰的考验。//@尹鸿: 真成虎踞龙盘了🙏🙏🙏",
        "uid": "1663527314/",
        "followers_count": "168",
        "statuses_count": "25946",
        "verified": 0,
        "user_created_at": "2009-11-24",
        "has_description": 1,
        "parent": "4528044103962700"
    },
    {
        "mid": "4528483138542729",
        "has_multimedia": 1,
        "comments_count": 0,
        "reposts_count": 0,
        "attitudes_count": 0,
        "t": "1595157978000",
        "text": "",
        "uid": "1041468332/",
        "followers_count": "288",
        "statuses_count": "1135",
        "verified": 0,
        "user_created_at": "2011-03-03",
        "has_description": 0,
        "parent": "4527973909139548"
    },
    {
        "mid": "4528475169364452",
        "has_multimedia": 1,
        "comments_count": 0,
        "reposts_count": 0,
        "attitudes_count": 0,
        "t": "1595156078000",
        "text": "如果这次再放假，我决定了我要游回南京",
        "uid": "2926759577/",
        "followers_count": "537",
        "statuses_count": "305",
        "verified": 0,
        "user_created_at": "2012-08-22",
        "has_description": 1,
        "parent": "4527973909139548"
    },
    {
        "mid": "4528449131129657",
        "has_multimedia": 1,
        "comments_count": 0,
        "reposts_count": 0,
        "attitudes_count": 0,
        "t": "1595149869000",
        "text": "",
        "uid": "6077367508/",
        "followers_count": "72",
        "statuses_count": "717",
        "verified": 0,
        "user_created_at": "2016-12-05",
        "has_description": 0,
        "parent": "4527973909139548"
    },
    {
        "mid": "4528438860324983",
        "has_multimedia": 1,
        "comments_count": 0,
        "reposts_count": 0,
        "attitudes_count": 0,
        "t": "1595147421000",
        "text": "//@理性的白痴:南京的水位好高，而且长江上游的洪峰也在形成，今年真的是要特别小心水患了，苏州太湖昨天也启动了防洪I级响应，希望不管整个长江流域都能顺利渡过洪峰。//@尹鸿: 真成虎踞龙盘了🙏🙏🙏",
        "uid": "1623700893/",
        "followers_count": "130",
        "statuses_count": "5610",
        "verified": 0,
        "user_created_at": "2014-07-31",
        "has_description": 0,
        "parent": "4527973909139548"
    },
    {
        "mid": "4528400108883903",
        "has_multimedia": 1,
        "comments_count": 0,
        "reposts_count": 0,
        "attitudes_count": 0,
        "t": "1595138182000",
        "text": "//@理性的白痴:南京的水位好高，而且长江上游的洪峰也在形成，今年真的是要特别小心水患了，苏州太湖昨天也启动了防洪I级响应，希望整个长江流域不管哪个城市和乡村都能安然渡过洪峰的考验。//@尹鸿: 真成虎踞龙盘了🙏🙏🙏",
        "uid": "2966282775/",
        "followers_count": "99",
        "statuses_count": "8886",
        "verified": 0,
        "user_created_at": "2012-09-20",
        "has_description": 1,
        "parent": "4527973909139548"
    },
    {
        "mid": "4528377854430997",
        "has_multimedia": 1,
        "comments_count": 0,
        "reposts_count": 0,
        "attitudes_count": 0,
        "t": "1595132876000",
        "text": "//@国网江苏电力:转发微博",
        "uid": "1954365953/",
        "followers_count": "150",
        "statuses_count": "2925",
        "verified": 0,
        "user_created_at": "2011-02-06",
        "has_description": 1,
        "parent": "4527973909139548"
    }
]