[
    {
        "mid": "4527975036623495",
        "has_multimedia": 1,
        "comments_count": 636,
        "reposts_count": 818,
        "attitudes_count": 762,
        "t": "1595036837000",
        "text": "【#揭秘北京鬼市#：回忆可出售 砍价鉴真有门道】凌晨3点，探秘全中国最大旧货地摊——北京大柳树“鬼市”。在这里，摊主买主个个是狠人，鉴真砍价高手过招，招招“致命”。“废品侠”奉献绝学，亲自下场博弈，助你疯狂输出、直狙人心，全面buff加成，练摊技能分分钟UP↑L央视网青年的微博视频 ​​​​",
        "uid": "3243640370/",
        "followers_count": "5987114",
        "statuses_count": "2208",
        "verified": 1,
        "user_created_at": "2013-03-28",
        "has_description": 1,
        "parent": "0"
    },
    {
        "mid": "4528012277581129",
        "has_multimedia": 1,
        "comments_count": 0,
        "reposts_count": 0,
        "attitudes_count": 0,
        "t": "1595045715000",
        "text": "附近人,去过一次,没啥东西就一处理废品的地儿",
        "uid": "5360882669/",
        "followers_count": "8",
        "statuses_count": "709",
        "verified": 0,
        "user_created_at": "2014-11-07",
        "has_description": 0,
        "parent": "4527975036623495"
    },
    {
        "mid": "4528001159534257",
        "has_multimedia": 1,
        "comments_count": 0,
        "reposts_count": 0,
        "attitudes_count": 0,
        "t": "1595043064000",
        "text": "就是陪洋大人逛个街呗",
        "uid": "3484314581/",
        "followers_count": "8",
        "statuses_count": "567",
        "verified": 0,
        "user_created_at": "2013-06-15",
        "has_description": 0,
        "parent": "4527975036623495"
    },
    {
        "mid": "4527997656498293",
        "has_multimedia": 1,
        "comments_count": 0,
        "reposts_count": 0,
        "attitudes_count": 0,
        "t": "1595042229000",
        "text": "老早就听说了",
        "uid": "5399870814/",
        "followers_count": "105",
        "statuses_count": "523",
        "verified": 0,
        "user_created_at": "2014-12-05",
        "has_description": 1,
        "parent": "4527975036623495"
    }
]