[
    {
        "mid": "4527959031943845",
        "has_multimedia": 1,
        "comments_count": 1005,
        "reposts_count": 788,
        "attitudes_count": 15531,
        "t": "1595033021000",
        "text": "这张图可以看出几点：1、三峡上游已形成一波凶猛的洪水，三峡水库入库流量上升到了6.1万方每秒。2、三峡一直在和大自然做“反向操作”，入库流量涨，出库就跌或者持平，入库流量下降了，出库才开始涨。3、如果三峡不这么做会有什么后果？那就是6万多的洪峰直冲下游，汇合清江一万方洪峰、洞庭湖两万五千方洪峰，武汉流量就要达到9万方左右，超过1954年，后果不言而喻。",
        "uid": "1763864272/",
        "followers_count": "9282261",
        "statuses_count": "24028",
        "verified": 1,
        "user_created_at": "2010-06-19",
        "has_description": 1,
        "parent": "0"
    },
    {
        "mid": "4527961254658564",
        "has_multimedia": 1,
        "comments_count": 14,
        "reposts_count": 105,
        "attitudes_count": 73,
        "t": "1595033550000",
        "text": "转发微博",
        "uid": "1406892441/",
        "followers_count": "3917341",
        "statuses_count": "17517",
        "verified": 1,
        "user_created_at": "2010-07-19",
        "has_description": 1,
        "parent": "4527959031943845"
    },
    {
        "mid": "4527971950136828",
        "has_multimedia": 1,
        "comments_count": 0,
        "reposts_count": 13,
        "attitudes_count": 10,
        "t": "1595036101000",
        "text": "//@动脉影:转发微博",
        "uid": "2811286085/",
        "followers_count": "41376",
        "statuses_count": "16681",
        "verified": 0,
        "user_created_at": "2012-07-28",
        "has_description": 1,
        "parent": "4527961254658564"
    },
    {
        "mid": "4528015428036814",
        "has_multimedia": 1,
        "comments_count": 0,
        "reposts_count": 0,
        "attitudes_count": 0,
        "t": "1595046467000",
        "text": "//@白桦与红霞://@动脉影:转发微博",
        "uid": "2862864304/",
        "followers_count": "2059",
        "statuses_count": "4600",
        "verified": 0,
        "user_created_at": "2012-07-07",
        "has_description": 1,
        "parent": "4527971950136828"
    },
    {
        "mid": "4528015017514897",
        "has_multimedia": 1,
        "comments_count": 0,
        "reposts_count": 0,
        "attitudes_count": 0,
        "t": "1595046369000",
        "text": "//@白桦与红霞://@动脉影:转发微博",
        "uid": "5523829623/",
        "followers_count": "97",
        "statuses_count": "1412",
        "verified": 0,
        "user_created_at": "2015-02-17",
        "has_description": 1,
        "parent": "4527971950136828"
    },
    {
        "mid": "4528014090314122",
        "has_multimedia": 1,
        "comments_count": 0,
        "reposts_count": 0,
        "attitudes_count": 0,
        "t": "1595046148000",
        "text": "原博评论太好笑了哈哈哈哈哈哈哈哈哈哈哈哈哈哈//@白桦与红霞://@动脉影:转发微博",
        "uid": "5794970684/",
        "followers_count": "169",
        "statuses_count": "1120",
        "verified": 0,
        "user_created_at": "2015-12-16",
        "has_description": 1,
        "parent": "4527971950136828"
    },
    {
        "mid": "4528055262122930",
        "has_multimedia": 1,
        "comments_count": 0,
        "reposts_count": 0,
        "attitudes_count": 0,
        "t": "1595055964000",
        "text": "//@动脉影:转发微博",
        "uid": "3986530090/",
        "followers_count": "1626",
        "statuses_count": "866",
        "verified": 0,
        "user_created_at": "2014-01-20",
        "has_description": 0,
        "parent": "4527961254658564"
    },
    {
        "mid": "4528053261442660",
        "has_multimedia": 1,
        "comments_count": 26,
        "reposts_count": 33,
        "attitudes_count": 73,
        "t": "1595034360000",
        "text": "抛开生态影响，三峡对于长江的水患控制是发挥了至关重要的作用的。//@动脉影:转发微博",
        "uid": "1722549421/",
        "followers_count": "823",
        "statuses_count": "27283",
        "verified": 1,
        "user_created_at": "2010-04-02",
        "has_description": 0,
        "parent": "4527961254658564"
    },
    {
        "mid": "4527986579612674",
        "has_multimedia": 1,
        "comments_count": 105,
        "reposts_count": 93,
        "attitudes_count": 1009,
        "t": "1595039589000",
        "text": "评论里的几个沙雕，和美国带不带口罩的，真是世界大同……//@不占地://@河阳侯林登万DRY:转发微博",
        "uid": "1471143571/",
        "followers_count": "2272949",
        "statuses_count": "32008",
        "verified": 1,
        "user_created_at": "2010-03-02",
        "has_description": 1,
        "parent": "4527959031943845"
    },
    {
        "mid": "4528034290601982",
        "has_multimedia": 1,
        "comments_count": 0,
        "reposts_count": 0,
        "attitudes_count": 0,
        "t": "1595050964000",
        "text": "//@专业戳轮胎熊律师: 评论里的几个沙雕，和美国带不带口罩的，真是世界大同……//@不占地://@河阳侯林登万DRY:转发微博",
        "uid": "1752474437/",
        "followers_count": "255",
        "statuses_count": "17491",
        "verified": 0,
        "user_created_at": "2010-06-08",
        "has_description": 1,
        "parent": "4527986579612674"
    },
    {
        "mid": "4528033756617770",
        "has_multimedia": 1,
        "comments_count": 0,
        "reposts_count": 0,
        "attitudes_count": 0,
        "t": "1595050837000",
        "text": "//@专业戳轮胎熊律师:评论里的几个沙雕，和美国带不带口罩的，真是世界大同……//@不占地://@河阳侯林登万DRY:转发微博",
        "uid": "6088051045/",
        "followers_count": "135",
        "statuses_count": "7307",
        "verified": 0,
        "user_created_at": "2016-12-25",
        "has_description": 0,
        "parent": "4527986579612674"
    },
    {
        "mid": "4528028400750477",
        "has_multimedia": 1,
        "comments_count": 0,
        "reposts_count": 0,
        "attitudes_count": 0,
        "t": "1595049559000",
        "text": "//@汉宫秋月2651 ://@专业戳轮胎熊律师 :评论里的几个沙雕，和美国带不带口罩的，真是世界大同……//@不占地 ://@河阳侯林登万DRY :转发微博",
        "uid": "1599115012/",
        "followers_count": "259",
        "statuses_count": "28570",
        "verified": 0,
        "user_created_at": "2010-11-21",
        "has_description": 1,
        "parent": "4527986579612674"
    },
    {
        "mid": "4528007227912728",
        "has_multimedia": 1,
        "comments_count": 5,
        "reposts_count": 12,
        "attitudes_count": 21,
        "t": "1595044512000",
        "text": "三峽水庫的作用",
        "uid": "1180557177/",
        "followers_count": "523383",
        "statuses_count": "9838",
        "verified": 1,
        "user_created_at": "2011-02-01",
        "has_description": 1,
        "parent": "4527959031943845"
    },
    {
        "mid": "4528042091743478",
        "has_multimedia": 1,
        "comments_count": 0,
        "reposts_count": 0,
        "attitudes_count": 0,
        "t": "1595052824000",
        "text": "🙏//@polyhedron:三峽水庫的作用",
        "uid": "1170994970/",
        "followers_count": "6072",
        "statuses_count": "10669",
        "verified": 1,
        "user_created_at": "2010-05-17",
        "has_description": 1,
        "parent": "4528007227912728"
    },
    {
        "mid": "4528031718707700",
        "has_multimedia": 1,
        "comments_count": 0,
        "reposts_count": 0,
        "attitudes_count": 0,
        "t": "1595050351000",
        "text": "评论里一堆指责别人傻的……//@polyhedron:三峽水庫的作用",
        "uid": "7370712368/",
        "followers_count": "6",
        "statuses_count": "347",
        "verified": 0,
        "user_created_at": "2020-01-12",
        "has_description": 1,
        "parent": "4528007227912728"
    },
    {
        "mid": "4528029549989057",
        "has_multimedia": 1,
        "comments_count": 0,
        "reposts_count": 0,
        "attitudes_count": 1,
        "t": "1595049833000",
        "text": "防洪调节！//@polyhedron:三峽水庫的作用",
        "uid": "1733521334/",
        "followers_count": "67409",
        "statuses_count": "42951",
        "verified": 0,
        "user_created_at": "2010-04-23",
        "has_description": 1,
        "parent": "4528007227912728"
    }
]