[
    {
        "mid": "4527959631200939",
        "has_multimedia": 1,
        "comments_count": 159,
        "reposts_count": 54,
        "attitudes_count": 383,
        "t": "1595033163000",
        "text": "【七名中年人迎洪水下河漂流，两人被冲走失联】#七人迎洪水下河漂流两人失联#7月16日，四川达州。通川区七名中年人相约到罗江码头处漂流。由于水流过急，七人下水后便被冲散。其中五名男子自救上岸，两人失联。目前搜救工作仍在进行中。（素材来源：相关人士）°七名中年人迎洪水下河漂流，两人被冲走失联 L澎湃新闻的微博视频",
        "uid": "5044281310/",
        "followers_count": "24929888",
        "statuses_count": "69829",
        "verified": 1,
        "has_description": 1,
        "parent": "0",
        "user_created_at": "2012-01-01"
    },
    {
        "mid": "4528043861738021",
        "has_multimedia": 1,
        "comments_count": 0,
        "reposts_count": 0,
        "attitudes_count": 0,
        "t": "1595053245000",
        "text": "我想替袁隆平说一句：这群小崽子，还是给他们吃太饱了。",
        "uid": "6771542694/",
        "followers_count": "71",
        "statuses_count": "647",
        "verified": 0,
        "user_created_at": "2018-10-15",
        "has_description": 1,
        "parent": "4527959631200939"
    },
    {
        "mid": "4528017995464938",
        "has_multimedia": 1,
        "comments_count": 0,
        "reposts_count": 0,
        "attitudes_count": 0,
        "t": "1595047078000",
        "text": "转发微博",
        "uid": "3903596754/",
        "followers_count": "713",
        "statuses_count": "17299",
        "verified": 0,
        "user_created_at": "2013-11-14",
        "has_description": 1,
        "parent": "4527959631200939"
    },
    {
        "mid": "4528017211132744",
        "has_multimedia": 1,
        "comments_count": 0,
        "reposts_count": 0,
        "attitudes_count": 0,
        "t": "1595046891000",
        "text": "添乱，还搜救个屁。",
        "uid": "6456826753/",
        "followers_count": "24030",
        "statuses_count": "8127",
        "verified": 0,
        "user_created_at": "2018-01-09",
        "has_description": 0,
        "parent": "4527959631200939"
    }
]