[
    {
        "mid": "4527959673930033",
        "has_multimedia": 1,
        "comments_count": 442,
        "reposts_count": 95,
        "attitudes_count": 6499,
        "t": "1595033173000",
        "text": "【珠海桂山岛研填海借予香港】香港土地短缺情况愈趋严重，桂山岛填海借地予香港发展的传闻，近日在社会引起热议。O网页链接 R香港文匯網的微博投票 ​​​​",
        "uid": "2632236847/",
        "followers_count": "1553650",
        "statuses_count": "77854",
        "verified": 1,
        "has_description": 1,
        "parent": "0",
        "user_created_at": "2012-02-16"
    },
    {
        "mid": "4528067546977494",
        "has_multimedia": 1,
        "comments_count": 0,
        "reposts_count": 0,
        "attitudes_count": 0,
        "t": "1595058893000",
        "text": "很香港！年年问内地要地",
        "uid": "6683072310/",
        "followers_count": "17",
        "statuses_count": "316",
        "verified": 0,
        "user_created_at": "2018-09-06",
        "has_description": 1,
        "parent": "4527959673930033"
    },
    {
        "mid": "4528049280522352",
        "has_multimedia": 1,
        "comments_count": 0,
        "reposts_count": 0,
        "attitudes_count": 0,
        "t": "1595054538000",
        "text": "香港，白眼狼",
        "uid": "2773237435/",
        "followers_count": "34",
        "statuses_count": "68092",
        "verified": 0,
        "user_created_at": "2012-05-19",
        "has_description": 1,
        "parent": "4527959673930033"
    },
    {
        "mid": "4528048949435356",
        "has_multimedia": 1,
        "comments_count": 0,
        "reposts_count": 0,
        "attitudes_count": 0,
        "t": "1595054459000",
        "text": "我参与了@香港文匯網 发起的投票【珠海桂山岛研填海借予香港社调】，我投给了“反对：桂山岛近年开拓旅游，大有前途”这个选项，你也快来表态吧~这些香港人会有报应",
        "uid": "2773237435/",
        "followers_count": "34",
        "statuses_count": "68092",
        "verified": 0,
        "user_created_at": "2012-05-19",
        "has_description": 1,
        "parent": "4527959673930033"
    }
]