[
    {
        "mid": "4527977427900511",
        "has_multimedia": 1,
        "comments_count": 430,
        "reposts_count": 163,
        "attitudes_count": 1532,
        "t": "1595037407000",
        "text": "【#25岁大学生留遗书自杀身亡# 一切从借1000元开始...】“爸妈，我不想他们打扰你们...”毕业进入社会不久，年仅25岁的安徽小伙小云留下遗书自杀告别↓↓这场噩梦的开始，是从一次1000元的网络小额借款开始。从此小云便陷入到拆东墙补西墙的窘境，最终走投无路选择自杀...详情↓↓O25岁大学生留遗书自杀身亡 一切从借1000元开始 ​​​​",
        "uid": "2028810631/",
        "followers_count": "31427712",
        "statuses_count": "66088",
        "verified": 1,
        "has_description": 1,
        "parent": "0",
        "user_created_at": "2012-01-01"
    },
    {
        "mid": "4528068192897639",
        "has_multimedia": 1,
        "comments_count": 0,
        "reposts_count": 0,
        "attitudes_count": 0,
        "t": "1595059046000",
        "text": "p2p骗子太容易，犯罪成本极低，几年后出来仍然是富豪，与贩毒比没风险还受公检法保护！",
        "uid": "7355221176/",
        "followers_count": "69",
        "statuses_count": "1389",
        "verified": 0,
        "user_created_at": "2019-12-14",
        "has_description": 0,
        "parent": "4527977427900511"
    },
    {
        "mid": "4528067836642718",
        "has_multimedia": 1,
        "comments_count": 0,
        "reposts_count": 0,
        "attitudes_count": 0,
        "t": "1595058961000",
        "text": "爱钱进呢，坑害几十万人。？？？",
        "uid": "6807427558/",
        "followers_count": "1",
        "statuses_count": "3",
        "verified": 0,
        "user_created_at": "2020-07-17",
        "has_description": 0,
        "parent": "4527977427900511"
    }
]