[
    {
        "mid": "4527978257580950",
        "has_multimedia": 1,
        "comments_count": 348,
        "reposts_count": 191,
        "attitudes_count": 677,
        "t": "1595037604000",
        "text": "大象是我们孩提之初就在图书上认识的动物朋友，然而作为大自然的功臣，非洲象却面临着来自人类过度活动和消费需求的威胁。盗猎者和不法交易商为了获取利益而杀象取牙，过去40年非洲象种群数量减少约70%。保护大象就是保护地球家园的生态健康，与我一起倡导#可持续的旅行#，共同观看视频课程，共同参与问卷调研吧！（O网页链接） L新浪广东的微博视频",
        "uid": "1251314420/",
        "followers_count": "5226432",
        "statuses_count": "4825",
        "verified": 1,
        "user_created_at": "2009-08-28",
        "has_description": 1,
        "parent": "0"
    },
    {
        "mid": "4528018293527122",
        "has_multimedia": 1,
        "comments_count": 0,
        "reposts_count": 0,
        "attitudes_count": 0,
        "t": "1595047150000",
        "text": "保护动物",
        "uid": "6520235257/",
        "followers_count": "19",
        "statuses_count": "1328",
        "verified": 0,
        "user_created_at": "2018-04-05",
        "has_description": 0,
        "parent": "4527978257580950"
    },
    {
        "mid": "4528017457546014",
        "has_multimedia": 1,
        "comments_count": 0,
        "reposts_count": 0,
        "attitudes_count": 0,
        "t": "1595046950000",
        "text": "保护动物刻不容缓",
        "uid": "6528410524/",
        "followers_count": "1",
        "statuses_count": "2957",
        "verified": 0,
        "user_created_at": "2018-04-16",
        "has_description": 0,
        "parent": "4527978257580950"
    },
    {
        "mid": "4527980162850018",
        "has_multimedia": 1,
        "comments_count": 0,
        "reposts_count": 0,
        "attitudes_count": 0,
        "t": "1595038059000",
        "text": "转发微博",
        "uid": "7418646870/",
        "followers_count": "1",
        "statuses_count": "22",
        "verified": 0,
        "user_created_at": "2020-03-24",
        "has_description": 1,
        "parent": "4527978257580950"
    }
]