[
    {
        "mid": "4527962148312205",
        "has_multimedia": 1,
        "comments_count": 637,
        "reposts_count": 493,
        "attitudes_count": 6380,
        "t": "1595033764000",
        "text": "#安徽抗洪##安徽暴雨# 【愿平安！#安徽一村庄被淹村支书落泪#：没保护好村民财产】7月16日，安徽安庆，保婴村位于四面环水的江心洲，因暴雨四处溃口，整个村已被淹5天。回忆起被淹时情景，村支书不禁流泪。村民胡春霞家的几百亩农田和扎花厂全部被淹，她参加了村里的抗洪突击队，以防洪水再次来袭。@一手Video L一手video的秒拍视频",
        "uid": "2476121622/",
        "followers_count": "1387257",
        "statuses_count": "54885",
        "verified": 1,
        "has_description": 1,
        "parent": "0",
        "user_created_at": "2011-10-18"
    },
    {
        "mid": "4528072458771245",
        "has_multimedia": 1,
        "comments_count": 0,
        "reposts_count": 0,
        "attitudes_count": 0,
        "t": "1595060064000",
        "text": "我靠 这也太苦了 爆哭",
        "uid": "6348332183/",
        "followers_count": "1185",
        "statuses_count": "1013",
        "verified": 0,
        "user_created_at": "2017-08-22",
        "has_description": 1,
        "parent": "4527962148312205"
    },
    {
        "mid": "4528071652151266",
        "has_multimedia": 1,
        "comments_count": 0,
        "reposts_count": 0,
        "attitudes_count": 0,
        "t": "1595059872000",
        "text": "转发微博",
        "uid": "6066336435/",
        "followers_count": "138",
        "statuses_count": "1952",
        "verified": 0,
        "user_created_at": "2016-11-17",
        "has_description": 1,
        "parent": "4527962148312205"
    },
    {
        "mid": "4528070897959519",
        "has_multimedia": 1,
        "comments_count": 0,
        "reposts_count": 0,
        "attitudes_count": 0,
        "t": "1595059691000",
        "text": "这是爷爷奶奶他们隔壁村，两个村同时在江心洲上，同时被淹，奶奶他们村地势稍微高一点点，但也都被淹了。一个月前去的时候还好好的，现在看着视频里的样子真的很心疼。想想还好撤离及时没有人员伤亡，也是最大的安慰了。2020，大家快快挺过去吧。🙏🙏",
        "uid": "5212889628/",
        "followers_count": "368",
        "statuses_count": "263",
        "verified": 0,
        "user_created_at": "2014-07-11",
        "has_description": 1,
        "parent": "4527962148312205"
    }
]