[
    {
        "mid": "4527963183780074",
        "has_multimedia": 1,
        "comments_count": 144,
        "reposts_count": 131,
        "attitudes_count": 1560,
        "t": "1595034011000",
        "text": "【#白发奶奶给抗洪战士擦汗#】近日，一张老奶奶给战士擦汗的照片感动无数人。这个小伙子叫武迎港，是武警第二机动总队某支队的一名士官。此前他肩膀受伤仍坚持来到安徽抗洪。在堤坝上，他看到老奶奶挑着沉重的行李艰难前行，于是上前把担子接过来。因为肩膀有伤，他疼得满头大汗，老奶奶并不知情，赶紧心疼地给他擦汗。@燃新闻 L燃新闻的秒拍视频",
        "uid": "2286908003/",
        "followers_count": "76208887",
        "statuses_count": "178627",
        "verified": 1,
        "has_description": 1,
        "parent": "0",
        "user_created_at": "2011-08-05"
    },
    {
        "mid": "4528078581668029",
        "has_multimedia": 1,
        "comments_count": 0,
        "reposts_count": 0,
        "attitudes_count": 0,
        "t": "1595061524000",
        "text": "//@安庆望江公安华阳派出所: //@一点清风----:转发微博",
        "uid": "5015035182/",
        "followers_count": "65",
        "statuses_count": "45589",
        "verified": 0,
        "user_created_at": "2014-01-26",
        "has_description": 0,
        "parent": "4527963183780074"
    },
    {
        "mid": "4528071048433594",
        "has_multimedia": 1,
        "comments_count": 0,
        "reposts_count": 0,
        "attitudes_count": 0,
        "t": "1595059727000",
        "text": "//@安庆望江公安华阳派出所: //@一点清风----:转发微博",
        "uid": "5153533695/",
        "followers_count": "1123",
        "statuses_count": "100926",
        "verified": 0,
        "user_created_at": "2014-05-25",
        "has_description": 1,
        "parent": "4527963183780074"
    }
]