[
    {
        "mid": "4527979759145570",
        "has_multimedia": 1,
        "comments_count": 309,
        "reposts_count": 338,
        "attitudes_count": 359,
        "t": "1595037963000",
        "text": "#广州身边事#【剩菜没放冰箱男子吃后引发多器官衰竭  ICU里待了11天...】近日，广州的姚先生吃了一顿隔夜饭后，出现恶心、呕吐的情况。经送医检查，姚先生自身有活动性肝炎，他并不知道，而在此基础上不洁的饮食加重肝脏损坏，诱发急性肝衰竭，进而引起多器官衰竭。经过在ICU抢救治疗11天，他才脱离危险。医生建议，隔夜菜无论存放多久都会滋生或多或少的细菌，建议蔬菜不留，肉类储存都要密封，食用前完全煮熟。（南方卫视）L看看新闻Knews的秒拍视频",
        "uid": "3768259827/",
        "followers_count": "7291294",
        "statuses_count": "4916",
        "verified": 1,
        "user_created_at": "2013-09-04",
        "has_description": 1,
        "parent": "0"
    },
    {
        "mid": "4528054976382472",
        "has_multimedia": 1,
        "comments_count": 0,
        "reposts_count": 0,
        "attitudes_count": 0,
        "t": "1595055896000",
        "text": "转发微博",
        "uid": "5185588135/",
        "followers_count": "118",
        "statuses_count": "1156",
        "verified": 0,
        "user_created_at": "2014-06-19",
        "has_description": 0,
        "parent": "4527979759145570"
    },
    {
        "mid": "4528023812966822",
        "has_multimedia": 1,
        "comments_count": 0,
        "reposts_count": 0,
        "attitudes_count": 0,
        "t": "1595048465000",
        "text": "还是自身问题,我小时候在老家吃了十几年都没事,农村的老人几乎天天都吃",
        "uid": "6904129234/",
        "followers_count": "105",
        "statuses_count": "143",
        "verified": 0,
        "user_created_at": "2018-12-28",
        "has_description": 1,
        "parent": "4527979759145570"
    }
]