[
    {
        "mid": "4527963430722394",
        "has_multimedia": 1,
        "comments_count": 78,
        "reposts_count": 62,
        "attitudes_count": 176,
        "t": "1595034070000",
        "text": "【#鲍鱼便宜了#：#八头鲍价格腰斩#！来两斤吗？】从今年二三月份开始，一直被称为“餐桌软黄金”的鲍鱼价格就直线下跌。拿八头鲍来讲，相比春节前的收购价已经腰斩。顾名思义，八头鲍是指1斤有8个鲍鱼，头数越小代表其个头越大，价钱也越贵。在福建省漳州市东山岛，有鲍鱼养殖户告诉记者：“现在八头鲍一斤大概20多元，但年前一斤则有60元左右。”在福建，由于近期已经进入休渔期，大规模的鲍鱼销售也接近尾声。可有养殖户的手里还有着50%的鲍鱼库存，大约有6万斤之多。记者了解到，饲养鲍鱼的成本大概育苗占四成，饵料占四成，人工成本两成。往年要是按照八头鲍一斤不到30元这样的价格售卖，养殖户亏本会非常严重，但今年饵料价格便宜，加上鲍鱼长势不错，重量规格超出预期，所以总体上维持在保本线上下......详情↓ L央视财经的酷燃视频",
        "uid": "1988800805/",
        "followers_count": "12359472",
        "statuses_count": "99317",
        "verified": 1,
        "has_description": 1,
        "parent": "0",
        "user_created_at": "2012-01-01"
    },
    {
        "mid": "4528333365444704",
        "has_multimedia": 1,
        "comments_count": 0,
        "reposts_count": 0,
        "attitudes_count": 0,
        "t": "1595122268000",
        "text": "是敌敌畏便宜了吗？//@厦门雄少：买买买，最爱吃鲍鱼",
        "uid": "1757562847/",
        "followers_count": "74",
        "statuses_count": "1180",
        "verified": 0,
        "user_created_at": "2010-06-13",
        "has_description": 1,
        "parent": "4527963430722394"
    },
    {
        "mid": "4528190540753654",
        "has_multimedia": 1,
        "comments_count": 0,
        "reposts_count": 0,
        "attitudes_count": 0,
        "t": "1595088217000",
        "text": "转发微博",
        "uid": "5402200457/",
        "followers_count": "429",
        "statuses_count": "19615",
        "verified": 0,
        "user_created_at": "2014-12-05",
        "has_description": 0,
        "parent": "4527963430722394"
    },
    {
        "mid": "4528040094213678",
        "has_multimedia": 1,
        "comments_count": 0,
        "reposts_count": 0,
        "attitudes_count": 0,
        "t": "1595052348000",
        "text": "转发微博",
        "uid": "2459221522/",
        "followers_count": "30",
        "statuses_count": "347",
        "verified": 0,
        "user_created_at": "2011-10-10",
        "has_description": 0,
        "parent": "4527963430722394"
    },
    {
        "mid": "4528020603806485",
        "has_multimedia": 1,
        "comments_count": 0,
        "reposts_count": 0,
        "attitudes_count": 0,
        "t": "1595047701000",
        "text": "4块钱一个，那不腰斩也就8块钱一个哦…",
        "uid": "2165982695/",
        "followers_count": "123",
        "statuses_count": "1513",
        "verified": 0,
        "user_created_at": "2011-06-07",
        "has_description": 1,
        "parent": "4527963430722394"
    }
]