[
    {
        "mid": "4527979822321408",
        "has_multimedia": 1,
        "comments_count": 181,
        "reposts_count": 9,
        "attitudes_count": 611,
        "t": "1595037978000",
        "text": "【补课，超级吃香？】网友匿名：温州育英暑假期间在学校里上课被举报了，现在又组织起来去校外补课。住在宾馆，一天五六百。区区人民教师三四天收入上万，麻烦曝光。 ​​​​",
        "uid": "1750935105/",
        "followers_count": "2446468",
        "statuses_count": "62782",
        "verified": 1,
        "user_created_at": "2010-06-04",
        "has_description": 1,
        "parent": "0"
    },
    {
        "mid": "4528157968052903",
        "has_multimedia": 1,
        "comments_count": 0,
        "reposts_count": 0,
        "attitudes_count": 0,
        "t": "1595080451000",
        "text": "“区区人民教师”你的书都读到狗肚子里去了？",
        "uid": "1711806010/",
        "followers_count": "1525",
        "statuses_count": "4757",
        "verified": 1,
        "user_created_at": "2010-03-15",
        "has_description": 1,
        "parent": "4527979822321408"
    },
    {
        "mid": "4528063729897692",
        "has_multimedia": 1,
        "comments_count": 0,
        "reposts_count": 0,
        "attitudes_count": 1,
        "t": "1595057983000",
        "text": "我育英怎么年年给举报",
        "uid": "2567822091/",
        "followers_count": "4761",
        "statuses_count": "59",
        "verified": 1,
        "user_created_at": "2012-01-13",
        "has_description": 1,
        "parent": "4527979822321408"
    },
    {
        "mid": "4528061616226352",
        "has_multimedia": 1,
        "comments_count": 1,
        "reposts_count": 0,
        "attitudes_count": 0,
        "t": "1595057478000",
        "text": "人民教师新搭配词  区区   这个词语可以自谦用  但是你自己用你不觉得很难听吗？？？？区区区区？你就没有遇到过好老师吗？区区？",
        "uid": "3187569320/",
        "followers_count": "305",
        "statuses_count": "2343",
        "verified": 0,
        "user_created_at": "2013-02-11",
        "has_description": 1,
        "parent": "4527979822321408"
    }
]