[
    {
        "mid": "4527979500404787",
        "has_multimedia": 0,
        "comments_count": 67,
        "reposts_count": 12,
        "attitudes_count": 281,
        "t": "1595037900000",
        "text": "据北京日报，昨天北京新增无症状感染者1例。报道没有介绍更多细节。 ​​​​",
        "uid": "1340723374/",
        "followers_count": "6219505",
        "statuses_count": "37548",
        "verified": 1,
        "user_created_at": "2009-12-18",
        "has_description": 1,
        "parent": "0"
    },
    {
        "mid": "4528063004807217",
        "has_multimedia": 1,
        "comments_count": 0,
        "reposts_count": 0,
        "attitudes_count": 0,
        "t": "1595057809000",
        "text": "回复@fantastic劲:上海最松了 但是貌似还挺安全//@fantastic劲:全国最严NO1帝都，最严NO2新疆都自爆了，反而境外输入压力最大的上海，广州，深圳等还没本土爆发~。。",
        "uid": "2277367702/",
        "followers_count": "3030",
        "statuses_count": "15213",
        "verified": 0,
        "user_created_at": "2011-07-30",
        "has_description": 1,
        "parent": "4527979500404787"
    },
    {
        "mid": "4528005466818915",
        "has_multimedia": 0,
        "comments_count": 0,
        "reposts_count": 0,
        "attitudes_count": 0,
        "t": "1595044091000",
        "text": "//@飞地中的飞地X:所以硕北京疫情根本没控制住新疆这次如果是北京输入的也能解释清楚了，毕竟之前还有过北京输入襄阳的无症状感染者",
        "uid": "2012881387/",
        "followers_count": "119",
        "statuses_count": "20933",
        "verified": 0,
        "user_created_at": "2011-03-08",
        "has_description": 0,
        "parent": "4527979500404787"
    },
    {
        "mid": "4528005235349819",
        "has_multimedia": 0,
        "comments_count": 0,
        "reposts_count": 0,
        "attitudes_count": 0,
        "t": "1595044037000",
        "text": "转发微博",
        "uid": "2012881387/",
        "followers_count": "119",
        "statuses_count": "20933",
        "verified": 0,
        "user_created_at": "2011-03-08",
        "has_description": 0,
        "parent": "4527979500404787"
    },
    {
        "mid": "4527997597781235",
        "has_multimedia": 1,
        "comments_count": 0,
        "reposts_count": 0,
        "attitudes_count": 1,
        "t": "1595042216000",
        "text": "//@fantastic劲:全国最严NO1帝都，最严NO2新疆都自爆了，反而境外输入压力最大的上海，广州，深圳等还没本土爆发~。。",
        "uid": "2216274483/",
        "followers_count": "419",
        "statuses_count": "790",
        "verified": 0,
        "user_created_at": "2011-07-04",
        "has_description": 1,
        "parent": "4527979500404787"
    },
    {
        "mid": "4527985086963905",
        "has_multimedia": 1,
        "comments_count": 0,
        "reposts_count": 0,
        "attitudes_count": 0,
        "t": "1595039233000",
        "text": "别啊，我机票都买了",
        "uid": "5807304208/",
        "followers_count": "10",
        "statuses_count": "206",
        "verified": 0,
        "user_created_at": "2015-12-26",
        "has_description": 1,
        "parent": "4527979500404787"
    }
]