[
    {
        "mid": "4527964316766274",
        "has_multimedia": 1,
        "comments_count": 76,
        "reposts_count": 54,
        "attitudes_count": 170,
        "t": "1595034281000",
        "text": "#温暖有你，快乐出发# 温暖大接力！湖南卫视#快乐大本营# 该期节目获胜队为湖北省麻城市黄土岗镇闵家畈小学捐赠图书馆，希望孩子们从此以后可以只争朝夕，温故知新~ L芒果综艺网的微博视频 ​​​​",
        "uid": "6433948143/",
        "followers_count": "1718350",
        "statuses_count": "2239",
        "verified": 1,
        "has_description": 1,
        "parent": "0",
        "user_created_at": "2017-12-22"
    },
    {
        "mid": "4528021572164536",
        "has_multimedia": 1,
        "comments_count": 0,
        "reposts_count": 0,
        "attitudes_count": 0,
        "t": "1595047932000",
        "text": "温暖大街地湖南卫视捐赠图书馆太棒了",
        "uid": "7363480751/",
        "followers_count": "106",
        "statuses_count": "178",
        "verified": 0,
        "user_created_at": "2019-12-28",
        "has_description": 0,
        "parent": "4527964316766274"
    },
    {
        "mid": "4528021551452326",
        "has_multimedia": 1,
        "comments_count": 0,
        "reposts_count": 0,
        "attitudes_count": 0,
        "t": "1595047926000",
        "text": "回复@布莱尔的发带:满满的正能量。//@布莱尔的发带:快乐大本营可真是个正能量的节目",
        "uid": "7363480751/",
        "followers_count": "106",
        "statuses_count": "178",
        "verified": 0,
        "user_created_at": "2019-12-28",
        "has_description": 0,
        "parent": "4527964316766274"
    },
    {
        "mid": "4527980334550081",
        "has_multimedia": 1,
        "comments_count": 0,
        "reposts_count": 0,
        "attitudes_count": 0,
        "t": "1595038099000",
        "text": "希望快本的支持，孩子们可以好好学习，向未来前进",
        "uid": "6474965330/",
        "followers_count": "26",
        "statuses_count": "2082",
        "verified": 0,
        "user_created_at": "2018-01-31",
        "has_description": 0,
        "parent": "4527964316766274"
    },
    {
        "mid": "4527979156212979",
        "has_multimedia": 1,
        "comments_count": 0,
        "reposts_count": 0,
        "attitudes_count": 0,
        "t": "1595037818000",
        "text": "快乐大本营一直都是我喜欢的节目，一直也都是做公益性活动，点赞",
        "uid": "7048261184/",
        "followers_count": "21",
        "statuses_count": "1948",
        "verified": 0,
        "user_created_at": "2019-03-26",
        "has_description": 1,
        "parent": "4527964316766274"
    },
    {
        "mid": "4527977410600880",
        "has_multimedia": 1,
        "comments_count": 0,
        "reposts_count": 0,
        "attitudes_count": 0,
        "t": "1595037403000",
        "text": "这样的活动就应该大力推广，很有意义",
        "uid": "5885624587/",
        "followers_count": "135",
        "statuses_count": "4503",
        "verified": 0,
        "user_created_at": "2016-03-20",
        "has_description": 1,
        "parent": "4527964316766274"
    },
    {
        "mid": "4527977326449989",
        "has_multimedia": 1,
        "comments_count": 0,
        "reposts_count": 0,
        "attitudes_count": 0,
        "t": "1595037382000",
        "text": "这样的活动真的是特别有意义，我也很喜欢快乐大本营这个节目，喜欢所有的主持人",
        "uid": "7048290923/",
        "followers_count": "20",
        "statuses_count": "1914",
        "verified": 0,
        "user_created_at": "2019-03-26",
        "has_description": 1,
        "parent": "4527964316766274"
    },
    {
        "mid": "4527977121197044",
        "has_multimedia": 1,
        "comments_count": 0,
        "reposts_count": 0,
        "attitudes_count": 0,
        "t": "1595037334000",
        "text": "快本这几年一直在努力做公益啊真的很棒很温暖",
        "uid": "5775192663/",
        "followers_count": "248",
        "statuses_count": "12613",
        "verified": 0,
        "user_created_at": "2015-11-29",
        "has_description": 1,
        "parent": "4527964316766274"
    },
    {
        "mid": "4527977109659212",
        "has_multimedia": 1,
        "comments_count": 0,
        "reposts_count": 0,
        "attitudes_count": 0,
        "t": "1595037331000",
        "text": "快乐大本营就是这么温暖，希望孩子们可以努力学习",
        "uid": "7058105852/",
        "followers_count": "220",
        "statuses_count": "4618",
        "verified": 0,
        "user_created_at": "2019-03-31",
        "has_description": 0,
        "parent": "4527964316766274"
    },
    {
        "mid": "4527969136285962",
        "has_multimedia": 1,
        "comments_count": 0,
        "reposts_count": 0,
        "attitudes_count": 0,
        "t": "1595035430000",
        "text": "这也太温暖了希望以后可以多多做这样的活动",
        "uid": "7479424019/",
        "followers_count": "105",
        "statuses_count": "106",
        "verified": 0,
        "user_created_at": "2020-07-10",
        "has_description": 1,
        "parent": "4527964316766274"
    }
]