[
    {
        "mid": "4527964388331785",
        "has_multimedia": 1,
        "comments_count": 1019,
        "reposts_count": 625,
        "attitudes_count": 3108,
        "t": "1595034298000",
        "text": "【北京一逆行电动自行车与小客车相撞，骑车人被瞬间撞飞，机动车负次要责任…】近日，在海淀区长春桥路。一辆电动自行车快速从远处逆行，与一辆从主路正常出辅路的小轿车迎头相撞。骑车人被瞬间撞飞，而小轿车也与路侧停放的两辆汽车发生碰撞。伤者被送往医院治疗。。。你觉得这是谁的责任？🙏L京视频的秒拍视频",
        "uid": "1662214194/",
        "verified": 1,
        "user_created_at": "2009-11-20",
        "has_description": 1,
        "parent": "0",
        "followers_count": "7062054",
        "statuses_count": "31441"
    },
    {
        "mid": "4528031441618925",
        "has_multimedia": 1,
        "comments_count": 90,
        "reposts_count": 47,
        "attitudes_count": 179,
        "t": "1595050284000",
        "text": "按法规来说电动车全责。但对方全责的话己方保险公司不赔，找电动车主索赔又困难（一些保险公司有代位赔偿业务，但实际赔付也挺麻烦的），所以一般就定次要责任，车主自己走保险修车了。保险公司如对定责不服，可起诉交警部门 //@BG4VHP:我就想问问，机动车主路进辅路是最高路权，为啥要付次要责任",
        "uid": "2794283127/",
        "verified": 1,
        "user_created_at": "2012-06-03",
        "has_description": 1,
        "parent": "4527964388331785",
        "followers_count": "8434143",
        "statuses_count": "52879"
    },
    {
        "mid": "4528048004668900",
        "has_multimedia": 1,
        "comments_count": 91,
        "reposts_count": 48,
        "attitudes_count": 182,
        "t": "1595050260000",
        "text": "按法规来说电动车全责。但对方全责的话己方保险公司不赔，找电动车主索赔又困难（一些保险公司有代位赔偿业务，但实际赔付也挺麻烦的），所以一般就定次要责任，车主自己走保险修车了。保险公司如对定责不服，可起诉交警部门 //@BG4VHP:我就想问问，机动车主路进辅路是最高路权，为啥要付次要责任",
        "uid": "2000991215/",
        "followers_count": "70",
        "statuses_count": "27301",
        "verified": 0,
        "user_created_at": "2011-03-01",
        "has_description": 1,
        "parent": "4528031441618925"
    },
    {
        "mid": "4528046629193090",
        "has_multimedia": 1,
        "comments_count": 0,
        "reposts_count": 0,
        "attitudes_count": 0,
        "t": "1595053905000",
        "text": "逆行错//@战争史研究WHS:按法规来说电动车全责。但对方全责的话己方保险公司不赔，找电动车主索赔又困难（一些保险公司有代位赔偿业务，但实际赔付也挺麻烦的），所以一般就定次要责任，车主自己走保险修车了。保险公司如对定责不服，可起诉交警部门 //@BG4VHP:机动车主路进辅路是最高路权，为啥付次要",
        "uid": "1966025503/",
        "followers_count": "1598",
        "statuses_count": "13975",
        "verified": 1,
        "user_created_at": "2011-02-13",
        "has_description": 1,
        "parent": "4528031441618925"
    },
    {
        "mid": "4528046586991023",
        "has_multimedia": 1,
        "comments_count": 0,
        "reposts_count": 0,
        "attitudes_count": 0,
        "t": "1595053896000",
        "text": "//:按法规来说电动车全责。但对方全责的话己方保险公司不赔，找电动车主索赔又困难（一些保险公司有代位赔偿业务，但实际赔付也挺麻烦的），所以一般就定次要责任，车主自己走保险修车了。保险公司如对定责不服，可起诉交警部门 //我就想问问，机动车主路进辅路是最高路权，为啥要付次要责任",
        "uid": "3055253087/",
        "followers_count": "198",
        "statuses_count": "33939",
        "verified": 0,
        "user_created_at": "2012-10-21",
        "has_description": 0,
        "parent": "4528031441618925"
    },
    {
        "mid": "4528017587844180",
        "has_multimedia": 1,
        "comments_count": 8,
        "reposts_count": 18,
        "attitudes_count": 2,
        "t": "1595046982000",
        "text": "我他妈就想问问，机动车主路进辅路是最高路权，为啥要付次要责任",
        "uid": "1644112151/",
        "followers_count": "51320",
        "statuses_count": "20710",
        "verified": 1,
        "user_created_at": "2009-08-31",
        "has_description": 1,
        "parent": "4527964388331785"
    },
    {
        "mid": "4528040941982724",
        "has_multimedia": 1,
        "comments_count": 0,
        "reposts_count": 0,
        "attitudes_count": 0,
        "t": "1595052549000",
        "text": "欺负保险公司呗。电瓶车全责，机动车根本不到钱也得自费修。//@京城吃货日记:北京交警和稀泥水平高，交规在他们面前都跟孙子似的//@BG4VHP: 我他妈就想问问，机动车主路进辅路是最高路权，为啥要付次要责任",
        "uid": "6448606322/",
        "followers_count": "36",
        "statuses_count": "1880",
        "verified": 0,
        "user_created_at": "2017-12-31",
        "has_description": 0,
        "parent": "4528017587844180"
    },
    {
        "mid": "4528036227842236",
        "has_multimedia": 1,
        "comments_count": 0,
        "reposts_count": 0,
        "attitudes_count": 0,
        "t": "1595051425000",
        "text": "一个大花池拦着，怎么观察情况？//@程序员邹欣://@京城吃货日记: 北京交警和稀泥水平高，交规在他们面前都跟孙子似的//@BG4VHP: 我他妈就想问问，机动车主路进辅路是最高路权，为啥要付次要责任",
        "uid": "1851027725/",
        "followers_count": "150",
        "statuses_count": "2438",
        "verified": 0,
        "user_created_at": "2010-11-07",
        "has_description": 0,
        "parent": "4528017587844180"
    },
    {
        "mid": "4528032272356737",
        "has_multimedia": 1,
        "comments_count": 12,
        "reposts_count": 13,
        "attitudes_count": 17,
        "t": "1595047380000",
        "text": "北京交警和稀泥水平高，交规在他们面前都跟孙子似的//@BG4VHP: 我他妈就想问问，机动车主路进辅路是最高路权，为啥要付次要责任",
        "uid": "1435553493/",
        "followers_count": "216",
        "statuses_count": "6437",
        "verified": 0,
        "user_created_at": "2011-09-01",
        "has_description": 1,
        "parent": "4528017587844180"
    },
    {
        "mid": "4528008256555589",
        "has_multimedia": 1,
        "comments_count": 30,
        "reposts_count": 17,
        "attitudes_count": 41,
        "t": "1595044756000",
        "text": "主路出辅路本来就享有路权，哪怕是顺行机动车也得让，就别说逆行非机动非人力灰色地带电动车了。再说这隔离带这么高，提前观察？司机下车探头观察么？然后再说这逆行的电动车，也没提前观察啊？不能因为逆行就忽视交通事故大忌“提前观察”啊！最后、撞完司机慌神了？",
        "uid": "1792085627/",
        "followers_count": "309571",
        "statuses_count": "4051",
        "verified": 1,
        "user_created_at": "2010-08-11",
        "has_description": 1,
        "parent": "4527964388331785"
    },
    {
        "mid": "4528046206096404",
        "has_multimedia": 1,
        "comments_count": 0,
        "reposts_count": 0,
        "attitudes_count": 0,
        "t": "1595053804000",
        "text": "交警做出这种判罚，也不嫌臊得慌",
        "uid": "1213925883/",
        "followers_count": "452",
        "statuses_count": "15457",
        "verified": 1,
        "user_created_at": "2012-08-29",
        "has_description": 0,
        "parent": "4528008256555589"
    },
    {
        "mid": "4528036278706413",
        "has_multimedia": 1,
        "comments_count": 3,
        "reposts_count": 4,
        "attitudes_count": 0,
        "t": "1595047020000",
        "text": "//@冯潇:主路出辅路本来就享有路权，哪怕是顺行机动车也得让，就别说逆行非机动非人力灰色地带电动车了。再说这隔离带这么高，提前观察？司机下车探头观察么？然后再说这逆行的电动车，也没提前观察啊？不能因为逆行就忽视交通事故大忌“提前观察”啊！最后、撞完司机慌神了？",
        "uid": "1991929791/",
        "followers_count": "682",
        "statuses_count": "13800",
        "verified": 1,
        "user_created_at": "2011-02-25",
        "has_description": 1,
        "parent": "4528008256555589"
    },
    {
        "mid": "4528027091862805",
        "has_multimedia": 1,
        "comments_count": 0,
        "reposts_count": 0,
        "attitudes_count": 0,
        "t": "1595049247000",
        "text": "白色小客车没有做到仔细观察，没有提前200米减速，理应负事故的全责",
        "uid": "6267625312/",
        "followers_count": "97",
        "statuses_count": "269",
        "verified": 0,
        "user_created_at": "2017-05-31",
        "has_description": 1,
        "parent": "4528008256555589"
    }
]