[
    {
        "mid": "4527980355006642",
        "has_multimedia": 1,
        "comments_count": 73,
        "reposts_count": 29,
        "attitudes_count": 166,
        "t": "1595038105000",
        "text": "【#男子将亡母遗体藏冰柜骗养老金获刑# 10个月：近7个月骗领2.4万元】2019年4月，为能继续领取母亲养老金，上海男子吴某把已故母亲的尸体藏于冰柜近7个月。2020年7月17日，上海市宝山区人民法院依法判决吴某犯诈骗罪，判处有期徒刑10个月，罚款1万元，并责令其退赔养老金。（综合）@新京报 L新京报动新闻的秒拍视频",
        "uid": "1267454277/",
        "followers_count": "20598280",
        "statuses_count": "56938",
        "verified": 1,
        "has_description": 1,
        "parent": "0",
        "user_created_at": "2010-03-17"
    },
    {
        "mid": "4528166947788193",
        "has_multimedia": 1,
        "comments_count": 0,
        "reposts_count": 0,
        "attitudes_count": 0,
        "t": "1595082592000",
        "text": "转发微博",
        "uid": "2757734552/",
        "followers_count": "134",
        "statuses_count": "7983",
        "verified": 0,
        "user_created_at": "2012-04-15",
        "has_description": 0,
        "parent": "4527980355006642"
    },
    {
        "mid": "4528058634340567",
        "has_multimedia": 1,
        "comments_count": 0,
        "reposts_count": 0,
        "attitudes_count": 0,
        "t": "1595056768000",
        "text": "转发微博",
        "uid": "5708268089/",
        "followers_count": "129",
        "statuses_count": "2203",
        "verified": 0,
        "user_created_at": "2015-09-22",
        "has_description": 1,
        "parent": "4527980355006642"
    },
    {
        "mid": "4528029143140765",
        "has_multimedia": 1,
        "comments_count": 0,
        "reposts_count": 0,
        "attitudes_count": 0,
        "t": "1595049736000",
        "text": "不孝顺也就罢了，还这搬对待母亲，人渣渣",
        "uid": "3104049561/",
        "followers_count": "1570",
        "statuses_count": "7177",
        "verified": 0,
        "user_created_at": "2013-01-26",
        "has_description": 1,
        "parent": "4527980355006642"
    },
    {
        "mid": "4528019647763791",
        "has_multimedia": 1,
        "comments_count": 0,
        "reposts_count": 0,
        "attitudes_count": 0,
        "t": "1595047473000",
        "text": "//@我有废话要讲:是养了儿子就可以预防活到老吗//@意卓然:养儿防老",
        "uid": "1868293000/",
        "followers_count": "213",
        "statuses_count": "3768",
        "verified": 0,
        "user_created_at": "2010-11-04",
        "has_description": 0,
        "parent": "4527980355006642"
    },
    {
        "mid": "4528018414641277",
        "has_multimedia": 1,
        "comments_count": 0,
        "reposts_count": 0,
        "attitudes_count": 0,
        "t": "1595047179000",
        "text": "转发微博",
        "uid": "2231399237/",
        "followers_count": "113301",
        "statuses_count": "5832",
        "verified": 1,
        "user_created_at": "2011-07-07",
        "has_description": 1,
        "parent": "4527980355006642"
    },
    {
        "mid": "4528014220862383",
        "has_multimedia": 1,
        "comments_count": 0,
        "reposts_count": 0,
        "attitudes_count": 0,
        "t": "1595046179000",
        "text": "睡得着觉嘛？",
        "uid": "5249616630/",
        "followers_count": "673",
        "statuses_count": "30083",
        "verified": 1,
        "user_created_at": "2014-08-12",
        "has_description": 1,
        "parent": "4527980355006642"
    },
    {
        "mid": "4528009481033534",
        "has_multimedia": 1,
        "comments_count": 0,
        "reposts_count": 0,
        "attitudes_count": 0,
        "t": "1595045048000",
        "text": "？？？。",
        "uid": "5719733243/",
        "followers_count": "405",
        "statuses_count": "19279",
        "verified": 0,
        "user_created_at": "2015-10-06",
        "has_description": 1,
        "parent": "4527980355006642"
    },
    {
        "mid": "4527999385338068",
        "has_multimedia": 1,
        "comments_count": 0,
        "reposts_count": 0,
        "attitudes_count": 0,
        "t": "1595042641000",
        "text": "想到了日本社会的无缘社会…",
        "uid": "7333011156/",
        "followers_count": "5",
        "statuses_count": "1275",
        "verified": 0,
        "user_created_at": "2019-11-05",
        "has_description": 1,
        "parent": "4527980355006642"
    }
]