[
    {
        "mid": "4527980157608034",
        "has_multimedia": 1,
        "comments_count": 446,
        "reposts_count": 416,
        "attitudes_count": 6966,
        "t": "1595038058000",
        "text": "【真好！#81岁医生和95岁患者手术后互相点赞#】近日，一张#医患双方互相点赞#的照片在湖南省人民医院众多医生中流传：患者张奶奶长了一个近20斤的囊肿，手术难度非常大，老专家吴金术花了近2小时摘除囊肿。手术后吴教授去查房，两位老人同时伸出大拇指为对方点赞，场面暖心。L大米Video的秒拍视频",
        "uid": "2803301701/",
        "followers_count": "119867688",
        "statuses_count": "120654",
        "verified": 1,
        "has_description": 1,
        "parent": "0",
        "user_created_at": "2012-07-22"
    },
    {
        "mid": "4528063189095673",
        "has_multimedia": 1,
        "comments_count": 0,
        "reposts_count": 0,
        "attitudes_count": 0,
        "t": "1595057854000",
        "text": "乌托邦",
        "uid": "6853942431/",
        "followers_count": "9",
        "statuses_count": "33",
        "verified": 0,
        "user_created_at": "2018-11-16",
        "has_description": 0,
        "parent": "4527980157608034"
    },
    {
        "mid": "4528057715004424",
        "has_multimedia": 1,
        "comments_count": 0,
        "reposts_count": 0,
        "attitudes_count": 0,
        "t": "1595056549000",
        "text": "//@安庆望江公安华阳派出所: //@一点清风----:转发微博",
        "uid": "5757017534/",
        "followers_count": "98",
        "statuses_count": "44094",
        "verified": 0,
        "user_created_at": "2015-11-12",
        "has_description": 1,
        "parent": "4527980157608034"
    }
]