[
    {
        "mid": "4527980744806762",
        "has_multimedia": 1,
        "comments_count": 259,
        "reposts_count": 76,
        "attitudes_count": 2209,
        "t": "1595038198000",
        "text": "中国在巴西进行疫苗三期试验，志愿者招募开始后仅24小时，已有60万人报名 ​​​​",
        "uid": "1647486362/",
        "followers_count": "2276922",
        "statuses_count": "32063",
        "verified": 1,
        "user_created_at": "2009-09-15",
        "has_description": 1,
        "parent": "0"
    },
    {
        "mid": "4528069802729398",
        "has_multimedia": 1,
        "comments_count": 0,
        "reposts_count": 0,
        "attitudes_count": 0,
        "t": "1595059431000",
        "text": "巴西，上帝之国，结果玩成现在这样，唉",
        "uid": "5400630823/",
        "followers_count": "366",
        "statuses_count": "21025",
        "verified": 0,
        "user_created_at": "2014-12-05",
        "has_description": 0,
        "parent": "4527980744806762"
    },
    {
        "mid": "4528069430479242",
        "has_multimedia": 1,
        "comments_count": 0,
        "reposts_count": 0,
        "attitudes_count": 0,
        "t": "1595059341000",
        "text": "估计是这样，善良的中国人，伟大的中国。//@喵的狐狸爸:窃取个毛啊，中国完成疫苗以后肯定技术公开的，甚至帮着生产都最多收个本钱//@嘉辉cn:小心巴西窃取疫苗。巴西🇧🇷总统是出了名美国狗狗🐶",
        "uid": "2805951861/",
        "followers_count": "1793",
        "statuses_count": "2979",
        "verified": 0,
        "user_created_at": "2012-09-19",
        "has_description": 1,
        "parent": "4527980744806762"
    }
]