[
    {
        "mid": "4527980767088780",
        "has_multimedia": 1,
        "comments_count": 104,
        "reposts_count": 13,
        "attitudes_count": 542,
        "t": "1595038203000",
        "text": "【#男子离家闯荡20年父亲过世未归#：没混出名堂，身不由己】四川通江，20年前15岁的程玉道留纸条离家称“挣到钱才回来”。父母边打工边找他，父亲临死也没能见他一面，母亲录寻子视频泪流满面。程玉道看到视频后回到老家，称没混出名堂，也身不由己，20年间多次转行没能挣到钱，害怕家人责怪。@一手Video L一手video的秒拍视频",
        "uid": "6004281123/",
        "followers_count": "22995514",
        "statuses_count": "68281",
        "verified": 1,
        "has_description": 1,
        "parent": "0",
        "user_created_at": "2016-08-16"
    },
    {
        "mid": "4528104649529141",
        "has_multimedia": 1,
        "comments_count": 0,
        "reposts_count": 0,
        "attitudes_count": 0,
        "t": "1595067739000",
        "text": "自从有了互联网，什么事都见惯不怪了。",
        "uid": "2442577205/",
        "followers_count": "197",
        "statuses_count": "1878",
        "verified": 0,
        "user_created_at": "2011-11-03",
        "has_description": 1,
        "parent": "4527980767088780"
    },
    {
        "mid": "4528027181260918",
        "has_multimedia": 1,
        "comments_count": 0,
        "reposts_count": 0,
        "attitudes_count": 0,
        "t": "1595049269000",
        "text": "转发微博",
        "uid": "2340481403/",
        "followers_count": "921",
        "statuses_count": "62107",
        "verified": 0,
        "user_created_at": "2011-09-03",
        "has_description": 1,
        "parent": "4527980767088780"
    },
    {
        "mid": "4528025359887081",
        "has_multimedia": 1,
        "comments_count": 0,
        "reposts_count": 0,
        "attitudes_count": 0,
        "t": "1595048835000",
        "text": "//@四个夫人:邻居大叔姐姐病重期间（前后一个半月），邻居大叔每天上午陪伴在姐姐床前，风雨无阻，直到撒手！邻居大叔伤心过度没参加姐姐丧礼，人们就议论指责谩骂邻居大叔没人性都不去送姐姐最后一程！【爱不爱，孝不孝，不在形式！不必向外人解释！一家人能一如既往相亲相爱，就能证明一切！】",
        "uid": "7411275262/",
        "followers_count": "45",
        "statuses_count": "3003",
        "verified": 0,
        "user_created_at": "2020-03-12",
        "has_description": 1,
        "parent": "4527980767088780"
    }
]