[
    {
        "mid": "4527965666282349",
        "has_multimedia": 1,
        "comments_count": 498,
        "reposts_count": 174,
        "attitudes_count": 2471,
        "t": "1595034603000",
        "text": "【恐怖！#25吨重物滚落压扁轿车司机当场死亡#】近日，吉林白城发生一起大型车辆“车载重物”滚落砸毁车辆突发事故。因捆绑不牢固，货车紧急避让小轿车时，一重25.6吨的风力发电机器部件从货车上滚落，重重压在小轿车前部，造成驾驶员徐某当场死亡。事故发生后，交警和消防赶到现场，并迅速联系上徐某家属。目前，货车驾驶员已被警方控制，公安机关介入调查，相关认定工作还在进行中。LJSTV荔枝视频的秒拍视频",
        "uid": "1974576991/",
        "followers_count": "28214373",
        "statuses_count": "190630",
        "verified": 1,
        "has_description": 1,
        "parent": "0",
        "user_created_at": "2011-02-17"
    },
    {
        "mid": "4528039012862371",
        "has_multimedia": 1,
        "comments_count": 0,
        "reposts_count": 0,
        "attitudes_count": 0,
        "t": "1595052089000",
        "text": "转发微博",
        "uid": "2748235670/",
        "followers_count": "236",
        "statuses_count": "678",
        "verified": 0,
        "user_created_at": "2012-05-13",
        "has_description": 1,
        "parent": "4527965666282349"
    },
    {
        "mid": "4528026613710955",
        "has_multimedia": 1,
        "comments_count": 0,
        "reposts_count": 0,
        "attitudes_count": 0,
        "t": "1595049133000",
        "text": "连地都在颤抖诶",
        "uid": "5319737589/",
        "followers_count": "546",
        "statuses_count": "7476",
        "verified": 0,
        "user_created_at": "2014-10-07",
        "has_description": 1,
        "parent": "4527965666282349"
    }
]