[
    {
        "mid": "4527982310332830",
        "has_multimedia": 1,
        "comments_count": 95,
        "reposts_count": 35,
        "attitudes_count": 112,
        "t": "1595038571000",
        "text": "【神人故事：#三万六千行# 武汉人的夏天应该是怎样的？】光头今年36岁，和20岁时的自己一样极度爱酒。作为一名土生土长的武汉人，没有看见今年满眼樱花的春天很是遗憾，因此也对夏天更加充满期待。冰镇西瓜、烧烤、小龙虾，再来一杯樱花酒，喝起呀！#钢铁直男酿樱花酒记录武汉#L一人谈视频的微博视频 ​​​​",
        "uid": "5133215733/",
        "followers_count": "11554850",
        "statuses_count": "6886",
        "verified": 1,
        "user_created_at": "2014-05-06",
        "has_description": 1,
        "parent": "0"
    },
    {
        "mid": "4528300788287208",
        "has_multimedia": 1,
        "comments_count": 0,
        "reposts_count": 0,
        "attitudes_count": 0,
        "t": "1595114502000",
        "text": "转发微博",
        "uid": "1264586314/",
        "followers_count": "910",
        "statuses_count": "12166",
        "verified": 1,
        "user_created_at": "2012-03-14",
        "has_description": 1,
        "parent": "4527982310332830"
    },
    {
        "mid": "4528179659682842",
        "has_multimedia": 1,
        "comments_count": 0,
        "reposts_count": 0,
        "attitudes_count": 0,
        "t": "1595085623000",
        "text": "",
        "uid": "5723192497/",
        "followers_count": "488",
        "statuses_count": "23333",
        "verified": 1,
        "user_created_at": "2015-10-10",
        "has_description": 1,
        "parent": "4527982310332830"
    },
    {
        "mid": "4528178602969986",
        "has_multimedia": 1,
        "comments_count": 0,
        "reposts_count": 0,
        "attitudes_count": 0,
        "t": "1595085370000",
        "text": "转发微博",
        "uid": "2934509295/",
        "followers_count": "1312",
        "statuses_count": "2502",
        "verified": 0,
        "user_created_at": "2012-08-30",
        "has_description": 1,
        "parent": "4527982310332830"
    },
    {
        "mid": "4528175223153348",
        "has_multimedia": 1,
        "comments_count": 0,
        "reposts_count": 0,
        "attitudes_count": 0,
        "t": "1595084565000",
        "text": "",
        "uid": "6357090233/",
        "followers_count": "381",
        "statuses_count": "9221",
        "verified": 1,
        "user_created_at": "2017-09-06",
        "has_description": 0,
        "parent": "4527982310332830"
    },
    {
        "mid": "4528173625121516",
        "has_multimedia": 1,
        "comments_count": 0,
        "reposts_count": 0,
        "attitudes_count": 0,
        "t": "1595084184000",
        "text": "这个点看见突然好饿",
        "uid": "5175112712/",
        "followers_count": "37",
        "statuses_count": "548",
        "verified": 0,
        "user_created_at": "2014-06-10",
        "has_description": 0,
        "parent": "4527982310332830"
    },
    {
        "mid": "4528173570327218",
        "has_multimedia": 1,
        "comments_count": 0,
        "reposts_count": 0,
        "attitudes_count": 0,
        "t": "1595084170000",
        "text": "转发微博",
        "uid": "5033113325/",
        "followers_count": "112",
        "statuses_count": "5557",
        "verified": 0,
        "user_created_at": "2014-02-12",
        "has_description": 1,
        "parent": "4527982310332830"
    },
    {
        "mid": "4528173558277339",
        "has_multimedia": 1,
        "comments_count": 0,
        "reposts_count": 0,
        "attitudes_count": 0,
        "t": "1595084168000",
        "text": "转发微博",
        "uid": "5516202187/",
        "followers_count": "97",
        "statuses_count": "748",
        "verified": 0,
        "user_created_at": "2015-02-11",
        "has_description": 0,
        "parent": "4527982310332830"
    },
    {
        "mid": "4528173515021525",
        "has_multimedia": 1,
        "comments_count": 0,
        "reposts_count": 0,
        "attitudes_count": 0,
        "t": "1595084157000",
        "text": "干",
        "uid": "5626385515/",
        "followers_count": "38",
        "statuses_count": "1925",
        "verified": 0,
        "user_created_at": "2015-06-07",
        "has_description": 1,
        "parent": "4527982310332830"
    },
    {
        "mid": "4528173511871590",
        "has_multimedia": 1,
        "comments_count": 0,
        "reposts_count": 0,
        "attitudes_count": 0,
        "t": "1595084156000",
        "text": "整起",
        "uid": "7363336995/",
        "followers_count": "102",
        "statuses_count": "433",
        "verified": 0,
        "user_created_at": "2019-12-28",
        "has_description": 1,
        "parent": "4527982310332830"
    },
    {
        "mid": "4528173397577327",
        "has_multimedia": 1,
        "comments_count": 0,
        "reposts_count": 0,
        "attitudes_count": 0,
        "t": "1595084129000",
        "text": "转发微博",
        "uid": "5310730385/",
        "followers_count": "131",
        "statuses_count": "311",
        "verified": 0,
        "user_created_at": "2014-09-26",
        "has_description": 1,
        "parent": "4527982310332830"
    }
]