[
    {
        "mid": "4527966837801992",
        "has_multimedia": 1,
        "comments_count": 212,
        "reposts_count": 82,
        "attitudes_count": 2559,
        "t": "1595034881000",
        "text": "2020年7月17日下午，受全国政协外事委员会邀请，我很荣幸地为20多位委员们进行了关于全球化的理论著作的学术导读，也阐述了我的一些相关观点。委员们踊跃发言，并结合历史和现实进行了深刻的探讨。老部长、老大使、老领导们可谓曾经沧海、见多识广，都是中国崛起过程中的得力干将和有功之臣。如今百战归来再读书，勤学好思不耻下问，他们探讨的问题都非常到位，我自己也颇受启发。#V光计划#",
        "uid": "7452092375/",
        "followers_count": "119038",
        "statuses_count": "74",
        "verified": 1,
        "user_created_at": "2020-05-07",
        "has_description": 0,
        "parent": "0"
    },
    {
        "mid": "4528342919809265",
        "has_multimedia": 1,
        "comments_count": 0,
        "reposts_count": 0,
        "attitudes_count": 0,
        "t": "1595124546000",
        "text": "//@中正鹰:转发微博",
        "uid": "5615281362/",
        "followers_count": "1134",
        "statuses_count": "2283",
        "verified": 0,
        "user_created_at": "2015-07-18",
        "has_description": 0,
        "parent": "4527966837801992"
    },
    {
        "mid": "4528334061700344",
        "has_multimedia": 1,
        "comments_count": 0,
        "reposts_count": 0,
        "attitudes_count": 0,
        "t": "1595122434000",
        "text": "//@看的见海燕:我的判断是上面一直想走和平崛起路线，从未想过也没准备过跟美国撤底闹掰，可是2020太特殊，黑天鹅突然飞来，砸得措手不及，从迷茫到重新调整需要时间和定力//@豆浆守护者:上面的反应非常迅速了",
        "uid": "2602803562/",
        "followers_count": "408",
        "statuses_count": "9167",
        "verified": 0,
        "user_created_at": "2011-12-11",
        "has_description": 1,
        "parent": "4527966837801992"
    },
    {
        "mid": "4528332853479586",
        "has_multimedia": 1,
        "comments_count": 0,
        "reposts_count": 0,
        "attitudes_count": 0,
        "t": "1595122146000",
        "text": "//@中正鹰:转发微博",
        "uid": "1348015093/",
        "followers_count": "494",
        "statuses_count": "6039",
        "verified": 0,
        "user_created_at": "2013-04-13",
        "has_description": 1,
        "parent": "4527966837801992"
    }
]