[
    {
        "mid": "4527966405789741",
        "has_multimedia": 1,
        "comments_count": 486,
        "reposts_count": 401,
        "attitudes_count": 2450,
        "t": "1595034779000",
        "text": "【人民日报钟声：“造谣团伙”自毁信誉】一段时间以来，#美国一些政客俨然结成造谣团伙#，持续无端抹黑中国。他们有计划、有组织地罗织谎言，故意给中国泼脏水，是美国对外关系史上的耻辱一笔。美国一些政客臆造“一个国家赢了两次”的说辞，指责中国令美国“吃亏”，完全是毫无事实依据、彻头彻尾的谎言。即便在当前中美关系遭遇前所未有困难的形势下，两国互利合作也依然是客观存在。凭借造谣术解不了美国的燃眉之急，带不来美国的发展繁荣，更挡不住中国前进的脚步。 °“造谣团伙”自毁信誉",
        "uid": "2803301701/",
        "followers_count": "119868154",
        "statuses_count": "120657",
        "verified": 1,
        "has_description": 1,
        "parent": "0",
        "user_created_at": "2012-07-22"
    },
    {
        "mid": "4528062773069970",
        "has_multimedia": 1,
        "comments_count": 3,
        "reposts_count": 15,
        "attitudes_count": 10,
        "t": "1595057754000",
        "text": "舍本逐末，只会导致信誉的崩塌！ 造谣解不了美国的燃眉之急，带不来美国的发展繁荣，更挡不住中国前进的脚步。 #网络名人同心战疫#",
        "uid": "1411489797/",
        "followers_count": "3165522",
        "statuses_count": "21817",
        "verified": 1,
        "user_created_at": "2011-06-08",
        "has_description": 1,
        "parent": "4527966405789741"
    },
    {
        "mid": "4528070155573928",
        "has_multimedia": 1,
        "comments_count": 0,
        "reposts_count": 0,
        "attitudes_count": 0,
        "t": "1595059515000",
        "text": "//@风吟天下:舍本逐末，只会导致信誉的崩塌！ 造谣解不了美国的燃眉之急，带不来美国的发展繁荣，更挡不住中国前进的脚步。 #网络名人同心战疫#",
        "uid": "2131745972/",
        "followers_count": "2060",
        "statuses_count": "34001",
        "verified": 1,
        "user_created_at": "2011-05-04",
        "has_description": 1,
        "parent": "4528062773069970"
    },
    {
        "mid": "4528070129619628",
        "has_multimedia": 1,
        "comments_count": 0,
        "reposts_count": 0,
        "attitudes_count": 0,
        "t": "1595059509000",
        "text": "//@风吟天下:舍本逐末，只会导致信誉的崩塌！ 造谣解不了美国的燃眉之急，带不来美国的发展繁荣，更挡不住中国前进的脚步。 #网络名人同心战疫#",
        "uid": "1810573681/",
        "followers_count": "178",
        "statuses_count": "5215",
        "verified": 0,
        "user_created_at": "2010-09-04",
        "has_description": 0,
        "parent": "4528062773069970"
    },
    {
        "mid": "4528070088989424",
        "has_multimedia": 1,
        "comments_count": 0,
        "reposts_count": 0,
        "attitudes_count": 0,
        "t": "1595059499000",
        "text": "美国现在真的不容乐观//@风吟天下:舍本逐末，只会导致信誉的崩塌！ 造谣解不了美国的燃眉之急，带不来美国的发展繁荣，更挡不住中国前进的脚步。 #网络名人同心战疫#",
        "uid": "6631251906/",
        "followers_count": "452",
        "statuses_count": "17420",
        "verified": 0,
        "user_created_at": "2018-08-11",
        "has_description": 1,
        "parent": "4528062773069970"
    },
    {
        "mid": "4528070293458633",
        "has_multimedia": 1,
        "comments_count": 0,
        "reposts_count": 0,
        "attitudes_count": 0,
        "t": "1595059548000",
        "text": "//@风吟天下:舍本逐末，只会导致信誉的崩塌！ 造谣解不了美国的燃眉之急，带不来美国的发展繁荣，更挡不住中国前进的脚步。 #网络名人同心战疫#",
        "uid": "5514316458/",
        "followers_count": "194",
        "statuses_count": "2469",
        "verified": 0,
        "user_created_at": "2015-02-08",
        "has_description": 0,
        "parent": "4527966405789741"
    },
    {
        "mid": "4528070214028263",
        "has_multimedia": 1,
        "comments_count": 0,
        "reposts_count": 0,
        "attitudes_count": 0,
        "t": "1595059528000",
        "text": "//@风吟天下:舍本逐末，只会导致信誉的崩塌！ 造谣解不了美国的燃眉之急，带不来美国的发展繁荣，更挡不住中国前进的脚步。 #网络名人同心战疫#",
        "uid": "7111940848/",
        "followers_count": "1808",
        "statuses_count": "39070",
        "verified": 0,
        "user_created_at": "2019-05-02",
        "has_description": 0,
        "parent": "4527966405789741"
    }
]