[
    {
        "mid": "4527966681831757",
        "has_multimedia": 1,
        "comments_count": 191,
        "reposts_count": 21,
        "attitudes_count": 1116,
        "t": "1595034845000",
        "text": "【疫情通报｜深圳连续78天“0新增”！】截至7月17日24时，深圳累计报告新冠肺炎病例462例。深圳153天本地感染病例零报告，确诊病例清零，正在医学观察的无症状感染者清零，密切接触者清零。▫️境外输入：当日无新增，累计报告境外输入病例39例。▫️境内病例：当日无新增，累计报告境内病例423例。 ▫️无症状感染者：当日无新增，全市尚在医学观察的无症状感染者清零。累计报告确诊病例中，男性229例、女性233例。死亡3例，出院459例。",
        "uid": "2831150640/",
        "followers_count": "597827",
        "statuses_count": "19460",
        "verified": 1,
        "has_description": 1,
        "parent": "0",
        "user_created_at": "2012-06-29"
    },
    {
        "mid": "4528303450359165",
        "has_multimedia": 1,
        "comments_count": 0,
        "reposts_count": 0,
        "attitudes_count": 0,
        "t": "1595115136000",
        "text": "回复@爱老虎油的狮子:借里再回复一下：怪不得繁体字卫生署那么牛X，简体字核酸检测都要排。淘大花园是他们发现的。这次呵呵了。这次他们呵呵到几时？这个微生物专治繁体字卫生署（各种不服）。题外话：有关人士：大疫情后；是大汛情。",
        "uid": "5831199264/",
        "followers_count": "409",
        "statuses_count": "8462",
        "verified": 0,
        "user_created_at": "2016-01-16",
        "has_description": 0,
        "parent": "4527966681831757"
    },
    {
        "mid": "4528168059546877",
        "has_multimedia": 1,
        "comments_count": 0,
        "reposts_count": 0,
        "attitudes_count": 0,
        "t": "1595082857000",
        "text": "封关啊。。。。香港我看着就害怕//@星尚1888:封关吧 ，香港大爆发需要普筛！",
        "uid": "2530478657/",
        "verified": 0,
        "user_created_at": "2011-12-14",
        "has_description": 1,
        "parent": "4527966681831757",
        "followers_count": "1050",
        "statuses_count": "24648"
    },
    {
        "mid": "4528160281993607",
        "has_multimedia": 1,
        "comments_count": 0,
        "reposts_count": 0,
        "attitudes_count": 0,
        "t": "1595081003000",
        "text": "转发微博",
        "uid": "6688669692/",
        "followers_count": "1",
        "statuses_count": "186",
        "verified": 0,
        "user_created_at": "2018-09-09",
        "has_description": 1,
        "parent": "4527966681831757"
    },
    {
        "mid": "4528129915225587",
        "has_multimedia": 1,
        "comments_count": 0,
        "reposts_count": 0,
        "attitudes_count": 0,
        "t": "1595073762000",
        "text": "回复@爱老虎油的狮子:林太太有点难做。这第3波，从繁体字卫生署看出他们23年了，繁体字全港都还在排简体字。不仅仅是反对派的问题。重复我观点：疫情当前，林太太，卫生署、反对派都拉下面子，抗疫为大。简体字核酸检测他们都要抵制；这就是死的更快了。唉……无可救药。",
        "uid": "5831199264/",
        "followers_count": "409",
        "statuses_count": "8462",
        "verified": 0,
        "user_created_at": "2016-01-16",
        "has_description": 0,
        "parent": "4527966681831757"
    },
    {
        "mid": "4528125461149358",
        "has_multimedia": 1,
        "comments_count": 0,
        "reposts_count": 0,
        "attitudes_count": 0,
        "t": "1595072701000",
        "text": "回复@爱老虎油的狮子:是这样的。繁体字林太太很难做……我的观点：疫情当头，繁体字反对派消停一下，感染病毒谁都不好过……繁体字反对派就算要闹，等第三波疫情下去了再闹。//@爱老虎油的狮子:，原来是这样。那繁体字没得救，怕这怕那，去与国际字接轨",
        "uid": "5831199264/",
        "followers_count": "409",
        "statuses_count": "8462",
        "verified": 0,
        "user_created_at": "2016-01-16",
        "has_description": 0,
        "parent": "4527966681831757"
    },
    {
        "mid": "4528121954962561",
        "has_multimedia": 1,
        "comments_count": 0,
        "reposts_count": 0,
        "attitudes_count": 1,
        "t": "1595071864000",
        "text": "繁体字资本主义社会。简体字特色主义社会。简体字媒体根本没搞懂（最基本的常识）。//@我特摇滚:不是那么回事儿。繁体字用豁免权字。简体字从不用豁免 字 词。繁体字的飞机员、船员；繁体字不敢惹。机员、船员不隔离（豁免），繁体字隔离机员、船员；当事国马上抗议繁体字侵犯人权。//@爱老虎油的狮子:",
        "uid": "5831199264/",
        "followers_count": "409",
        "statuses_count": "8462",
        "verified": 0,
        "user_created_at": "2016-01-16",
        "has_description": 0,
        "parent": "4527966681831757"
    }
]