[
    {
        "mid": "4527984290041729",
        "has_multimedia": 1,
        "comments_count": 151,
        "reposts_count": 160,
        "attitudes_count": 1138,
        "t": "1595039043000",
        "text": "【女子醉酒袭警入狱留下3个月大婴儿 民警轮流照顾9个月】#平安法治2020##警民同心#去年9月，福建莆田一醉酒女子用电动车故意挡住环卫车，因担心女子醉驾，民警先将其车钥匙收好，结果女子开始：一哭、二闹、三咬人。最终女子以妨碍公务罪被判有期徒刑1年。由于女子有一个孩子，才3个月大，民警四处奔波寻找其他亲属，但孩子的奶奶和舅舅均表示，因生活所困无法抚养。于是，@城厢公安 凤凰山派出所的民警便轮流照顾起孩子，直到今年6月30日孩子被送进福利院。L看看新闻Knews的秒拍视频",
        "uid": "2328516855/",
        "followers_count": "31312849",
        "statuses_count": "86607",
        "verified": 1,
        "has_description": 1,
        "parent": "0",
        "user_created_at": "2011-08-28"
    },
    {
        "mid": "4528081232465671",
        "has_multimedia": 1,
        "comments_count": 0,
        "reposts_count": 0,
        "attitudes_count": 0,
        "t": "1595062155000",
        "text": "//@安庆望江公安华阳派出所: 转发微博",
        "uid": "5015035182/",
        "followers_count": "65",
        "statuses_count": "45578",
        "verified": 0,
        "user_created_at": "2014-01-26",
        "has_description": 0,
        "parent": "4527984290041729"
    },
    {
        "mid": "4528078754417764",
        "has_multimedia": 1,
        "comments_count": 0,
        "reposts_count": 0,
        "attitudes_count": 1,
        "t": "1595061564000",
        "text": "明白是依法依规执法，但这法律判决？？违法的成本和社会危害性差异太大。//@种花家的年小糕://@花凤凰废婚forHer:#屌国屌法# //@想睡觉的算:？？哺乳期妈妈醉酒“妨碍公务”判一年？？男性非法闯入性骚扰女性关5天？男人长期囚禁暴力妻子最终打死她判关四年？？",
        "uid": "3873427988/",
        "followers_count": "228",
        "statuses_count": "13991",
        "verified": 0,
        "user_created_at": "2013-10-26",
        "has_description": 1,
        "parent": "4527984290041729"
    },
    {
        "mid": "4528077193348564",
        "has_multimedia": 1,
        "comments_count": 0,
        "reposts_count": 1,
        "attitudes_count": 0,
        "t": "1595061192000",
        "text": "//@花凤凰废婚forHer:#屌国屌法# //@想睡觉的算:？？哺乳期妈妈醉酒“妨碍公务”判一年？？男性非法闯入性骚扰女性关5天？男人长期囚禁暴力妻子最终打死她判关四年？？",
        "uid": "5584443039/",
        "followers_count": "94",
        "statuses_count": "3969",
        "verified": 0,
        "user_created_at": "2015-04-10",
        "has_description": 1,
        "parent": "4527984290041729"
    }
]