[
    {
        "mid": "4527984033661119",
        "has_multimedia": 1,
        "comments_count": 98,
        "reposts_count": 79,
        "attitudes_count": 557,
        "t": "1595038981000",
        "text": "【#业主称被物业监视近一年#：几点回家几点出门都被记录拍照】近日，东莞业主喻先生称自己被小区物业监视近一年，几点出门几点回家都被保安拍照传给物业经理，怀疑这和自己曾维权有关。据东莞电视台报道，物业经理称，是为了解业主是否有和其他物业公司来往，无其他恶意。L一手video的秒拍视频 ​​​",
        "uid": "1267454277/",
        "followers_count": "20596340",
        "statuses_count": "56935",
        "verified": 1,
        "has_description": 1,
        "parent": "0",
        "user_created_at": "2010-03-17"
    },
    {
        "mid": "4527996466368424",
        "has_multimedia": 1,
        "comments_count": 2,
        "reposts_count": 18,
        "attitudes_count": 0,
        "t": "1595041946000",
        "text": "这个物业公司太过分了，业主有权利和其他物业公司接触联系。物业公司暗中监视涉嫌侵犯了业主个人隐私，赶快停止吧！",
        "uid": "1403436892/",
        "followers_count": "10152",
        "statuses_count": "13966",
        "verified": 1,
        "user_created_at": "2010-05-15",
        "has_description": 1,
        "parent": "4527984033661119"
    },
    {
        "mid": "4528124500650550",
        "has_multimedia": 1,
        "comments_count": 0,
        "reposts_count": 0,
        "attitudes_count": 0,
        "t": "1595072472000",
        "text": "涉嫌侵犯公民个人信息罪，应当追究刑事责任，有相关判例。//@隋彭生民商法://@成都夏卫强律师:这个物业公司太过分了，业主有权利和其他物业公司接触联系。物业公司暗中监视涉嫌侵犯了业主个人隐私，赶快停止吧！",
        "uid": "7441472980/",
        "followers_count": "7",
        "statuses_count": "376",
        "verified": 0,
        "user_created_at": "2020-04-23",
        "has_description": 0,
        "parent": "4527996466368424"
    },
    {
        "mid": "4528103163956880",
        "has_multimedia": 1,
        "comments_count": 0,
        "reposts_count": 0,
        "attitudes_count": 0,
        "t": "1595067384000",
        "text": "//@刘文华律师:多少物业公司阻止成立业委会，扮演黑恶势力角色？//@隋彭生民商法://@成都夏卫强律师:这个物业公司太过分了，业主有权利和其他物业公司接触联系。物业公司暗中监视涉嫌侵犯了业主个人隐私，赶快停止吧！",
        "uid": "1661136682/",
        "followers_count": "438",
        "statuses_count": "8907",
        "verified": 0,
        "user_created_at": "2012-06-16",
        "has_description": 1,
        "parent": "4527996466368424"
    },
    {
        "mid": "4528100883045585",
        "has_multimedia": 1,
        "comments_count": 0,
        "reposts_count": 0,
        "attitudes_count": 0,
        "t": "1595066841000",
        "text": "//@刘文华律师:多少物业公司阻止成立业委会，扮演黑恶势力角色？//@隋彭生民商法://@成都夏卫强律师:这个物业公司太过分了，业主有权利和其他物业公司接触联系。物业公司暗中监视涉嫌侵犯了业主个人隐私，赶快停止吧！",
        "uid": "2250857130/",
        "followers_count": "284",
        "statuses_count": "26101",
        "verified": 0,
        "user_created_at": "2011-07-16",
        "has_description": 1,
        "parent": "4527996466368424"
    },
    {
        "mid": "4528313265030252",
        "has_multimedia": 1,
        "comments_count": 0,
        "reposts_count": 0,
        "attitudes_count": 0,
        "t": "1595117476000",
        "text": "//@刘文华律师: 多少物业公司阻止成立业委会，扮演黑恶势力角色？//@隋彭生民商法://@成都夏卫强律师:这个物业公司太过分了，业主有权利和其他物业公司接触联系。物业公司暗中监视涉嫌侵犯了业主个人隐私，赶快停止吧！",
        "uid": "1226931875/",
        "followers_count": "1173",
        "statuses_count": "5298",
        "verified": 0,
        "user_created_at": "2010-03-28",
        "has_description": 1,
        "parent": "4527984033661119"
    },
    {
        "mid": "4528272418013966",
        "has_multimedia": 1,
        "comments_count": 3,
        "reposts_count": 18,
        "attitudes_count": 4,
        "t": "1595048220000",
        "text": "//@成都夏卫强律师:这个物业公司太过分了，业主有权利和其他物业公司接触联系。物业公司暗中监视涉嫌侵犯了业主个人隐私，赶快停止吧！",
        "uid": "1210255860/",
        "followers_count": "368",
        "statuses_count": "2653",
        "verified": 1,
        "user_created_at": "2010-01-07",
        "has_description": 1,
        "parent": "4527984033661119"
    }
]