[
    {
        "mid": "4527984545630376",
        "has_multimedia": 1,
        "comments_count": 98,
        "reposts_count": 221,
        "attitudes_count": 546,
        "t": "1595039104000",
        "text": "【#美国德堡生物实验室暗史#：继承“731部队”遗产】美国陆军传染病医学研究所，又称德特里克堡生物实验室，曾在二战后接管日本731部队的头目石井四郎。双方达成协议，石井同意提供人体试验数据换取免于被起诉战争罪。（视频来源：综合NHK DVIDS及网络）O美国德堡生物实验室暗史：继承“731部队”遗产 L澎湃新闻的微博视频 ​​​​",
        "uid": "5044281310/",
        "followers_count": "24937187",
        "statuses_count": "69848",
        "verified": 1,
        "has_description": 1,
        "parent": "0",
        "user_created_at": "2012-01-01"
    },
    {
        "mid": "4528337180951192",
        "has_multimedia": 1,
        "comments_count": 0,
        "reposts_count": 0,
        "attitudes_count": 0,
        "t": "1595123178000",
        "text": "转发微博",
        "uid": "7024542607/",
        "followers_count": "25",
        "statuses_count": "1799",
        "verified": 0,
        "user_created_at": "2019-03-08",
        "has_description": 1,
        "parent": "4527984545630376"
    },
    {
        "mid": "4528328470431427",
        "has_multimedia": 1,
        "comments_count": 0,
        "reposts_count": 0,
        "attitudes_count": 0,
        "t": "1595121101000",
        "text": "转发微博",
        "uid": "2097232195/",
        "followers_count": "36",
        "statuses_count": "3560",
        "verified": 1,
        "user_created_at": "2011-04-20",
        "has_description": 1,
        "parent": "4527984545630376"
    }
]