[
    {
        "mid": "4527985795531163",
        "has_multimedia": 1,
        "comments_count": 58,
        "reposts_count": 17,
        "attitudes_count": 258,
        "t": "1595039401000",
        "text": "说来，今年水这么大，和98年比还是弱得多。那年长江流域和今年大差不差的，可怕的是珠江、松花江、嫩江全涝了……没经历过那年的朋友可以想象一下，今年长江流域的恐怖，再扩散到东北和广东，那是个啥感觉…… ​​​​",
        "uid": "1353509550/",
        "followers_count": "4188836",
        "statuses_count": "35862",
        "verified": 1,
        "user_created_at": "2009-09-22",
        "has_description": 1,
        "parent": "0"
    },
    {
        "mid": "4528342768292055",
        "has_multimedia": 1,
        "comments_count": 0,
        "reposts_count": 0,
        "attitudes_count": 0,
        "t": "1595124511000",
        "text": "//@花落成蚀:说来，我觉得长江中下游得感谢2016年那一波洪水……至少在武汉，2016年那一轮暴露了小型支流防汛的松懈，随后就开始查漏补缺了。要没那一轮，今年一开始可能更措手不及……",
        "uid": "5261987536/",
        "followers_count": "200",
        "statuses_count": "6600",
        "verified": 0,
        "user_created_at": "2014-08-19",
        "has_description": 1,
        "parent": "4527985795531163"
    },
    {
        "mid": "4528172756632454",
        "has_multimedia": 1,
        "comments_count": 0,
        "reposts_count": 0,
        "attitudes_count": 0,
        "t": "1595083976000",
        "text": "转发",
        "uid": "1602866584/",
        "followers_count": "1276",
        "statuses_count": "59901",
        "verified": 0,
        "user_created_at": "2013-05-28",
        "has_description": 0,
        "parent": "4527985795531163"
    },
    {
        "mid": "4528150497994267",
        "has_multimedia": 1,
        "comments_count": 0,
        "reposts_count": 0,
        "attitudes_count": 0,
        "t": "1595078670000",
        "text": "只知道98年大洪水，但那年才9岁，根本也不知道到底有多大",
        "uid": "1834308037/",
        "followers_count": "570",
        "statuses_count": "12284",
        "verified": 0,
        "user_created_at": "2010-10-19",
        "has_description": 1,
        "parent": "4527985795531163"
    },
    {
        "mid": "4528023385412426",
        "has_multimedia": 1,
        "comments_count": 0,
        "reposts_count": 0,
        "attitudes_count": 0,
        "t": "1595048363000",
        "text": "当年说，为了保广州，要炸佛山这边的堤。于是我家屯了几箱泡面。从此喜欢上出前一丁。可是很贵啊，上学时不舍得买",
        "uid": "5827893857/",
        "followers_count": "1399",
        "statuses_count": "2758",
        "verified": 0,
        "user_created_at": "2016-01-11",
        "has_description": 1,
        "parent": "4527985795531163"
    },
    {
        "mid": "4528015604194645",
        "has_multimedia": 1,
        "comments_count": 0,
        "reposts_count": 0,
        "attitudes_count": 0,
        "t": "1595046509000",
        "text": "//@没头脑栗和不高兴桃:98年真的太惨了，住在荆江段，解放军来抗洪睡在我们初中学校里，日常社交新闻都是哪里哪里大堤上值班的人又被洪水卷走，同学乡下家里成了泄洪区，我和妈妈再楼顶看着长江忧心忡忡。送解放军叔叔走的时候全市人民都出来了，同学们都拿零花钱买了小零食装在信封里赶上一个就递一个",
        "uid": "2493569970/",
        "followers_count": "170",
        "statuses_count": "26818",
        "verified": 0,
        "user_created_at": "2011-10-25",
        "has_description": 1,
        "parent": "4527985795531163"
    },
    {
        "mid": "4528015562250054",
        "has_multimedia": 1,
        "comments_count": 0,
        "reposts_count": 0,
        "attitudes_count": 0,
        "t": "1595046499000",
        "text": "转发微博",
        "uid": "2493569970/",
        "followers_count": "170",
        "statuses_count": "26818",
        "verified": 0,
        "user_created_at": "2011-10-25",
        "has_description": 1,
        "parent": "4527985795531163"
    },
    {
        "mid": "4528010365505907",
        "has_multimedia": 1,
        "comments_count": 0,
        "reposts_count": 0,
        "attitudes_count": 0,
        "t": "1595045260000",
        "text": "那年那段时间，大人们天天换班巡逻，有几次晚上大广播通知有情况，大半夜的一个个拖家带口搞迁徙，往通知的地势高的地方去",
        "uid": "2656528941/",
        "followers_count": "90",
        "statuses_count": "13940",
        "verified": 0,
        "user_created_at": "2012-03-10",
        "has_description": 0,
        "parent": "4527985795531163"
    },
    {
        "mid": "4528007048332202",
        "has_multimedia": 1,
        "comments_count": 0,
        "reposts_count": 0,
        "attitudes_count": 0,
        "t": "1595044468000",
        "text": "//@没头脑栗和不高兴桃:98年真的太惨了，住在荆江段，解放军来抗洪睡在我们初中学校里，日常社交新闻都是哪里哪里大堤上值班的人又被洪水卷走，同学乡下家里成了泄洪区，我和妈妈再楼顶看着长江忧心忡忡。送解放军叔叔走的时候全市人民都出来了，同学们都拿零花钱买了小零食装在信封里赶上一个就递一个",
        "uid": "2714601793/",
        "followers_count": "86",
        "statuses_count": "229",
        "verified": 0,
        "user_created_at": "2012-04-20",
        "has_description": 1,
        "parent": "4527985795531163"
    },
    {
        "mid": "4528005105849114",
        "has_multimedia": 1,
        "comments_count": 0,
        "reposts_count": 0,
        "attitudes_count": 0,
        "t": "1595044006000",
        "text": "98年的水利建设跟现在能比吗……",
        "uid": "2068508457/",
        "followers_count": "343",
        "statuses_count": "895",
        "verified": 0,
        "user_created_at": "2013-06-13",
        "has_description": 1,
        "parent": "4527985795531163"
    }
]