[
    {
        "mid": "4527985787408321",
        "has_multimedia": 1,
        "comments_count": 88,
        "reposts_count": 18,
        "attitudes_count": 442,
        "t": "1595039400000",
        "text": "【#乌鲁木齐#邮政同城配送正常开展】#疫情防控动态# 家里的蔬菜吃完了怎么购买？生活用品不够用怎么办？7月17日，记者从中国邮政集团有限公司乌鲁木齐市分公司获悉，为做好疫情防控服务保障工作，该公司正常开展邮政同城配送业务，增建配送队伍，将蔬菜、水果、米面油等所需生活物品送至市民手中。O网页链接",
        "uid": "1904947977/",
        "followers_count": "1186562",
        "statuses_count": "99685",
        "verified": 1,
        "has_description": 1,
        "parent": "0",
        "user_created_at": "2010-12-28"
    },
    {
        "mid": "4528043764223528",
        "has_multimedia": 1,
        "comments_count": 0,
        "reposts_count": 0,
        "attitudes_count": 0,
        "t": "1595053223000",
        "text": "我现在就想知道网购的东西还能过来不？",
        "uid": "7459380797/",
        "followers_count": "10275",
        "statuses_count": "11",
        "verified": 0,
        "user_created_at": "2020-05-24",
        "has_description": 0,
        "parent": "4527985787408321"
    },
    {
        "mid": "4528032272355232",
        "has_multimedia": 1,
        "comments_count": 0,
        "reposts_count": 0,
        "attitudes_count": 0,
        "t": "1595050483000",
        "text": "转发微博",
        "uid": "1036458667/",
        "followers_count": "8509",
        "statuses_count": "23",
        "verified": 1,
        "user_created_at": "2010-12-21",
        "has_description": 0,
        "parent": "4527985787408321"
    }
]