[
    {
        "mid": "4527987355028951",
        "has_multimedia": 1,
        "comments_count": 439,
        "reposts_count": 430,
        "attitudes_count": 8567,
        "t": "1595039774000",
        "text": "【收下吧，这是母亲的心意！#兵妈妈拦车给消防员送饮料#】近日，湖北消防救援人员驰援江西鄱阳抗洪。昨天，他们清完一处淤泥乘车返回时，被一阿姨拦下。她提着两箱饮料往车上塞，被拒绝后哽咽拉住消防员的手，恳求他们收下。她说：“我也是兵妈妈，看到你们就想到儿子，我好想你们。” L湖北消防的微博视频 @湖北消防",
        "uid": "2656274875/",
        "followers_count": "111935767",
        "statuses_count": "130491",
        "verified": 1,
        "has_description": 1,
        "parent": "0",
        "user_created_at": "2012-03-07"
    },
    {
        "mid": "4528057551946342",
        "has_multimedia": 1,
        "comments_count": 0,
        "reposts_count": 0,
        "attitudes_count": 0,
        "t": "1595056509000",
        "text": "//@安庆望江公安华阳派出所: //@一点清风----:转发微博",
        "uid": "5757017534/",
        "followers_count": "98",
        "statuses_count": "44063",
        "verified": 0,
        "user_created_at": "2015-11-12",
        "has_description": 1,
        "parent": "4527987355028951"
    },
    {
        "mid": "4528056641783460",
        "has_multimedia": 1,
        "comments_count": 0,
        "reposts_count": 0,
        "attitudes_count": 0,
        "t": "1595056292000",
        "text": "转发微博",
        "uid": "6178668881/",
        "followers_count": "7",
        "statuses_count": "606",
        "verified": 0,
        "user_created_at": "2017-03-19",
        "has_description": 1,
        "parent": "4527987355028951"
    }
]