[
    {
        "mid": "4527987950880667",
        "has_multimedia": 1,
        "comments_count": 98,
        "reposts_count": 16,
        "attitudes_count": 514,
        "t": "1595039916000",
        "text": "回来了 2武汉 ​​​​",
        "uid": "6420726021/",
        "followers_count": "4679794",
        "statuses_count": "1279",
        "verified": 1,
        "user_created_at": "2017-11-30",
        "has_description": 1,
        "parent": "0"
    },
    {
        "mid": "4528072747130036",
        "has_multimedia": 1,
        "comments_count": 0,
        "reposts_count": 0,
        "attitudes_count": 0,
        "t": "1595060133000",
        "text": "是和盗月社一起吗？",
        "uid": "1870024787/",
        "followers_count": "228",
        "statuses_count": "4379",
        "verified": 0,
        "user_created_at": "2010-11-21",
        "has_description": 0,
        "parent": "4527987950880667"
    },
    {
        "mid": "4528053692145667",
        "has_multimedia": 1,
        "comments_count": 0,
        "reposts_count": 0,
        "attitudes_count": 0,
        "t": "1595055590000",
        "text": "叔，来武汉了啊，请你喝杯咖啡！",
        "uid": "1819560813/",
        "followers_count": "2392",
        "statuses_count": "9527",
        "verified": 1,
        "user_created_at": "2010-09-14",
        "has_description": 1,
        "parent": "4527987950880667"
    },
    {
        "mid": "4528048710619316",
        "has_multimedia": 1,
        "comments_count": 0,
        "reposts_count": 0,
        "attitudes_count": 0,
        "t": "1595054401000",
        "text": "欢迎回来",
        "uid": "5603346766/",
        "followers_count": "165",
        "statuses_count": "6925",
        "verified": 0,
        "user_created_at": "2015-05-07",
        "has_description": 1,
        "parent": "4527987950880667"
    }
]