[
    {
        "mid": "4527991437394090",
        "has_multimedia": 1,
        "comments_count": 76,
        "reposts_count": 65,
        "attitudes_count": 433,
        "t": "1595040746000",
        "text": "【#梅姨案被拐儿童还有4名未找回#】#梅姨案被拐16年少年回家父母发声#  7月17日晚，广州增城警方通报：7月15日分别在东莞和河源两地成功找回张某平案中被拐的2名孩子，7月17日，增城警方安排家属认亲，2名被拐孩子已与亲生父母相认。此 次认亲家庭分别来自湖南和四川，目前2名孩子都已经跟随父母回家。至此，涉及“梅姨案”的9个孩子，已有5个孩子被找回，仍有4个家庭在盼望着团聚。L齐鲁网的微博视频",
        "uid": "1618051664/",
        "followers_count": "80742291",
        "statuses_count": "187127",
        "verified": 1,
        "has_description": 1,
        "parent": "0",
        "user_created_at": "2009-08-28"
    },
    {
        "mid": "4528064011438992",
        "has_multimedia": 1,
        "comments_count": 0,
        "reposts_count": 0,
        "attitudes_count": 0,
        "t": "1595058050000",
        "text": "哭了 前天梦到妹妹走丢了 急得我梦里难受死",
        "uid": "3779508282/",
        "followers_count": "116",
        "statuses_count": "1117",
        "verified": 0,
        "user_created_at": "2013-09-07",
        "has_description": 0,
        "parent": "4527991437394090"
    },
    {
        "mid": "4528059216299785",
        "has_multimedia": 1,
        "comments_count": 0,
        "reposts_count": 0,
        "attitudes_count": 0,
        "t": "1595056906000",
        "text": "祈祷平安",
        "uid": "5646181190/",
        "followers_count": "1540",
        "statuses_count": "3739",
        "verified": 0,
        "user_created_at": "2015-07-04",
        "has_description": 0,
        "parent": "4527991437394090"
    },
    {
        "mid": "4528039067392327",
        "has_multimedia": 1,
        "comments_count": 0,
        "reposts_count": 0,
        "attitudes_count": 0,
        "t": "1595052103000",
        "text": "@平安江阳",
        "uid": "6351052212/",
        "followers_count": "4",
        "statuses_count": "279",
        "verified": 0,
        "user_created_at": "2017-08-21",
        "has_description": 0,
        "parent": "4527991437394090"
    }
]