[
    {
        "mid": "4527992770925212",
        "has_multimedia": 1,
        "comments_count": 162,
        "reposts_count": 61,
        "attitudes_count": 4743,
        "t": "1595041065000",
        "text": "美国国会将召开禁用TikTok的听证会，话说这个能用吗？禁不禁和我们也没啥关系。。 ​​​​",
        "uid": "5544385067/",
        "followers_count": "2535803",
        "statuses_count": "2163",
        "verified": 1,
        "user_created_at": "2015-03-08",
        "has_description": 1,
        "parent": "0"
    },
    {
        "mid": "4528001788940650",
        "has_multimedia": 1,
        "comments_count": 0,
        "reposts_count": 1,
        "attitudes_count": 0,
        "t": "1595043215000",
        "text": "纸俗软件",
        "uid": "6081670782/",
        "followers_count": "109",
        "statuses_count": "301",
        "verified": 0,
        "user_created_at": "2016-12-05",
        "has_description": 0,
        "parent": "4527992770925212"
    },
    {
        "mid": "4528001746209478",
        "has_multimedia": 0,
        "comments_count": 0,
        "reposts_count": 0,
        "attitudes_count": 0,
        "t": "1595043204000",
        "text": "美国的事跟我们有什么关系吗？我不支持他就听我的不干了？不干涉他国内政啊兄弟们，不要到时候让外网说我们说一套做一套嘛",
        "uid": "5514015160/",
        "followers_count": "34",
        "statuses_count": "488",
        "verified": 0,
        "user_created_at": "2015-02-08",
        "has_description": 0,
        "parent": "4527992770925212"
    },
    {
        "mid": "4527995283050122",
        "has_multimedia": 1,
        "comments_count": 0,
        "reposts_count": 0,
        "attitudes_count": 0,
        "t": "1595041663000",
        "text": "先让油管在大陆开放再谈别的",
        "uid": "1636069915/",
        "followers_count": "219",
        "statuses_count": "5487",
        "verified": 0,
        "user_created_at": "2009-11-27",
        "has_description": 0,
        "parent": "4527992770925212"
    }
]