[
    {
        "mid": "4527992469198357",
        "has_multimedia": 1,
        "comments_count": 68,
        "reposts_count": 12,
        "attitudes_count": 111,
        "t": "1595040993000",
        "text": "【#19岁外卖员送餐途中突发脑溢血死亡#：刚考上大专打工赚学费 双亲已病倒】 近日，19岁的外卖员张志强送餐途中，突然倒地昏迷不醒。医生抢救后无奈表示，“患者突发脑溢血，已经脑死亡。”张志强的父亲因工地事故刚经历大手术，母亲打工时病倒。今年5月张志强参加高职分类考试，上月收到大专院校的录取通知书，于是到合肥送外卖挣学费。@易视频 #19岁外卖员送餐途中突发脑溢血# L易视频的微博视频",
        "uid": "1660452532/",
        "followers_count": "5351093",
        "statuses_count": "134290",
        "verified": 1,
        "has_description": 1,
        "parent": "0",
        "user_created_at": "2012-01-01"
    },
    {
        "mid": "4528108948953525",
        "has_multimedia": 1,
        "comments_count": 0,
        "reposts_count": 0,
        "attitudes_count": 0,
        "t": "1595068764000",
        "text": "🙏//@平坝河谷地区早上有雾:年轻人太累了，生活压力啊！//@安森的森林:哎 累的",
        "uid": "1692508265/",
        "followers_count": "300",
        "statuses_count": "14597",
        "verified": 0,
        "user_created_at": "2011-09-22",
        "has_description": 1,
        "parent": "4527992469198357"
    },
    {
        "mid": "4528066220793266",
        "has_multimedia": 1,
        "comments_count": 0,
        "reposts_count": 0,
        "attitudes_count": 0,
        "t": "1595058577000",
        "text": "转发微博",
        "uid": "1722492135/",
        "followers_count": "89",
        "statuses_count": "11961",
        "verified": 0,
        "user_created_at": "2010-03-31",
        "has_description": 1,
        "parent": "4527992469198357"
    },
    {
        "mid": "4528024157166851",
        "has_multimedia": 1,
        "comments_count": 0,
        "reposts_count": 0,
        "attitudes_count": 0,
        "t": "1595048548000",
        "text": "我觉得近些年，老百姓生活得越来越不容易了，压力也越来越大了……",
        "uid": "5393960088/",
        "followers_count": "525",
        "statuses_count": "9614",
        "verified": 0,
        "user_created_at": "2014-12-02",
        "has_description": 1,
        "parent": "4527992469198357"
    }
]