[
    {
        "mid": "4527993512531881",
        "has_multimedia": 1,
        "comments_count": 60,
        "reposts_count": 14,
        "attitudes_count": 132,
        "t": "1595041242000",
        "text": "【欧洲头条：英国弃用华为是 “国家自残” ?】无视对华经贸关系的重要性，作出弃用华为的不理智决定，英国前议员乔治·加洛韦将此形容为“国家自残”。他表示，如中国进行反制，将摧毁本已脆弱的英国经济。O欧洲头条：英国弃用华为是 “国家自残” ? ​​​​",
        "uid": "1638782947/",
        "followers_count": "22140654",
        "statuses_count": "209861",
        "verified": 1,
        "has_description": 1,
        "parent": "0",
        "user_created_at": "2009-08-28"
    },
    {
        "mid": "4528102128753222",
        "has_multimedia": 1,
        "comments_count": 0,
        "reposts_count": 0,
        "attitudes_count": 0,
        "t": "1595067138000",
        "text": "英国已经失去了自己的“国家意志”，而是按照美国的国家意志而运转！",
        "uid": "1743138615/",
        "followers_count": "3281",
        "statuses_count": "31722",
        "verified": 0,
        "user_created_at": "2010-05-18",
        "has_description": 1,
        "parent": "4527993512531881"
    },
    {
        "mid": "4528059376732582",
        "has_multimedia": 1,
        "comments_count": 0,
        "reposts_count": 0,
        "attitudes_count": 0,
        "t": "1595056944000",
        "text": "如果反制能摧毁英国经济的话，那就行动吧",
        "uid": "2862403874/",
        "followers_count": "215",
        "statuses_count": "6006",
        "verified": 0,
        "user_created_at": "2012-07-06",
        "has_description": 0,
        "parent": "4527993512531881"
    }
]