[
    {
        "mid": "4527993631022214",
        "has_multimedia": 1,
        "comments_count": 467,
        "reposts_count": 260,
        "attitudes_count": 6014,
        "t": "1595041270000",
        "text": "【洪水红色预警！正在直播：#直击太湖防汛抗洪一线#】17日，太湖平均水位上涨至4.65米（保证水位），江苏省水利厅升级太湖洪水红色预警，太湖防总将防汛应急响应提升至Ⅰ级。目前太湖流域洪水外排力度加强，抗洪抢险人员24小时值守。@人民日报 联动@梨视频 直播↓↓关注！ L人民日报的微博视频 . ​​​​",
        "uid": "2803301701/",
        "followers_count": "119866294",
        "statuses_count": "120652",
        "verified": 1,
        "has_description": 1,
        "parent": "0",
        "user_created_at": "2012-07-22"
    },
    {
        "mid": "4528047220337944",
        "has_multimedia": 1,
        "comments_count": 0,
        "reposts_count": 0,
        "attitudes_count": 0,
        "t": "1595054047000",
        "text": "转发微博",
        "uid": "5234184528/",
        "followers_count": "3347",
        "statuses_count": "265154",
        "verified": 0,
        "user_created_at": "2014-07-27",
        "has_description": 0,
        "parent": "4527993631022214"
    },
    {
        "mid": "4528046264549393",
        "has_multimedia": 1,
        "comments_count": 0,
        "reposts_count": 0,
        "attitudes_count": 0,
        "t": "1595053818000",
        "text": "这个月一直在下雨。",
        "uid": "7475076322/",
        "followers_count": "1",
        "statuses_count": "37",
        "verified": 0,
        "user_created_at": "2020-06-26",
        "has_description": 1,
        "parent": "4527993631022214"
    }
]