[
    {
        "mid": "4527995525534532",
        "has_multimedia": 1,
        "comments_count": 298,
        "reposts_count": 647,
        "attitudes_count": 308,
        "t": "1595041722000",
        "text": "#北京连续12天零新增#【北京连续12天零新增确诊！新增1例无症状感染者，继续加油！】7月17日0时至24时，北京无新增报告本地确诊病例、疑似病例，#北京新增1例无症状感染者#，治愈出院病例13例；无新增报告境外输入确诊病例、疑似病例和无症状感染者。6月11日0时至7月17日24时，累计报告本地确诊病例335例，在院145例，治愈出院190例。尚在观察的无症状感染者18例；无新增报告境外输入新冠肺炎确诊病例、疑似病例和无症状感染者。全市无本地报告新增确诊病例，具体为平谷区自有疫情以来无报告病例、延庆区176天、怀柔区162天、顺义区160天、密云区157天、石景山区33天、门头沟区32天、房山区32天、东城区31天、通州区27天、朝阳区26天、西城区25天、海淀区22天、昌平区22天、大兴区17天、丰台区12天。（人民日报）2北京 #北京身边事#",
        "uid": "2952435102/",
        "followers_count": "4856114",
        "statuses_count": "16675",
        "verified": 1,
        "user_created_at": "2012-08-16",
        "has_description": 1,
        "parent": "0"
    },
    {
        "mid": "4527997396977180",
        "has_multimedia": 1,
        "comments_count": 109,
        "reposts_count": 109,
        "attitudes_count": 1,
        "t": "1595042167000",
        "text": "北京连续12天零新增确诊！新增1例无症状感染者，继续加油！",
        "uid": "2143399741/",
        "followers_count": "1213832",
        "statuses_count": "15124",
        "verified": 1,
        "user_created_at": "2011-05-26",
        "has_description": 1,
        "parent": "4527995525534532"
    },
    {
        "mid": "4528002958628449",
        "has_multimedia": 1,
        "comments_count": 0,
        "reposts_count": 0,
        "attitudes_count": 0,
        "t": "1595043494000",
        "text": "保持住！我想开学了",
        "uid": "6032775060/",
        "followers_count": "17",
        "statuses_count": "157",
        "verified": 0,
        "user_created_at": "2016-09-28",
        "has_description": 0,
        "parent": "4527995525534532"
    }
]