[
    {
        "mid": "4527996588007573",
        "has_multimedia": 1,
        "comments_count": 317,
        "reposts_count": 206,
        "attitudes_count": 2037,
        "t": "1595041975000",
        "text": "【#美国亚特兰大市长因口罩令被州长起诉#】日前，美国佐治亚州亚特兰大市出台了口罩强制令。但该州州长15日废除了强制令，甚至因此起诉亚特兰大市长博顿斯。博顿斯表示，会在职权范围内继续保护民众，“那就法庭上见”；她还称，这起诉讼并非偶然：“特朗普15日到访亚特兰大，我指出他不戴口罩，违反当地法律！” L央视新闻的微博视频",
        "uid": "2656274875/",
        "followers_count": "111935767",
        "statuses_count": "130491",
        "verified": 1,
        "has_description": 1,
        "parent": "0",
        "user_created_at": "2012-03-07"
    },
    {
        "mid": "4528057467802853",
        "has_multimedia": 1,
        "comments_count": 0,
        "reposts_count": 0,
        "attitudes_count": 0,
        "t": "1595056489000",
        "text": "//@安庆望江公安华阳派出所: //@一点清风----:转发微博",
        "uid": "5757017534/",
        "followers_count": "98",
        "statuses_count": "44063",
        "verified": 0,
        "user_created_at": "2015-11-12",
        "has_description": 1,
        "parent": "4527996588007573"
    },
    {
        "mid": "4528056314369546",
        "has_multimedia": 1,
        "comments_count": 0,
        "reposts_count": 1,
        "attitudes_count": 1,
        "t": "1595056215000",
        "text": "//@一点清风----:转发微博",
        "uid": "1893489274/",
        "followers_count": "18239",
        "statuses_count": "100853",
        "verified": 1,
        "has_description": 1,
        "parent": "4527996588007573",
        "user_created_at": "2010-12-13"
    }
]