[
    {
        "mid": "4528000064561129",
        "has_multimedia": 1,
        "comments_count": 2255,
        "reposts_count": 818,
        "attitudes_count": 29656,
        "t": "1595042804000",
        "text": "【#一对香港母子入境广东珠海确诊#，详情公布】7月18日8：30，广东省卫生健康委公布，珠海市新增2例境外（香港）输入新冠肺炎确诊病例。截至7月17日24时，该市累计确诊境外输入病例7例，无新增无症状感染者。新增2名病例具体情况如下：第6例境外（香港）输入病例：陈某，女，31岁，无业，香港籍，入境前半年一直在香港油尖旺区居住生活，以居家为主，2-3天外出买菜一次。7月16日晚经港珠澳大桥入境珠海，7月17日凌晨出现咽痛，无发热等其他症状。该病例于7月17日下午确诊，确诊前主要的活动轨迹如下：7月16日下午，陈某一家3人（同行两个孩子）由朋友开私家车从香港油尖旺区送至港珠澳大桥香港口岸。乘坐穿梭巴士入境珠海，18:45到达珠海口岸，在口岸接受流行病学调查及核酸采样检测后，乘坐大桥口岸入境人员转运专车，于23:34抵达珠海隔离酒店接受隔离。7月17日8：00，拱北海关反馈陈某核酸检测结果为阳性，即由负压救护车转送至中大五院隔离治疗。当天下午中大五院和市疾控中心采样核酸检测均为阳性。该病例为普通型，病情稳定。患者自述在乘车、口岸排队及等候期间均佩戴口罩。第7例境外（香港）输入病例：刘某，男，11岁，香港籍，为第6例境外输入病例的儿子。入境前半年在香港小学上学，7月14日开始放暑假，以居家为主。该病例于7月17日下午确诊，确诊前主要的活动轨迹与第6例病例一致。该病例为轻型，病情稳定。经专业流行病学调查判定，该2名病例在我市的密切接触者（包括家人、同车乘客和司机），已全部集中隔离接受医学观察。O一对香港母子入境广东珠海确诊，详情公布",
        "uid": "5044281310/",
        "followers_count": "24928946",
        "statuses_count": "69826",
        "verified": 1,
        "has_description": 1,
        "parent": "0",
        "user_created_at": "2012-01-01"
    },
    {
        "mid": "4528024865210780",
        "has_multimedia": 1,
        "comments_count": 47,
        "reposts_count": 13,
        "attitudes_count": 817,
        "t": "1595048716000",
        "text": "严格防控！周末疫情消息新疆，香港都有反弹🙏",
        "uid": "1896820725/",
        "followers_count": "6778088",
        "statuses_count": "95129",
        "verified": 1,
        "user_created_at": "2010-12-18",
        "has_description": 1,
        "parent": "4528000064561129"
    },
    {
        "mid": "4528061049739656",
        "has_multimedia": 1,
        "comments_count": 0,
        "reposts_count": 0,
        "attitudes_count": 0,
        "t": "1595057344000",
        "text": "哎，我大珠海//@天津股侠:严格防控！周末疫情消息新疆，香港都有反弹🙏",
        "uid": "1969358755/",
        "followers_count": "327",
        "statuses_count": "2747",
        "verified": 0,
        "user_created_at": "2011-02-14",
        "has_description": 1,
        "parent": "4528024865210780"
    },
    {
        "mid": "4528059929331542",
        "has_multimedia": 1,
        "comments_count": 47,
        "reposts_count": 13,
        "attitudes_count": 820,
        "t": "1595048700000",
        "text": "严格防控！周末疫情消息新疆，香港都有反弹🙏",
        "uid": "1658157651/",
        "followers_count": "667",
        "statuses_count": "9197",
        "verified": 1,
        "user_created_at": "2009-11-03",
        "has_description": 1,
        "parent": "4528024865210780"
    },
    {
        "mid": "4528050831624592",
        "has_multimedia": 1,
        "comments_count": 47,
        "reposts_count": 13,
        "attitudes_count": 820,
        "t": "1595048700000",
        "text": "严格防控！周末疫情消息新疆，香港都有反弹🙏",
        "uid": "5839402383/",
        "followers_count": "201",
        "statuses_count": "1595",
        "verified": 0,
        "user_created_at": "2016-01-27",
        "has_description": 0,
        "parent": "4528024865210780"
    },
    {
        "mid": "4528068921655615",
        "has_multimedia": 1,
        "comments_count": 0,
        "reposts_count": 0,
        "attitudes_count": 0,
        "t": "1595059220000",
        "text": "说白了，就是想免费到大陆治病",
        "uid": "2887730020/",
        "followers_count": "606",
        "statuses_count": "2308",
        "verified": 0,
        "user_created_at": "2012-08-03",
        "has_description": 0,
        "parent": "4528000064561129"
    }
]