[
    {
        "mid": "4528000899488347",
        "has_multimedia": 1,
        "comments_count": 127,
        "reposts_count": 76,
        "attitudes_count": 671,
        "t": "1595043003000",
        "text": "【#抗洪消防员遇上鄱阳话十级老人# 懵了！】#关注南方暴雨# 在鄱阳抗洪期间，萍乡消防员在疏散被困群众时，遇上“鄱阳话十级”老人家。消防员几度懵了～好在最终成功将老人送了出去。@江西消防 L江西消防的微博视频 ​​​​",
        "uid": "2286908003/",
        "followers_count": "76208713",
        "statuses_count": "178624",
        "verified": 1,
        "has_description": 1,
        "parent": "0",
        "user_created_at": "2011-08-05"
    },
    {
        "mid": "4528078104037900",
        "has_multimedia": 1,
        "comments_count": 0,
        "reposts_count": 0,
        "attitudes_count": 0,
        "t": "1595061409000",
        "text": "//@安庆望江公安华阳派出所: //@一点清风----:转发微博",
        "uid": "5015035182/",
        "followers_count": "65",
        "statuses_count": "45525",
        "verified": 0,
        "user_created_at": "2014-01-26",
        "has_description": 0,
        "parent": "4528000899488347"
    },
    {
        "mid": "4528076702878543",
        "has_multimedia": 1,
        "comments_count": 0,
        "reposts_count": 0,
        "attitudes_count": 0,
        "t": "1595061075000",
        "text": "鄱阳人也只听出他要去大桥那里，后面大概是告诉消防员桥那里有牌子的",
        "uid": "2257524654/",
        "followers_count": "291",
        "statuses_count": "3069",
        "verified": 0,
        "user_created_at": "2011-07-20",
        "has_description": 0,
        "parent": "4528000899488347"
    },
    {
        "mid": "4528070289009164",
        "has_multimedia": 1,
        "comments_count": 0,
        "reposts_count": 0,
        "attitudes_count": 0,
        "t": "1595059547000",
        "text": "//@安庆望江公安华阳派出所: //@一点清风----:转发微博",
        "uid": "5153533695/",
        "followers_count": "1123",
        "statuses_count": "100926",
        "verified": 0,
        "user_created_at": "2014-05-25",
        "has_description": 1,
        "parent": "4528000899488347"
    }
]