[
    {
        "mid": "4528000903418178",
        "has_multimedia": 1,
        "comments_count": 145,
        "reposts_count": 23,
        "attitudes_count": 829,
        "t": "1595043004000",
        "text": "19岁外卖员送餐途中突发脑溢血死亡，已考上大学只为挣学费。完整讨论戳：O网页链接#上虎扑关注步行街每日话题# L虎扑的步行街的微博视频 ​​​​",
        "uid": "2054300185/",
        "followers_count": "7103920",
        "statuses_count": "61739",
        "verified": 1,
        "user_created_at": "2011-03-29",
        "has_description": 1,
        "parent": "0"
    },
    {
        "mid": "4528075360966501",
        "has_multimedia": 1,
        "comments_count": 0,
        "reposts_count": 0,
        "attitudes_count": 0,
        "t": "1595060756000",
        "text": "...",
        "uid": "1220914325/",
        "followers_count": "1006",
        "statuses_count": "8157",
        "verified": 0,
        "user_created_at": "2010-08-03",
        "has_description": 1,
        "parent": "4528000903418178"
    },
    {
        "mid": "4528073783910773",
        "has_multimedia": 1,
        "comments_count": 0,
        "reposts_count": 0,
        "attitudes_count": 0,
        "t": "1595060380000",
        "text": "唉……",
        "uid": "2662261553/",
        "followers_count": "165",
        "statuses_count": "2606",
        "verified": 0,
        "user_created_at": "2012-03-14",
        "has_description": 1,
        "parent": "4528000903418178"
    },
    {
        "mid": "4528066074771471",
        "has_multimedia": 1,
        "comments_count": 0,
        "reposts_count": 0,
        "attitudes_count": 0,
        "t": "1595058541000",
        "text": "//@赵兄托你替我办点事:万般皆是命 半点不由人。",
        "uid": "2902728871/",
        "followers_count": "144",
        "statuses_count": "3816",
        "verified": 0,
        "user_created_at": "2012-07-26",
        "has_description": 1,
        "parent": "4528000903418178"
    }
]